tên,thời gian,số người,độ khó,nguyên liệu,cách chế biến,link
Mứt dừa,115 phút,1 người ăn,N/A,500 g Cơm dừa (Cắt sợi) | 200 g Đường | 20 ml Sữa đặc | 20 g Chanh xanh,Ngâm cơm dừa với nước chanh pha loãng | Vớt cơm dừa ra  để ráo | Ướp đường (đến khi đường tan hoàn toàn) | Cho hỗn hợp lên chảo  sên đến khi đường kết tinh,https://www.maggi.com.vn/cong-thuc/mut-dua
Bò lúc lắc,27 phút,2 người ăn,N/A,50 g Hành Tây | 50 g Ớt Chuông | 50 g Cà Chua | 5 g Tỏi xay | 10 ml Dầu Ăn | 10 g Bơ | 30 ml Nước | 150 g Thịt bò | 25 g Maggi Dầu hào bào ngư | 10 g MAGGI Tương Ớt | 400 mg Tiêu xay,Ướp thịt bò với dầu hào bào ngư  tiêu xay 15 phút cho thấm gia vị | Xào tỏi với dầu ăn 30 giây cho thơm | Thêm thịt bò vào xào 1 phút | Thêm hành tây  ớt chuông vào  tiếp tục xào 1 phút | Nêm với dầu hào bào ngư  tương ớt  tiêu xay  nước lọc cho vừa ăn | Thêm cà chua  bơ vào. Tiếp tục xào 30 giây nữa là được | Để bò lúc lác vào dĩa  dùng nóng.,https://www.maggi.com.vn/cong-thuc/bo-luc-lac
Mực xào chua ngọt,27 phút,2 người ăn,N/A,50 g Cà Chua | 50 g Hành Tây | 50 g Thơm (Dứa) | 5 g Cần Ta | 5 g Tỏi xay | 10 ml Dầu Ăn | 150 g Mực Ống | 15 g Maggi Dầu hào bào ngư | 10 g MAGGI Tương Ớt | 10 g Tương Cà | 10 ml Giấm | 40 ml Nước | 15 g Đường | 10 g Cà chua | 7 g Ớt Chuông | 1 gam Gừng | 100 mg Tiêu xay,Làm sốt chua ngọt: Đun sôi các nguyên liệu sốt chua ngọt. Xay nhuyễn  lược nước sốt lại cho mịn | Ướp mực với dầu hào bào ngư  tiêu xay 15 phút cho thấm gia vị | Xào tỏi với dầu ăn cho thơm | Thêm mực vào xào sơ 1 phút | Thêm rau củ vào xào tiếp 1 phút | Thêm xốt chua ngọt vào  xào cho thấm gia vị 1 phút | Để mực xào vào dĩa. Dùng nóng,https://www.maggi.com.vn/cong-thuc/muc-xao-chua-ngot
Cá Điêu Hồng Singapore,60 phút,2 người ăn,N/A,Cá Diêu Hồng | Gừng | Đường Trắng | Dầu Mè | Rượu Gạo | Màu Điều | Sốt Hoisin | Tiêu Xay | Ớt xắt lát | Đầu hành | 1 muỗng canh Dầu Ăn | Nước tương MAGGI | Dầu hào MAGGI | Hạt nêm MAGGI nấm hương | Hành ngò | Muối | Giấm | 1 muỗng canh Giấm đen,Cá diêu hồng sau khi mua về  bạn làm sạch rồi rửa qua với giấm và muối để khử mùi tanh. Rửa lại với nước rồi để ráo nước. Dùng dao khứa xéo lên 2 mặt của thân cá rồi ướp cá với 1 muỗng canh nước tương MAGGI  tiêu xay trong 15 phút cho cá được thấm gia vị  nhớ ướp cả trong bụng cá nhé. Tỏi và gừng bạn bỏ vỏ  rửa sạch sau đó cắt lát. | Trong khi chờ ướp cá  chúng ta tiến hành pha hỗn hợp gia vị gồm nước tương MAGGI và dầu hào MAGGI  giấm đen  sốt Hoisin  rượu gạo  đường trắng  dầu mè  màu điều và hạt nêm MAGGI nấm hương. Khuấy đều cho hỗn hợp tan đều và hòa quyện với nhau. | Làm nóng chảo trên bếp  thêm vào dầu ăn rồi đổ ớt khô  tỏi và gừng cắt lát vào xào cho thơm. Sau đó đổ hỗn hợp gia vị vừa pha vào. Đun cho hỗn hợp sôi lên  dậy mùi thơm thì bắt đầu cho cá diêu hồng vào chảo kho. | Trong lúc kho  bạn nhớ dùng muỗng tưới nước sốt lên mặt cá thường xuyên để thịt cá thấm gia vị hơn. Cá kho tộ hạn chế lật mặt để tránh thịt cá bị nát  không được đẹp mắt. Khi kho  nên đậy nắp để cá chín đều và thơm. Sau 15 phút kho trên bếp  phần nước kho đã sệt và có màu nâu bóng đẹp mắt thì rắc thêm đầu hành trắng vào chảo  kho thêm một lúc thì tắt bếp. | Khi cá đã kho xong  bày ra dĩa và trang trí với hành lá cắt nhỏ  ngò hoặc thêm vài lát ớt cho thơm. Phần nước kho cá dùng để chấm rau luộc thì ngon lắm luôn. Cá diêu hồng kho thơm mềm  thấm gia vị sốt Singapore đậm đà ăn cùng cơm trắng vừa ngon  vừa mới lạ thì còn gì bằng.,https://www.maggi.com.vn/cong-thuc/ca-dieu-hong-kho-sot-singapore
Ghẹ Xào Sữa Hạnh Nhân,30 phút,1 người ăn,N/A,Dầu hào Maggi | Hạnh nhân | Ghẹ | Sữa bò | Bột năng | Đường trắng | Nước | Ngò | Dầu ăn,Bạn làm nóng chảo  cho hạnh nhân vào rang thơm rồi đổ ra dĩa. Với ghẹ  bạn rửa sạch sau đó đặt vào nồi  thêm nước và bắt đầu luộc  khi ghẹ chín hãy để nguội rồi bóc lấy thịt. Bạn cho từ từ sữa bò vào bột năng  khuấy đều cho bột tan hoàn toàn  nếu muốn vị đậm hơn  bạn có thể nêm thêm gia vị. | Đổ dầu vào chảo  đun nóng rồi cho hỗn hợp sữa cùng bột năng vào. Khuấy đều đến khi hỗn hợp sôi lăn tăn thì thêm hạnh nhân cùng thịt ghẹ. Xào đến khi hỗn hợp sệt dần hãy thêm dầu hào MAGGI  đảo đều trong 2 phút là có thể tắt bếp. | Cho món ghẹ xào sữa hạnh nhân vào dĩa  trang trí thêm ít rau ngò cho bắt mắt. Món ngon có thể kết hợp cùng cơm trắng và ăn khi còn nóng. Vị béo của sữa ngấm vào thịt cua ngọt thanh cùng với hạt hạnh nhân bùi thơm sẽ đem đến một trải nghiệm vị giác thật tuyệt vời đó nha!,https://www.maggi.com.vn/cong-thuc/thit-ghe-xao-hanh-nhan-sua-bo
Ức Gà Phi Lê Sốt Nho,57 phút,6 người ăn,N/A,Ức gà | Nho xanh | Nước dừa | Hành tím | Hành lá | Tỏi | 4 muỗng canh Dầu Ăn | 3 g Tiêu Xay | 1 muỗng cà phê Đường Trắng | 2 muỗng canh Mật Ong | 1 muỗng canh Tương Cà | 2 muỗng cà phê MAGGI Hạt Nêm Nấm Hương | 2 muỗng canh MAGGI Nước Tương,Nho rửa sạch và cắt đôi theo chiều dọc. Ức gà chà xát muối rồi rửa kĩ với nước để khử mùi tanh  rửa xong dùng khăn sạch thấm khô nước và cắt ức gà thành các miếng dày khoảng 2cm  rộng khoảng 5-6cm. Thịt gà sau khi sơ chế xong thì đem ướp với 1 muỗng cà phê hạt nêm MAGGI nấm hương  1 muỗng canh nước tương MAGGI  mật ong và tiêu xay. Trộn đều ức gà cùng các nguyên liệu  thịt ướp ít nhất 15 phút cho thấm gia vị. | Bắc chảo lên bếp  chờ chảo nóng thêm vào dầu ăn. Khi dầu ăn đã nóng thì bạn cho ức gà vào áp chảo các mặt cho dậy mùi thơm  xém vàng các mặt thì gắp ức gà ra dĩa. Cách làm ức gà phi lên áp chảo không chỉ giúp miếng thịt có được màu vàng đẹp mắt mà còn giúp thịt được săn lại  giữ trọn độ ẩm. Ức gà càng tươi áp chảo sẽ càng ngon. | Dùng 1 chiếc chảo sâu lòng hoặc nồi chống dính bắc lên bếp chờ nóng thì cho dầu ăn vào  phi thơm hành và tỏi băm để món ăn dậy mùi và thơm ngon hơn. Tránh để lửa quá lớn sẽ mau khét hành tỏi. Khi tỏi và hành vừa vàng tới thì cho vào nước dừa  tương cà  đường trắng  phần nước tương MAGGI và hạt nêm MAGGI nấm hương còn lại vào  khuấy đều cho toàn bộ gia vị hòa quyện với nhau. | Đun hỗn hợp nước sốt đến khi sôi lên thì cho ức gà đã áp chảo và nho đã sơ chế vào. Trộn nhẹ lên rồi chỉnh lửa nhỏ  đậy nắp lại rim ức gà trong khoảng 15 phút. Lúc này nho sẽ mềm ra và hòa quyện hương vị ngọt thanh từ trái cây tươi vào nước sốt. Rim đến khi nước sốt keo lại  gà áo lên màu nâu đỏ đẹp mắt của nước sốt thì rắc thêm hành lá cắt nhỏ lên trên rồi tắt bếp. | Trình bày ức gà phi lê sốt nho ra dĩa và thưởng thức thôi. Ức gà rim lâu trong nước sốt nhưng không hề bị mất đi vị ngọt vốn có mà càng đậm đà cuốn hút hơn. Miếng ức gà vừa ăn  xém cạnh vừa thơm vừa hòa quyện cùng sốt nho mặn mặn ngọt ngọt sẽ cho bạn trải nghiệm món ăn ngon trên cả tưởng tượng.,https://www.maggi.com.vn/cong-thuc/uc-ga-phi-le-sot-trai-nho
Canh măng gà nấm hương,70 phút,4 người ăn,N/A,13 g MAGGI Hạt Nêm Nấm Hương | 500 g Thịt Gà Ta | 250 g Măng Khô Đã Ngăm | 100 g Nấm Hương | 2 Muỗng cà phê Bột ngọt | 2 củ Hành tím | 4 muỗng cà phê Dầu Ăn | 5 lít Nước lọc | 5 nhánh Hành Lá | 2 nhánh Ngò Rí,Đầu tiên bạn sơ chế măng khô. Trước khi nấu cần ngâm măng trong 3 giờ với nước sôi  hoặc 8 giờ với nước lạnh. Sau khi ngâm  bạn rửa măng nhiều lần với nước sạch  và luộc 20 phút để măng được mềm. | Để chuẩn bị gà  bạn rửa sạch cắt miếng vừa ăn  ướp 10 phút hạt nêm nấm hương. Sau đó  bạn phi thơm hành tím trong dầu ăn  xào gà cho thơm.Khi gà đã hơi ngả vàng  bạn cho thêm nước vào nồi  đến khi nước sôi thì nấu 10 phút để gà chín mềm. | Tiếp theo  bạn phi thơm hành tím với dầu ăn  sau đó xào sơ măng khoảng 10 phút cho đến khi măng thơm và mềm hơn. | Cuối cùng  bạn cho măng vào nồi gà đang nấu  nêm hết các gia vị đã chuẩn bị  rồi nấu thêm 2-5 phút nữa với lửa nhỏ.Bạn múc ra tô lớn  thêm hành và ngò rí cho thơm và trang trí đẹp mắt  là đã có thể thưởng thức rồi.,https://www.maggi.com.vn/cong-thuc/canh-mang-ga-nam-huong
Gà Xào Hạt Điều,30 phút,2 người ăn,N/A,Đùi gà | Hạt điều rang | Tỏi băm | Ớt | Bột mì | Hành tây cắt vuông 3cm | Tương cà | Dầu ăn | Hành lá | Tương ớt | Dầu Hào Maggi | Hạt Nêm Maggi | Nước Tương Maggi | Muối,Làm nóng dầu trong chảo đến khi dầu sôi thì đổ ớt bằm vào xào đều tay. Bạn xào ớt trên lửa nhỏ để ớt có mùi thơm  không bị cháy. Sau đó tắt bếp và đổ ớt ra đĩa. | Rửa sạch đùi gà với nước  xát chút muối để khử mùi sau đó xả lại  cắt miếng vừa ăn. Bạn cho thịt gà và bột mì đa dụng vào tô rồi trộn đều để bột phủ một lớp mỏng lên gà. Cho dầu vào chảo  đun nóng ở lửa vừa  thêm thịt gà đã lăn bột vào xào chín  vàng đều các mặt rồi vớt ra để riêng. | Tranh thủ lúc chảo xào gà còn nóng  bạn cho thêm dầu ăn  phi tỏi đến khi dậy mùi thơm và hơi cháy cạnh  trút thịt gà và hành tây vào xào thêm khoảng 1 phút. | Lần lượt thêm các nguyên liệu còn lại gồm: hạt điều  dầu ớt bằm  tương ớt  tương cà  dầu hào MAGGI  nước tương MAGGI  đường và hạt nêm MAGGI nấm hương vào chảo  xào trong khoảng 2 đến 3 phút với lửa nhỏ cho các nguyên liệu thấm đều gia vị rồi tắt bếp. Bày món gà xào ra đĩa  trang trí với hành lá rồi thưởng thức hương vị Thái đặc trưng ngay tại nhà thôi!,https://www.maggi.com.vn/cong-thuc/ga-xao-hat-dieu
Măng Tây Xào Thịt Gà,27 phút,3 người ăn,N/A,Măng tây | Ức gà | Gừng | Bơ thơm | Bột năng | Dầu ăn | Muối | Ngò rí | Tiêu xay | Hạt nêm Maggi Nấm hương | Nước tương Maggi,Măng tây cắt bỏ phần già  rửa sạch rồi cắt khúc khoảng 4cm. Trụng măng trong nước sôi thêm một chút muối và dầu ăn  vớt ra ngâm ngay vào nước đá lạnh để giữ độ giòn và xanh của măng. Bạn nhớ để ráo măng tây trước khi chế biến. Thịt gà rửa sạch  cắt thành miếng mỏng vừa ăn  ướp với gừng  1/2 muỗng canh hạt nêm MAGGI nấm hương  bột năng và một chút tiêu  trộn đều rồi để 10 phút cho thịt ngấm gia vị. | Bạn làm nóng chảo với một ít dầu ăn  mở lửa to rồi cho thịt gà đã ướp vào xào nhanh đến khi chín tái  bên ngoài thịt chuyển màu trắng thì trút ra dĩa. | Bạn làm nóng chảo trở lại  cho bơ lạt vào nấu đến khi tan chảy thì thêm măng tây  thịt gà xào nhanh tay trên lửa to cho chín đều là được. Nêm nếm măng tây xào với 1/2 muỗng canh hạt nêm MAGGI nấm hương  nước tương MAGGI cho vừa ăn  đảo đều rồi tắt bếp. | Món xào đã hoàn thành thì trình bày ra dĩa và cùng thưởng thức. Măng tây xào giòn ngọt với thịt gà dai dai ăn cùng cơm nóng sẽ rất ngon và tốt cho sức khỏe. Cách làm măng tây xào đơn giản nhưng đảm bảo nàng sẽ thích mê!,https://www.maggi.com.vn/cong-thuc/mang-tay-xao-thit-ga
Bò Kho Mật Mía,80 phút,4 servings,N/A,Tương Ớt | Gừng | Củ Sả | Quế | Mật Mía | Hạt nêm Maggi | Nước mắm Maggi | Bắp bò | Ớt bột | Mật ong | Nước cốt chanh | Sa tế | Nước tương MAGGI,Chuẩn bị: Bắp bò rửa sạch  để ráo nước. Sả đập dập  cắt khúc khoảng 5cm. Quế bẻ vụn. Gừng giã dập. Ở công đoạn này bạn nên dùng cối đá hoặc cối bằng gốm  tránh dùng cối gỗ sẽ làm thất thoát phần nước cốt của gừng. | Khâu tẩm ướp gia vị chính là bước thực hiện quan trọng nhất của món này. Trộn đều quế  gừng  sả  ớt bột  nước mắm MAGGI và hạt nêm MAGGI nấm hương. Thêm mật mía vào trộn đều. Ướp thịt bò cùng hỗn hợp vừa trộn tối thiểu trong 1 tiếng. Bí quyết để món Bò kho mật mía mang hương vị mới lạ  đậm đà  dậy vị chính là sử dụng nước mắm và hạt nêm nấm hương nhà MAGGI đấy! | Đặt nồi thịt bò đã ướp lên bếp  đậy vung đun với lửa to đến khi nồi thịt sôi khoảng 10 phút thì bạn tắt bếp  để thịt nguội. | Tiếp tục đun lần 2  trong quá trình đun bạn nhớ đậy vung  thỉnh thoảng lật miếng thịt cho ngấm và đều màu. Đun đến khi cạn nước là được. | Khi ăn  bạn có thể dùng kèm với cơm nóng cùng nước chấm theo công thức sau: nước tương MAGGI  mật ong  sa tế  nước cốt chanh  tương ớt. Tất cả trộn đều là bạn đã có 1 bát nước chấm chuẩn vị rồi đấy. Rưới thêm nước bò kho lên trên món ăn cho thêm phần đậm đà nhé!,https://www.maggi.com.vn/cong-thuc/bo-kho-mat-mia
Bạch Tuộc Xào Ớt Sừng,32 phút,2 người ăn,N/A,Bạch Tuộc | Ớt sừng | Sả Xay | Dầu Ăn | Đường | Muối | Dầu hào Maggi | Hạt nêm Maggi | Nước cốt chanh,Bỏ sạch phần mắt  phần ruột bạch tuộc  dùng nước cốt chanh rửa sạch bạch tuộc rồi ngâm nước muối lạnh khoảng 15 phút để loại bỏ bớt mùi và nhớt. Bạn nên chần sơ bạch tuộc qua nước sôi trước khi xào để loại bỏ lớp nhớt và giúp món xào được ngon hơn. Ớt sừng trâu rửa sạch  bỏ hạt và cắt lát mỏng. Bạch tuộc để nguyên đầu hoặc chẻ đôi. | Làm nóng dầu trên chảo  phi thơm sả rồi cho bạch tuộc vào xào săn  nêm thêm dầu hào MAGGI  hạt nêm MAGGI nấm hương  muối và đường. Xào với lửa lớn và đảo nhanh tay để bạch tuộc không bị mất nước và giữ được độ giòn  không nên xào quá lâu sẽ khiến bạch tuộc bị dai. | Khi bạch tuộc đã săn chín  các gia vị thấm đều và dậy mùi thơm  bạn cho thêm ớt sừng vào xào nhanh rồi tắt bếp. Món ăn giữ được vị giòn ngon của bạch tuộc và cay nhẹ của ớt  không bị mềm quá hay dai quá là đạt bạn nhé. | Bày món ăn ra đĩa  dùng nóng với cơm trắng sẽ rất ngon. Bạn có thể trang trí món ăn với tiêu xay và vài lá ngò cho bắt mắt nhé. Món ăn có vị ngon và ngọt tự nhiên từ bạch tuộc  cay nhẹ từ ớt và thơm mùi sả  lạ miệng và kích thích vị giác  cứ muốn ăn mãi không thôi.,https://www.maggi.com.vn/cong-thuc/bach-tuoc-xao-ot-sung
Chả Lươn Cuộn Dứa Xào,80 phút,5 người ăn,N/A,Lươn | Giò Sống | Thơm | Bột Năng | Tỏi | Hành Khô | Rau Răm | Đường Trắng | Sốt Cà Chua | Dầu Hào MAGGI | Hành lá | Muối hạt | Nước cốt chanh | Dầu ăn | Bột nghệ,Lươn cần được làm sạch  tách thịt và xương riêng. Bạn băm nhỏ phần thịt rồi đem ướp cùng bột nghệ  tiêu xay  rau răm cùng 2 muỗng canh dầu hào MAGGI. Đối với xương và đầu  hãy ninh lấy nước dùng. Lưu ý để giảm đi độ nhớt của lươn  bạn có thể chà lươn với muối hạt rồi rửa qua nước cốt chanh và rửa thêm một lần nước. Bạn không dùng giấm để rửa vì sẽ mất đi mùi thơm đặc trưng của thịt lươn. | Khi thịt lươn thấm vị  cho vào tô cùng giò sống  thêm lượng còn lại dầu hào MAGGI vào cùng. Lúc này hãy gọt vỏ và loại bỏ mắt dứa  chọn phần lõi cứng ở giữa quả  cắt thành từng thanh vuông dài tầm 10cm. | Bạn đeo bao tay vào  lấy lượng giò sống cùng thịt lươn vừa trộn lúc nảy đem bao bọc xung quanh từng thanh dứa để được những cuộn chả lươn bắt mắt. Lưu ý chừa một đoạn dứa trống để dễ cầm hơn và hãy nắn chả theo hình giọt nước cho món ăn thêm độc đáo. | Đổ dầu vào chảo  đun sôi thì cho hành vào  đợi hành vàng thơm thì cho chả lươn bọc dứa vào chiên  nhớ trở đều các mặt chả. Khi thấy chả lươn chín vàng đều thì múc bớt lượng dầu trong chảo ra  thêm vào sốt cà chua cùng tỏi và nước ninh xương. Lưu ý hãy hòa tan bột năng cùng đường vào nước dùng trước đó. Đảo đều để sốt áo toàn bộ phần chả lươn bạn nhé! | Bạn nấu sốt đến khi sệt lại thì tắt bếp  cho Chả Lươn Cuộn Dứa Xào ra dĩa  rải lên bề mặt chút hành. Món này dùng kèm cơm nóng thì ngon quên lối về đấy. Vị chua ngọt của nước sốt bao trọn lấy từng xiên chả lươn giòn thơm lại thêm hương dứa đặc trưng sẽ khó chối từ lắm nhen.,https://www.maggi.com.vn/cong-thuc/cha-luon-cuon-dua-xao-chua-ngot
Mứt dừa,115 phút,1 người ăn,N/A,500 g Cơm dừa (Cắt sợi) | 200 g Đường | 20 ml Sữa đặc | 20 g Chanh xanh,Ngâm cơm dừa với nước chanh pha loãng | Vớt cơm dừa ra  để ráo | Ướp đường (đến khi đường tan hoàn toàn) | Cho hỗn hợp lên chảo  sên đến khi đường kết tinh,https://www.maggi.com.vn/cong-thuc/mut-dua
Bò lúc lắc,27 phút,2 người ăn,N/A,50 g Hành Tây | 50 g Ớt Chuông | 50 g Cà Chua | 5 g Tỏi xay | 10 ml Dầu Ăn | 10 g Bơ | 30 ml Nước | 150 g Thịt bò | 25 g Maggi Dầu hào bào ngư | 10 g MAGGI Tương Ớt | 400 mg Tiêu xay,Ướp thịt bò với dầu hào bào ngư  tiêu xay 15 phút cho thấm gia vị | Xào tỏi với dầu ăn 30 giây cho thơm | Thêm thịt bò vào xào 1 phút | Thêm hành tây  ớt chuông vào  tiếp tục xào 1 phút | Nêm với dầu hào bào ngư  tương ớt  tiêu xay  nước lọc cho vừa ăn | Thêm cà chua  bơ vào. Tiếp tục xào 30 giây nữa là được | Để bò lúc lác vào dĩa  dùng nóng.,https://www.maggi.com.vn/cong-thuc/bo-luc-lac
Mực xào chua ngọt,27 phút,2 người ăn,N/A,50 g Cà Chua | 50 g Hành Tây | 50 g Thơm (Dứa) | 5 g Cần Ta | 5 g Tỏi xay | 10 ml Dầu Ăn | 150 g Mực Ống | 15 g Maggi Dầu hào bào ngư | 10 g MAGGI Tương Ớt | 10 g Tương Cà | 10 ml Giấm | 40 ml Nước | 15 g Đường | 10 g Cà chua | 7 g Ớt Chuông | 1 gam Gừng | 100 mg Tiêu xay,Làm sốt chua ngọt: Đun sôi các nguyên liệu sốt chua ngọt. Xay nhuyễn  lược nước sốt lại cho mịn | Ướp mực với dầu hào bào ngư  tiêu xay 15 phút cho thấm gia vị | Xào tỏi với dầu ăn cho thơm | Thêm mực vào xào sơ 1 phút | Thêm rau củ vào xào tiếp 1 phút | Thêm xốt chua ngọt vào  xào cho thấm gia vị 1 phút | Để mực xào vào dĩa. Dùng nóng,https://www.maggi.com.vn/cong-thuc/muc-xao-chua-ngot
Cá Điêu Hồng Singapore,60 phút,2 người ăn,N/A,Cá Diêu Hồng | Gừng | Đường Trắng | Dầu Mè | Rượu Gạo | Màu Điều | Sốt Hoisin | Tiêu Xay | Ớt xắt lát | Đầu hành | 1 muỗng canh Dầu Ăn | Nước tương MAGGI | Dầu hào MAGGI | Hạt nêm MAGGI nấm hương | Hành ngò | Muối | Giấm | 1 muỗng canh Giấm đen,Cá diêu hồng sau khi mua về  bạn làm sạch rồi rửa qua với giấm và muối để khử mùi tanh. Rửa lại với nước rồi để ráo nước. Dùng dao khứa xéo lên 2 mặt của thân cá rồi ướp cá với 1 muỗng canh nước tương MAGGI  tiêu xay trong 15 phút cho cá được thấm gia vị  nhớ ướp cả trong bụng cá nhé. Tỏi và gừng bạn bỏ vỏ  rửa sạch sau đó cắt lát. | Trong khi chờ ướp cá  chúng ta tiến hành pha hỗn hợp gia vị gồm nước tương MAGGI và dầu hào MAGGI  giấm đen  sốt Hoisin  rượu gạo  đường trắng  dầu mè  màu điều và hạt nêm MAGGI nấm hương. Khuấy đều cho hỗn hợp tan đều và hòa quyện với nhau. | Làm nóng chảo trên bếp  thêm vào dầu ăn rồi đổ ớt khô  tỏi và gừng cắt lát vào xào cho thơm. Sau đó đổ hỗn hợp gia vị vừa pha vào. Đun cho hỗn hợp sôi lên  dậy mùi thơm thì bắt đầu cho cá diêu hồng vào chảo kho. | Trong lúc kho  bạn nhớ dùng muỗng tưới nước sốt lên mặt cá thường xuyên để thịt cá thấm gia vị hơn. Cá kho tộ hạn chế lật mặt để tránh thịt cá bị nát  không được đẹp mắt. Khi kho  nên đậy nắp để cá chín đều và thơm. Sau 15 phút kho trên bếp  phần nước kho đã sệt và có màu nâu bóng đẹp mắt thì rắc thêm đầu hành trắng vào chảo  kho thêm một lúc thì tắt bếp. | Khi cá đã kho xong  bày ra dĩa và trang trí với hành lá cắt nhỏ  ngò hoặc thêm vài lát ớt cho thơm. Phần nước kho cá dùng để chấm rau luộc thì ngon lắm luôn. Cá diêu hồng kho thơm mềm  thấm gia vị sốt Singapore đậm đà ăn cùng cơm trắng vừa ngon  vừa mới lạ thì còn gì bằng.,https://www.maggi.com.vn/cong-thuc/ca-dieu-hong-kho-sot-singapore
Ghẹ Xào Sữa Hạnh Nhân,30 phút,1 người ăn,N/A,Dầu hào Maggi | Hạnh nhân | Ghẹ | Sữa bò | Bột năng | Đường trắng | Nước | Ngò | Dầu ăn,Bạn làm nóng chảo  cho hạnh nhân vào rang thơm rồi đổ ra dĩa. Với ghẹ  bạn rửa sạch sau đó đặt vào nồi  thêm nước và bắt đầu luộc  khi ghẹ chín hãy để nguội rồi bóc lấy thịt. Bạn cho từ từ sữa bò vào bột năng  khuấy đều cho bột tan hoàn toàn  nếu muốn vị đậm hơn  bạn có thể nêm thêm gia vị. | Đổ dầu vào chảo  đun nóng rồi cho hỗn hợp sữa cùng bột năng vào. Khuấy đều đến khi hỗn hợp sôi lăn tăn thì thêm hạnh nhân cùng thịt ghẹ. Xào đến khi hỗn hợp sệt dần hãy thêm dầu hào MAGGI  đảo đều trong 2 phút là có thể tắt bếp. | Cho món ghẹ xào sữa hạnh nhân vào dĩa  trang trí thêm ít rau ngò cho bắt mắt. Món ngon có thể kết hợp cùng cơm trắng và ăn khi còn nóng. Vị béo của sữa ngấm vào thịt cua ngọt thanh cùng với hạt hạnh nhân bùi thơm sẽ đem đến một trải nghiệm vị giác thật tuyệt vời đó nha!,https://www.maggi.com.vn/cong-thuc/thit-ghe-xao-hanh-nhan-sua-bo
Ức Gà Phi Lê Sốt Nho,57 phút,6 người ăn,N/A,Ức gà | Nho xanh | Nước dừa | Hành tím | Hành lá | Tỏi | 4 muỗng canh Dầu Ăn | 3 g Tiêu Xay | 1 muỗng cà phê Đường Trắng | 2 muỗng canh Mật Ong | 1 muỗng canh Tương Cà | 2 muỗng cà phê MAGGI Hạt Nêm Nấm Hương | 2 muỗng canh MAGGI Nước Tương,Nho rửa sạch và cắt đôi theo chiều dọc. Ức gà chà xát muối rồi rửa kĩ với nước để khử mùi tanh  rửa xong dùng khăn sạch thấm khô nước và cắt ức gà thành các miếng dày khoảng 2cm  rộng khoảng 5-6cm. Thịt gà sau khi sơ chế xong thì đem ướp với 1 muỗng cà phê hạt nêm MAGGI nấm hương  1 muỗng canh nước tương MAGGI  mật ong và tiêu xay. Trộn đều ức gà cùng các nguyên liệu  thịt ướp ít nhất 15 phút cho thấm gia vị. | Bắc chảo lên bếp  chờ chảo nóng thêm vào dầu ăn. Khi dầu ăn đã nóng thì bạn cho ức gà vào áp chảo các mặt cho dậy mùi thơm  xém vàng các mặt thì gắp ức gà ra dĩa. Cách làm ức gà phi lên áp chảo không chỉ giúp miếng thịt có được màu vàng đẹp mắt mà còn giúp thịt được săn lại  giữ trọn độ ẩm. Ức gà càng tươi áp chảo sẽ càng ngon. | Dùng 1 chiếc chảo sâu lòng hoặc nồi chống dính bắc lên bếp chờ nóng thì cho dầu ăn vào  phi thơm hành và tỏi băm để món ăn dậy mùi và thơm ngon hơn. Tránh để lửa quá lớn sẽ mau khét hành tỏi. Khi tỏi và hành vừa vàng tới thì cho vào nước dừa  tương cà  đường trắng  phần nước tương MAGGI và hạt nêm MAGGI nấm hương còn lại vào  khuấy đều cho toàn bộ gia vị hòa quyện với nhau. | Đun hỗn hợp nước sốt đến khi sôi lên thì cho ức gà đã áp chảo và nho đã sơ chế vào. Trộn nhẹ lên rồi chỉnh lửa nhỏ  đậy nắp lại rim ức gà trong khoảng 15 phút. Lúc này nho sẽ mềm ra và hòa quyện hương vị ngọt thanh từ trái cây tươi vào nước sốt. Rim đến khi nước sốt keo lại  gà áo lên màu nâu đỏ đẹp mắt của nước sốt thì rắc thêm hành lá cắt nhỏ lên trên rồi tắt bếp. | Trình bày ức gà phi lê sốt nho ra dĩa và thưởng thức thôi. Ức gà rim lâu trong nước sốt nhưng không hề bị mất đi vị ngọt vốn có mà càng đậm đà cuốn hút hơn. Miếng ức gà vừa ăn  xém cạnh vừa thơm vừa hòa quyện cùng sốt nho mặn mặn ngọt ngọt sẽ cho bạn trải nghiệm món ăn ngon trên cả tưởng tượng.,https://www.maggi.com.vn/cong-thuc/uc-ga-phi-le-sot-trai-nho
Canh măng gà nấm hương,70 phút,4 người ăn,N/A,13 g MAGGI Hạt Nêm Nấm Hương | 500 g Thịt Gà Ta | 250 g Măng Khô Đã Ngăm | 100 g Nấm Hương | 2 Muỗng cà phê Bột ngọt | 2 củ Hành tím | 4 muỗng cà phê Dầu Ăn | 5 lít Nước lọc | 5 nhánh Hành Lá | 2 nhánh Ngò Rí,Đầu tiên bạn sơ chế măng khô. Trước khi nấu cần ngâm măng trong 3 giờ với nước sôi  hoặc 8 giờ với nước lạnh. Sau khi ngâm  bạn rửa măng nhiều lần với nước sạch  và luộc 20 phút để măng được mềm. | Để chuẩn bị gà  bạn rửa sạch cắt miếng vừa ăn  ướp 10 phút hạt nêm nấm hương. Sau đó  bạn phi thơm hành tím trong dầu ăn  xào gà cho thơm.Khi gà đã hơi ngả vàng  bạn cho thêm nước vào nồi  đến khi nước sôi thì nấu 10 phút để gà chín mềm. | Tiếp theo  bạn phi thơm hành tím với dầu ăn  sau đó xào sơ măng khoảng 10 phút cho đến khi măng thơm và mềm hơn. | Cuối cùng  bạn cho măng vào nồi gà đang nấu  nêm hết các gia vị đã chuẩn bị  rồi nấu thêm 2-5 phút nữa với lửa nhỏ.Bạn múc ra tô lớn  thêm hành và ngò rí cho thơm và trang trí đẹp mắt  là đã có thể thưởng thức rồi.,https://www.maggi.com.vn/cong-thuc/canh-mang-ga-nam-huong
Gà Xào Hạt Điều,30 phút,2 người ăn,N/A,Đùi gà | Hạt điều rang | Tỏi băm | Ớt | Bột mì | Hành tây cắt vuông 3cm | Tương cà | Dầu ăn | Hành lá | Tương ớt | Dầu Hào Maggi | Hạt Nêm Maggi | Nước Tương Maggi | Muối,Làm nóng dầu trong chảo đến khi dầu sôi thì đổ ớt bằm vào xào đều tay. Bạn xào ớt trên lửa nhỏ để ớt có mùi thơm  không bị cháy. Sau đó tắt bếp và đổ ớt ra đĩa. | Rửa sạch đùi gà với nước  xát chút muối để khử mùi sau đó xả lại  cắt miếng vừa ăn. Bạn cho thịt gà và bột mì đa dụng vào tô rồi trộn đều để bột phủ một lớp mỏng lên gà. Cho dầu vào chảo  đun nóng ở lửa vừa  thêm thịt gà đã lăn bột vào xào chín  vàng đều các mặt rồi vớt ra để riêng. | Tranh thủ lúc chảo xào gà còn nóng  bạn cho thêm dầu ăn  phi tỏi đến khi dậy mùi thơm và hơi cháy cạnh  trút thịt gà và hành tây vào xào thêm khoảng 1 phút. | Lần lượt thêm các nguyên liệu còn lại gồm: hạt điều  dầu ớt bằm  tương ớt  tương cà  dầu hào MAGGI  nước tương MAGGI  đường và hạt nêm MAGGI nấm hương vào chảo  xào trong khoảng 2 đến 3 phút với lửa nhỏ cho các nguyên liệu thấm đều gia vị rồi tắt bếp. Bày món gà xào ra đĩa  trang trí với hành lá rồi thưởng thức hương vị Thái đặc trưng ngay tại nhà thôi!,https://www.maggi.com.vn/cong-thuc/ga-xao-hat-dieu
Măng Tây Xào Thịt Gà,27 phút,3 người ăn,N/A,Măng tây | Ức gà | Gừng | Bơ thơm | Bột năng | Dầu ăn | Muối | Ngò rí | Tiêu xay | Hạt nêm Maggi Nấm hương | Nước tương Maggi,Măng tây cắt bỏ phần già  rửa sạch rồi cắt khúc khoảng 4cm. Trụng măng trong nước sôi thêm một chút muối và dầu ăn  vớt ra ngâm ngay vào nước đá lạnh để giữ độ giòn và xanh của măng. Bạn nhớ để ráo măng tây trước khi chế biến. Thịt gà rửa sạch  cắt thành miếng mỏng vừa ăn  ướp với gừng  1/2 muỗng canh hạt nêm MAGGI nấm hương  bột năng và một chút tiêu  trộn đều rồi để 10 phút cho thịt ngấm gia vị. | Bạn làm nóng chảo với một ít dầu ăn  mở lửa to rồi cho thịt gà đã ướp vào xào nhanh đến khi chín tái  bên ngoài thịt chuyển màu trắng thì trút ra dĩa. | Bạn làm nóng chảo trở lại  cho bơ lạt vào nấu đến khi tan chảy thì thêm măng tây  thịt gà xào nhanh tay trên lửa to cho chín đều là được. Nêm nếm măng tây xào với 1/2 muỗng canh hạt nêm MAGGI nấm hương  nước tương MAGGI cho vừa ăn  đảo đều rồi tắt bếp. | Món xào đã hoàn thành thì trình bày ra dĩa và cùng thưởng thức. Măng tây xào giòn ngọt với thịt gà dai dai ăn cùng cơm nóng sẽ rất ngon và tốt cho sức khỏe. Cách làm măng tây xào đơn giản nhưng đảm bảo nàng sẽ thích mê!,https://www.maggi.com.vn/cong-thuc/mang-tay-xao-thit-ga
Bò Kho Mật Mía,80 phút,4 servings,N/A,Tương Ớt | Gừng | Củ Sả | Quế | Mật Mía | Hạt nêm Maggi | Nước mắm Maggi | Bắp bò | Ớt bột | Mật ong | Nước cốt chanh | Sa tế | Nước tương MAGGI,Chuẩn bị: Bắp bò rửa sạch  để ráo nước. Sả đập dập  cắt khúc khoảng 5cm. Quế bẻ vụn. Gừng giã dập. Ở công đoạn này bạn nên dùng cối đá hoặc cối bằng gốm  tránh dùng cối gỗ sẽ làm thất thoát phần nước cốt của gừng. | Khâu tẩm ướp gia vị chính là bước thực hiện quan trọng nhất của món này. Trộn đều quế  gừng  sả  ớt bột  nước mắm MAGGI và hạt nêm MAGGI nấm hương. Thêm mật mía vào trộn đều. Ướp thịt bò cùng hỗn hợp vừa trộn tối thiểu trong 1 tiếng. Bí quyết để món Bò kho mật mía mang hương vị mới lạ  đậm đà  dậy vị chính là sử dụng nước mắm và hạt nêm nấm hương nhà MAGGI đấy! | Đặt nồi thịt bò đã ướp lên bếp  đậy vung đun với lửa to đến khi nồi thịt sôi khoảng 10 phút thì bạn tắt bếp  để thịt nguội. | Tiếp tục đun lần 2  trong quá trình đun bạn nhớ đậy vung  thỉnh thoảng lật miếng thịt cho ngấm và đều màu. Đun đến khi cạn nước là được. | Khi ăn  bạn có thể dùng kèm với cơm nóng cùng nước chấm theo công thức sau: nước tương MAGGI  mật ong  sa tế  nước cốt chanh  tương ớt. Tất cả trộn đều là bạn đã có 1 bát nước chấm chuẩn vị rồi đấy. Rưới thêm nước bò kho lên trên món ăn cho thêm phần đậm đà nhé!,https://www.maggi.com.vn/cong-thuc/bo-kho-mat-mia
Bạch Tuộc Xào Ớt Sừng,32 phút,2 người ăn,N/A,Bạch Tuộc | Ớt sừng | Sả Xay | Dầu Ăn | Đường | Muối | Dầu hào Maggi | Hạt nêm Maggi | Nước cốt chanh,Bỏ sạch phần mắt  phần ruột bạch tuộc  dùng nước cốt chanh rửa sạch bạch tuộc rồi ngâm nước muối lạnh khoảng 15 phút để loại bỏ bớt mùi và nhớt. Bạn nên chần sơ bạch tuộc qua nước sôi trước khi xào để loại bỏ lớp nhớt và giúp món xào được ngon hơn. Ớt sừng trâu rửa sạch  bỏ hạt và cắt lát mỏng. Bạch tuộc để nguyên đầu hoặc chẻ đôi. | Làm nóng dầu trên chảo  phi thơm sả rồi cho bạch tuộc vào xào săn  nêm thêm dầu hào MAGGI  hạt nêm MAGGI nấm hương  muối và đường. Xào với lửa lớn và đảo nhanh tay để bạch tuộc không bị mất nước và giữ được độ giòn  không nên xào quá lâu sẽ khiến bạch tuộc bị dai. | Khi bạch tuộc đã săn chín  các gia vị thấm đều và dậy mùi thơm  bạn cho thêm ớt sừng vào xào nhanh rồi tắt bếp. Món ăn giữ được vị giòn ngon của bạch tuộc và cay nhẹ của ớt  không bị mềm quá hay dai quá là đạt bạn nhé. | Bày món ăn ra đĩa  dùng nóng với cơm trắng sẽ rất ngon. Bạn có thể trang trí món ăn với tiêu xay và vài lá ngò cho bắt mắt nhé. Món ăn có vị ngon và ngọt tự nhiên từ bạch tuộc  cay nhẹ từ ớt và thơm mùi sả  lạ miệng và kích thích vị giác  cứ muốn ăn mãi không thôi.,https://www.maggi.com.vn/cong-thuc/bach-tuoc-xao-ot-sung
Chả Lươn Cuộn Dứa Xào,80 phút,5 người ăn,N/A,Lươn | Giò Sống | Thơm | Bột Năng | Tỏi | Hành Khô | Rau Răm | Đường Trắng | Sốt Cà Chua | Dầu Hào MAGGI | Hành lá | Muối hạt | Nước cốt chanh | Dầu ăn | Bột nghệ,Lươn cần được làm sạch  tách thịt và xương riêng. Bạn băm nhỏ phần thịt rồi đem ướp cùng bột nghệ  tiêu xay  rau răm cùng 2 muỗng canh dầu hào MAGGI. Đối với xương và đầu  hãy ninh lấy nước dùng. Lưu ý để giảm đi độ nhớt của lươn  bạn có thể chà lươn với muối hạt rồi rửa qua nước cốt chanh và rửa thêm một lần nước. Bạn không dùng giấm để rửa vì sẽ mất đi mùi thơm đặc trưng của thịt lươn. | Khi thịt lươn thấm vị  cho vào tô cùng giò sống  thêm lượng còn lại dầu hào MAGGI vào cùng. Lúc này hãy gọt vỏ và loại bỏ mắt dứa  chọn phần lõi cứng ở giữa quả  cắt thành từng thanh vuông dài tầm 10cm. | Bạn đeo bao tay vào  lấy lượng giò sống cùng thịt lươn vừa trộn lúc nảy đem bao bọc xung quanh từng thanh dứa để được những cuộn chả lươn bắt mắt. Lưu ý chừa một đoạn dứa trống để dễ cầm hơn và hãy nắn chả theo hình giọt nước cho món ăn thêm độc đáo. | Đổ dầu vào chảo  đun sôi thì cho hành vào  đợi hành vàng thơm thì cho chả lươn bọc dứa vào chiên  nhớ trở đều các mặt chả. Khi thấy chả lươn chín vàng đều thì múc bớt lượng dầu trong chảo ra  thêm vào sốt cà chua cùng tỏi và nước ninh xương. Lưu ý hãy hòa tan bột năng cùng đường vào nước dùng trước đó. Đảo đều để sốt áo toàn bộ phần chả lươn bạn nhé! | Bạn nấu sốt đến khi sệt lại thì tắt bếp  cho Chả Lươn Cuộn Dứa Xào ra dĩa  rải lên bề mặt chút hành. Món này dùng kèm cơm nóng thì ngon quên lối về đấy. Vị chua ngọt của nước sốt bao trọn lấy từng xiên chả lươn giòn thơm lại thêm hương dứa đặc trưng sẽ khó chối từ lắm nhen.,https://www.maggi.com.vn/cong-thuc/cha-luon-cuon-dua-xao-chua-ngot
Mứt dừa,115 phút,1 người ăn,N/A,500 g Cơm dừa (Cắt sợi) | 200 g Đường | 20 ml Sữa đặc | 20 g Chanh xanh,Ngâm cơm dừa với nước chanh pha loãng | Vớt cơm dừa ra  để ráo | Ướp đường (đến khi đường tan hoàn toàn) | Cho hỗn hợp lên chảo  sên đến khi đường kết tinh,https://www.maggi.com.vn/cong-thuc/mut-dua
Bò lúc lắc,27 phút,2 người ăn,N/A,50 g Hành Tây | 50 g Ớt Chuông | 50 g Cà Chua | 5 g Tỏi xay | 10 ml Dầu Ăn | 10 g Bơ | 30 ml Nước | 150 g Thịt bò | 25 g Maggi Dầu hào bào ngư | 10 g MAGGI Tương Ớt | 400 mg Tiêu xay,Ướp thịt bò với dầu hào bào ngư  tiêu xay 15 phút cho thấm gia vị | Xào tỏi với dầu ăn 30 giây cho thơm | Thêm thịt bò vào xào 1 phút | Thêm hành tây  ớt chuông vào  tiếp tục xào 1 phút | Nêm với dầu hào bào ngư  tương ớt  tiêu xay  nước lọc cho vừa ăn | Thêm cà chua  bơ vào. Tiếp tục xào 30 giây nữa là được | Để bò lúc lác vào dĩa  dùng nóng.,https://www.maggi.com.vn/cong-thuc/bo-luc-lac
Mực xào chua ngọt,27 phút,2 người ăn,N/A,50 g Cà Chua | 50 g Hành Tây | 50 g Thơm (Dứa) | 5 g Cần Ta | 5 g Tỏi xay | 10 ml Dầu Ăn | 150 g Mực Ống | 15 g Maggi Dầu hào bào ngư | 10 g MAGGI Tương Ớt | 10 g Tương Cà | 10 ml Giấm | 40 ml Nước | 15 g Đường | 10 g Cà chua | 7 g Ớt Chuông | 1 gam Gừng | 100 mg Tiêu xay,Làm sốt chua ngọt: Đun sôi các nguyên liệu sốt chua ngọt. Xay nhuyễn  lược nước sốt lại cho mịn | Ướp mực với dầu hào bào ngư  tiêu xay 15 phút cho thấm gia vị | Xào tỏi với dầu ăn cho thơm | Thêm mực vào xào sơ 1 phút | Thêm rau củ vào xào tiếp 1 phút | Thêm xốt chua ngọt vào  xào cho thấm gia vị 1 phút | Để mực xào vào dĩa. Dùng nóng,https://www.maggi.com.vn/cong-thuc/muc-xao-chua-ngot
Cá Điêu Hồng Singapore,60 phút,2 người ăn,N/A,Cá Diêu Hồng | Gừng | Đường Trắng | Dầu Mè | Rượu Gạo | Màu Điều | Sốt Hoisin | Tiêu Xay | Ớt xắt lát | Đầu hành | 1 muỗng canh Dầu Ăn | Nước tương MAGGI | Dầu hào MAGGI | Hạt nêm MAGGI nấm hương | Hành ngò | Muối | Giấm | 1 muỗng canh Giấm đen,Cá diêu hồng sau khi mua về  bạn làm sạch rồi rửa qua với giấm và muối để khử mùi tanh. Rửa lại với nước rồi để ráo nước. Dùng dao khứa xéo lên 2 mặt của thân cá rồi ướp cá với 1 muỗng canh nước tương MAGGI  tiêu xay trong 15 phút cho cá được thấm gia vị  nhớ ướp cả trong bụng cá nhé. Tỏi và gừng bạn bỏ vỏ  rửa sạch sau đó cắt lát. | Trong khi chờ ướp cá  chúng ta tiến hành pha hỗn hợp gia vị gồm nước tương MAGGI và dầu hào MAGGI  giấm đen  sốt Hoisin  rượu gạo  đường trắng  dầu mè  màu điều và hạt nêm MAGGI nấm hương. Khuấy đều cho hỗn hợp tan đều và hòa quyện với nhau. | Làm nóng chảo trên bếp  thêm vào dầu ăn rồi đổ ớt khô  tỏi và gừng cắt lát vào xào cho thơm. Sau đó đổ hỗn hợp gia vị vừa pha vào. Đun cho hỗn hợp sôi lên  dậy mùi thơm thì bắt đầu cho cá diêu hồng vào chảo kho. | Trong lúc kho  bạn nhớ dùng muỗng tưới nước sốt lên mặt cá thường xuyên để thịt cá thấm gia vị hơn. Cá kho tộ hạn chế lật mặt để tránh thịt cá bị nát  không được đẹp mắt. Khi kho  nên đậy nắp để cá chín đều và thơm. Sau 15 phút kho trên bếp  phần nước kho đã sệt và có màu nâu bóng đẹp mắt thì rắc thêm đầu hành trắng vào chảo  kho thêm một lúc thì tắt bếp. | Khi cá đã kho xong  bày ra dĩa và trang trí với hành lá cắt nhỏ  ngò hoặc thêm vài lát ớt cho thơm. Phần nước kho cá dùng để chấm rau luộc thì ngon lắm luôn. Cá diêu hồng kho thơm mềm  thấm gia vị sốt Singapore đậm đà ăn cùng cơm trắng vừa ngon  vừa mới lạ thì còn gì bằng.,https://www.maggi.com.vn/cong-thuc/ca-dieu-hong-kho-sot-singapore
Ghẹ Xào Sữa Hạnh Nhân,30 phút,1 người ăn,N/A,Dầu hào Maggi | Hạnh nhân | Ghẹ | Sữa bò | Bột năng | Đường trắng | Nước | Ngò | Dầu ăn,Bạn làm nóng chảo  cho hạnh nhân vào rang thơm rồi đổ ra dĩa. Với ghẹ  bạn rửa sạch sau đó đặt vào nồi  thêm nước và bắt đầu luộc  khi ghẹ chín hãy để nguội rồi bóc lấy thịt. Bạn cho từ từ sữa bò vào bột năng  khuấy đều cho bột tan hoàn toàn  nếu muốn vị đậm hơn  bạn có thể nêm thêm gia vị. | Đổ dầu vào chảo  đun nóng rồi cho hỗn hợp sữa cùng bột năng vào. Khuấy đều đến khi hỗn hợp sôi lăn tăn thì thêm hạnh nhân cùng thịt ghẹ. Xào đến khi hỗn hợp sệt dần hãy thêm dầu hào MAGGI  đảo đều trong 2 phút là có thể tắt bếp. | Cho món ghẹ xào sữa hạnh nhân vào dĩa  trang trí thêm ít rau ngò cho bắt mắt. Món ngon có thể kết hợp cùng cơm trắng và ăn khi còn nóng. Vị béo của sữa ngấm vào thịt cua ngọt thanh cùng với hạt hạnh nhân bùi thơm sẽ đem đến một trải nghiệm vị giác thật tuyệt vời đó nha!,https://www.maggi.com.vn/cong-thuc/thit-ghe-xao-hanh-nhan-sua-bo
Ức Gà Phi Lê Sốt Nho,57 phút,6 người ăn,N/A,Ức gà | Nho xanh | Nước dừa | Hành tím | Hành lá | Tỏi | 4 muỗng canh Dầu Ăn | 3 g Tiêu Xay | 1 muỗng cà phê Đường Trắng | 2 muỗng canh Mật Ong | 1 muỗng canh Tương Cà | 2 muỗng cà phê MAGGI Hạt Nêm Nấm Hương | 2 muỗng canh MAGGI Nước Tương,Nho rửa sạch và cắt đôi theo chiều dọc. Ức gà chà xát muối rồi rửa kĩ với nước để khử mùi tanh  rửa xong dùng khăn sạch thấm khô nước và cắt ức gà thành các miếng dày khoảng 2cm  rộng khoảng 5-6cm. Thịt gà sau khi sơ chế xong thì đem ướp với 1 muỗng cà phê hạt nêm MAGGI nấm hương  1 muỗng canh nước tương MAGGI  mật ong và tiêu xay. Trộn đều ức gà cùng các nguyên liệu  thịt ướp ít nhất 15 phút cho thấm gia vị. | Bắc chảo lên bếp  chờ chảo nóng thêm vào dầu ăn. Khi dầu ăn đã nóng thì bạn cho ức gà vào áp chảo các mặt cho dậy mùi thơm  xém vàng các mặt thì gắp ức gà ra dĩa. Cách làm ức gà phi lên áp chảo không chỉ giúp miếng thịt có được màu vàng đẹp mắt mà còn giúp thịt được săn lại  giữ trọn độ ẩm. Ức gà càng tươi áp chảo sẽ càng ngon. | Dùng 1 chiếc chảo sâu lòng hoặc nồi chống dính bắc lên bếp chờ nóng thì cho dầu ăn vào  phi thơm hành và tỏi băm để món ăn dậy mùi và thơm ngon hơn. Tránh để lửa quá lớn sẽ mau khét hành tỏi. Khi tỏi và hành vừa vàng tới thì cho vào nước dừa  tương cà  đường trắng  phần nước tương MAGGI và hạt nêm MAGGI nấm hương còn lại vào  khuấy đều cho toàn bộ gia vị hòa quyện với nhau. | Đun hỗn hợp nước sốt đến khi sôi lên thì cho ức gà đã áp chảo và nho đã sơ chế vào. Trộn nhẹ lên rồi chỉnh lửa nhỏ  đậy nắp lại rim ức gà trong khoảng 15 phút. Lúc này nho sẽ mềm ra và hòa quyện hương vị ngọt thanh từ trái cây tươi vào nước sốt. Rim đến khi nước sốt keo lại  gà áo lên màu nâu đỏ đẹp mắt của nước sốt thì rắc thêm hành lá cắt nhỏ lên trên rồi tắt bếp. | Trình bày ức gà phi lê sốt nho ra dĩa và thưởng thức thôi. Ức gà rim lâu trong nước sốt nhưng không hề bị mất đi vị ngọt vốn có mà càng đậm đà cuốn hút hơn. Miếng ức gà vừa ăn  xém cạnh vừa thơm vừa hòa quyện cùng sốt nho mặn mặn ngọt ngọt sẽ cho bạn trải nghiệm món ăn ngon trên cả tưởng tượng.,https://www.maggi.com.vn/cong-thuc/uc-ga-phi-le-sot-trai-nho
Canh măng gà nấm hương,70 phút,4 người ăn,N/A,13 g MAGGI Hạt Nêm Nấm Hương | 500 g Thịt Gà Ta | 250 g Măng Khô Đã Ngăm | 100 g Nấm Hương | 2 Muỗng cà phê Bột ngọt | 2 củ Hành tím | 4 muỗng cà phê Dầu Ăn | 5 lít Nước lọc | 5 nhánh Hành Lá | 2 nhánh Ngò Rí,Đầu tiên bạn sơ chế măng khô. Trước khi nấu cần ngâm măng trong 3 giờ với nước sôi  hoặc 8 giờ với nước lạnh. Sau khi ngâm  bạn rửa măng nhiều lần với nước sạch  và luộc 20 phút để măng được mềm. | Để chuẩn bị gà  bạn rửa sạch cắt miếng vừa ăn  ướp 10 phút hạt nêm nấm hương. Sau đó  bạn phi thơm hành tím trong dầu ăn  xào gà cho thơm.Khi gà đã hơi ngả vàng  bạn cho thêm nước vào nồi  đến khi nước sôi thì nấu 10 phút để gà chín mềm. | Tiếp theo  bạn phi thơm hành tím với dầu ăn  sau đó xào sơ măng khoảng 10 phút cho đến khi măng thơm và mềm hơn. | Cuối cùng  bạn cho măng vào nồi gà đang nấu  nêm hết các gia vị đã chuẩn bị  rồi nấu thêm 2-5 phút nữa với lửa nhỏ.Bạn múc ra tô lớn  thêm hành và ngò rí cho thơm và trang trí đẹp mắt  là đã có thể thưởng thức rồi.,https://www.maggi.com.vn/cong-thuc/canh-mang-ga-nam-huong
Gà Xào Hạt Điều,30 phút,2 người ăn,N/A,Đùi gà | Hạt điều rang | Tỏi băm | Ớt | Bột mì | Hành tây cắt vuông 3cm | Tương cà | Dầu ăn | Hành lá | Tương ớt | Dầu Hào Maggi | Hạt Nêm Maggi | Nước Tương Maggi | Muối,Làm nóng dầu trong chảo đến khi dầu sôi thì đổ ớt bằm vào xào đều tay. Bạn xào ớt trên lửa nhỏ để ớt có mùi thơm  không bị cháy. Sau đó tắt bếp và đổ ớt ra đĩa. | Rửa sạch đùi gà với nước  xát chút muối để khử mùi sau đó xả lại  cắt miếng vừa ăn. Bạn cho thịt gà và bột mì đa dụng vào tô rồi trộn đều để bột phủ một lớp mỏng lên gà. Cho dầu vào chảo  đun nóng ở lửa vừa  thêm thịt gà đã lăn bột vào xào chín  vàng đều các mặt rồi vớt ra để riêng. | Tranh thủ lúc chảo xào gà còn nóng  bạn cho thêm dầu ăn  phi tỏi đến khi dậy mùi thơm và hơi cháy cạnh  trút thịt gà và hành tây vào xào thêm khoảng 1 phút. | Lần lượt thêm các nguyên liệu còn lại gồm: hạt điều  dầu ớt bằm  tương ớt  tương cà  dầu hào MAGGI  nước tương MAGGI  đường và hạt nêm MAGGI nấm hương vào chảo  xào trong khoảng 2 đến 3 phút với lửa nhỏ cho các nguyên liệu thấm đều gia vị rồi tắt bếp. Bày món gà xào ra đĩa  trang trí với hành lá rồi thưởng thức hương vị Thái đặc trưng ngay tại nhà thôi!,https://www.maggi.com.vn/cong-thuc/ga-xao-hat-dieu
Măng Tây Xào Thịt Gà,27 phút,3 người ăn,N/A,Măng tây | Ức gà | Gừng | Bơ thơm | Bột năng | Dầu ăn | Muối | Ngò rí | Tiêu xay | Hạt nêm Maggi Nấm hương | Nước tương Maggi,Măng tây cắt bỏ phần già  rửa sạch rồi cắt khúc khoảng 4cm. Trụng măng trong nước sôi thêm một chút muối và dầu ăn  vớt ra ngâm ngay vào nước đá lạnh để giữ độ giòn và xanh của măng. Bạn nhớ để ráo măng tây trước khi chế biến. Thịt gà rửa sạch  cắt thành miếng mỏng vừa ăn  ướp với gừng  1/2 muỗng canh hạt nêm MAGGI nấm hương  bột năng và một chút tiêu  trộn đều rồi để 10 phút cho thịt ngấm gia vị. | Bạn làm nóng chảo với một ít dầu ăn  mở lửa to rồi cho thịt gà đã ướp vào xào nhanh đến khi chín tái  bên ngoài thịt chuyển màu trắng thì trút ra dĩa. | Bạn làm nóng chảo trở lại  cho bơ lạt vào nấu đến khi tan chảy thì thêm măng tây  thịt gà xào nhanh tay trên lửa to cho chín đều là được. Nêm nếm măng tây xào với 1/2 muỗng canh hạt nêm MAGGI nấm hương  nước tương MAGGI cho vừa ăn  đảo đều rồi tắt bếp. | Món xào đã hoàn thành thì trình bày ra dĩa và cùng thưởng thức. Măng tây xào giòn ngọt với thịt gà dai dai ăn cùng cơm nóng sẽ rất ngon và tốt cho sức khỏe. Cách làm măng tây xào đơn giản nhưng đảm bảo nàng sẽ thích mê!,https://www.maggi.com.vn/cong-thuc/mang-tay-xao-thit-ga
Bò Kho Mật Mía,80 phút,4 servings,N/A,Tương Ớt | Gừng | Củ Sả | Quế | Mật Mía | Hạt nêm Maggi | Nước mắm Maggi | Bắp bò | Ớt bột | Mật ong | Nước cốt chanh | Sa tế | Nước tương MAGGI,Chuẩn bị: Bắp bò rửa sạch  để ráo nước. Sả đập dập  cắt khúc khoảng 5cm. Quế bẻ vụn. Gừng giã dập. Ở công đoạn này bạn nên dùng cối đá hoặc cối bằng gốm  tránh dùng cối gỗ sẽ làm thất thoát phần nước cốt của gừng. | Khâu tẩm ướp gia vị chính là bước thực hiện quan trọng nhất của món này. Trộn đều quế  gừng  sả  ớt bột  nước mắm MAGGI và hạt nêm MAGGI nấm hương. Thêm mật mía vào trộn đều. Ướp thịt bò cùng hỗn hợp vừa trộn tối thiểu trong 1 tiếng. Bí quyết để món Bò kho mật mía mang hương vị mới lạ  đậm đà  dậy vị chính là sử dụng nước mắm và hạt nêm nấm hương nhà MAGGI đấy! | Đặt nồi thịt bò đã ướp lên bếp  đậy vung đun với lửa to đến khi nồi thịt sôi khoảng 10 phút thì bạn tắt bếp  để thịt nguội. | Tiếp tục đun lần 2  trong quá trình đun bạn nhớ đậy vung  thỉnh thoảng lật miếng thịt cho ngấm và đều màu. Đun đến khi cạn nước là được. | Khi ăn  bạn có thể dùng kèm với cơm nóng cùng nước chấm theo công thức sau: nước tương MAGGI  mật ong  sa tế  nước cốt chanh  tương ớt. Tất cả trộn đều là bạn đã có 1 bát nước chấm chuẩn vị rồi đấy. Rưới thêm nước bò kho lên trên món ăn cho thêm phần đậm đà nhé!,https://www.maggi.com.vn/cong-thuc/bo-kho-mat-mia
Bạch Tuộc Xào Ớt Sừng,32 phút,2 người ăn,N/A,Bạch Tuộc | Ớt sừng | Sả Xay | Dầu Ăn | Đường | Muối | Dầu hào Maggi | Hạt nêm Maggi | Nước cốt chanh,Bỏ sạch phần mắt  phần ruột bạch tuộc  dùng nước cốt chanh rửa sạch bạch tuộc rồi ngâm nước muối lạnh khoảng 15 phút để loại bỏ bớt mùi và nhớt. Bạn nên chần sơ bạch tuộc qua nước sôi trước khi xào để loại bỏ lớp nhớt và giúp món xào được ngon hơn. Ớt sừng trâu rửa sạch  bỏ hạt và cắt lát mỏng. Bạch tuộc để nguyên đầu hoặc chẻ đôi. | Làm nóng dầu trên chảo  phi thơm sả rồi cho bạch tuộc vào xào săn  nêm thêm dầu hào MAGGI  hạt nêm MAGGI nấm hương  muối và đường. Xào với lửa lớn và đảo nhanh tay để bạch tuộc không bị mất nước và giữ được độ giòn  không nên xào quá lâu sẽ khiến bạch tuộc bị dai. | Khi bạch tuộc đã săn chín  các gia vị thấm đều và dậy mùi thơm  bạn cho thêm ớt sừng vào xào nhanh rồi tắt bếp. Món ăn giữ được vị giòn ngon của bạch tuộc và cay nhẹ của ớt  không bị mềm quá hay dai quá là đạt bạn nhé. | Bày món ăn ra đĩa  dùng nóng với cơm trắng sẽ rất ngon. Bạn có thể trang trí món ăn với tiêu xay và vài lá ngò cho bắt mắt nhé. Món ăn có vị ngon và ngọt tự nhiên từ bạch tuộc  cay nhẹ từ ớt và thơm mùi sả  lạ miệng và kích thích vị giác  cứ muốn ăn mãi không thôi.,https://www.maggi.com.vn/cong-thuc/bach-tuoc-xao-ot-sung
Chả Lươn Cuộn Dứa Xào,80 phút,5 người ăn,N/A,Lươn | Giò Sống | Thơm | Bột Năng | Tỏi | Hành Khô | Rau Răm | Đường Trắng | Sốt Cà Chua | Dầu Hào MAGGI | Hành lá | Muối hạt | Nước cốt chanh | Dầu ăn | Bột nghệ,Lươn cần được làm sạch  tách thịt và xương riêng. Bạn băm nhỏ phần thịt rồi đem ướp cùng bột nghệ  tiêu xay  rau răm cùng 2 muỗng canh dầu hào MAGGI. Đối với xương và đầu  hãy ninh lấy nước dùng. Lưu ý để giảm đi độ nhớt của lươn  bạn có thể chà lươn với muối hạt rồi rửa qua nước cốt chanh và rửa thêm một lần nước. Bạn không dùng giấm để rửa vì sẽ mất đi mùi thơm đặc trưng của thịt lươn. | Khi thịt lươn thấm vị  cho vào tô cùng giò sống  thêm lượng còn lại dầu hào MAGGI vào cùng. Lúc này hãy gọt vỏ và loại bỏ mắt dứa  chọn phần lõi cứng ở giữa quả  cắt thành từng thanh vuông dài tầm 10cm. | Bạn đeo bao tay vào  lấy lượng giò sống cùng thịt lươn vừa trộn lúc nảy đem bao bọc xung quanh từng thanh dứa để được những cuộn chả lươn bắt mắt. Lưu ý chừa một đoạn dứa trống để dễ cầm hơn và hãy nắn chả theo hình giọt nước cho món ăn thêm độc đáo. | Đổ dầu vào chảo  đun sôi thì cho hành vào  đợi hành vàng thơm thì cho chả lươn bọc dứa vào chiên  nhớ trở đều các mặt chả. Khi thấy chả lươn chín vàng đều thì múc bớt lượng dầu trong chảo ra  thêm vào sốt cà chua cùng tỏi và nước ninh xương. Lưu ý hãy hòa tan bột năng cùng đường vào nước dùng trước đó. Đảo đều để sốt áo toàn bộ phần chả lươn bạn nhé! | Bạn nấu sốt đến khi sệt lại thì tắt bếp  cho Chả Lươn Cuộn Dứa Xào ra dĩa  rải lên bề mặt chút hành. Món này dùng kèm cơm nóng thì ngon quên lối về đấy. Vị chua ngọt của nước sốt bao trọn lấy từng xiên chả lươn giòn thơm lại thêm hương dứa đặc trưng sẽ khó chối từ lắm nhen.,https://www.maggi.com.vn/cong-thuc/cha-luon-cuon-dua-xao-chua-ngot
Hàu Nướng Phô Mai Dầu Hào,30 phút,6 người ăn,N/A,2 kilôgam Hàu | 120 g Phô Mai | 1 muỗng canh MAGGI Dầu Hào | Rượu trắng | Đường | Nước cốt chanh | Ớt xắt lát | Nước mắm MAGGI,Hàu sau khi mua về  bạn ngâm với nước khoảng 2 - 3 tiếng để lớp bùn đất bên ngoài mềm ra  giúp công đoạn sơ chế hàu được dễ dàng hơn. Dùng bàn chải chà rửa sạch từ phần vỏ đến miệng hàu  sau đó chần với nước nóng trong 2 phút cho dễ tách vỏ  rửa sơ qua rượu trắng khử mùi tanh rồi để ráo. | Dùng cọ phết lên thịt hàu một lớp mỏng dầu hào MAGGI rồi đặt một miếng phô mai lên mặt hàu. Bạn lặp lại thao tác này đến khi hết số lượng hàu nhé! | Bạn mở nồi chiên không dầu cho nóng khoảng 5 phút để nhiệt lượng phân bổ đều  sau đó xếp từng con hàu vào bên trong  đậy nắp lại chiên ở mức 200 độ với thời gian 5 phút. Cách để nướng hàu ngon đó là chỉ nướng đến khi hàu vừa chín tới để giữ độ ngọt và mọng nước  tránh cho hàu bị khô. | Khi hàu đã chín  bạn dọn món ăn ra dĩa và thưởng thức ngay khi còn nóng. Hàu nướng phô mai ăn kèm với một ít nước mắm đường chua cay hay ăn không đều rất ngon. Phô mai và thịt hàu béo thơm ngậy  nức lòng người thưởng thức.,https://www.maggi.com.vn/cong-thuc/hau-nuong-pho-mai-dau-hao
Sốt Chấm Gỏi Cuốn,15 phút,2 người ăn,N/A,4 muỗng canh MAGGI Nước Tương | 1 muỗng canh Tương ớt | 2 muỗng canh Nước Cốt Dừa | 1 muỗng cà phê Bơ đậu phộng | 1 muỗng cà phê Đường Trắng | 1 muỗng canh Dầu Hành Tỏi Phi | 1 muỗng canh Nước Cốt Me,Bạn cho vào 1 chén nhỏ lần lượt các loại gia vị gồm nước tương MAGGI  tương ớt  nước cốt dừa  nước cốt me  dầu hành tỏi phi  bơ đậu phộng và đường cát. Khuấy đều hỗn hợp cho hòa tan là có ngay 1 chén sốt chấm hảo hạng. | Bày chén sốt chấm cùng những cuốn gỏi đã chuẩn bị sẵn  chấm gỏi cuốn ngập sốt và từ từ cảm nhận mùi sốt thơm dịu đang lan tỏa trong vị béo của nước cốt và bơ đậu phộng thêm chút chua nhẹ của me  cay cay của tương ớt. Vị ngon đúng “đỉnh” đó bạn nha!,https://www.maggi.com.vn/cong-thuc/sot-cham-goi-cuon
Bánh Tráng Nướng Chảo,30 phút,4 người ăn,N/A,Bánh tráng | Thịt heo xay | Xúc xích | Trứng gà | Pate gan | Phô mai | Hành lá | Tép khô | Hành phi | Ớt sa tế | Tiêu xay | Dầu ăn | Hạt nêm MAGGI nấm hương | Tương ớt MAGGI,Đầu tiên  bạn làm nóng một cái chảo nhỏ với dầu ăn rồi cho thịt heo xay vào đảo đều  nêm nếm với hạt nêm MAGGI nấm hương và tiêu xay cho đậm đà. Bạn đảo khoảng 5 phút cho thịt vừa chín tới  săn lại thì múc ra để riêng. | Bắc một chiếc chảo khô lên bếp  chờ đến khi chảo đã nóng già thì cho bánh tráng vào nướng. Khi bạn thấy phần rìa bánh hơi cong lên thì cho ớt sa tế vào  dùng mặt dưới muỗng tán đều. Tiếp tục cho lên trên bề mặt bánh tráng ít hành lá  1 muỗng canh thịt heo xào  đập 1 quả trứng gà lên trên  di chuyển muỗng nhẹ nhàng để các nguyên liệu dàn đều  trứng gà không bị tràn khỏi mặt bánh. | Chờ đến khi trứng gà chín và hơi khô lại  bạn cho tiếp pate gan  1 viên phô mai  tán nhuyễn đều khắp mặt. Sau đó lần lượt rải đều lên bề mặt bánh tép khô  hành phi  xúc xích cắt xéo cho đẹp mắt. | Để món ăn thêm thơm ngon và đậm vị  bạn cho xốt mayonnaise và tương ớt MAGGI lên trên theo đường ziczac  phủ khắp mặt bánh tráng nướng. | Nhẹ nhàng dùng muỗng lớn gập bánh lại. Áp chảo giòn đều cả hai mặt bánh rồi thưởng thức. Bạn nướng đến khi hết bánh tráng và nguyên liệu  nhưng món mới thời thượng này tốt nhất là làm đến đâu ăn đến đó để cảm nhận được vị giòn rụm của bánh kèm với vị béo  mặn ngọt hài hòa từ các nguyên liệu bạn nhé! Đừng quên ăn kèm với tương ớt MAGGI cay mát  đảm bảo món nhà làm ngon như nhà hàng luôn đó nha!,https://www.maggi.com.vn/cong-thuc/banh-trang-nuong-chao
Gỏi Tôm Thịt,80 phút,2 người ăn,N/A,100 g Tôm | 200 g Củ Hũ Dừa | 100 g Cà Rốt | 20 g Rau Răm | 10 g Hành Phi Giòn | 10 g Đậu Phộng Rang | 5 g Ngò Gai | 10 g Ớt Bằm | 80 g Đường Trắng | 2 muỗng canh Nước cốt chanh | 4 muỗng canh MAGGI Nước Mắm | Tỏi băm | Muối | 100g Thịt lợn  tươi  nhiều loại thịt và phụ phẩm  gan  nấu chín  om,Đầu tiên  bạn gọt vỏ cà rốt và dưa leo  rửa sạch rồi thái thành lát mỏng vừa ăn. Độ dài khoảng 7cm là vừa đẹp. Với dưa leo  nhớ loại bỏ phần ruột bên trong để món gỏi không bị ướt và dưa được ngon  giòn hơn. Củ hủ dừa bạn nên nạo sạch lớp vỏ ngoài  rửa sạch với nước rồi thái thành những lát mỏng vừa ăn. Ngâm phần củ hũ dừa đã thái trong nước đá lạnh có hòa cùng nước cốt chanh tươi để giữ độ trắng  giòn khi thưởng thức. | Rửa thịt ba chỉ và tôm với nước và một ít muối  sau đó bắc lên bếp luộc chín thịt với nước lạnh. Lưu ý là bạn phải để phần thịt luộc ngập trong nước  như vậy thịt sẽ chín từ từ và không bị thâm. Sau khi thịt đã chín  ngâm thịt vào tô nước lạnh để giữ độ trắng. Tiếp tục luộc tôm với nước thịt vừa dùng  bạn chỉ nên luộc khoảng 3 phút để tôm vừa chín tới  có màu đỏ đẹp mắt. Đừng luộc tôm quá lâu sẽ làm tôm bị khô và mất vị ngon ngọt tự nhiên. Ngâm tôm vào nước lạnh để tôm giòn dai  dễ bóc vỏ. | Khi tôm và thịt đã nguội  vớt ra để ráo nước một chút. Bạn thái thịt ba chỉ thành những miếng mỏng vừa ăn. Không nên cắt quá dày sẽ làm thịt khó thấm gia vị trộn gỏi. Với tôm  bạn bóc vỏ và giữ lại phần đuôi cho đẹp mắt. | Nước mắm trộn gỏi chính là yếu tố quyết định và là linh hồn của các món gỏi. Bắt tay vào làm thôi! Bắc nồi hoặc chảo lên bếp  cho nước mắm MAGGI vào với 4 muỗng canh nước lọc  đường trắng rồi đun sôi liu riu. Trộn đều tay để đường tan hết và hỗn hợp nước mắm keo sệt lại thì tắt bếp  để nguội. Khi nước mắm đã nguội hẳn  bạn thêm tỏi băm  ớt băm và nước cốt chanh vào  khuấy đều cho hòa quyện. Hỗn hợp nước mắm sánh kẹo và thơm  ngọt  mặn chua chua vừa miệng là chuẩn vị. | Để ráo hẳn củ hũ dừa  dưa leo và cà rốt trước khi tiến hành trộn gỏi bạn nhé. Nếu phần nguyên liệu chưa ráo thì khi trộn gỏi tôm thịt sẽ bị ướt và kém giòn. Cho củ hũ dừa  dưa leo  cà rốt và tôm thịt vào chung một tô  rưới nước mắm lên trên rồi trộn đều tất cả cho thấm. Nên trộn thật nhẹ tay để tránh cho rau củ bị nát và làm món gỏi chảy nước  kém ngon. | Cuối cùng  bạn thêm rau răm cắt nhỏ  ngò gai  đậu phộng rang và hành phi giòn  trộn đều một lần nữa là đã có thể bày ra đĩa thưởng thức rồi. Món gỏi tôm thịt củ hũ dừa giòn giòn lạ miệng  chua ngọt hài hòa kết hợp với tôm thịt  đậu phộng rang béo bùi sẽ khiến bạn ăn mãi không ngừng. Món gỏi rất hợp ăn cùng bánh phồng tôm chiên  cả nhà sẽ gật gù khi thưởng thức đấy!,https://www.maggi.com.vn/cong-thuc/goi-tom-thit
Bồ Câu Xào Lăn,45 phút,3 người ăn,N/A,500 g Bồ Câu | 1 quả Ớt Trái | 5 g Tỏi | 100 g Lạc Rang | 1/2 muỗng cà phê Đường | 1 gói Bột Cà Ri | 1 gói Phồng Tôm | 1/2 muỗng canh MAGGI Nước Mắm | 1 muỗng canh MAGGI Dầu Hào | Sả cây | Tiêu,Bồ câu làm sạch lông và ruột  rửa sạch với nước  để ráo rồi sau đó băm nhuyễn. Sả cây bóc bỏ phần vỏ già bên ngoài  rửa sạch sau đó băm nhuyễn với hành và tỏi. Rang chín đậu phộng rồi để nguội cho lớp vỏ dễ bóc hơn. Giã nhỏ đậu phộng chứ đừng giã nát bạn nhé. Bánh phồng tôm chiên rồi vớt ra cho ráo dầu. | Làm nóng chảo rồi đun cho dầu sôi  bạn kiểm tra thấy đầu đũa gỗ khi nhúng vào dầu có bong bóng nhỏ sủi lên thì cho hành  tỏi  sả băm nhuyễn vào xào cho thơm. Tiếp đến bạn cho thịt bồ câu bằm nhuyễn vào xào  thêm bột cà ri để món ăn thơm ngon đúng điệu. | Đảo đều cho bột cà ri hòa quyện cùng thịt  nêm thêm dầu hào MAGGI  nước mắm MAGGI  tiêu  đường và điều chỉnh sao cho phù hợp với khẩu vị của bạn. | Khi thịt đã chín tới  cho đậu phộng rang giã nhỏ vào rồi bày món ăn ra đĩa. Rắc rau ngổ và ớt trái đã rửa sạch thái nhỏ lên mặt món ăn cho thơm và đượm vị cay nồng. Bồ câu xào lăn ăn kèm bánh phồng chiên hay bánh tráng nướng đều rất ngon. Thịt chim ra ràng mềm béo  thơm lừng mùi hành  sả và cà ri  bùi bùi của đậu phộng  vừa ngon vừa dinh dưỡng.,https://www.maggi.com.vn/cong-thuc/bo-cau-xao-lan
Tôm Bằm Xúc Bánh Tráng,35 phút,4 người ăn,N/A,600 g Tôm Sú | 10 g Sả Băm | 1/4 muỗng cà phê Ớt Bột | 10 g Tiêu Xanh | 5 g Ngò Rí | 1 quả Ớt Sừng | 1 quả Cà Rốt | 1 muỗng cà phê Đường Trắng | 1 muỗng canh Đậu Phộng Rang | 1 muỗng canh Dầu Hành Tỏi Phi | 1 muỗng canh MAGGI Nước Mắm | 2 muỗng canh Tương ớt | 1 muỗng cà phê MAGGI Dầu Hào | Bánh tráng | Nước cốt chanh | Hạt nêm MAGGI nấm hương,Bạn lột bỏ vỏ và đầu tôm  dùng tăm tre nhẹ nhàng rút phần chỉ đen ở lưng  lau khô rồi cắt hạt lựu nhỏ. Rau ngò rí rửa sạch  cắt nhỏ. Bánh tráng dùng kéo cắt miếng hình tam giác vừa ăn  nướng bánh tráng trên than hồng đến khi chín giòn  có màu vàng ươm đẹp mắt. Tiêu xanh bỏ cuống  rửa sạch hạt rồi băm hoặc giã nhuyễn. Ớt sừng cắt lát mỏng  đậu phộng rang xát vỏ  giã nhỏ. | Ướp tôm với các gia vị gồm nước mắm MAGGI  hạt nêm MAGGI nấm hương  dầu hào MAGGI  bột ớt  sả băm. Trộn đều và để khoảng 5 phút cho tôm thấm gia vị đậm đà hơn. | Làm nóng chảo dầu tỏi  cho tôm đã ướp vào xào cho săn lại. Khi tôm vừa chín tới  chuyển sang màu đỏ hồng thì bạn cho đậu phộng  tiêu và ngò gai vào xào đều rồi tắt lửa. Bạn xào tôm nhanh trên lửa vừa  không nên xào quá lâu để tránh tôm bị khô lại nhé! | Món tôm bằm xào ngon khi ăn cùng nước chấm. Bạn pha nước chấm gồm tương ớt  nước cốt chanh và vài lát ớt sừng. Khuấy đều cho nước chấm tan  có vị chua ngọt  cay nhẹ là được. | Xếp bánh tráng nướng ra dĩa  cho tôm bằm xào lên trên  trang trí thêm ớt sừng cắt lát và ngò rí là sẵn sàng thưởng thức rồi đấy. Tôm sú giòn ngọt  được xào chín tới vẫn còn cảm giác mọng nước trong miệng khi ăn. Bánh tráng nướng giòn tan  ăn cùng tôm bằm thời thượng và mới lạ sẽ khiến mọi người trầm trồ đó nha!,https://www.maggi.com.vn/cong-thuc/tom-bam-xuc-banh-trang
Ngan Nướng Sả Riềng Mẻ,57 phút,,N/A,50 g Dầu Hào MAGGI | 30 g Nước tương MAGGI Đậm Đặc | 10 g Hạt nêm MAGGI | 15 g Đường cát | 2 kilôgam Thịt ngan nguyên con làm sạch | 60 g Dầu Ăn | 20 g Riềng băm | 20 g Sả Băm | 30 g Hành tím băm | 20 g Tỏi băm | 30 g Cơm mẻ | 10 g Mắm tôm,Để sơ chế “nhân vật chính” của món ăn hôm nay  đầu tiên  bạn chặt thịt ngan thanh miếng vừa ăn  nếu có thời gian bạn có thể lóc phi lê thịt ngan để tránh xương nhé! Tiếp theo  bạn hãy dùng muối hoặc chanh chà xát khắp thân ngan và nhớ dùng tay bóp kỹ để các chất nhờn  chất bẩn  mùi hôi trong lỗ chân lông ngan tiết ra ngoài. Cuối cùng  bạn đem ngan rửa lại với nước cho thật sạch rồi vớt ra để ráo. | Muốn làm nên hương vị đặc trưng của món Ngan Nướng Sả Riềng Mẻ  bạn cho hết tất cả riềng  sả  hành  tỏi  nước cơm mẻ vào máy xay  xay nhuyễn thành hỗn hợp nhỏ. | Bí quyết ướp thịt để giữ được hương vị đặc trưng Hà Nội cho món Ngan Nướng Sả Riềng Mẻ  mà vẫn tạo được sự khác biệt của riêng bạn là đây. Cho thịt ngan vào một bát (tô) lớn  sau đó thêm vào các nguyên liệu gồm: dầu hào MAGGI  nước tương MAGGI đậm đặc  hạt nêm MAGGI  đường  mắm tôm  dầu ăn và hỗn hợp vừa xay nhuyễn. Bạn nhớ trộn đều tay và ướp tầm 10 phút cho thịt ngan ngấm gia vị  rồi xiên thành các xâu thịt bằng nhau hoặc kẹp thịt vào vỉ nướng nhé! | Trước khi nướng thịt  bạn hãy khởi động lò nướng khoảng 15 phút cho nóng lò. Sau đó  cho thịt ngan vào lò và bắt đầu nướng trong khoảng 15 - 20 phút. Trong lúc nướng nhớ thăm chừng và đảo mặt thịt nướng đều 2 mặt. Lưu ý  không nên nướng thịt ngan quá lâu vì như thế sẽ làm thịt ngan cháy hoặc bị nhão. | Thịt sau khi đã nướng chín  bạn lấy ra cho vào dĩa  trang trí cùng ít rau ngò cho đẹp mắt. Vậy là món Ngan Nướng Sả Riềng Mẻ thơm lừng  đậm vị với công thức khác biệt từ MAGGI đã hoàn thành rồi. Và đừng quên chuẩn bị thêm chén cơm nóng để ăn cùng là hết sảy đấy nhé!,https://www.maggi.com.vn/cong-thuc/ngan-nuong-sa-rieng-me
Miến Lươn Trộn,60 phút,,N/A,400 g Lươn con to | 200 g Miến | 15 g Muối | 60 g Bột Chiên Giòn | 10 g Gừng tươi | 5 g Rau thơm | 5 g Đậu Phộng Rang | 2 g Hành phi | 20 g Dưa giá cà rốt chua ngọt | 30 g Nước nóng | 30 g Giấm Gạo | 15 g Dầu Hào MAGGI | 13 g Hạt nêm MAGGI | 30 g Nước tương MAGGI | 60 g Đường cát | 1 gam Ớt Bột | 2 g Tiêu Sọ,Lươn sau khi mua về  bạn cho muối vào xóc đều để lươn tự quẫy nhả nhớt. Tiếp theo  bạn dùng nước nóng 50-70°C dội xả 1 lượt nữa cho lươn sạch hết nhớt  rồi rửa lại bằng nước lạnh nhiều lần. Sau khi lươn đã sạch  bạn tiến hành phi lê lươn  để riêng phần xương với phần thịt. Với thịt  bạn tiếp tục cắt sợi vừa ăn. | Ăn Miến Lươn Trộn thì không thể nào thiếu phần nước súp ngọt thanh ăn kèm. Để chế biến  bạn cho phần xương lươn vừa lóc ở trên  hầm với gừng cắt lát trong lửa nhỏ tầm 15 phút. Sau đó  vớt xương ra và nêm 10gr hạt nêm MAGGI cho 500ml nước dùng. | Phần thịt lươn đã cắt sợi bạn cho vào tô  nêm thêm lượng hạt nêm MAGGI còn lại  10gr dầu hào và tiêu  rồi dùng muỗng trộn đều cho gia vị thấm vào thịt. Tiếp theo  cho tiếp bột chiên giòn vào tô lươn  trộn đều lần nữa để từng miếng thịt lươn được lớp áo bột mỏng bên ngoài. Để hoàn thành phần thịt lươn giòn tan  đậm đà ăn cùng miến  bạn đun nóng chảo dầu  cho lươn vào chiên đến khi vàng giòn  vớt lươn ra để ráo dầu là được nhé! | Muốn món Miến Lươn Trộn vừa giữ được nét đặc trưng của món ăn Bắc Trung Bộ  mà vẫn tạo được sự khác biệt tích cực thì phải lưu ngay công thức nước sốt trộn đặc biệt này nhé  bạn ơi! Cho tất cả nguyên liệu gồm: Nước nóng  dấm gạo  dầu hào MAGGI  nước tương MAGGI  đường cát  ớt bột  tiêu sọ vào chén (bát) khuấy đều tay đền khi tan  hòa quyện hết vào nhau. | Vậy là món Miến Lươn Trộn sắp “ra lò” rồi  chỉ còn thiếu mỗi phần miến thôi. Bạn nhanh tay cho nước vào nồi  đun sôi và thêm vào 1 muỗng canh dầu ăn. Tiếp đến  bạn cho miến vào nồi trụng khoảng 3 phút  vớt ra để ráo. Mách bạn mẹo nhỏ để món miến trộn không bị dính nhau là thêm 1 ít nước dùng vào miến sau khi trụng và nhớ trộn đều với nhau nhé! | Đây  món Miến Lươn Trộn bắt miệng đã sẵn sàng phục vụ cả nhà bạn rồi đây. Hãy xếp miến vừa được chế biến vào tô  thêm lươn chiên giòn  rau thơm  dưa giá cà rốt chua ngọt  đậu phộng rang  hành phi và chan nước sốt công thức “bí truyền” từ MAGGI vào là đảm bảo cả nhà phải trầm trồ về tài nấu nướng của bạn đấy. Và đừng quên thêm 1 chén nước súp thanh nhẹ được hầm lúc nãy để ăn cùng nữa nhé!,https://www.maggi.com.vn/cong-thuc/mien-luon-tron
Cua Rang Sốt Tía Tô,28 phút,,N/A,500 g Cua sống | 5 g Rượu hoa hồi | 20 g Đường | 5 g Dầu Mè | 10 g Nước gia vị cô đặc MAGGI | 15 g Dầu Hào MAGGI | 48 g Sốt tương ngọt (hoisin) | 15 g Chao đỏ | 135 g Chao trắng loại | 1.5 g Bột cam thảo | 10 g Ngũ Vị Hương | 30 g Hành tím | 30 g Tỏi băm | 30 g Gừng | 10 g Lá tía tô,Cua sống mua về bạn chà và rửa sạch với nước  rồi chặt mỗi con thành 4 phần đều nhau. Với tía tô  bạn lặt lấy lá  rửa với nước sạch  vớt ra để ráo nước  su đó cắt thành sợi mỏng. | Để chế biến phần nước sốt vừa giữ được hương vị đặc trưng vùng Đông Bắc  vừa tạo được sự khác biệt cho món Cua Rang Sốt Tía Tô bạn hãy ghi chú ngay lại công thức sau! Bắc chảo lên bếp  cho vào 1 ít dầu ăn  đợi dầu nóng nhanh tay bỏ vào 1/2 hành  tỏi  gừng xào cho thơm. Tiếp theo  cho hết các gia vị còn lại gồm: rượu hoa hồi  đường  dầu mè  nước gia vị MAGGI  dầu hào MAGGI  sốt tương ngọt (hoisin)  chao đỏ  chao trắng  bột cam thảo  ngũ vị hương vào đảo đều tay để hỗn hợp hòa quyện vào nhau. Lúc này  bạn có thể gia giảm phần gia vị sao cho vừa ăn  rồi tắt bếp cho ra bát (chén) nhé! | Sau khi đã chuẩn bị xong phần nước sốt xào  bạn bắt lên bếp 1 chảo khác  đổ ngập dầu  chờ dầu nóng thì thả từ từ phần cua đã sơ chế lúc nãy nào chiên với lửa lớn. Cua chiên đã chín và thơm lừng thì bạn nhanh tay vớt cua ra để ráo nhé! | Đến phần chế biến quan trọng nhất của món Cua Rang Sốt Tía Tô đây. Bạn hãy tiếp tục bắt chảo dầu lên bếp  phi thơm 1/2 hành  tỏi  gừng còn lại  rôi cho cua và nước sốt chế biến phía trên vào vừa đủ. Ở bước này  bạn nhớ đảo đều tay để cua thấm đều phần nước sốt “bí truyền”. Sau đó  cho lá tía tô vào xào sơ lại  nêm nếm lần nữa để vừa ăn là bạn có thể tắt bếp rồi đấy. | Để món ăn thêm phần hấp dẫn  bạn xếp cua ra dĩa  rưới nước sốt đều xung quanh và trang trí thêm với là tía tô. Bạn có thể ăn món Cua Rang Sốt Tía Tô với cơm và nhớ thưởng thức ngay khi còn nóng để cảm nhận trọn vị tươi  ngọt  săn chắc của thịt cua hòa quyện nước sốt sánh đặc  đậm đà và hương thơm nhẹ từ lá tía tô nhé!,https://www.maggi.com.vn/cong-thuc/cua-rang-sot-tia-to
Sườn Kho Nước Tương Quả Vả,40 phút,,N/A,4 muỗng canh Nước tương MAGGI | 1 Muỗng cà phê Dầu Hào MAGGI | 500 g Sườn non heo | 1 muỗng canh Tỏi băm | 1 muỗng canh Sả băm | 2 muỗng canh Dầu Ăn | 2 muỗng canh Đường | 1 gam Tiêu xay | 1 gam Tiêu xay | 500 ml Nước lọc | 200 g Quả vả,Sườn non mua về bạn chặt thành miếng vừa ăn. Tiếp theo  rửa qua nước muối rồi rửa lại lần nữa bằng nước sạch  vớt ra rổ cho ráo nước hẳn. Trái vả gọt vỏ  rửa sạch  cắt thành làm 4  nếu quả lớn bạn có thể cắt làm 8 nhé! | Để pha phần nước gia vị cho món kho ngon đúng vị mà vẫn khác biệt  MAGGI bật mí công thức sau đây. Bạn cho tất cả nguyên liệu gồm: nước tương MAGGI  dầu hào MAGGI  1 muỗng canh đường  tiêu xay và nước lọc vào chén  rồi dùng muỗng khuấy đều để các gia vị hòa quyện đều vào nhau. | Món Sườn Kho Nước Tương Quả Vả sẽ là thiếu sót nếu thiếu màu nâu sậm óng ánh từ nước màu. Bạn bắc chảo nhỏ lên bếp cho nóng  rồi cho vào 1 muỗng đường  khuấy đều tay đến khi đường chuyển thành màu nâu cánh gián thì cho ngay 1 ít nước lọc vào. | Bước quan trọng làm nên Sườn Kho Nước Tương Quả Vả đậm đà  lạ miệng đây. Bạn đun nóng dầu ăn trong chảo  sau đó thêm sả băm  tỏi băm vào phi thơm cùng với sườn. Tiếp theo  cho nước màu và chén gia vị bên trên vào mở lửa lớn  vớt bọt bỏ  rồi vặn nhỏ lửa nấu đến khi nước kho còn 1/2 thì cho quả vả vào kho tiếp đến khi thịt chín và phần nước kho sệt lại thì tắt bếp. | Cho Sườn Kho Nước Tương Quả Vả ra dĩa  rắc thêm một ít tiêu lên trên cho dậy mùi. Món này hãy ăn khi còn nóng và dùng với cơm trắng  có thêm chén nước tương MAGGI chấm cùng thì tuyệt vời luôn nhé.,https://www.maggi.com.vn/cong-thuc/suon-kho-nuoc-tuong-qua-va
Thịt đà điểu làm món gì ngon? Công thức đà điểu xào sả lá chanh,30 phút,3 người ăn,N/A,Thịt Đà Điểu | Hành Tây | Sả Cây | Dầu Ăn | Tỏi Băm | Ớt Băm | Tiêu | Dầu Hào Maggi | Hạt Nêm Maggi | Nước Mắm Maggi | 6 lá Lá chanh,Bạn rửa thịt đà điểu rồi cắt lát mỏng vừa. Lưu ý  để cắt thịt dễ hơn  hãy làm lạnh thịt trước khi cắt. Tiếp đó  cần ướp thịt đà điểu với 1 muỗng canh dầu hào MAGGI  hạt nêm MAGGI nấm hương  nước mắm MAGGI  1/2 muỗng tỏi băm  cùng 1 muỗng cà phê sả và ớt đã băm nhỏ  thêm chút tiêu. Trộn đều và ướp trong 15 phút. Đối với hành tây  bạn lột vỏ  rửa sạch rồi thái múi cau. Riêng lá chanh sau khi rửa nước sẽ thái sợi chỉ nhuyễn. | Đổ dầu vào chảo  đun sôi thì phi thơm phần tỏi băm cùng sả băm còn lại. Tiếp đến sẽ cho thịt đà điểu vào  xào liên tục trong khoảng 3 phút thì nêm thêm phần dầu hào MAGGI còn lại  đảo đều  thử vị thấy vừa thì thêm hành tây vào  xào hành cho vừa chín tới. | Bạn cho lá chanh vừa thái vào chảo  đảo qua một lần là có thể tắt bếp. Cho món ăn ra dĩa  trang trí thêm ớt thái lát lên trên bề mặt. Món ngon dùng kèm với cơm nóng và có thể chấm cùng nước tương MAGGI. Thịt đà điểu đậm vị hài hòa cùng lá chanh thơm nồng  sẽ làm hài lòng đến cả những vị khách khó tính nhất.,https://www.maggi.com.vn/cong-thuc/thit-da-dieu-xao-ot-sa-la-chanh
Su hào xào cà rốt thập cẩm,42 phút,2 người ăn,N/A,Dầu hào Maggi | 1 muỗng cà phê MAGGI Hạt Nêm Nấm Hương | Thịt thăn xay | 1 củ Su Hào | 1/2 củ Cà Rốt | Miến | Hành lá | Hành khô | Tiêu xay | Dầu ăn | 10 g Rau mùi,Để làm món su hào xào cà rốt thập cẩm  trước tiên bạn rửa sạch thịt thăn  vớt ra để ráo. Sau đó  xay nhỏ thịt và ướp với 1 muỗng dầu hào MAGGI để tăng vị đậm đà. | Su hào và cà rốt gọt vỏ  rửa sạch  bào sợi nhỏ hoặc thái bằng dao. Miến ngâm mềm  cắt khúc. Nấm hương  hành lá  rau mùi bỏ gốc  cắt nhỏ. Hành khô thái lát mỏng. | Phi thơm hành  xào nấm và thịt thăn rồi để riêng. Tiếp đến  xào su hào  cà rốt với hạt nêm MAGGI nấm hương  rồi cho miến và dầu hào MAGGI vào đảo đến khi chín. | Cho thịt  nấm vào chảo  thêm dầu hào MAGGI xào thêm 2 phút để thấm đều gia vị. Rắc hành lá  rau mùi  hạt tiêu. Su hào xào cà rốt thập cẩm thơm ngon đã sẵn sàng! | Trình bày ra dĩa và thưởng thức. Món su hào xào cà rốt thập cẩm thơm lừng  tốt cho sức khỏe và vóc dáng  thích hợp cho những ai yêu thích món ăn thanh đạm.,https://www.maggi.com.vn/cong-thuc/su-hao-xao-thap-cam
Hàu Nướng Phô Mai Dầu Hào,30 phút,6 người ăn,N/A,2 kilôgam Hàu | 120 g Phô Mai | 1 muỗng canh MAGGI Dầu Hào | Rượu trắng | Đường | Nước cốt chanh | Ớt xắt lát | Nước mắm MAGGI,Hàu sau khi mua về  bạn ngâm với nước khoảng 2 - 3 tiếng để lớp bùn đất bên ngoài mềm ra  giúp công đoạn sơ chế hàu được dễ dàng hơn. Dùng bàn chải chà rửa sạch từ phần vỏ đến miệng hàu  sau đó chần với nước nóng trong 2 phút cho dễ tách vỏ  rửa sơ qua rượu trắng khử mùi tanh rồi để ráo. | Dùng cọ phết lên thịt hàu một lớp mỏng dầu hào MAGGI rồi đặt một miếng phô mai lên mặt hàu. Bạn lặp lại thao tác này đến khi hết số lượng hàu nhé! | Bạn mở nồi chiên không dầu cho nóng khoảng 5 phút để nhiệt lượng phân bổ đều  sau đó xếp từng con hàu vào bên trong  đậy nắp lại chiên ở mức 200 độ với thời gian 5 phút. Cách để nướng hàu ngon đó là chỉ nướng đến khi hàu vừa chín tới để giữ độ ngọt và mọng nước  tránh cho hàu bị khô. | Khi hàu đã chín  bạn dọn món ăn ra dĩa và thưởng thức ngay khi còn nóng. Hàu nướng phô mai ăn kèm với một ít nước mắm đường chua cay hay ăn không đều rất ngon. Phô mai và thịt hàu béo thơm ngậy  nức lòng người thưởng thức.,https://www.maggi.com.vn/cong-thuc/hau-nuong-pho-mai-dau-hao
Sốt Chấm Gỏi Cuốn,15 phút,2 người ăn,N/A,4 muỗng canh MAGGI Nước Tương | 1 muỗng canh Tương ớt | 2 muỗng canh Nước Cốt Dừa | 1 muỗng cà phê Bơ đậu phộng | 1 muỗng cà phê Đường Trắng | 1 muỗng canh Dầu Hành Tỏi Phi | 1 muỗng canh Nước Cốt Me,Bạn cho vào 1 chén nhỏ lần lượt các loại gia vị gồm nước tương MAGGI  tương ớt  nước cốt dừa  nước cốt me  dầu hành tỏi phi  bơ đậu phộng và đường cát. Khuấy đều hỗn hợp cho hòa tan là có ngay 1 chén sốt chấm hảo hạng. | Bày chén sốt chấm cùng những cuốn gỏi đã chuẩn bị sẵn  chấm gỏi cuốn ngập sốt và từ từ cảm nhận mùi sốt thơm dịu đang lan tỏa trong vị béo của nước cốt và bơ đậu phộng thêm chút chua nhẹ của me  cay cay của tương ớt. Vị ngon đúng “đỉnh” đó bạn nha!,https://www.maggi.com.vn/cong-thuc/sot-cham-goi-cuon
Bánh Tráng Nướng Chảo,30 phút,4 người ăn,N/A,Bánh tráng | Thịt heo xay | Xúc xích | Trứng gà | Pate gan | Phô mai | Hành lá | Tép khô | Hành phi | Ớt sa tế | Tiêu xay | Dầu ăn | Hạt nêm MAGGI nấm hương | Tương ớt MAGGI,Đầu tiên  bạn làm nóng một cái chảo nhỏ với dầu ăn rồi cho thịt heo xay vào đảo đều  nêm nếm với hạt nêm MAGGI nấm hương và tiêu xay cho đậm đà. Bạn đảo khoảng 5 phút cho thịt vừa chín tới  săn lại thì múc ra để riêng. | Bắc một chiếc chảo khô lên bếp  chờ đến khi chảo đã nóng già thì cho bánh tráng vào nướng. Khi bạn thấy phần rìa bánh hơi cong lên thì cho ớt sa tế vào  dùng mặt dưới muỗng tán đều. Tiếp tục cho lên trên bề mặt bánh tráng ít hành lá  1 muỗng canh thịt heo xào  đập 1 quả trứng gà lên trên  di chuyển muỗng nhẹ nhàng để các nguyên liệu dàn đều  trứng gà không bị tràn khỏi mặt bánh. | Chờ đến khi trứng gà chín và hơi khô lại  bạn cho tiếp pate gan  1 viên phô mai  tán nhuyễn đều khắp mặt. Sau đó lần lượt rải đều lên bề mặt bánh tép khô  hành phi  xúc xích cắt xéo cho đẹp mắt. | Để món ăn thêm thơm ngon và đậm vị  bạn cho xốt mayonnaise và tương ớt MAGGI lên trên theo đường ziczac  phủ khắp mặt bánh tráng nướng. | Nhẹ nhàng dùng muỗng lớn gập bánh lại. Áp chảo giòn đều cả hai mặt bánh rồi thưởng thức. Bạn nướng đến khi hết bánh tráng và nguyên liệu  nhưng món mới thời thượng này tốt nhất là làm đến đâu ăn đến đó để cảm nhận được vị giòn rụm của bánh kèm với vị béo  mặn ngọt hài hòa từ các nguyên liệu bạn nhé! Đừng quên ăn kèm với tương ớt MAGGI cay mát  đảm bảo món nhà làm ngon như nhà hàng luôn đó nha!,https://www.maggi.com.vn/cong-thuc/banh-trang-nuong-chao
Gỏi Tôm Thịt,80 phút,2 người ăn,N/A,100 g Tôm | 200 g Củ Hũ Dừa | 100 g Cà Rốt | 20 g Rau Răm | 10 g Hành Phi Giòn | 10 g Đậu Phộng Rang | 5 g Ngò Gai | 10 g Ớt Bằm | 80 g Đường Trắng | 2 muỗng canh Nước cốt chanh | 4 muỗng canh MAGGI Nước Mắm | Tỏi băm | Muối | 100g Thịt lợn  tươi  nhiều loại thịt và phụ phẩm  gan  nấu chín  om,Đầu tiên  bạn gọt vỏ cà rốt và dưa leo  rửa sạch rồi thái thành lát mỏng vừa ăn. Độ dài khoảng 7cm là vừa đẹp. Với dưa leo  nhớ loại bỏ phần ruột bên trong để món gỏi không bị ướt và dưa được ngon  giòn hơn. Củ hủ dừa bạn nên nạo sạch lớp vỏ ngoài  rửa sạch với nước rồi thái thành những lát mỏng vừa ăn. Ngâm phần củ hũ dừa đã thái trong nước đá lạnh có hòa cùng nước cốt chanh tươi để giữ độ trắng  giòn khi thưởng thức. | Rửa thịt ba chỉ và tôm với nước và một ít muối  sau đó bắc lên bếp luộc chín thịt với nước lạnh. Lưu ý là bạn phải để phần thịt luộc ngập trong nước  như vậy thịt sẽ chín từ từ và không bị thâm. Sau khi thịt đã chín  ngâm thịt vào tô nước lạnh để giữ độ trắng. Tiếp tục luộc tôm với nước thịt vừa dùng  bạn chỉ nên luộc khoảng 3 phút để tôm vừa chín tới  có màu đỏ đẹp mắt. Đừng luộc tôm quá lâu sẽ làm tôm bị khô và mất vị ngon ngọt tự nhiên. Ngâm tôm vào nước lạnh để tôm giòn dai  dễ bóc vỏ. | Khi tôm và thịt đã nguội  vớt ra để ráo nước một chút. Bạn thái thịt ba chỉ thành những miếng mỏng vừa ăn. Không nên cắt quá dày sẽ làm thịt khó thấm gia vị trộn gỏi. Với tôm  bạn bóc vỏ và giữ lại phần đuôi cho đẹp mắt. | Nước mắm trộn gỏi chính là yếu tố quyết định và là linh hồn của các món gỏi. Bắt tay vào làm thôi! Bắc nồi hoặc chảo lên bếp  cho nước mắm MAGGI vào với 4 muỗng canh nước lọc  đường trắng rồi đun sôi liu riu. Trộn đều tay để đường tan hết và hỗn hợp nước mắm keo sệt lại thì tắt bếp  để nguội. Khi nước mắm đã nguội hẳn  bạn thêm tỏi băm  ớt băm và nước cốt chanh vào  khuấy đều cho hòa quyện. Hỗn hợp nước mắm sánh kẹo và thơm  ngọt  mặn chua chua vừa miệng là chuẩn vị. | Để ráo hẳn củ hũ dừa  dưa leo và cà rốt trước khi tiến hành trộn gỏi bạn nhé. Nếu phần nguyên liệu chưa ráo thì khi trộn gỏi tôm thịt sẽ bị ướt và kém giòn. Cho củ hũ dừa  dưa leo  cà rốt và tôm thịt vào chung một tô  rưới nước mắm lên trên rồi trộn đều tất cả cho thấm. Nên trộn thật nhẹ tay để tránh cho rau củ bị nát và làm món gỏi chảy nước  kém ngon. | Cuối cùng  bạn thêm rau răm cắt nhỏ  ngò gai  đậu phộng rang và hành phi giòn  trộn đều một lần nữa là đã có thể bày ra đĩa thưởng thức rồi. Món gỏi tôm thịt củ hũ dừa giòn giòn lạ miệng  chua ngọt hài hòa kết hợp với tôm thịt  đậu phộng rang béo bùi sẽ khiến bạn ăn mãi không ngừng. Món gỏi rất hợp ăn cùng bánh phồng tôm chiên  cả nhà sẽ gật gù khi thưởng thức đấy!,https://www.maggi.com.vn/cong-thuc/goi-tom-thit
Bồ Câu Xào Lăn,45 phút,3 người ăn,N/A,500 g Bồ Câu | 1 quả Ớt Trái | 5 g Tỏi | 100 g Lạc Rang | 1/2 muỗng cà phê Đường | 1 gói Bột Cà Ri | 1 gói Phồng Tôm | 1/2 muỗng canh MAGGI Nước Mắm | 1 muỗng canh MAGGI Dầu Hào | Sả cây | Tiêu,Bồ câu làm sạch lông và ruột  rửa sạch với nước  để ráo rồi sau đó băm nhuyễn. Sả cây bóc bỏ phần vỏ già bên ngoài  rửa sạch sau đó băm nhuyễn với hành và tỏi. Rang chín đậu phộng rồi để nguội cho lớp vỏ dễ bóc hơn. Giã nhỏ đậu phộng chứ đừng giã nát bạn nhé. Bánh phồng tôm chiên rồi vớt ra cho ráo dầu. | Làm nóng chảo rồi đun cho dầu sôi  bạn kiểm tra thấy đầu đũa gỗ khi nhúng vào dầu có bong bóng nhỏ sủi lên thì cho hành  tỏi  sả băm nhuyễn vào xào cho thơm. Tiếp đến bạn cho thịt bồ câu bằm nhuyễn vào xào  thêm bột cà ri để món ăn thơm ngon đúng điệu. | Đảo đều cho bột cà ri hòa quyện cùng thịt  nêm thêm dầu hào MAGGI  nước mắm MAGGI  tiêu  đường và điều chỉnh sao cho phù hợp với khẩu vị của bạn. | Khi thịt đã chín tới  cho đậu phộng rang giã nhỏ vào rồi bày món ăn ra đĩa. Rắc rau ngổ và ớt trái đã rửa sạch thái nhỏ lên mặt món ăn cho thơm và đượm vị cay nồng. Bồ câu xào lăn ăn kèm bánh phồng chiên hay bánh tráng nướng đều rất ngon. Thịt chim ra ràng mềm béo  thơm lừng mùi hành  sả và cà ri  bùi bùi của đậu phộng  vừa ngon vừa dinh dưỡng.,https://www.maggi.com.vn/cong-thuc/bo-cau-xao-lan
Tôm Bằm Xúc Bánh Tráng,35 phút,4 người ăn,N/A,600 g Tôm Sú | 10 g Sả Băm | 1/4 muỗng cà phê Ớt Bột | 10 g Tiêu Xanh | 5 g Ngò Rí | 1 quả Ớt Sừng | 1 quả Cà Rốt | 1 muỗng cà phê Đường Trắng | 1 muỗng canh Đậu Phộng Rang | 1 muỗng canh Dầu Hành Tỏi Phi | 1 muỗng canh MAGGI Nước Mắm | 2 muỗng canh Tương ớt | 1 muỗng cà phê MAGGI Dầu Hào | Bánh tráng | Nước cốt chanh | Hạt nêm MAGGI nấm hương,Bạn lột bỏ vỏ và đầu tôm  dùng tăm tre nhẹ nhàng rút phần chỉ đen ở lưng  lau khô rồi cắt hạt lựu nhỏ. Rau ngò rí rửa sạch  cắt nhỏ. Bánh tráng dùng kéo cắt miếng hình tam giác vừa ăn  nướng bánh tráng trên than hồng đến khi chín giòn  có màu vàng ươm đẹp mắt. Tiêu xanh bỏ cuống  rửa sạch hạt rồi băm hoặc giã nhuyễn. Ớt sừng cắt lát mỏng  đậu phộng rang xát vỏ  giã nhỏ. | Ướp tôm với các gia vị gồm nước mắm MAGGI  hạt nêm MAGGI nấm hương  dầu hào MAGGI  bột ớt  sả băm. Trộn đều và để khoảng 5 phút cho tôm thấm gia vị đậm đà hơn. | Làm nóng chảo dầu tỏi  cho tôm đã ướp vào xào cho săn lại. Khi tôm vừa chín tới  chuyển sang màu đỏ hồng thì bạn cho đậu phộng  tiêu và ngò gai vào xào đều rồi tắt lửa. Bạn xào tôm nhanh trên lửa vừa  không nên xào quá lâu để tránh tôm bị khô lại nhé! | Món tôm bằm xào ngon khi ăn cùng nước chấm. Bạn pha nước chấm gồm tương ớt  nước cốt chanh và vài lát ớt sừng. Khuấy đều cho nước chấm tan  có vị chua ngọt  cay nhẹ là được. | Xếp bánh tráng nướng ra dĩa  cho tôm bằm xào lên trên  trang trí thêm ớt sừng cắt lát và ngò rí là sẵn sàng thưởng thức rồi đấy. Tôm sú giòn ngọt  được xào chín tới vẫn còn cảm giác mọng nước trong miệng khi ăn. Bánh tráng nướng giòn tan  ăn cùng tôm bằm thời thượng và mới lạ sẽ khiến mọi người trầm trồ đó nha!,https://www.maggi.com.vn/cong-thuc/tom-bam-xuc-banh-trang
Ngan Nướng Sả Riềng Mẻ,57 phút,,N/A,50 g Dầu Hào MAGGI | 30 g Nước tương MAGGI Đậm Đặc | 10 g Hạt nêm MAGGI | 15 g Đường cát | 2 kilôgam Thịt ngan nguyên con làm sạch | 60 g Dầu Ăn | 20 g Riềng băm | 20 g Sả Băm | 30 g Hành tím băm | 20 g Tỏi băm | 30 g Cơm mẻ | 10 g Mắm tôm,Để sơ chế “nhân vật chính” của món ăn hôm nay  đầu tiên  bạn chặt thịt ngan thanh miếng vừa ăn  nếu có thời gian bạn có thể lóc phi lê thịt ngan để tránh xương nhé! Tiếp theo  bạn hãy dùng muối hoặc chanh chà xát khắp thân ngan và nhớ dùng tay bóp kỹ để các chất nhờn  chất bẩn  mùi hôi trong lỗ chân lông ngan tiết ra ngoài. Cuối cùng  bạn đem ngan rửa lại với nước cho thật sạch rồi vớt ra để ráo. | Muốn làm nên hương vị đặc trưng của món Ngan Nướng Sả Riềng Mẻ  bạn cho hết tất cả riềng  sả  hành  tỏi  nước cơm mẻ vào máy xay  xay nhuyễn thành hỗn hợp nhỏ. | Bí quyết ướp thịt để giữ được hương vị đặc trưng Hà Nội cho món Ngan Nướng Sả Riềng Mẻ  mà vẫn tạo được sự khác biệt của riêng bạn là đây. Cho thịt ngan vào một bát (tô) lớn  sau đó thêm vào các nguyên liệu gồm: dầu hào MAGGI  nước tương MAGGI đậm đặc  hạt nêm MAGGI  đường  mắm tôm  dầu ăn và hỗn hợp vừa xay nhuyễn. Bạn nhớ trộn đều tay và ướp tầm 10 phút cho thịt ngan ngấm gia vị  rồi xiên thành các xâu thịt bằng nhau hoặc kẹp thịt vào vỉ nướng nhé! | Trước khi nướng thịt  bạn hãy khởi động lò nướng khoảng 15 phút cho nóng lò. Sau đó  cho thịt ngan vào lò và bắt đầu nướng trong khoảng 15 - 20 phút. Trong lúc nướng nhớ thăm chừng và đảo mặt thịt nướng đều 2 mặt. Lưu ý  không nên nướng thịt ngan quá lâu vì như thế sẽ làm thịt ngan cháy hoặc bị nhão. | Thịt sau khi đã nướng chín  bạn lấy ra cho vào dĩa  trang trí cùng ít rau ngò cho đẹp mắt. Vậy là món Ngan Nướng Sả Riềng Mẻ thơm lừng  đậm vị với công thức khác biệt từ MAGGI đã hoàn thành rồi. Và đừng quên chuẩn bị thêm chén cơm nóng để ăn cùng là hết sảy đấy nhé!,https://www.maggi.com.vn/cong-thuc/ngan-nuong-sa-rieng-me
Miến Lươn Trộn,60 phút,,N/A,400 g Lươn con to | 200 g Miến | 15 g Muối | 60 g Bột Chiên Giòn | 10 g Gừng tươi | 5 g Rau thơm | 5 g Đậu Phộng Rang | 2 g Hành phi | 20 g Dưa giá cà rốt chua ngọt | 30 g Nước nóng | 30 g Giấm Gạo | 15 g Dầu Hào MAGGI | 13 g Hạt nêm MAGGI | 30 g Nước tương MAGGI | 60 g Đường cát | 1 gam Ớt Bột | 2 g Tiêu Sọ,Lươn sau khi mua về  bạn cho muối vào xóc đều để lươn tự quẫy nhả nhớt. Tiếp theo  bạn dùng nước nóng 50-70°C dội xả 1 lượt nữa cho lươn sạch hết nhớt  rồi rửa lại bằng nước lạnh nhiều lần. Sau khi lươn đã sạch  bạn tiến hành phi lê lươn  để riêng phần xương với phần thịt. Với thịt  bạn tiếp tục cắt sợi vừa ăn. | Ăn Miến Lươn Trộn thì không thể nào thiếu phần nước súp ngọt thanh ăn kèm. Để chế biến  bạn cho phần xương lươn vừa lóc ở trên  hầm với gừng cắt lát trong lửa nhỏ tầm 15 phút. Sau đó  vớt xương ra và nêm 10gr hạt nêm MAGGI cho 500ml nước dùng. | Phần thịt lươn đã cắt sợi bạn cho vào tô  nêm thêm lượng hạt nêm MAGGI còn lại  10gr dầu hào và tiêu  rồi dùng muỗng trộn đều cho gia vị thấm vào thịt. Tiếp theo  cho tiếp bột chiên giòn vào tô lươn  trộn đều lần nữa để từng miếng thịt lươn được lớp áo bột mỏng bên ngoài. Để hoàn thành phần thịt lươn giòn tan  đậm đà ăn cùng miến  bạn đun nóng chảo dầu  cho lươn vào chiên đến khi vàng giòn  vớt lươn ra để ráo dầu là được nhé! | Muốn món Miến Lươn Trộn vừa giữ được nét đặc trưng của món ăn Bắc Trung Bộ  mà vẫn tạo được sự khác biệt tích cực thì phải lưu ngay công thức nước sốt trộn đặc biệt này nhé  bạn ơi! Cho tất cả nguyên liệu gồm: Nước nóng  dấm gạo  dầu hào MAGGI  nước tương MAGGI  đường cát  ớt bột  tiêu sọ vào chén (bát) khuấy đều tay đền khi tan  hòa quyện hết vào nhau. | Vậy là món Miến Lươn Trộn sắp “ra lò” rồi  chỉ còn thiếu mỗi phần miến thôi. Bạn nhanh tay cho nước vào nồi  đun sôi và thêm vào 1 muỗng canh dầu ăn. Tiếp đến  bạn cho miến vào nồi trụng khoảng 3 phút  vớt ra để ráo. Mách bạn mẹo nhỏ để món miến trộn không bị dính nhau là thêm 1 ít nước dùng vào miến sau khi trụng và nhớ trộn đều với nhau nhé! | Đây  món Miến Lươn Trộn bắt miệng đã sẵn sàng phục vụ cả nhà bạn rồi đây. Hãy xếp miến vừa được chế biến vào tô  thêm lươn chiên giòn  rau thơm  dưa giá cà rốt chua ngọt  đậu phộng rang  hành phi và chan nước sốt công thức “bí truyền” từ MAGGI vào là đảm bảo cả nhà phải trầm trồ về tài nấu nướng của bạn đấy. Và đừng quên thêm 1 chén nước súp thanh nhẹ được hầm lúc nãy để ăn cùng nữa nhé!,https://www.maggi.com.vn/cong-thuc/mien-luon-tron
Cua Rang Sốt Tía Tô,28 phút,,N/A,500 g Cua sống | 5 g Rượu hoa hồi | 20 g Đường | 5 g Dầu Mè | 10 g Nước gia vị cô đặc MAGGI | 15 g Dầu Hào MAGGI | 48 g Sốt tương ngọt (hoisin) | 15 g Chao đỏ | 135 g Chao trắng loại | 1.5 g Bột cam thảo | 10 g Ngũ Vị Hương | 30 g Hành tím | 30 g Tỏi băm | 30 g Gừng | 10 g Lá tía tô,Cua sống mua về bạn chà và rửa sạch với nước  rồi chặt mỗi con thành 4 phần đều nhau. Với tía tô  bạn lặt lấy lá  rửa với nước sạch  vớt ra để ráo nước  su đó cắt thành sợi mỏng. | Để chế biến phần nước sốt vừa giữ được hương vị đặc trưng vùng Đông Bắc  vừa tạo được sự khác biệt cho món Cua Rang Sốt Tía Tô bạn hãy ghi chú ngay lại công thức sau! Bắc chảo lên bếp  cho vào 1 ít dầu ăn  đợi dầu nóng nhanh tay bỏ vào 1/2 hành  tỏi  gừng xào cho thơm. Tiếp theo  cho hết các gia vị còn lại gồm: rượu hoa hồi  đường  dầu mè  nước gia vị MAGGI  dầu hào MAGGI  sốt tương ngọt (hoisin)  chao đỏ  chao trắng  bột cam thảo  ngũ vị hương vào đảo đều tay để hỗn hợp hòa quyện vào nhau. Lúc này  bạn có thể gia giảm phần gia vị sao cho vừa ăn  rồi tắt bếp cho ra bát (chén) nhé! | Sau khi đã chuẩn bị xong phần nước sốt xào  bạn bắt lên bếp 1 chảo khác  đổ ngập dầu  chờ dầu nóng thì thả từ từ phần cua đã sơ chế lúc nãy nào chiên với lửa lớn. Cua chiên đã chín và thơm lừng thì bạn nhanh tay vớt cua ra để ráo nhé! | Đến phần chế biến quan trọng nhất của món Cua Rang Sốt Tía Tô đây. Bạn hãy tiếp tục bắt chảo dầu lên bếp  phi thơm 1/2 hành  tỏi  gừng còn lại  rôi cho cua và nước sốt chế biến phía trên vào vừa đủ. Ở bước này  bạn nhớ đảo đều tay để cua thấm đều phần nước sốt “bí truyền”. Sau đó  cho lá tía tô vào xào sơ lại  nêm nếm lần nữa để vừa ăn là bạn có thể tắt bếp rồi đấy. | Để món ăn thêm phần hấp dẫn  bạn xếp cua ra dĩa  rưới nước sốt đều xung quanh và trang trí thêm với là tía tô. Bạn có thể ăn món Cua Rang Sốt Tía Tô với cơm và nhớ thưởng thức ngay khi còn nóng để cảm nhận trọn vị tươi  ngọt  săn chắc của thịt cua hòa quyện nước sốt sánh đặc  đậm đà và hương thơm nhẹ từ lá tía tô nhé!,https://www.maggi.com.vn/cong-thuc/cua-rang-sot-tia-to
Sườn Kho Nước Tương Quả Vả,40 phút,,N/A,4 muỗng canh Nước tương MAGGI | 1 Muỗng cà phê Dầu Hào MAGGI | 500 g Sườn non heo | 1 muỗng canh Tỏi băm | 1 muỗng canh Sả băm | 2 muỗng canh Dầu Ăn | 2 muỗng canh Đường | 1 gam Tiêu xay | 1 gam Tiêu xay | 500 ml Nước lọc | 200 g Quả vả,Sườn non mua về bạn chặt thành miếng vừa ăn. Tiếp theo  rửa qua nước muối rồi rửa lại lần nữa bằng nước sạch  vớt ra rổ cho ráo nước hẳn. Trái vả gọt vỏ  rửa sạch  cắt thành làm 4  nếu quả lớn bạn có thể cắt làm 8 nhé! | Để pha phần nước gia vị cho món kho ngon đúng vị mà vẫn khác biệt  MAGGI bật mí công thức sau đây. Bạn cho tất cả nguyên liệu gồm: nước tương MAGGI  dầu hào MAGGI  1 muỗng canh đường  tiêu xay và nước lọc vào chén  rồi dùng muỗng khuấy đều để các gia vị hòa quyện đều vào nhau. | Món Sườn Kho Nước Tương Quả Vả sẽ là thiếu sót nếu thiếu màu nâu sậm óng ánh từ nước màu. Bạn bắc chảo nhỏ lên bếp cho nóng  rồi cho vào 1 muỗng đường  khuấy đều tay đến khi đường chuyển thành màu nâu cánh gián thì cho ngay 1 ít nước lọc vào. | Bước quan trọng làm nên Sườn Kho Nước Tương Quả Vả đậm đà  lạ miệng đây. Bạn đun nóng dầu ăn trong chảo  sau đó thêm sả băm  tỏi băm vào phi thơm cùng với sườn. Tiếp theo  cho nước màu và chén gia vị bên trên vào mở lửa lớn  vớt bọt bỏ  rồi vặn nhỏ lửa nấu đến khi nước kho còn 1/2 thì cho quả vả vào kho tiếp đến khi thịt chín và phần nước kho sệt lại thì tắt bếp. | Cho Sườn Kho Nước Tương Quả Vả ra dĩa  rắc thêm một ít tiêu lên trên cho dậy mùi. Món này hãy ăn khi còn nóng và dùng với cơm trắng  có thêm chén nước tương MAGGI chấm cùng thì tuyệt vời luôn nhé.,https://www.maggi.com.vn/cong-thuc/suon-kho-nuoc-tuong-qua-va
Thịt đà điểu làm món gì ngon? Công thức đà điểu xào sả lá chanh,30 phút,3 người ăn,N/A,Thịt Đà Điểu | Hành Tây | Sả Cây | Dầu Ăn | Tỏi Băm | Ớt Băm | Tiêu | Dầu Hào Maggi | Hạt Nêm Maggi | Nước Mắm Maggi | 6 lá Lá chanh,Bạn rửa thịt đà điểu rồi cắt lát mỏng vừa. Lưu ý  để cắt thịt dễ hơn  hãy làm lạnh thịt trước khi cắt. Tiếp đó  cần ướp thịt đà điểu với 1 muỗng canh dầu hào MAGGI  hạt nêm MAGGI nấm hương  nước mắm MAGGI  1/2 muỗng tỏi băm  cùng 1 muỗng cà phê sả và ớt đã băm nhỏ  thêm chút tiêu. Trộn đều và ướp trong 15 phút. Đối với hành tây  bạn lột vỏ  rửa sạch rồi thái múi cau. Riêng lá chanh sau khi rửa nước sẽ thái sợi chỉ nhuyễn. | Đổ dầu vào chảo  đun sôi thì phi thơm phần tỏi băm cùng sả băm còn lại. Tiếp đến sẽ cho thịt đà điểu vào  xào liên tục trong khoảng 3 phút thì nêm thêm phần dầu hào MAGGI còn lại  đảo đều  thử vị thấy vừa thì thêm hành tây vào  xào hành cho vừa chín tới. | Bạn cho lá chanh vừa thái vào chảo  đảo qua một lần là có thể tắt bếp. Cho món ăn ra dĩa  trang trí thêm ớt thái lát lên trên bề mặt. Món ngon dùng kèm với cơm nóng và có thể chấm cùng nước tương MAGGI. Thịt đà điểu đậm vị hài hòa cùng lá chanh thơm nồng  sẽ làm hài lòng đến cả những vị khách khó tính nhất.,https://www.maggi.com.vn/cong-thuc/thit-da-dieu-xao-ot-sa-la-chanh
Su hào xào cà rốt thập cẩm,42 phút,2 người ăn,N/A,Dầu hào Maggi | 1 muỗng cà phê MAGGI Hạt Nêm Nấm Hương | Thịt thăn xay | 1 củ Su Hào | 1/2 củ Cà Rốt | Miến | Hành lá | Hành khô | Tiêu xay | Dầu ăn | 10 g Rau mùi,Để làm món su hào xào cà rốt thập cẩm  trước tiên bạn rửa sạch thịt thăn  vớt ra để ráo. Sau đó  xay nhỏ thịt và ướp với 1 muỗng dầu hào MAGGI để tăng vị đậm đà. | Su hào và cà rốt gọt vỏ  rửa sạch  bào sợi nhỏ hoặc thái bằng dao. Miến ngâm mềm  cắt khúc. Nấm hương  hành lá  rau mùi bỏ gốc  cắt nhỏ. Hành khô thái lát mỏng. | Phi thơm hành  xào nấm và thịt thăn rồi để riêng. Tiếp đến  xào su hào  cà rốt với hạt nêm MAGGI nấm hương  rồi cho miến và dầu hào MAGGI vào đảo đến khi chín. | Cho thịt  nấm vào chảo  thêm dầu hào MAGGI xào thêm 2 phút để thấm đều gia vị. Rắc hành lá  rau mùi  hạt tiêu. Su hào xào cà rốt thập cẩm thơm ngon đã sẵn sàng! | Trình bày ra dĩa và thưởng thức. Món su hào xào cà rốt thập cẩm thơm lừng  tốt cho sức khỏe và vóc dáng  thích hợp cho những ai yêu thích món ăn thanh đạm.,https://www.maggi.com.vn/cong-thuc/su-hao-xao-thap-cam
Cơm Chiên Trứng Nước Tương,30 phút,2 servings,N/A,Tôm tươi | Cà rốt | Trứng | Hành lá | Cơm | Tỏi băm | Dầu ăn | Hạt Nêm Maggi | Nước tương Maggi,Bạn rửa tôm với nước lạnh  lột vỏ  bỏ đầu  đuôi. Dùng tăm rút phần chỉ đen trên lưng tôm rồi cắt hạt lựu. Cà rốt bào sạch vỏ  rửa với nước rồi cắt hạt lựu. Luộc sơ cà rốt  chần qua nước lạnh để giữ độ giòn và màu cam đẹp mắt. Hành lá bỏ gốc  rửa sạch cắt nhỏ. Cơm nguội bạn thêm một ít dầu rồi dùng bao tay bóp nhẹ để hạt cơm tơi và rời ra  đập trứng gà vào cơm rồi ướp với hạt nêm MAGGI nấm hương  trộn đều. | Bước 2 - 15 phútCho dầu vào chảo  bật lửa vừa nóng sau đó cho tôm  rau củ vào xào vừa chín tới. Bạn xào nhanh đến lúc tôm chuyển sang màu cam và săn lại là được  tránh xào quá lâu làm tôm bị khô  mất ngon nhé! | Khi tôm và cà rốt đã xào xong  cho cơm nguội đã trộn đều với hạt nêm MAGGI nấm hương và trứng vào chảo  dùng vá hoặc xẻng đảo thật đều tay đến khi hạt cơm tơi ra và khô ráo  từng hạt cơm được bọc trứng vàng ươm đẹp mắt. | Cho nước tương MAGGI vào cơm chiên  nêm nếm lại lần nữa cho vừa ăn rồi đảo nhanh. Sau cùng cho hành lá vào trộn đều  múc cơm ra dĩa rồi thưởng thức ngay khi cơm còn nóng. Cơm chiên trứng nước tương tơi xốp  từng hạt cơm được bọc trứng vàng đẹp mắt và thơm ngon  nêm nếm với nước tương MAGGI lạ miệng lại đậm đà khó cưỡng.,https://www.maggi.com.vn/cong-thuc/com-chien-trung-nuoc-tuong
Cơm Chiên Thập Cẩm,43 phút,2 người ăn,N/A,Tôm tươi | Mực ống | Lạp xưởng | Cà rốt | Đậu Hà Lan hạt | Hành lá | Cơm nguội | Trứng gà | Tỏi băm | Dầu ăn | Hạt nêm Maggi | Nước tương Maggi | Tiêu,Tôm lột vỏ  bỏ đầu đuôi  rút chỉ đen. Mực bỏ mắt mực  lột da. Lạp xưởng luộc mềm. Cà rốt gọt vỏ  luộc sơ  rửa sạch  cắt hạt lựu. Đậu Hà Lan  hành lá rửa sạch. | Thêm một ít dầu vào cơm nguội  bóp nhẹ để cơm rời ra từng hạt. Cho trứng gà vào cơm  thêm chút hạt nêm MAGGI nấm hương cho đậm đà rồi trộn đều cho thấm gia vị. | Làm nóng dầu trên chảo sâu lòng  xào tôm  mực  lạp xưởng  cà rốt  đậu Hà Lan đến khi các nguyên liệu chín tới  tôm ngả sang màu cam hồng  mực săn lại là được. | Cho cơm nguội đã nêm vừa ăn và trộn với trứng vào chảo  đảo đều tay đến khi hạt cơm tơi và ráo. Thêm nước tương MAGGI vào nêm nếm cho vừa ăn rồi tắt bếp. | Rắc hành lá  tiêu xay  trộn đều và múc ra dĩa. Dùng khi còn nóng  ăn cùng nước tương MAGGI và vài lát ớt sẽ làm món cơm chiên thập cẩm thêm đậm đà  hấp dẫn.,https://www.maggi.com.vn/cong-thuc/com-chien-thap-cam-nuoc-tuong
Cơm Chiên Bò Bulgogi,52 phút,3 người ăn,N/A,Thịt bò phi lê | Bột bắp | Cơm nguội | Giá | Cà rốt | Hành lá | Dầu ăn | Tương ớt Hàn Quốc | Hạt nêm Maggi vị gà | Nước tương Maggi | Mè đen | Trứng gà,"Để chuẩn bị cho món cơm chiên bò lúc lắc Bulgogi  chúng ta sẽ tiến hành sơ chế các nguyên liệu. Rửa sạch thịt bò phi lê  để cho ráo nước rồi thái thành miếng nhỏ vừa ăn. Giá và cà rốt rửa sạch với nước lạnh  cắt cà rốt thành từng sợi nhỏ. Sau đó trụng với nước sôi để giá và cà rốt vừa chín tới  nhớ là đừng nấu quá mềm nhũn nhé. | Thịt bò sau khi thái lát  ướp với 1 muỗng canh nước tương MAGGI  nửa muỗng canh hạt nêm MAGGI và bột bắp. Thịt bò được ướp sẽ đậm đà  phần bột giúp thịt bò ""khóa độ ẩm""  khi xào sẽ kết hợp với nước tạo thành một lớp sốt sền sệt cho thịt mềm và mọng nước hơn. Ướp khoảng 10 phút thì cho dầu vào chảo  bật lửa lớn xào chín thịt bò. Lưu ý là đừng xào quá lâu bò sẽ bị dai bạn nhé. Cho thịt vào 1 chén sạch để riêng. | Cơm nguội tốt nhất nên được bảo quản trong tủ lạnh cho hạt cơm được ráo. Đừng lo lắng cơm bị khô vì trong lúc chiên  các nguyên liệu khác sẽ cung cấp thêm độ ẩm cho món ăn. Đánh tơi để các hạt cơm rời ra  không còn dính vào nhau rồi ướp cơm nguội với hạt nêm MAGGI  trứng gà  sốt tương ớt Hàn Quốc. Trộn cơm thật đều tay cho trứng và gia vị bọc đều toàn bộ hạt cơm  sau đó cho cơm vào chảo chiên đến khi hạt cơm thật tơi  phần gia vị hòa quyện vào với cơm  lên màu đỏ cam hấp dẫn và tỏa mùi thơm. | Khi cơm chiên đã xong  cho cà rốt  giá  thịt bò vừa xào vào trộn đều  nêm nếm thêm với MAGGI nước tương cho hương vị thêm đậm đà vừa miệng. Cơm chiên trứng với thịt bò và các loại rau củ chín tới là có thể thưởng thức rồi. | Cuối cùng  múc cơm còn nóng ra đĩa  chiên trứng ốp la đặt lên phía trên  rắc thêm chút hành lá và mè đen rang thơm là đã có ngay một suất cơm chiên bò Bulgogi thời thượng ngon chuẩn vị. Cơm chiên trứng tơi xốp đậm đà  tương ớt Hàn Quốc cay cay  rau củ mềm giòn kết hợp với bò lúc lắc mềm mọng nước  thật không thể cưỡng lại!",https://www.maggi.com.vn/cong-thuc/com-chien-bo-bulgogi
Súp MAGGI Thanh Nhẹ,30 phút,5 người ăn,N/A,Mực | Tôm | Hành Tây | Xương Heo | 2 quả Trứng Gà | 1 muỗng canh Bột Năng | Cà Rốt | Tóc Tiên | Hành Ngò | Hạt Nêm MAGGI | Tiêu | Nước,Mực bỏ phần da  làm sạch ruột và đầu rồi rửa sạch. Tôm bóc bỏ đầu  vỏ  chân và đuôi tôm  rửa sạch sau đó chần qua nước sôi. Cắt hạt lựu tôm và mực đã sơ chế. Hành tây lột vỏ  rửa sạch rồi thái nhỏ. Xương heo rửa sạch  chần qua nước sôi để loại bỏ cặn bẩn sau đó hầm lấy 1.5 lít nước dùng. Đập trứng gà vào tô rồi đánh nhẹ tay cho tan. Hòa bột năng với nửa chén nước. Cà rốt bào vỏ  thái hạt lựu. Tóc tiên rửa sạch  để ráo. | Đun sôi nước dùng sau đó cho mực  tôm  hành tây  cà rốt  trứng gà và bột năng đã pha loãng vào khuấy đều. Bạn nên để lửa liu riu và khuấy súp theo vòng tròn để có vân trứng đẹp mắt  bột năng hòa tan được chín và giúp món ăn có độ sệt đặc trưng  không bị vón cục nhé! | Cuối cùng bạn thêm tóc tiên và nêm nếm món ăn với hạt nêm MAGGI nấm hương cho vừa miệng là đã có thể tắt bếp rồi. Cách làm súp ngon thanh nhẹ rất đơn giản phải không các chị em? | Múc súp ra chén  thêm hành ngò và tiêu lên trên cho thơm tùy sở thích và dùng nóng. Súp có vị ngon ngọt từ xương và các nguyên liệu  độ sệt vừa phải  tóc tiên thơm lừng và đậm đà từ hạt nêm MAGGI. Trổ tài ngay món khỏe ngon lành bổ dưỡng cho cả nhà cùng thưởng thức thôi!,https://www.maggi.com.vn/cong-thuc/sup-maggi-thanh-nhe
Mì Căn Xào Nấm Rơm,30 phút,4 người ăn,N/A,Mì Căn | Nấm Rơm | Hành Boaro | 1/2 muỗng cà phê Đường Trắng | 1/2 chén dầu ăn | 1 muỗng cafe tiêu xay | Hạt Nêm Maggi Nấm Hương | Nước Tương Maggi,Bạn rửa sạch mì căn  để ráo rồi cắt thành miếng hình sợi dài khoảng 7cm. Chuẩn bị chảo lớn  chiên mì căn ngập trong dầu cho đến khi vàng giòn thì vớt ra dĩa có lót giấy thấm cho ráo bớt dầu. Rửa sạch nấm rơm  cắt bỏ phần gốc nấm rồi để ráo. | Hành Boaro cắt bỏ gốc  rửa sạch rồi cắt mỏng phần đầu trắng hành  cắt khúc phần lá hành khoảng 3cm. Phi phần lá hành Boaro khoảng 1 phút thì trút ra để riêng. Bạn tiếp tục phi thơm phần đầu trắng đến khi dậy mùi thì cho nấm rơm vào xào khoảng 3 phút. | Bạn cho mì căn đã chiên giòn vào xào cùng nấm rơm. | Nêm nếm món ăn với nước tương MAGGI  hạt nêm MAGGI nấm hương và đường. Bạn xào nấm rơm và mì căn trên lửa lớn khoảng 1 phút rồi tắt bếp  rắc tiêu lên bề mặt. Để giữ được vị giòn ngọt tự nhiên của nấm và mì căn  bạn chú ý xào thật nhanh tay ở bước này nhé! | Tắt bếp sau đó cho phần hành Boaro đã phi thơm lên trên  rắc thêm một chút tiêu xay cho thơm rồi trình bày món ăn ra dĩa. Mì căn chiên giòn kết hợp cùng nấm rơm ngọt mát thấm đều gia vị  tạo nên món xào vô cùng lạ miệng cho bữa cơm gia đình.,https://www.maggi.com.vn/cong-thuc/mi-can-chien-gion-xao-nam-rom
Bò Bulgogi Sốt Tương,30 phút,4 servings,N/A,Thịt bò phi lê | Cà rốt | Hành tây củ | Nấm kim châm | Tỏi băm | Siro Bắp | Nước lọc | Mè Trắng | Rượu Mirin | Nước tương Maggi | Muối | Dầu ăn,Với các món ăn từ bò  bạn chỉ nên xả thịt dưới nước lạnh rồi dùng khăn thấm khô  sau đó cắt mỏng để thịt giữ được vị ngon ngọt khi chế biến. Ướp thịt bò với hỗn hợp nước sốt gồm rượu Mirin  si rô bắp  nước tương MAGGI và nước lọc. Trộn đều tay để gia vị được tẩm ướp tốt hơn. Bạn nên bọc thịt lại rồi để trong ngăn mát tủ lạnh sẽ giúp thịt được thấm nhanh và đậm đà hơn. | Trong khi chờ ướp thịt  chúng ta cùng sơ chế các loại rau củ ăn kèm. Cà rốt gọt bỏ vỏ  rửa sạch rồi cắt thành sợi. Hành tây rửa sạch  cắt thành những miếng mỏng. Nấm kim châm cắt bỏ phần gốc  ngâm nước muối khoảng 5 phút rồi xé thành sợi nhỏ. Các nguyên liệu bạn để thật ráo trước khi xào. | Thịt bò đã ướp xong  làm nóng chảo với dầu ăn rồi thêm tỏi vào phi vàng lên cho thơm sau đó cho thịt bò vào xào. Bạn đảo thịt đều tay trên lửa lớn đến khi nước thịt cạn đi nhé! | Cho các nguyên liệu còn lại vào xào chung với thịt bò  thêm hỗn hợp nước sốt ướp  đảo đều cho nước sốt thấm vào cà rốt  hành tây và nấm cho đậm đà rồi tắt bếp. | Bày món ăn ra đĩa  rắc mè rang thơm lên trên bề mặt thịt và dùng với cơm nóng. Thịt bò ngọt thơm  tan chảy trong miệng với hương vị đậm đà  mới mẻ như thể bạn đang thưởng thức ẩm thực ở ngay xứ sở kim chi vậy.,https://www.maggi.com.vn/cong-thuc/bo-bulgogi-sot-nuoc-tuong-han-quoc
Gà Kho Gừng Nước Tương,30 phút,4 người ăn,N/A,Thịt Gà | Muối | Nước | Đường trắng | Dầu Ăn | Hành tây | Gừng tươi | Hành lá | Tiêu xay | Nước tương MAGGI | Hạt Nêm Maggi,Thịt gà là nguyên liệu tương đối đơn giản trong công đoạn sơ chế  bạn chỉ cần loại bỏ phần mỡ thừa  rửa sạch thịt gà sau đó dùng một củ gừng đập dập và ít rượu trắng  xoa bóp lên thịt gà  không cần rửa lại với nước. Cắt thịt gà thành miếng nhỏ  ướp cùng hạt nêm MAGGI nấm hương và gừng tươi băm nhuyễn  trộn đều để thịt được thấm gia vị khoảng 15 phút nhé. | Lột vỏ hành và rửa sạch  sau đó cắt thành từng lát mỏng. Bắc chảo lên bếp đun nóng với dầu ăn  thả hành vào xào sơ đến khi dậy mùi thơm thì cho thịt gà đã ướp vào  đảo với lửa vừa đến khi thấy bề mặt gà săn lại thì giảm lửa. | Thêm nước và nước tương MAGGI đậm đặc vào kho tiếp với lửa nhỏ đến khi nước cạn bớt  thịt gà chín mềm  thấm đều và sánh quyện với nước tương màu nâu đẹp mắt. Đừng kho cạn nước quá bạn nhé  nước kho thịt dùng để chấm rau rất ngon đấy. Rắc thêm tiêu xay và hành lá thái nhỏ để trang trí cho món ăn thêm bắt mắt hơn. | Thịt gà kho gừng thơm nồng nàn  hòa quyện với vị ngọt dịu  đậm đà từ nước tương MAGGI và gừng hấp dẫn vô cùng. Nếu thích ăn cay  bạn có thể thêm 1-2 trái ớt bỏ hạt vào kho cùng hoặc cắt lát để phía trên. Bày món ăn ra dĩa  thưởng thức kèm với rau xà lách và cơm nóng sẽ cảm nhận hết vị ngon và lạ của món ăn này đấy.,https://www.maggi.com.vn/cong-thuc/ga-kho-gung-nuoc-tuong
Gà Phô Mai Dầu Hào,30 phút,3 người ăn,N/A,Ức gà | Phô Mai Sợi | Hành lá | Tỏi Băm | Gừng Băm | Siro bắp | Đường | Dầu Mè | Ớt bột | Dầu Ăn | Tương ớt Hàn Quốc | Dầu hào Maggi | Nước tương Maggi,Ức gà sau khi mua về  rửa sạch  để ráo nước rồi cắt thành những miếng vừa ăn khoảng 4cm. Hành lá cắt bỏ gốc  rửa sạch rồi cắt nhỏ. Ướp thịt gà với nước sốt hỗn hợp gồm: dầu hào MAGGI  nước tương MAGGI đậm đặc  tương ớt Hàn Quốc  si rô ngô  đường  dầu mè  bột ớt  hành lá  tỏi và gừng băm. Trộn đều để thịt gà thấm gia vị thật đậm đà  ướp thịt trong 10 phút là được. | Làm nóng lò nướng ở 200 độ C  sau đó cho những miếng thịt gà đã ướp gia vị vào nướng trong 15 phút. Vì thịt ức khá nhanh chín nên khi chế biến  bạn cần lưu ý cho miếng gà nướng chín tới  tránh nướng lâu sẽ làm món ăn bị khô. | Khi gà đã nướng chín  bạn xếp từng miếng gà ra bên ngoài. Chuẩn bị chảo gang rồi bày phô mai sợi ra xung quanh  đặt gà nướng vào giữa  làm nóng chảo cho phô mai tan chảy rồi dùng ngay thôi. Gắp miếng gà nướng chín mềm  cuộn bên ngoài phô mai rồi thưởng thức vị ngọt mềm mọng của thịt ướp dầu hào MAGGI óng ánh và phô mai dai béo ngậy ngon khó cưỡng. Trổ tài ngay món mới thời thượng thôi các nàng ơi!,https://www.maggi.com.vn/cong-thuc/ga-pho-mai-dau-hao
Gà Xào Sả Ớt Dầu Hào,27 phút,3 người ăn,N/A,Thịt gà | Sả cây | Ớt | Đường trắng | Dầu ăn | Nước | Dầu hào Maggi | Nước tương Maggi | Tiêu,Thịt gà cắt bỏ những phần mỡ thừa  rửa với nước muối pha gừng để khử mùi tanh và giúp thịt gà được săn  thơm ngon hơn. Sau khi thịt gà ráo nước  bạn cắt miếng nhỏ vừa ăn rồi ướp với sả băm  ớt sừng giã nhỏ  dầu hào MAGGI  đường trong 15 phút. Với thịt má đùi  thịt đùi gà  bạn ướp lâu hơn một chút từ 30-45 phút. Nhớ trộn đều để các gia vị thấm đều toàn bộ thịt gà cho đậm đà nhé. | Khi thịt đã thấm gia vị  thơm mùi sả và dầu hào  bạn bắc chảo lên bếp  đun nóng dầu ăn  đường  nước tương MAGGI để tạo màu cho món ăn. Trộn đều tay đến khi hỗn hợp có màu nâu óng đẹp mắt và hơi sánh lại. Cho gà vào đảo trong 4-5 phút trên lửa vừa để thịt vừa săn bề mặt. Thêm nước và đun liu riu đến khi nước cạn  thịt gà chín mềm bên trong  mùi sả lan tỏa thơm lừng. | Khi nước vừa cạn  bạn rắc thêm tiêu cho món gà xào thơm dậy mùi rồi tắt bếp. Dọn ra dĩa và trang trí với ngò rí sao cho đẹp mắt  ngon nhất là ăn cùng cơm nóng và rau xà lách. Thịt gà mềm ngọt  thơm nồng mùi sả  nước tương và dầu hào  có vị cay cay của ớt sừng lạ miệng  bữa cơm ngon lại đơn giản đáng để thử ngay tại nhà phải không nào?,https://www.maggi.com.vn/cong-thuc/ga-xao-sa-ot-dau-hao
Cà Pháo Muối Xào Bầu Dục,47 phút,3 người ăn,N/A,Dầu hào Maggi | Hạt nêm Maggi | Bầu dục | Cà pháo muối | Tỏi/ hành băm | Hành lá | Ớt sừng | Giấm,Cà pháo muối bạn rửa qua nước lạnh cho bớt chua  để ráo nước sau đó cắt đôi cà pháo trước khi chế biến. Ớt sừng bỏ cuống và hạt  rửa sạch  cắt thành từng lát mỏng. | Bầu dục rửa sạch  lột bỏ lớp màng mỏng phủ bên ngoài rồi dùng dao bổ đôi. Lọc bỏ toàn bộ tuyến hôi  những gân trắng ở giữa  rửa lại vài lần với nước lạnh. Bóp bầu dục với giấm 10 phút rồi rửa sạch sẽ làm sạch mùi hôi đặc trưng của món ăn  dùng mũi dao khía nhiều đường chéo  thái miếng vừa ăn và ướp với dầu hào MAGGI trong 10 phút. | Phi thơm hành tím trên chảo nóng với dầu ăn  cho bầu dục đã ướp vào xào  nêm thêm hạt nêm MAGGI nấm hương cho đậm đà. Bầu dục rất mau chín nên bạn lưu ý xào nhanh tay và quan sát thấy bầu dục săn lại và giòn là được. Trút cà pháo muối đã cắt đôi vào đảo đều xào chín tới. | Bày món ăn ra dĩa  rắc lên trên bề mặt món ăn vài lát ớt đỏ và hành lá cho thêm thơm ngon và bắt mắt. Từng miếng bầu dục đều  đẹp  óng ánh khi được ướp cùng dầu hào MAGGI  thơm hấp dẫn  cà pháo muối chua mặn ngòn giòn  ăn cùng cơm nóng thì ngon “số dzách” luôn đó chị em!,https://www.maggi.com.vn/cong-thuc/ca-phao-muoi-xao-bau-duc
Ức Gà Xào Cải Chua,30 phút,5 servings,N/A,Dầu hào Maggi | Ức gà | Cải chua | Hành lá | Hành tím | Tỏi băm | Tiêu xay | Dầu ăn | Ớt | Bột ngọt | Hạt nêm MAGGI nấm hương,Cách làm ức gà xào cải chua khá đơn giản. Đầu tiên  bạn chà xát ức gà với muối hột rồi rửa sạch để loại bỏ mùi tanh. Ức gà rửa xong thái miếng mỏng vừa ăn. Ướp ức gà với 1 muỗng cà phê hạt nêm MAGGI nấm hương  tiêu hạt đập dập  tỏi băm  bột ngọt và cuối cùng là 1 muỗng canh dầu hào MAGGI để cân bằng hương vị cho món ăn đồng thời giúp ức gà mọng mềm khi chế biến. Bạn nhớ ướp ức gà khoảng 15 phút cho thấm nhé! | Cải chua rửa qua nhiều lần với nước lạnh để bớt độ mặn và chua  rửa xong bạn vắt nhẹ cho ráo và cắt thành khúc ngắn vừa ăn. Hành tím lột vỏ  bào thành lát mỏng. Hành lá lột rửa sạch  cắt khúc ngắn khoảng 2-3cm. | Làm nóng chảo với dầu ăn  cho hành tím vào phi thơm  trút thịt gà vào xào trên lửa lớn cho thịt săn lại. Khi thịt gà trở màu  cho cải chua  hành lá vào  đảo thêm khoảng 5 phút. Nêm 1 muỗng canh dầu hào MAGGI  đường  hạt nêm  tiêu vừa ăn  tắt bếp. | Trình bày món ăn ra dĩa và trang trí với vài sợi ớt sừng và chút tiêu là hoàn thành  món ăn ngon nhất khi dùng kèm với cơm trắng. Miếng ức gà vừa ngọt thịt lại vừa đậm đà  ăn kèm với chút cải chua cân bằng vị giác thì cực kì bắt cơm  ăn hoài không ngán! Rất đáng để chị em thử trổ tài đãi cả nhà món quen vị lạ này đấy!,https://www.maggi.com.vn/cong-thuc/uc-ga-xao-cai-chua
Củ sen xào thịt lợn,55 phút,4 người ăn,N/A,1/2 củ Củ Sen | Đậu Ngự | Thịt Heo | 1/2 bát Đậu Phộng Luộc | 3 cây Hành Lá | 1 quả Xoài Xanh | 3 g Tiêu Xay | Dầu Hào Maggi | 2 muỗng cà phê MAGGI Hạt Nêm Nấm Hương | Hành tím băm | Tỏi băm | Dầu ăn,Với củ sen  bạn cắt bỏ các phần đầu cứng rồi bóc lớp vỏ mỏng bên ngoài củ nhẹ nhàng  ngâm trong nước lạnh một lúc để giữ độ trắng rồi rửa sạch bùn đất trong lỗ củ sen sau đó cắt lát. Xoài xanh rửa sạch  gọt vỏ sau đó cắt xéo. Thịt heo bạn rửa qua với nước  để ráo hẳn rồi cắt miếng vừa ăn  ướp cùng hạt nêm MAGGI nấm hương rồi lăn qua bột bắp. Đậu phộng  đậu ngự rửa sạch. | Luộc chín củ sen  đậu phộng  đậu ngự với nước trước khi nấu. Trong thời gian đợi rau củ chín  bạn làm nóng chảo với dầu ăn rồi cho thịt heo vào chiên giòn. Để thịt heo chiên chín đều và giòn ngon  bạn nên dùng chảo sâu lòng và chiên thịt ngập dầu. Gắp thịt đã chín ra dĩa có lót giấy để thấm bớt phần dầu thừa và giúp thịt giòn lâu hơn. | Khi rau củ đã luộc xong và thịt heo quay đã sẵn sàng  bạn phi thơm hành tỏi rồi cho củ sen  đậu ngự  đậu phộng vào xào cùng dầu hào MAGGI sóng sánh  thêm chút nước cho món xào ngon và thấm gia vị. | Sau cùng  bạn cho thịt heo quay và xoài vào đảo đều cùng rau củ  khi xoài đã chín  bày món xào ngon ra dĩa  rắc thêm hành lá và tiêu xay rồi thưởng thức thôi. Thịt heo quay giòn xào cùng củ sen  đậu phộng và đậu ngự bùi bùi  ngọt mát và xoài xanh chua chua cực lạ miệng  thơm ngon mà không ngán  ăn mãi không chán đó chị em ơi!,https://www.maggi.com.vn/cong-thuc/cu-sen-dau-ngu-xao-xoai-thit-quay
Hủ Tiếu Trộn Bò Kho,60 phút,3 người ăn,N/A,Hủ Tiếu Khô | Thịt Nạm Bò | Cà Rốt | Sốt Cà Chua | Tỏi Băm | Hành Tím Băm | 2 nhánh Sả Cây | 1 cái Hoa Hồi | 1 thanh Quế | 1 1/2 muỗng canh Đường Trắng | Dầu Ăn | Hành lá | Ngò gai | Rau giá | 1 muỗng cà phê Ngũ Vị Hương | 1 muỗng canh MAGGI Hạt Nêm Nấm Hương | Dầu hào Maggi,Bạn rửa thịt bò cho sạch rồi thái thịt thành từng khối vuông cạnh 2cm. Nấu nước sôi  chần sơ hủ tiếu trong vòng 1 phút thì vớt lên xả dưới vòi nước. Đối với cà rốt  bào hết vỏ  cắt khúc hình chữ nhật dài 2cm. Sả bỏ bớt lá  đập dập rồi băm nhuyễn. | Cho thịt bò đã thái vào tô cùng lần lượt các loại gia vị như 1 muỗng canh dầu hào MAGGI  hạt nêm MAGGI nấm hương  ngũ vị hương  10gr tỏi băm  1 muỗng canh đường cát. Bạn dùng đũa trộn đều  ướp thịt tối thiểu 30 phút để thịt thấm vị. | Bạn đổ dầu ăn vào nồi  đun nóng dầu thì cho lượng  tỏi băm còn lại cùng hành tím xay vào phi  lúc hành tỏi vàng thơm thì thêm thịt bò. Bạn xào thịt đến khi vừa săn thì cho sốt cà chua vào  đảo qua lại vài lần rồi tiếp tục thêm vào nước lọc sao cho sấp mặt thịt. | Bạn đun hỗn hợp cho thật sôi và vớt hết bọt rồi đó sẽ cho sả  hoa hồi cùng quế vào nồi. Vặn lửa nhỏ  bắt đầu hầm thịt trong vòng 30 phút để thịt chín mềm. Sau đó dùng đũa gắp hoa hồi và quế ra  nêm vào nồi ít dầu hào MAGGI và đường cát. Thử lại vị và nêm nếm để điều chỉnh cho hợp ý nhé! | Bạn cho cà rốt vào nồi  đun trong vòng 10 phút để cà rốt mềm và nước hầm sệt lại là có thể tắt bếp. Lúc này  bạn cho hủ tiếu vào tô  rưới lên nước sốt bò hầm nóng hổi  có thể thêm rau giá cùng ngò gai để kích thích vị giác hơn. Vậy là món Hủ Tiếu Trộn Bò Kho đã hoàn thành rồi.,https://www.maggi.com.vn/cong-thuc/hu-tieu-tron-bo-kho
Rau Củ Luộc Chấm Kho Quẹt,53 phút,2 người ăn,N/A,Mỡ Heo | Hành Tím | Tỏi Bằm | Thịt Ba Chỉ | Tôm Khô | Ớt Hiểm | 10 g Tiêu Sọ | 2 muỗng canh Đường Trắng | 6 muỗng canh MAGGI Nước Mắm,Rửa sạch thịt ba rọi với nước  dùng muối chà xát lên bề mặt thịt rồi xả lại  để ráo. Cắt thịt thành những lát mỏng vừa ăn. Mỡ heo rửa sạch  cắt hạt lựu. Bạn lột vỏ rồi cắt lát hành tím  băm tỏi thật nhuyễn. Các loại rau củ ăn kèm  bạn gọt vỏ  rửa sạch rồi để ráo nhé! | Bắc nồi đất lên bếp và bắt tay vào làm món kho quẹt thôi nào. Đầu tiên  bạn chiên phần mỡ heo đã cắt hạt lựu từ trước. Vặn lửa vừa và đảo đều tay đến khi tóp mỡ chuyển sang màu vàng nâu  nước mỡ ra khá nhiều thì vớt ra để ráo dầu. Lúc này bạn cho ớt hiểm vào chiên sơ rồi vớt ra ngay nhé! | Sử dụng phần mỡ còn lại trong nồi để phi thơm hành tím và tỏi băm. Khi hành tỏi đã dậy mùi thì bạn cho thịt ba chỉ vào xào tới khi săn lại. Nêm nếm nước mắm MAGGI và đường trắng  khuấy đều tay đến khi đường tan hẳn  nước mắm hơi sệt lại. | Cuối cùng  để hoàn thành món mắm kho quẹt  bạn thêm tiêu sọ đập dập cùng ớt hiểm đã chiên sơ vào nồi. Trong lúc chờ cho hỗn hợp kho quẹt sôi và sệt lại  bạn chuẩn bị luộc các loại rau củ ăn kèm. Khi rau củ đã chín tới  kho quẹt đã sệt lại là có mùi thơm thì tắt bếp và dọn ra. | Xếp rau củ ra dĩa lớn  múc phần kho quẹt ra dĩa nhỏ và thưởng thức hương vị vừa quen vừa lạ này thôi. Rau củ luộc chín mềm  chấm kho quẹt đậm đà  béo ngậy từ thịt ba rọi và tóp mỡ. Cách làm mắm kho quẹt đơn giản nhưng cực hao cơm đó nha!,https://www.maggi.com.vn/cong-thuc/rau-cu-luoc-cham-kho-quet
Cá Thu Sốt Ớt Đậu Taro,45 phút,4 người ăn,N/A,Cá Thu | 1/2 quả Ớt Chuông | Khoai môn | 1/2 củ Cà Rốt | 1/2 quả Dưa Leo | Đậu Lăng | 1 nhánh Gừng | 1 muỗng cà phê Tiêu Xay | 2 cây Hành Lá | Dầu Hào Maggi | Dầu ăn,Cá thu bỏ nội tạng  rửa sạch phần bụng cá. Ở hai bên sườn cá bạn để ý sẽ thấy một sợi gân màu trắng  đây là nguyên nhân làm cá có mùi tanh. Do đó khi sơ chế  bạn nhớ cắt sát phần mang cá để sợi gân lộ ra  nhớ loại bỏ phần này để cá bớt tanh khi chế biến nhé. Dùng muối hoặc nước vo gạo ngâm cá khoảng 10 phút rồi rửa sạch lại bằng nước  để ráo. Ướp cá thu với tiêu  muối  gừng băm  hành băm cho cá thấm gia vị và thơm hơn. | Cà rốt gọt vỏ  rửa sạch rồi tỉa hình hoa cho đẹp. Ớt chuông bỏ hạt  thái lát. Khoai môn rửa sạch  nấu qua nước sôi để khử phần nhựa khoai trước khi gọt vỏ  rửa sạch rồi cắt khoai thành hình quân cờ. Gừng gọt vỏ  thái sợi. Dưa leo rửa sạch  cắt chéo  hành lá cắt thành từng khúc khoảng 3cm. Đậu lăng rửa sạch  để ráo nước trước khi chế biến. | Làm nóng chảo trên bếp với dầu ăn  cho cá thu đã ướp thấm gia vị vào chiên cho đến khi cá vàng đều hai mặt thì vớt ra ngoài  để ráo dầu. | Cho cà rốt  ớt chuông  đậu với khoai môn vào chảo xào chín cùng dầu hào MAGGI. Đảo đều tay để dầu hào MAGGI thấm vào các nguyên liệu  dậy mùi thơm và vẻ ngoài bóng bẩy cho món ăn. Sau khi xào chín các loại rau củ  cho cá thu vào lại chảo  xóc đều. rồi tắt bếp. Món ăn đã hoàn thành rồi nè! | Bày cá thu sốt ớt đậu ra đĩa  trang trí thêm với dưa leo  rắc tiêu và dùng nóng. Cá thu chiên thơm  thịt cá mềm ngọt tự nhiên  đượm chút beo béo kết hợp cùng rau củ tươi  vị cay nồng nhè nhẹ của tiêu xay  càng ăn càng mê  bạn nhất định sẽ phải xiêu lòng trước món ngon này đấy!,https://www.maggi.com.vn/cong-thuc/ca-thu-sot-ot-dau-taro
Mì Xào Hải Sản,48 phút,4 người ăn,N/A,400 g Mì Trứng | Mực Ống | Tôm | 1/2 củ Cà Rốt | 1 củ Hành Tây | 10g hành lá | 5g tỏi | 5g ngò | 1 quả Cà Chua | Cần Tây | 1/2 muỗng cafe tiêu xay | 2 trái ớt | 1 muỗng canh dầu ăn | Dầu Hào Maggi,Bạn chuẩn bị nồi nước sôi có pha thêm 1 muỗng dầu ăn rồi trụng mì qua cho mềm và không bị dính  sau đó vớt ra xả qua với nước rồi để ráo. Làm sạch tôm  bỏ đầu  vỏ  chân và đuôi rồi dùng tăm tre nhẹ nhàng rút chỉ đen sau lưng tôm ra. Lột bỏ phần da bên ngoài mực  làm sạch ruột rồi cắt miếng vừa ăn. Ướp hải sản đã sơ chế với 1 muỗng canh dầu hào MAGGI cho dậy mùi thơm khi chế biến. | Cà rốt bào vỏ  rửa sạch rồi cắt sợi dài. Hành tây lột bỏ vỏ  rửa sạch rồi cắt miếng. Hành lá  ngò  cần tây cắt bỏ gốc  rửa cho sạch hết bùn đất rồi thành cắt khúc. Giã nhuyễn hành và tỏi để xào cho thơm. Cà chua rửa sạch  cắt miếng. | Làm nóng chảo với một ít dầu ăn. Cho nửa phần hành  tỏi băm vào phi vàng cho thơm rồi thêm hải sản vào xào cho đến khi bề mặt mực hơi săn lại và tôm ngả màu cam đẹp mắt. Trút ra dĩa để riêng. | Bạn dùng tiếp phần hành tỏi còn lại  cho vào chảo phi thơm  rồi thêm cần tây vào xào chín. Lần lượt trút hỗn hợp tôm mực vào cùng với hành tây  cà rốt thái sợi đảo đều trong 30 giây. Tiếp đến bạn cho mì vào xào chung  nêm nếm thêm lượng dầu hào MAGGI còn lại cho món ăn thêm thơm ngon chuẩn vị hơn. Nhanh tay cho hành lá vào đảo đều rồi tắt bếp. | Trình bày món mì xào hải sản ra đĩa  rắc thêm ít tiêu  ngò lên trên. Cà chua cắt miếng xếp lên trên  bạn có thể lấy ớt tươi tỉa hình hoa trang trí cho món ăn trông hấp dẫn hơn. Từng sợi mì dai dai hòa quyện với nước xào và hải sản đậm đà lạ miệng sẽ khiến cả nhà ngất ngây ngay từ lần đầu tiên thưởng thức.,https://www.maggi.com.vn/cong-thuc/mi-xao-hai-san
Cá Tầm Xào Thơm,57 phút,5 người ăn,N/A,Cá Tầm | 1 quả Thơm (Dứa) | 1 củ Hành Tây | 2 quả Cà Chua | 1 củ Cà Rốt | Dầu Ăn | 5 g Hành Ngò | Dầu Hào Maggi | 2 muỗng cà phê MAGGI Hạt Nêm Nấm Hương | Hành tím băm | Tỏi băm | Tiêu | Cà rốt,Cá tầm sau khi mua về bạn rửa qua với nước lạnh rồi chần cá trong nước nóng để làm trắng lớp nhớt bao quanh  dùng dao cạo sạch nhớt và rửa lại nhiều lần cho cá sạch hẳn. Để cá ráo sau đó cắt thành những miếng vừa ăn. Ướp cá tầm với hành băm  hạt nêm MAGGI nấm hương và tiêu khoảng 20 phút  lật cá để các gia vị phủ đều bạn nhé. | Cà chua rửa sạch  hành tây lột vỏ  rửa qua với nước. Cắt múi cà chua và hành tây. Thơm bạn rửa sạch rồi cắt miếng hình tam giác vừa ăn. Cà rốt gọt vỏ  rửa sạch rồi tỉa hoa  cắt tròn. Hành ngò cắt bỏ gốc  rửa sạch  cắt nhỏ. | Làm nóng dầu trên chảo sau đó cho tỏi vào phi thơm  đến khi tỏi đã vàng và dậy mùi  cho cá tầm vào xào chín rồi trút ra dĩa. Bạn cho thêm dầu ăn  tiếp tục cho cà rốt  cà chua  hành tây và thơm vào xào đều tay khoảng 5 phút cho mềm. Cho cá tầm vào xào tiếp  nêm thêm dầu hào MAGGI và đảo đều thêm khoảng 2 phút nữa rồi cho hành ngò cắt nhỏ vào  tắt bếp. | Bày món ăn ra dĩa  rắc thêm chút tiêu cho thơm và kích thích mùi vị hơn. Dùng nóng với cơm rất ngon. Cá tầm béo thịt  ngon ngọt phối ngẫu với thơm chua chua rất dậy vị và lạ miệng  ngon nói không nên lời.,https://www.maggi.com.vn/cong-thuc/ca-tam-xao-thom
Cá Cơm Xào Chua Ngọt,45 phút,2 người ăn,N/A,Cá Cơm Khô | 2 muỗng canh Nước Cốt Chanh | 1 nhánh Tỏi | 1 muỗng cà phê Vừng rang | 1/2 muỗng cà phê Đường Trắng | Dầu Ăn | Dầu Hào Maggi | 1 muỗng canh MAGGI Nước Mắm | Hành lá | Nước lọc,Cá cơm khô sau khi mua về bạn rửa qua với nước lạnh sau đó ngâm trong nước vo gạo cho mềm rồi vớt ra  để ráo. Chú ý rửa kĩ cá để loại bỏ bụi cát hay các chất bẩn bạn nhé. Bóc vỏ tỏi sau đó rửa sạch rồi đập nhuyễn. | Pha nước với nước mắm MAGGI  nước cốt chanh  tỏi đã băm nhuyễn  1 muỗng dầu hào MAGGI và đường. Khuấy cho gia vị tan đều  hòa quyện vào nhau thành một hỗn hợp màu nâu đẹp mắt  có mùi thơm. | Làm nóng chảo  bạn cho nhiều dầu ăn một chút rồi cho cá vào chiên cho cá cơm săn lại. Khi thấy cá đã vàng đều  chắt bỏ bớt phần dầu ăn trong chảo ra  đổ hỗn hợp sốt đã pha vào chảo cá. Đảo đều và đun ở lửa nhỏ cho nước cạn  quyện đều vào cá cơm. | Khi chảo cá đã gần cạn nước  cho phần dầu hào MAGGI còn lại vào  đảo đều đến khi cạn hẳn. Tắt bếp rồi trình bày ra dĩa  rắc chút vừng rang  hành lá cho thơm và đẹp mắt. Nếu ăn cay  bạn có thể cho thêm ớt tươi cho có vị thơm và the the cho món ăn. Cá cơm xào chua ngọt thơm giòn  đậm đà có vị chua ngọt rất bắt cơm  ăn cùng với cơm nóng thì không chê vào đâu được.,https://www.maggi.com.vn/cong-thuc/ca-com-xao-chua-ngot
Miến Dong Xào Lươn,52 phút,3 người ăn,N/A,Lươn | Miến Dong | Giá Đỗ | 2 củ Hành Khô | Hành Lá | 3 g Rau Răm Xắt Nhuyễn | 1 muỗng canh nước cốt chanh | 1 muỗng canh dầu ăn | 10g muối hạt | Dầu Hào Maggi | 1 muỗng canh MAGGI Nước Mắm,Lươn sau khi mua về  bạn dùng muối hạt xát lên bề mặt lươn cho đến khi sạch hẳn nhớt  xả qua với nước cho sạch rồi tiếp tục dùng nước cốt chanh bóp qua thịt lươn để khử mùi. Xả lại với nước lạnh rồi đem luộc chín  vớt ra chờ lươn nguội rồi gỡ lấy thịt để riêng. Tiếp theo  bạn băm nhỏ hành khô  phi thơm trên chảo đến khi vàng rồi cho thịt lươn vào xào với nước mắm MAGGI cho săn lại. | Ngâm miến dong trong nước cho nở rồi vớt ra  dùng kéo cắt miến dong ngắn lại cho vừa ăn. Hành và rau răm bạn nhặt lấy lá  rửa sạch rồi thái nhỏ. Bắt chảo lên bếp  xào miến với chút dầu ăn ở lửa vừa. Trong quá trình xào  thỉnh thoảng cho thêm nước để sợi miến không bị khô và ngấm đủ nước để nở căng nhưng vẫn giữ được độ dai  không bị bở mềm. Sau đó  cho giá đỗ vào xào cùng. | Khi giá xào đã có độ chín tái  cho lươn và rau răm thái nhỏ vào xào đều tay  nêm nếm món miến xào với dầu hào MAGGI cho thơm và có màu sắc đẹp mắt  hấp dẫn hơn. Đảo đều cho các nguyên liệu thấm dầu hào MAGGI rồi tắt bếp. Món ăn đã hoàn thành rồi! | Trình bày món ăn ra dĩa cho cả nhà cùng thưởng thức. Phần miến dong được xào mềm  vẫn còn chút dai dai xen lẫn chút đậm đà của dầu hào MAGGI óng ánh  thêm chút ngon ngọt của thịt lươn sẽ rất lạ miệng và thú vị cho bữa tối thay cơm đấy!,https://www.maggi.com.vn/cong-thuc/mien-dong-xao-luon
Lá Xách Xào Khế Chua,40 phút,2 người ăn,N/A,Lá Xách | 1 quả Khế | Hành Tây | 1 muỗng cà phê Ớt Sừng | 2 muỗng canh Rượu Trắng | Muối | 10g gừng | 10 g Hành Lá | 10g rau răm | 1 muỗng canh dầu ăn | 2 muỗng cà phê MAGGI Hạt Nêm Nấm Hương | 2 muỗng canh MAGGI Dầu Hào,Đầu tiên  bạn rửa lá xách với nước sau đó bóp muối để khử khuẩn và làm dịu đi mùi hôi. Bạn lưu ý bóp thật kĩ trong từng kẽ lá. Bóp muối khoảng 2 lần sau đó rửa lại với nước cho sạch rồi cho rượu vào bóp 5 phút sau đó cho cho gừng băm nhỏ vào. Gừng kết hợp với rượu sẽ làm hết mùi hôi của lá xách. Sau khi sơ chế xong  luộc chín lá xách trong 10 phút. | Khế rửa sạch  cắt bỏ phần viền nâu bên ngoài rồi cắt lát mỏng hình sao. Hành tây bỏ vỏ  cắt miếng. Hành lá  rau răm bỏ gốc  rửa sạch rồi cắt nhỏ. Khi lá xách đã chín  bạn vớt ra xả qua nước lạnh  để ráo rồi thái lát mỏng vừa ăn  ướp với hạt nêm MAGGI nấm hương cho vị đậm đà hơn. | Đun nóng một ít dầu ăn trên chảo  cho hành vào phi thơm đến khi ngả vàng thì thêm hành tây vào xào khoảng 1 phút rồi bỏ khế vào xào  bạn có thể thêm ớt sa tế nếu thích ăn cay  xào khoảng 3 phút cho các nguyên liệu chín tới. | Cuối cùng  cho lá xách vào xào nhanh tay trên lửa lớn để lá xách không bị dai  nêm nếm với dầu hào MAGGI  thêm chút hành lá  rau răm thái nhỏ và ớt lát là đã hoàn thành rồi. Bạn trình bày món xào ra đĩa  dùng nóng với cơm hay làm món ăn chơi cùng bạn bè và gia đình đều rất ngon. Lá xách dai giòn đậm đà  đượm chút chua từ khế lạ miệng  càng ăn lại càng thích đấy!,https://www.maggi.com.vn/cong-thuc/la-xach-xao-khe-chua
Chân Gà Rút Xương Xào Cần,27 phút,3 người ăn,N/A,Chân Gà Rút Xương | Hành Tây | Ớt | Cần Tây | Tỏi | Dầu Hào Maggi | Hạt Nêm Maggi Vị Gà | Tiêu xay | Dầu ăn | Bột canh,Bạn rửa các nguyên liệu thật sạch trước khi chế biến. Chuẩn bị một nồi nước sôi  chần sơ chân gà rồi vớt lên xả qua nước lạnh để tăng độ giòn. Bạn bỏ rễ  lá héo của cần tây  rửa sạch rồi cắt khúc cỡ 3cm. Hành tây lột vỏ và thái múi cau mỏng. Tỏi băm nhỏ. | Bạn đun nóng chảo dầu  phi thơm tỏi rồi cho cần tây  hành tây vào xào. Trút tiếp phần chân gà rút xương vào  thêm dầu hào MAGGI óng ánh cùng hạt nêm MAGGI 3 ngọt gà và bột canh. Xào đều tay cho chân gà chín đều và có độ bóng bắt mắt. | Trước khi tắt bếp  cho ớt thái lát vào chảo  đảo qua một lần rồi bày món Chân Gà Rút Xương Xào Cần ra dĩa  rắc lên trên một chút tiêu xay. Món ăn này thưởng thức vào ngày mưa là “hết sảy” luôn bạn nha.,https://www.maggi.com.vn/cong-thuc/chan-ga-rut-xuong-xao-chua-ngot
Thịt Ba Rọi Ram Nguyên Tảng,60 phút,5 người ăn,N/A,Thịt Ba Rọi | 2 muỗng canh Dầu Điều | Đường | Giấm Gạo | 5 cây Đầu Hành Lá | Hạt Nêm Maggi | Nước Tương Maggi | Tỏi | Gừng | Muối | Ớt xắt lát,Thịt ba rọi mua về bạn rửa sạch với nước và dùng một ít muối xát lên bề mặt thịt để khử bớt mùi. Dùng giấy hay khăn thấm khô nước rồi cho thịt ba rọi vào tô và ướp với nước tương MAGGI  1 muỗng cà phê hạt nêm MAGGI nấm hương  giấm gạo  trộn thật đều cho các mặt của thịt thấm gia vị và để khoảng 20 phút. | Gừng gọt vỏ  rửa sạch rồi cắt lát. Bóc vỏ tỏi  đập hơi dập. Đây là bí quyết giúp món ăn dậy mùi thơm ngon  tỏi không bị nhũn nát trong quá trình kho hay ram thịt  nàng nhớ nhé! | Làm nóng nồi nhỏ trên bếp  cho đường và dầu điều vào rồi khuấy đều tay cho đường tan ra và có màu nâu cánh gián đẹp mắt. Khi hỗn hợp sánh lại  bạn cho gừng  tỏi vào xào thơm rồi thêm thịt ba rọi vào nồi. Chiên sơ các mặt của miếng thịt khoảng 3 phút cho bề mặt thịt thật săn rồi đổ nước xăm xắp mặt thịt và đun sôi. | Khi nước trong nồi đã sôi  bạn hạ nhỏ lửa  nêm nếm thêm hạt nêm MAGGI nấm hương  đảo đều rồi đun liu riu trên lửa nhỏ cho đến khi thịt chín mềm. Cuối cùng  bạn cho đầu hành lá vào và tắt bếp. | Gắp Tảng thịt ba rọi ra dĩa  cắt thành những lát mỏng và dùng nóng. Thịt ram chín mềm còn nguyên vị ngọt béo  bên ngoài đậm đà  trổ màu nâu bóng đẹp mắt  ăn cùng cơm trắng với nước tương MAGGI  vài lát ớt cắt thì cực ngon và lạ miệng. Cách làm ba rọi ram nguyên tảng rất đơn giản  nàng có thể vào bếp khoe khéo tài nội trợ  chiêu đãi cả nhà đấy!,https://www.maggi.com.vn/cong-thuc/thit-ba-roi-ram-nguyen-tang
Sen Xào Tam Sắc,53 phút,10 người ăn,N/A,Củ Sen Tươi | Hạt Sen | Súp Lơ Xanh | Tôm càng | Thịt ba rọi 300g | 3 củ Hành Khô | 10 g Hành Lá | Dầu ăn 1 muỗng canh | Nước 3 muỗng canh | Muối 1 muỗng cafe | Tiêu xay 1/2 muỗng cafe | Dầu Hào Maggi | Hạt Nêm Maggi,Hạt sen bạn rửa sạch  có thể tách phần tim sen ra để không bị đắng khi ăn rồi luộc sơ qua. Củ sen gọt vỏ  rửa dưới vòi nước chảy để làm sạch bùn đất bên trong các lỗ  cắt lát và luộc chín. Cà rốt gọt vỏ  tỉa hình hoa. Bông cải cắt miếng vừa ăn  ngâm trong nước muối loãng khoảng 10 phút rồi rửa sạch. | Tôm rửa sạch sau đó luộc chín rồi bóc vỏ  bạn chừa lại phần đuôi tôm cho đẹp mắt. Thịt heo rửa qua với nước và muối để loại bỏ mùi sau đó cắt miếng vừa ăn  ướp với một ít hạt nêm MAGGI nấm hương khoảng 5 phút cho đậm đà hơn. Hành ngò rửa sạch  cắt khúc. Hành khô đập dập  băm nhỏ. | Đun sôi dầu ăn trong chảo  phi hành khô đến khi dậy mùi thơm và ngả vàng thì cho thịt heo vào đảo đều tay cho săn lại. Lần lượt cho cà rốt  bông cải vào xào  cuối cùng là hạt sen  củ sen và tôm đã luộc chín. Bạn đảo đều tay cho các nguyên liệu chín đều  có thể thêm một ít nước để món xào không bị khô  cháy nhé! | Nêm nếm hạt sen xào tôm thịt với dầu hào MAGGI và hạt nêm MAGGI nấm hương cho đậm đà và dậy vị hơn. Xốc chảo thêm vài lần cho rau củ thấm dầu hào MAGGI  có độ óng ánh đẹp mắt rồi tắt bếp. Món ăn dinh dưỡng đã hoàn thành rồi đấy. Cách làm sen xào tôm thịt không hề khó chút nào đúng không chị em? | Trình bày món ăn ra dĩa  rắc thêm chút tiêu xay và thưởng thức thôi. Hạt sen bùi mềm  củ sen giòn ăn cùng tôm thịt ngọt dai  bông cải  cà rốt tươi vừa miệng  thơm lừng dầu hào MAGGI rất ngon mà còn tốt cho sức khỏe  nàng có thể thỏa sức trổ tài chăm lo cho cả nhà nhé!,https://www.maggi.com.vn/cong-thuc/sen-xao-tam-sac
Sườn Non Rim Mắm Tỏi,55 phút,2 người ăn,N/A,Sườn non | Tỏi | Dầu Ăn | Đường trắng | Tiêu | 3 muỗng canh MAGGI Nước Mắm | Nước | Muối,Đầu tiên  bạn chặt sườn non thành miếng vừa ăn  tốt nhất là độ dài miếng sườn vào khoảng 4cm đến 5cm  rửa sạch với nước. Để món ăn chất lượng hơn  bạn chuẩn bị thêm nồi nước sôi với một chút muối rồi đem sườn chần qua để loại bỏ hết chất bẩn. Vớt sườn ra và rửa sạch lại với nước lạnh  để ráo. Bóc vỏ  băm nhuyễn 2/3 số tỏi  phần còn lại cắt lát mỏng. | Làm nóng dầu ăn trong chảo  cho tỏi băm vào chảo phi vàng rồi vớt ra để riêng. Giữ nguyên chảo trên bếp sau đó cho tỏi cắt lát vào phi đến khi ngả vàng và dậy mùi thơm thì thêm vào nước mắm MAGGI  nước lọc  đường trắng và tiêu xay. Khuấy đều tay cho đường tan hết  hỗn hợp nước mắm hòa quyện với nhau  dậy mùi thơm hấp dẫn. | Khi phần nước sốt sôi lên thì bạn cho sườn vào rim trên lửa nhỏ khoảng 20 phút. Đừng quên trở mặt thường xuyên để nước sốt áo vào những miếng sườn thêm phần đậm đà hơn. Rim sườn non đến khi nước sốt keo lại  sườn chín mềm  có màu cánh gián và óng ánh đẹp mắt thì tắt bếp. Cách làm sườn non rim mắm tỏi thật đơn giản phải không các nàng? | Dọn sườn non rim ra dĩa  rắc lên trên tỏi phi vàng rồi mời cả nhà cùng thưởng thức. Những miếng sườn thơm nức lòng  áo thêm một lớp nước sốt đậm đà  ăn với cơm trắng là miễn chê. Món quen vị lạ này rất hao cơm và ngon miệng  nàng không thể bỏ qua đâu đấy!,https://www.maggi.com.vn/cong-thuc/suon-non-rim-mam-toi
Canh rau răm bò bằm,30 phút,3 người ăn,N/A,Thịt bò xay | Rau răm | Nấm linh chi trắng | Nước sôi | Tỏi băm nhuyễn | Dầu ăn | Tiêu xay | Hành lá | Hành Ngò | Hạt Nêm Maggi Nấm Hương,Rau răm sau khi nhặt hết lá úa sâu thì ngâm muối loãng  rửa nước rồi mới thái nhỏ. Nấm linh chi cần cắt gốc  ngâm muối  xả lại nước  không quên vắt nấm cho thật ráo. Lưu ý không ngâm nấm quá lâu trong nước sẽ làm mất độ ngọt tự nhiên. Ướp thịt bò đã xay với các gia vị như 1/2 muỗng hạt nêm MAGGI nấm hương  1 muỗng dầu ăn  1 muỗng tỏi băm  tiêu. Trộn đều và để ướp 30 phút. Nhớ cắt nhỏ hành lá nhé! | Đổ lượng dầu ăn cùng tỏi băm còn lại vào chảo đã được làm nóng  phi đến khi tỏi vàng thơm thì đặt từng viên thịt bò đã được vo tròn vừa ăn vào  dùng đũa lật trở đến lúc thịt tái chín thì gắp ra. | Bắc nồi nước lên bếp  đun sôi thì thả nấm vào  chờ nước sôi lại thì cho tiếp thịt bò bằm cùng rau răm  không quên thêm 1 muỗng hạt nêm MAGGI nấm hương. Thử vị thấy vừa miệng là có thể tắt bếp. Hãy múc Canh rau răm bò bằm ra tô  để lên trên hành ngò cùng tiêu xay. Thưởng thức Canh rau răm bò bằm cùng cơm nóng là tuyệt vời lắm luôn nàng nha!,https://www.maggi.com.vn/cong-thuc/canh-rau-ram-bo-bam
Cánh Gà Nướng Lò Vi Sóng,85 phút,4 người ăn,N/A,Cánh gà | Tỏi | Mật ong | Tương đen | Tương cà | Giấm | Tiêu xay | 1/2 muỗng cà phê Muối | Hạt Nêm Maggi | Dầu hào Maggi | Cà chua bi | Đậu phộng rang | Gừng,Rửa cánh gà với nước sạch thêm một chút gừng để loại bỏ bớt mùi rồi thấm khô. Dùng nĩa hoặc que nhọn châm những lỗ nhỏ trên miếng thịt để khi ướp gà  gia vị sẽ thấm sâu vào bên trong  thịt gà sẽ ngon  thơm và đậm đà hơn. | Hỗn hợp sốt ướp cánh gà là công thức quan trọng quyết định hương vị món ăn. Bạn pha dầu hào MAGGI  tương cà  tương đen  giấm  muối  tiêu xay  tỏi đập dập và 2 muỗng canh mật ong vào tô lớn. Khuấy đều tay cho hỗn hợp được hòa quyện và dậy mùi thơm của tỏi  dầu hào. Cho cánh gà vào tẩm ướp với hỗn hợp sốt vừa pha ít nhất 30 phút. Dùng màng bọc thực phẩm bọc kín miệng tô lại và bảo quản trong tủ lạnh để cánh gà thấm gia vị và ngon hơn. | Khi toàn bộ cánh gà đã thấm gia vị  ươm màu nâu nhạt và dậy mùi thơm  bạn lấy ra và dùng que tre xiên cố định cánh gà lại nhé. | Xếp cánh gà đã xiên ra đĩa hoặc khay nướng  cho vào lò vi sóng chỉnh chế độ nướng trong 10 phút. Sau đó trở mặt cánh gà  dùng cọ phết thêm một lớp nước sốt ướp ở hai mặt để da gà lên màu đẹp và thơm hơn rồi nướng thêm 10 phút nữa là hoàn tất. | Cánh gà nướng xong thơm nức  có màu nâu vàng óng  cực hấp dẫn. Bạn trang trí món ăn với cà chua bi  rắc thêm chút đậu phộng rang giòn giòn. Cánh gà nướng lò vi sóng đơn giản dễ làm  với công thức ướp lạ miệng  có vị ngọt dịu của mật ong  hương thơm của dầu hào MAGGI. Thịt gà mềm  mọng nước và không bị khô  thưởng thức với gia đình và bạn bè thì còn gì bằng.,https://www.maggi.com.vn/cong-thuc/canh-ga-nuong-lo-vi-song
Gà Tây Nướng Ngũ Vị,125 phút,20 người ăn,N/A,Gà Tây | Khoai Tây | Cà Rốt Baby | Chanh Vàng | Tỏi | Bơ Lạt | Nước cốt chanh vàng | Vỏ Chanh Vàng | Mật Ong | Ngũ Vị Hương | Đường Nâu | Lá Hương Thảo | Bột Màu Điều | Dầu hào Maggi | Nước tương Maggi,Chanh vàng bạn rửa sạch  sau đó cắt lát. Khoai tây bi gọt vỏ  cắt đôi rồi luộc sơ với nước sôi  thêm một chút muối  bạn luộc khoai tây đến khi nước sôi trở lại thì vớt ra. Cà rốt baby cạo sạch lớp vỏ ngoài  tỏi tép lột vỏ đập dập. Cho tất cả các nguyên liệu vừa chuẩn bị vào một chiếc tô lớn  thêm lá hương thảo và đường nâu vào rồi trộn đều với hỗn hợp rau củ để dậy mùi thơm và đậm vị hơn. | Gà tây làm sạch rồi dùng muối chà xát lên thân gà cho đều rồi xả lại với nước. Bạn nhớ làm sạch cả phần bụng gà rồi dùng khăn giấy thấm khô trước khi chế biến nhé! | Điểm nhấn của món gà tây nướng đó chính là hỗn hợp nước sốt ướp ngũ vị. Bạn đun chảy hoặc để bơ lạt để mềm tự nhiên ở nhiệt độ phòng  pha với dầu hào MAGGI  mật ong  nước tương MAGGI  ngũ vị hương  bột màu điều  vỏ chanh vàng bào nhuyễn và nước cốt chanh vàng. Khuấy đều tay để các gia vị tan đều thành hỗn hợp nước sốt sóng sánh có màu nâu đẹp mắt cùng mùi thơm đặc trưng. | Cho hỗn hợp rau củ đã ướp vào giữa bụng gà tây  dùng que tre hoặc chỉ thực phẩm khâu kín bụng gà. Bạn chỉ nên nhồi một lượng rau củ vừa phải vào bụng gà để khi nướng chín nhanh hơn. Nhồi càng chặt sẽ khiến thời gian nướng càng lâu và các nguyên liệu bên trong sẽ khó chín đều. Dùng cọ phết đều sốt ngũ vị lên khắp thân gà  sau đó bọc kín  bảo quản trong ngăn mát tủ lạnh từ 1-2 ngày. | Sau khi ướp  thịt gà đã thấm đều nước sốt  bạn tiến hành nướng gà. Khi nướng  bạn xếp những lát chanh vàng  khoai tây bi và cà rốt baby đã làm sạch ra khay  sau đó đặt gà tây lên. Do phần ức gà  chân gà nằm cao hơn so với những phần còn lại nên để gà tây nướng được đều màu MAGGI mách bạn dùng giấy bạc bọc phần ức gà cũng như những phần nhô cao khác lại. Cho gà vào lò nướng lần 1 ở nhiệt độ 230 độ C trong vòng 2 tiếng. | Sau khi nướng lần 1  bạn lấy gà ra phết sốt ngũ vị lên khắp thân gà và rưới thêm phần mỡ chảy xuống lên trên rồi tiếp tục đậy giấy bạc lên phần ức và chân gà rồi nướng lần 2 với 230 độ C khoảng 1 tiếng. Sau đó  hạ nhiệt độ lò xuống còn 110 độ C  bỏ giấy bạc trên thân gà ra rồi nướng thêm 30 phút nữa để gà lên màu đẹp mắt. Lúc này bạn thêm một ít cà chua bi vào nướng cùng  cà chua sẽ chín mềm  không bị cháy khét. | Khi gà tây đã nướng xong  bạn có thể trình bày món ăn ra dĩa và cùng những người thân yêu thưởng thức nóng. Khi dùng  bạn rút que tre hoặc cắt chỉ thực phẩm ra để thưởng thức cả phần rau củ chín bên trong bụng gà. Gà tây nướng ngũ vị thơm lừng  săn chắc lại mềm ngọt chắc chắn sẽ là món mới thời thượng khiến mọi người phải trầm trồ.,https://www.maggi.com.vn/cong-thuc/ga-tay-nuong-ngu-vi
Gà Nướng Phô Mai Cay,95 phút,3 người ăn,N/A,Ức Gà | Phô Mai Mozzarella | Hành Lá Cắt Nhỏ | Tỏi Băm | Gừng Băm | Siro Ngô | Đường | Dầu Mè | Dầu ăn | Ớt Bột | Tương Ớt Hàn Quốc | Nước Tương Maggi | Dầu Hào Maggi,Đối với hành lá bỏ rễ và lá úa  rửa nước rồi thái nhỏ. Bạn cũng chuẩn bị chén nhỏ  cho vào lần lượt các loại gia vị gồm dầu hào MAGGI  nước tương MAGGI  tương ớt Hàn Quốc  ớt bột  siro ngô  đường  dầu mè  dầu ăn  tỏi cùng gừng băm và 10gr hành lá. Dùng muỗng khuấy đều cho sốt ướp gà được hòa tan. | Bạn rửa nước gà thật sạch  loại bỏ mỡ thừa bám quanh  cắt thành miếng vuông vừa ăn. Cho ức gà vào tô  rưới sốt vừa pha vào cùng  trộn đều và để ướp thịt trong ít nhất khoảng 30 phút cho ức gà thấm vị. | Trước tiên  bạn cần làm nóng lò nướng và xếp từng miếng gà đã ướp lên khay. Đợi nhiệt độ trong lò ổn định  bạn cho khay ức gà vào  chỉnh nhiệt ở mức 200 độ C  nướng gà khoảng tầm 30 phút thì tắt lò. | Bạn đặt chảo gang hoặc chảo tráng men lên bếp  rắc lên một lớp phô mai Mozzarella thật đều dưới đáy chảo rồi gắp từng miếng ức gà để lên phía trên. Bật lửa đun phô mai đến khi tan chảy thì thêm rải thêm phần hành lá còn lại. Chỉ cần thế thôi là bạn có thể tắt lửa  nhắc chảo gà nướng phô mai cay xuống và thưởng thức miếng gà ướp thơm ngon quấn cùng lớp phô mai béo ngậy.,https://www.maggi.com.vn/cong-thuc/ga-nuong-pho-mai-cay
Đùi Vịt Nướng Dầu Hào,70 phút,4 người ăn,N/A,800 g Thịt Vịt | 0 1/2 bát Rượu Vang Trắng | 20 g Sả Xay | 20 g Tỏi | 10 g Hành Lá | 5 g Gừng Băm | 1 muỗng canh Nước Cốt Chanh | 4 muỗng canh Mật Ong | 1/2 muỗng canh Giấm | 1 muỗng cà phê Ớt Bột | 1 muỗng cà phê Dầu Mè | 1/2 muỗng cà phê Tiêu Xay | 1 muỗng cà phê Ngũ Vị Hương | 5 muỗng canh MAGGI Dầu Hào | 1 muỗng canh MAGGI Hạt Nêm Nấm Hương,Gừng đem băm hoặc giã nhuyễn pha với ít rượu trắng rồi đem chà sát hỗn hợp lên miếng đùi vịt để loại bỏ mùi hôi. Rửa lại đùi vịt bằng nước sạch rồi thấm khô. | Pha hỗn hợp ướp thịt vịt gồm sả băm  tỏi đập dập  hành lá thái sợi  dầu hào MAGGI  3 muỗng canh mật ong  hạt nêm MAGGI nấm hương  ớt bột  ngũ vị hương  tiêu xay  nước cốt chanh  khuấy đều hỗn hợp cho hòa quyện. | Cho vịt vào âu  đổ phần nước sốt vào  ướp thịt vịt ít nhất 30 phút trong tủ lạnh cho thấm gia vị. Chuẩn bị sẵn nồi hấp  cho đùi vịt vào hấp trong 30 phút. | Chuẩn bị bếp than hồng  cho đùi vịt lên vỉ nướng mỗi mặt 10 phút  khi nướng phết sốt ướp lên thịt thường xuyên để thịt không bị khô  thấm đều gia vị đậm đà hơn. Chuẩn bị sẵn hỗn hợp gồm phần mật ong còn lại  giấm  dầu mè  sau khi nướng vịt trên bếp 20 phút bạn phết hỗn hợp này lên trên phần da vịt rồi nướng thêm 10 phút nữa là hoàn tất. | Trình bày món ăn ra dĩa và thưởng thức. Tiêu chuẩn để xác định món ăn đạt “chuẩn” là đùi vịt mọng mềm  không bị khô  đậm đà  thơm nức mũi nhé!,https://www.maggi.com.vn/cong-thuc/dui-vit-nuong-dau-hao
Thịt BBQ Sốt Hàn Quốc,60 phút,3 người ăn,N/A,Thịt ba chỉ | Lê | Hành tây | Tỏi | Gừng | Hành lá | 3 muỗng canh Tương Ớt Hàn Quốc (Gochujang) | Đường nâu | 1 muỗng canh Siro Ngô ngọt (Bắp ngọt) | 1 muỗng canh Dầu Mè | 1 muỗng canh Ớt Bột | Tương đậu nành Hàn Quốc Doenjang | Dầu hào Maggi,Sơ chế các nguyên liệu: gừng cạo vỏ  hành tây bóc vỏ bổ miếng  tỏi bóc vỏ  trái lê gọt vỏ bỏ lõi  tất cả cho vào máy xay nhuyễn. Tiếp đến  trộn đều các nguyên liệu còn lại: hành lá cắt nhỏ  dầu hào MAGGI  tương ớt  tương đậu nành  đường nâu  si rô ngô  dầu mè và ớt bột. Cho phần nguyên liệu xay nhuyễn lúc nãy vào và trộn thêm lần nữa. Để món ăn “chuẩn vị” Hàn thì tương ớt  tương đậu nành  ớt bột bạn nên sử dụng đúng gia vị của Hàn Quốc luôn nhé. | Thịt ba chỉ cắt thành những miếng mỏng vừa ăn  ướp với nước sốt vừa pha phía trên. Để ít nhất 30 phút cho thịt ngấm gia vị. Chú ý sau 5 – 10 phút đảo thịt để thịt ngấm sốt đều hơn. Phần sốt ướp còn dư bạn đem đun sôi lên để làm nước chấm. Để thịt ba chỉ mọng mềm bạn đừng quên thêm 1 muỗng dầu hào MAGGI vào sốt ướp thịt  dầu hào sẽ giúp cho thịt không bị khô khi nướng. | Xếp từng miếng thịt ba chỉ lên bếp  nướng vàng 2 mặt. Khi nướng  nếu thấy thịt hơi khô hãy phết thêm sốt liên tục bạn nhé. Món ăn sẽ đậm chất Hàn hơn nếu bạn nướng thêm một ít hành tây  tỏi hoặc củ quả bạn thích để ăn kèm. Thịt chín tới ăn cùng các loại rau  kim chi  chấm thêm nước sốt được chế biến theo công thức đặc biệt của MAGGI thì đảm bảo ngon “bá cháy”. Bỏ túi ngay công thức mới này để cuối tuần thực hiện cùng gia đình nhé!,https://www.maggi.com.vn/cong-thuc/thit-ba-chi-bbq-sot-han-quoc
Giò Xào Rong Biển,130 phút,10 người ăn,N/A,Thịt chân giò | Tai lợn | Rong biển khô | Nấm kim châm | Gừng | Chanh | Hành tím băm | Đường trắng | Tiêu hạt | Sả | 1/2 muỗng cà phê Tiêu Xay | Dầu Ăn | Hạt Nêm Maggi | Nước tương MAGGI,Để sơ chế phần thịt  bạn rửa phần tai lợn và thịt chân giò bằng nước lạnh với một chút muối  nhớ lưu ý cạo thật sạch lông trên da lợn nhé! | Sau khi đã làm sạch  thả thịt chân giò vào nồi nước lạnh  thêm vào hạt nêm MAGGI (1/2 muỗng canh)  gừng thái lát  đập dập và sả cắt khúc. Luộc thịt theo cách này sẽ giúp thịt chín từ từ  dậy mùi thơm và phần da bên ngoài không bị thâm. Nhớ luộc tai lợn và thịt chân giò trong khoảng 15 phút tính từ khi nước sôi để thịt vừa chín tới thôi nha. | Chuẩn bị sẵn tô nước đá  bỏ lát chanh vào  thả phần thịt vừa luộc vào ngâm để thịt nguội dần  vừa giữ được độ trắng mà vẫn giòn dai. Sau khi thịt nguội hẳn  vớt tai lợn và thịt chân giò ra để ráo nước rồi cắt thành những lát mỏng vừa ăn. | Nào  giờ thì ướp thịt giò xào thật thấm mà vẫn rất đơn giản cùng MAGGI nha. Cho phần thịt đã thái ra tô  ướp với nước tương MAGGI  đường  tiêu hạt  hành tím xay và hạt nêm MAGGI (1/2 muỗng canh). Trộn thật đều để gia vị phủ lên toàn bộ thịt  lúc này các bạn đã có thể nghe được mùi thơm dậy vị của món ăn rồi. Nhớ ướp khoảng 30 phút để thịt được thấm gia vị đậm đà hơn nhé! | Trong thời gian chờ ướp thịt  hãy chuyển sang sơ chế rong biển và các loại nấm. Ngâm rong biển và nấm tuyết trong nước lạnh khoảng 5 phút cho nở rồi cắt nhỏ. Nấm kim châm cắt chân  rửa sạch với nước muối loãng sau đó cắt làm đôi. | Khi thịt đã bắt đầu thấm gia vị  làm nóng chảo  cho dầu ăn; rồi cho thịt vào xào. Đây là công đoạn đòi hỏi phải tập trung để món giò xào không bị khô và có mùi thơm đặc trưng. Tốt nhất là xào thật đều tay trên lửa vừa khoảng 10 phút  quan sát thấy thịt tiết mỡ và cháy cạnh một chút là được. | Sau khi thịt đã đạt được độ chín hoàn hảo thì thêm rong biển  nấm tuyết và nấm kim châm vào chảo  xào chung thêm 10 phút nữa  thêm tiêu xay  đảo đều lên cho dậy mùi rồi tắt bếp. | Chuyển sang công đoạn cuốn giò xào nào! Chuẩn bị khuôn nén giò  dùng lá chuối lót một lớp bên trong  múc hỗn hợp vào khuôn khi còn nóng. Khi khuôn đã đầy  bạn gói lá chuối lại rồi dùng nắp chặn ép xuống cho phần thịt xào được nén chặt và kết dính với nhau. Sau 10 phút  bạn nén thêm một lần nữa  rồi để khuôn trong ngăn mát tủ lạnh khoảng 3-4 giờ là có thể thưởng thức. Với sự trợ giúp của khuôn nén giò  bạn yên tâm là món giò xào sẽ vô cùng đẹp mắt khi được bày biện trên bàn ăn .,https://www.maggi.com.vn/cong-thuc/gio-xao-rong-bien
Tai Heo Ngâm Sả Tắc,60 phút,9 servings,N/A,Tai heo | Xoài | Sả | Ớt sừng | Gừng | Tắc | Nước mắm Maggi | Đường trắng | Giấm | Tương ớt | Ớt bột | Cà rốt | Rượu trắng | Muối,Bắt đầu sơ chế thôi! Xoài xanh và cà rốt rửa sạch sau đó gọt vỏ  dùng dao có răng cưa cắt thành những miếng vừa ăn. Bạn rửa sạch sả cây  bỏ các lớp vỏ già bên ngoài  thái lát mỏng một nửa  phần còn lại đập hơi dập rồi tước thành sợi dài. Ớt sừng rửa sạch  bạn loại bỏ phần hạt và cuống  thái lát mỏng cùng gừng và tắc. Hành tím sau khi bóc vỏ và rửa sạch thì cắt làm 4 bạn nhé. Phần nguyên liệu này để cho thật ráo nước. | Rửa tai heo bằng nước lạnh với một chút muối  nhớ lưu ý cạo thật sạch lông trên da lợn nhé. Nếu tai heo có nhiều mỡ dính bên dưới  bạn có thể cắt bớt đi để khi ngâm không bị nổi váng và bảo quản được lâu hơn. Chuẩn bị nồi nước với muối  sả cắt khúc  gừng thái lát  rượu trắng  đun cho đến nước ấm lên thì thả tai heo vào luộc. Bạn lưu ý luộc trong nước ấm thôi nhé  nếu nước nóng quá tai heo sẽ bị thâm. Tai heo phải luộc ngập nước để chín từ từ và phần da bên ngoài được trắng. | Tai heo luộc trong khoảng 15 phút từ khi nước sôi là được. Phần tai khi dùng đũa xiên vào mềm là đã chín  không nên luộc quá chín để tránh tình trạng đổ nhớt khi ngâm. Chuẩn bị thau nước đá với nước cốt chanh ngâm tai heo vừa luộc xong để tai trắng và giòn. Khi ngâm đá  bạn dùng dao cạo sạch phần mỡ bên ngoài da tai heo nhé. Đây là bí quyết giúp tai heo ngâm sả tắc tránh bị đục nước  nổi váng mỡ  không bảo quản lâu được. Sau khi cạo sạch  để ráo nước rồi thái lát mỏng. | Pha nước ngâm tai heo với nước mắm  đường trắng  giấm  tương ớt  ớt bột cùng nước lọc  cho tất cả vào chung 1 tô lớn rồi khuấy đều cho đường tan  các gia vị hòa quyện với nhau. Thêm sả  tắc  gừng  ớt sừng  hành tím vào đã cắt vào trộn thêm lần nữa rồi mới cho tai heo  cà rốt  xoài vào. Đảo đều tất cả lên cho thấm gia vị. | Bạn bọc tô lại cho kín bằng màng bọc thực phẩm hoặc cho vào hũ ngâm. Xếp lần lượt tai heo  xoài xanh  cà rốt xen kẽ với sả tắc để thịt được ngấm và thơm. Nước ngâm phải ngập mặt các nguyên liệu nhé. Bảo quản trong tủ lạnh từ 2 – 3 tiếng cho tai heo ngấm là có thể dùng được rồi. Tai heo ngâm sả ớt cay cay  sần sật  ăn kèm xoài xanh chua ngọt và cà rốt giòn ngon lạ miệng  ăn hoài không ngán.,https://www.maggi.com.vn/cong-thuc/tai-heo-ngam-sa-tac
Sốt chấm Jambon Tôm Hấp,10 phút,1 người ăn,N/A,Mật Ong | Wasabi | Nước Tương MAGGI | Hạt Nêm Maggi Nấm Hương | 1 muỗng canh Tương ớt,Bạn cho vào 1 chén nhỏ: nước tương MAGGI  tương ớt cùng hạt nêm MAGGI nấm hương  thêm chút mật ong cùng wasabi. Dùng muỗng khuấy đều để hỗn hợp được hòa tan thành sốt sánh mịn hấp dẫn. Vậy là đã hoàn thành khâu pha sốt thật dễ dàng. | Sau khi tôm cuộn Jambon xông khói đã được hấp chín  bạn bày ra dĩa cùng chén nước chấm độc đáo thời thượng vừa pha chế. Hương wasabi nồng cay cùng vị nước tương đậu nành đặc trưng có thêm chút ngọt thơm đậm của mật ong sẽ tạo nên một trải nghiệm ẩm thực thật tuyệt vời đó nha!,https://www.maggi.com.vn/cong-thuc/sot-cham-jambon-xong-khoi-cuon-tom-hap
Ruốc Cá Hồi Rong Biển,45 phút,3 người ăn,N/A,Cá hồi | Gừng | Hành lá | Rong biển | Mè trắng | Muối | Dầu Oliu | Nước tương Maggi,Chuẩn bị: cá hồi lọc bỏ phần da  đem rửa sạch với nước muối loãng để khử mùi tanh  sau đó vớt cá ra để ráo nước. Cho cá vào xửng hấp chung với gừng thái sợi và đầu hành lá cắt nhỏ trong 10 phút. Khi cá chín bẻ ra thành những miếng nhỏ rồi cho vào cối  dùng chày giã cá thật nhuyễn. Cá hồi nên giã khi còn nóng sẽ tơi hơn  khi rang lại cũng đẹp mắt hơn đấy. Làm ruốc cá hồi như này dễ hơn rất nhiều so với làm ruốc thịt đúng không? | Bắc chảo lên bếp  cho mè trắng vào chảo  mở lửa vừa rang từ từ đến khi mè ngả vàng thì cho vào rong biển (loại cuộn cơm) cắt nhỏ vào rang chung thêm 2 phút nữa thì nhắc xuống. Cho mè và rong biển vào cối xay nhỏ. Dinh dưỡng từ mè và rong biển cũng rất nhiều mà còn thơm ngon  bùi ngọt nữa. | Cho vào chảo dầu oliu  sau đó cho cá hồi giã nhuyễn vào đảo sơ 2 phút. Tiếp theo nêm vào cá hồi nước tương MAGGI  tiếp tục rang nhỏ lửa đến khi thịt cá khô và bong lên. | Tiếp đó cho hỗn hợp mè và rong biển xay nhỏ vào  đảo đều tay thêm 1 phút cho tất cả hòa trộn vào nhau thì tắt bếp. Ruốc cá hồi rong biển ăn cùng cháo hoặc cơm nóng rất ngon  giúp cho cả nhà và đặc biệt các bạn nhỏ sẽ không còn ghét ăn cá nữa. Để tiết kiệm thời gian  bạn cũng có thể làm nhiều sau đó bảo quản trong tủ lạnh ăn dần.,https://www.maggi.com.vn/cong-thuc/ruoc-ca-hoi-rong-bien
Gà nấu đông,125 phút,8 người ăn,N/A,Thịt đùi gà | 2 lít Nước Hầm Xương | Da heo | Cà rốt | Nấm mèo khô | Nấm đông cô tươi | Tiêu xanh | Hành tím | Gừng | Đầu hành lá | Tiêu | 2 muỗng canh Dầu Ăn | Dầu hào Maggi,Rửa sạch nấm đông cô  tỉa hoa khoảng 6 cái cho đẹp sau đó ngâm với nước muối loãng để khử mùi rồi luộc chín. Phần còn lại bạn cắt thành những lát mỏng. Nấm mèo đen rửa sạch và ngâm với nước ấm cho nở  cắt bỏ phần gốc nấm rồi thái thành sợi nhỏ. Gọt vỏ  rửa sạch cà rốt  tỉa thành hình hoa rồi thái lát. | Thịt đùi gà rửa sạch với muối hạt và chút rượu trắng để loại bỏ hết mùi hôi  tanh của gà. Bạn có thể dùng gừng nếu không có sẵn rượu trắng. Sau đó  lọc riêng phần xương gà  thịt gà thái miếng vừa ăn. Ướp thịt đùi gà với nửa muỗng cà phê muối  tiêu xay  2 muỗng canh dầu hào MAGGI. Trộn đều tay để thịt gà thấm gia vị và thơm mùi dầu hào nhé. | Da heo rửa sạch  loại bỏ bớt các phần mỡ sót lại dưới bề mặt da  xoa một ít muối rồi xả sạch với nước. Hãy đảm bảo phần da không còn sót lại lông heo nhé. Bắc một nồi nước lên bếp  cho gừng thái lát  đầu hành và da heo vào luộc nhanh trong 10 phút. Sau đó vớt da heo ra  thái thành sợi nhỏ. Bắc nồi nước hầm xương lên bếp  cho da heo thái sợi vào luộc 30 phút rồi vớt ra. Nhớ vớt bọt để nước dùng trong và thơm ngon hơn. | Làm nóng chảo với dầu ăn  phi thơm hành tím và cho phần thịt gà đã ướp vào xào chín trên lửa vừa. Cho thêm cà rốt  nấm mèo đã sơ chế cùng tiêu xanh vào chảo  nêm 1 muỗng dầu hào MAGGI rồi xào đều tay  thịt gà và rau củ chín tới  lên màu vàng óng đẹp mắt thì tắt bếp. Trút hỗn hợp vào nồi nước dùng  thêm nấm đông cô cắt lát mỏng vào khuấy đều  nấu 5 phút nữa thì tắt bếp. Trong khi nấu  thỉnh thoảng vớt bọt để nước được trong. | Chuẩn bị 1 cái tô  xếp nấm đông cô tỉa hoa đã luộc chín cùng cà rốt thái hoa xen kẽ dưới đáy tô để thành phẩm được đẹp mắt  sau đó nhẹ nhàng múc hỗn hợp thịt đông cho vào gần đầy tô. Dùng màng bọc thực phẩm bọc kín tô thịt và để vào ngăn mát tủ lạnh ít nhất 4 tiếng cho đến khi thịt đông lại. | Khi thịt đã đông hoàn thành  bạn chuẩn bị 1 cái đĩa  lấy mũi dao tách nhẹ lớp viền xung quanh tô rồi úp ngược để lấy thịt ra. Bạn có thể trang trí cho đĩa thịt gà nấu đông thêm hấp dẫn với một ít ngò  ớt. Thịt gà mềm dai  ngon ngọt đậm đà và có hương thơm đặc trưng của dầu hào MAGGI  nước thịt đông mềm và trong  thoảng mùi thơm của tiêu xay rất cuốn hút. Bạn có thể chế biến món Gà Nấu Đông cho ngày Tết nữa đấy  hãy ghi chú công thức này thật kĩ nhé!,https://www.maggi.com.vn/cong-thuc/thit-dong-ga
Bắp Bò Ngâm Đu Đủ,140 phút,2 người ăn,N/A,Bắp bò | Hành tím | Sả cây | Gừng | Ớt | Tiêu xanh | Tiêu đen | Hoa hồi | Đường phèn | Đu Đủ Xanh | Đường Trắng | Nước mắm Maggi,Cho gia vị luộc bò vào nồi nước gồm: sả hành tím  hoa hồi  gừng thái lát  đường phèn. Đun nồi nước đến ấm thì cho bắp bò đã làm sạch vào luộc; nhớ dùng dây lạt để cố định cho bắp bò đẹp. Luộc bắp bò trong 45 phút  sau đó  vớt bắp bò ra  ngâm ngay vào tô nước đá trong 15 phút để bắp bò săn giòn; rồi mới lấy ra  cắt dây lạt. | Đu đủ xanh gọt vỏ  làm sạch  bào sợi mỏng và phơi ngoài trời 1 buổi sáng để đu đủ héo nhẹ và săn lại. | Cho nước nước lọc vào nồi cùng đường trắng. Sau đó  mở bếp  đun lửa nhỏ  khuấy đều cho đường tan. Khi nước sôi  cho nước mắm vào nồi  khuấy đều rồi tắt bếp. Sau đó  hãy để nước mắm thật nguội. | Cho đu đủ xanh vào trước  xếp vừa đủ không nén chặt. Đặt bắp bò lên trên rồi cho tiếp lần lượt tiêu xanh  tiêu hạt  hành tím  ớt sừng. Chế nước mắm đã nấu vào ngập nguyên liệu. Đậy kín nắp và ngâm từ 4-6 tiếng là có thể dùng được. Lúc ăn  gắp bắp bò ra và cắt lát mỏng vừa ăn.,https://www.maggi.com.vn/cong-thuc/bap-bo-ngam-du-du
Hủ Tiếu Trộn Bò Kho,60 phút,3 người ăn,N/A,Hủ Tiếu Khô | Thịt Nạm Bò | Cà Rốt | Sốt Cà Chua | Tỏi Băm | Hành Tím Băm | 2 nhánh Sả Cây | 1 cái Hoa Hồi | 1 thanh Quế | 1 1/2 muỗng canh Đường Trắng | Dầu Ăn | Hành lá | Ngò gai | Rau giá | 1 muỗng cà phê Ngũ Vị Hương | 1 muỗng canh MAGGI Hạt Nêm Nấm Hương | Dầu hào Maggi,Bạn rửa thịt bò cho sạch rồi thái thịt thành từng khối vuông cạnh 2cm. Nấu nước sôi  chần sơ hủ tiếu trong vòng 1 phút thì vớt lên xả dưới vòi nước. Đối với cà rốt  bào hết vỏ  cắt khúc hình chữ nhật dài 2cm. Sả bỏ bớt lá  đập dập rồi băm nhuyễn. | Cho thịt bò đã thái vào tô cùng lần lượt các loại gia vị như 1 muỗng canh dầu hào MAGGI  hạt nêm MAGGI nấm hương  ngũ vị hương  10gr tỏi băm  1 muỗng canh đường cát. Bạn dùng đũa trộn đều  ướp thịt tối thiểu 30 phút để thịt thấm vị. | Bạn đổ dầu ăn vào nồi  đun nóng dầu thì cho lượng  tỏi băm còn lại cùng hành tím xay vào phi  lúc hành tỏi vàng thơm thì thêm thịt bò. Bạn xào thịt đến khi vừa săn thì cho sốt cà chua vào  đảo qua lại vài lần rồi tiếp tục thêm vào nước lọc sao cho sấp mặt thịt. | Bạn đun hỗn hợp cho thật sôi và vớt hết bọt rồi đó sẽ cho sả  hoa hồi cùng quế vào nồi. Vặn lửa nhỏ  bắt đầu hầm thịt trong vòng 30 phút để thịt chín mềm. Sau đó dùng đũa gắp hoa hồi và quế ra  nêm vào nồi ít dầu hào MAGGI và đường cát. Thử lại vị và nêm nếm để điều chỉnh cho hợp ý nhé! | Bạn cho cà rốt vào nồi  đun trong vòng 10 phút để cà rốt mềm và nước hầm sệt lại là có thể tắt bếp. Lúc này  bạn cho hủ tiếu vào tô  rưới lên nước sốt bò hầm nóng hổi  có thể thêm rau giá cùng ngò gai để kích thích vị giác hơn. Vậy là món Hủ Tiếu Trộn Bò Kho đã hoàn thành rồi.,https://www.maggi.com.vn/cong-thuc/hu-tieu-tron-bo-kho
Rau Củ Luộc Chấm Kho Quẹt,53 phút,2 người ăn,N/A,Mỡ Heo | Hành Tím | Tỏi Bằm | Thịt Ba Chỉ | Tôm Khô | Ớt Hiểm | 10 g Tiêu Sọ | 2 muỗng canh Đường Trắng | 6 muỗng canh MAGGI Nước Mắm,Rửa sạch thịt ba rọi với nước  dùng muối chà xát lên bề mặt thịt rồi xả lại  để ráo. Cắt thịt thành những lát mỏng vừa ăn. Mỡ heo rửa sạch  cắt hạt lựu. Bạn lột vỏ rồi cắt lát hành tím  băm tỏi thật nhuyễn. Các loại rau củ ăn kèm  bạn gọt vỏ  rửa sạch rồi để ráo nhé! | Bắc nồi đất lên bếp và bắt tay vào làm món kho quẹt thôi nào. Đầu tiên  bạn chiên phần mỡ heo đã cắt hạt lựu từ trước. Vặn lửa vừa và đảo đều tay đến khi tóp mỡ chuyển sang màu vàng nâu  nước mỡ ra khá nhiều thì vớt ra để ráo dầu. Lúc này bạn cho ớt hiểm vào chiên sơ rồi vớt ra ngay nhé! | Sử dụng phần mỡ còn lại trong nồi để phi thơm hành tím và tỏi băm. Khi hành tỏi đã dậy mùi thì bạn cho thịt ba chỉ vào xào tới khi săn lại. Nêm nếm nước mắm MAGGI và đường trắng  khuấy đều tay đến khi đường tan hẳn  nước mắm hơi sệt lại. | Cuối cùng  để hoàn thành món mắm kho quẹt  bạn thêm tiêu sọ đập dập cùng ớt hiểm đã chiên sơ vào nồi. Trong lúc chờ cho hỗn hợp kho quẹt sôi và sệt lại  bạn chuẩn bị luộc các loại rau củ ăn kèm. Khi rau củ đã chín tới  kho quẹt đã sệt lại là có mùi thơm thì tắt bếp và dọn ra. | Xếp rau củ ra dĩa lớn  múc phần kho quẹt ra dĩa nhỏ và thưởng thức hương vị vừa quen vừa lạ này thôi. Rau củ luộc chín mềm  chấm kho quẹt đậm đà  béo ngậy từ thịt ba rọi và tóp mỡ. Cách làm mắm kho quẹt đơn giản nhưng cực hao cơm đó nha!,https://www.maggi.com.vn/cong-thuc/rau-cu-luoc-cham-kho-quet
Cá Thu Sốt Ớt Đậu Taro,45 phút,4 người ăn,N/A,Cá Thu | 1/2 quả Ớt Chuông | Khoai môn | 1/2 củ Cà Rốt | 1/2 quả Dưa Leo | Đậu Lăng | 1 nhánh Gừng | 1 muỗng cà phê Tiêu Xay | 2 cây Hành Lá | Dầu Hào Maggi | Dầu ăn,Cá thu bỏ nội tạng  rửa sạch phần bụng cá. Ở hai bên sườn cá bạn để ý sẽ thấy một sợi gân màu trắng  đây là nguyên nhân làm cá có mùi tanh. Do đó khi sơ chế  bạn nhớ cắt sát phần mang cá để sợi gân lộ ra  nhớ loại bỏ phần này để cá bớt tanh khi chế biến nhé. Dùng muối hoặc nước vo gạo ngâm cá khoảng 10 phút rồi rửa sạch lại bằng nước  để ráo. Ướp cá thu với tiêu  muối  gừng băm  hành băm cho cá thấm gia vị và thơm hơn. | Cà rốt gọt vỏ  rửa sạch rồi tỉa hình hoa cho đẹp. Ớt chuông bỏ hạt  thái lát. Khoai môn rửa sạch  nấu qua nước sôi để khử phần nhựa khoai trước khi gọt vỏ  rửa sạch rồi cắt khoai thành hình quân cờ. Gừng gọt vỏ  thái sợi. Dưa leo rửa sạch  cắt chéo  hành lá cắt thành từng khúc khoảng 3cm. Đậu lăng rửa sạch  để ráo nước trước khi chế biến. | Làm nóng chảo trên bếp với dầu ăn  cho cá thu đã ướp thấm gia vị vào chiên cho đến khi cá vàng đều hai mặt thì vớt ra ngoài  để ráo dầu. | Cho cà rốt  ớt chuông  đậu với khoai môn vào chảo xào chín cùng dầu hào MAGGI. Đảo đều tay để dầu hào MAGGI thấm vào các nguyên liệu  dậy mùi thơm và vẻ ngoài bóng bẩy cho món ăn. Sau khi xào chín các loại rau củ  cho cá thu vào lại chảo  xóc đều. rồi tắt bếp. Món ăn đã hoàn thành rồi nè! | Bày cá thu sốt ớt đậu ra đĩa  trang trí thêm với dưa leo  rắc tiêu và dùng nóng. Cá thu chiên thơm  thịt cá mềm ngọt tự nhiên  đượm chút beo béo kết hợp cùng rau củ tươi  vị cay nồng nhè nhẹ của tiêu xay  càng ăn càng mê  bạn nhất định sẽ phải xiêu lòng trước món ngon này đấy!,https://www.maggi.com.vn/cong-thuc/ca-thu-sot-ot-dau-taro
Mì Xào Hải Sản,48 phút,4 người ăn,N/A,400 g Mì Trứng | Mực Ống | Tôm | 1/2 củ Cà Rốt | 1 củ Hành Tây | 10g hành lá | 5g tỏi | 5g ngò | 1 quả Cà Chua | Cần Tây | 1/2 muỗng cafe tiêu xay | 2 trái ớt | 1 muỗng canh dầu ăn | Dầu Hào Maggi,Bạn chuẩn bị nồi nước sôi có pha thêm 1 muỗng dầu ăn rồi trụng mì qua cho mềm và không bị dính  sau đó vớt ra xả qua với nước rồi để ráo. Làm sạch tôm  bỏ đầu  vỏ  chân và đuôi rồi dùng tăm tre nhẹ nhàng rút chỉ đen sau lưng tôm ra. Lột bỏ phần da bên ngoài mực  làm sạch ruột rồi cắt miếng vừa ăn. Ướp hải sản đã sơ chế với 1 muỗng canh dầu hào MAGGI cho dậy mùi thơm khi chế biến. | Cà rốt bào vỏ  rửa sạch rồi cắt sợi dài. Hành tây lột bỏ vỏ  rửa sạch rồi cắt miếng. Hành lá  ngò  cần tây cắt bỏ gốc  rửa cho sạch hết bùn đất rồi thành cắt khúc. Giã nhuyễn hành và tỏi để xào cho thơm. Cà chua rửa sạch  cắt miếng. | Làm nóng chảo với một ít dầu ăn. Cho nửa phần hành  tỏi băm vào phi vàng cho thơm rồi thêm hải sản vào xào cho đến khi bề mặt mực hơi săn lại và tôm ngả màu cam đẹp mắt. Trút ra dĩa để riêng. | Bạn dùng tiếp phần hành tỏi còn lại  cho vào chảo phi thơm  rồi thêm cần tây vào xào chín. Lần lượt trút hỗn hợp tôm mực vào cùng với hành tây  cà rốt thái sợi đảo đều trong 30 giây. Tiếp đến bạn cho mì vào xào chung  nêm nếm thêm lượng dầu hào MAGGI còn lại cho món ăn thêm thơm ngon chuẩn vị hơn. Nhanh tay cho hành lá vào đảo đều rồi tắt bếp. | Trình bày món mì xào hải sản ra đĩa  rắc thêm ít tiêu  ngò lên trên. Cà chua cắt miếng xếp lên trên  bạn có thể lấy ớt tươi tỉa hình hoa trang trí cho món ăn trông hấp dẫn hơn. Từng sợi mì dai dai hòa quyện với nước xào và hải sản đậm đà lạ miệng sẽ khiến cả nhà ngất ngây ngay từ lần đầu tiên thưởng thức.,https://www.maggi.com.vn/cong-thuc/mi-xao-hai-san
Cá Tầm Xào Thơm,57 phút,5 người ăn,N/A,Cá Tầm | 1 quả Thơm (Dứa) | 1 củ Hành Tây | 2 quả Cà Chua | 1 củ Cà Rốt | Dầu Ăn | 5 g Hành Ngò | Dầu Hào Maggi | 2 muỗng cà phê MAGGI Hạt Nêm Nấm Hương | Hành tím băm | Tỏi băm | Tiêu | Cà rốt,Cá tầm sau khi mua về bạn rửa qua với nước lạnh rồi chần cá trong nước nóng để làm trắng lớp nhớt bao quanh  dùng dao cạo sạch nhớt và rửa lại nhiều lần cho cá sạch hẳn. Để cá ráo sau đó cắt thành những miếng vừa ăn. Ướp cá tầm với hành băm  hạt nêm MAGGI nấm hương và tiêu khoảng 20 phút  lật cá để các gia vị phủ đều bạn nhé. | Cà chua rửa sạch  hành tây lột vỏ  rửa qua với nước. Cắt múi cà chua và hành tây. Thơm bạn rửa sạch rồi cắt miếng hình tam giác vừa ăn. Cà rốt gọt vỏ  rửa sạch rồi tỉa hoa  cắt tròn. Hành ngò cắt bỏ gốc  rửa sạch  cắt nhỏ. | Làm nóng dầu trên chảo sau đó cho tỏi vào phi thơm  đến khi tỏi đã vàng và dậy mùi  cho cá tầm vào xào chín rồi trút ra dĩa. Bạn cho thêm dầu ăn  tiếp tục cho cà rốt  cà chua  hành tây và thơm vào xào đều tay khoảng 5 phút cho mềm. Cho cá tầm vào xào tiếp  nêm thêm dầu hào MAGGI và đảo đều thêm khoảng 2 phút nữa rồi cho hành ngò cắt nhỏ vào  tắt bếp. | Bày món ăn ra dĩa  rắc thêm chút tiêu cho thơm và kích thích mùi vị hơn. Dùng nóng với cơm rất ngon. Cá tầm béo thịt  ngon ngọt phối ngẫu với thơm chua chua rất dậy vị và lạ miệng  ngon nói không nên lời.,https://www.maggi.com.vn/cong-thuc/ca-tam-xao-thom
Cá Cơm Xào Chua Ngọt,45 phút,2 người ăn,N/A,Cá Cơm Khô | 2 muỗng canh Nước Cốt Chanh | 1 nhánh Tỏi | 1 muỗng cà phê Vừng rang | 1/2 muỗng cà phê Đường Trắng | Dầu Ăn | Dầu Hào Maggi | 1 muỗng canh MAGGI Nước Mắm | Hành lá | Nước lọc,Cá cơm khô sau khi mua về bạn rửa qua với nước lạnh sau đó ngâm trong nước vo gạo cho mềm rồi vớt ra  để ráo. Chú ý rửa kĩ cá để loại bỏ bụi cát hay các chất bẩn bạn nhé. Bóc vỏ tỏi sau đó rửa sạch rồi đập nhuyễn. | Pha nước với nước mắm MAGGI  nước cốt chanh  tỏi đã băm nhuyễn  1 muỗng dầu hào MAGGI và đường. Khuấy cho gia vị tan đều  hòa quyện vào nhau thành một hỗn hợp màu nâu đẹp mắt  có mùi thơm. | Làm nóng chảo  bạn cho nhiều dầu ăn một chút rồi cho cá vào chiên cho cá cơm săn lại. Khi thấy cá đã vàng đều  chắt bỏ bớt phần dầu ăn trong chảo ra  đổ hỗn hợp sốt đã pha vào chảo cá. Đảo đều và đun ở lửa nhỏ cho nước cạn  quyện đều vào cá cơm. | Khi chảo cá đã gần cạn nước  cho phần dầu hào MAGGI còn lại vào  đảo đều đến khi cạn hẳn. Tắt bếp rồi trình bày ra dĩa  rắc chút vừng rang  hành lá cho thơm và đẹp mắt. Nếu ăn cay  bạn có thể cho thêm ớt tươi cho có vị thơm và the the cho món ăn. Cá cơm xào chua ngọt thơm giòn  đậm đà có vị chua ngọt rất bắt cơm  ăn cùng với cơm nóng thì không chê vào đâu được.,https://www.maggi.com.vn/cong-thuc/ca-com-xao-chua-ngot
Miến Dong Xào Lươn,52 phút,3 người ăn,N/A,Lươn | Miến Dong | Giá Đỗ | 2 củ Hành Khô | Hành Lá | 3 g Rau Răm Xắt Nhuyễn | 1 muỗng canh nước cốt chanh | 1 muỗng canh dầu ăn | 10g muối hạt | Dầu Hào Maggi | 1 muỗng canh MAGGI Nước Mắm,Lươn sau khi mua về  bạn dùng muối hạt xát lên bề mặt lươn cho đến khi sạch hẳn nhớt  xả qua với nước cho sạch rồi tiếp tục dùng nước cốt chanh bóp qua thịt lươn để khử mùi. Xả lại với nước lạnh rồi đem luộc chín  vớt ra chờ lươn nguội rồi gỡ lấy thịt để riêng. Tiếp theo  bạn băm nhỏ hành khô  phi thơm trên chảo đến khi vàng rồi cho thịt lươn vào xào với nước mắm MAGGI cho săn lại. | Ngâm miến dong trong nước cho nở rồi vớt ra  dùng kéo cắt miến dong ngắn lại cho vừa ăn. Hành và rau răm bạn nhặt lấy lá  rửa sạch rồi thái nhỏ. Bắt chảo lên bếp  xào miến với chút dầu ăn ở lửa vừa. Trong quá trình xào  thỉnh thoảng cho thêm nước để sợi miến không bị khô và ngấm đủ nước để nở căng nhưng vẫn giữ được độ dai  không bị bở mềm. Sau đó  cho giá đỗ vào xào cùng. | Khi giá xào đã có độ chín tái  cho lươn và rau răm thái nhỏ vào xào đều tay  nêm nếm món miến xào với dầu hào MAGGI cho thơm và có màu sắc đẹp mắt  hấp dẫn hơn. Đảo đều cho các nguyên liệu thấm dầu hào MAGGI rồi tắt bếp. Món ăn đã hoàn thành rồi! | Trình bày món ăn ra dĩa cho cả nhà cùng thưởng thức. Phần miến dong được xào mềm  vẫn còn chút dai dai xen lẫn chút đậm đà của dầu hào MAGGI óng ánh  thêm chút ngon ngọt của thịt lươn sẽ rất lạ miệng và thú vị cho bữa tối thay cơm đấy!,https://www.maggi.com.vn/cong-thuc/mien-dong-xao-luon
Lá Xách Xào Khế Chua,40 phút,2 người ăn,N/A,Lá Xách | 1 quả Khế | Hành Tây | 1 muỗng cà phê Ớt Sừng | 2 muỗng canh Rượu Trắng | Muối | 10g gừng | 10 g Hành Lá | 10g rau răm | 1 muỗng canh dầu ăn | 2 muỗng cà phê MAGGI Hạt Nêm Nấm Hương | 2 muỗng canh MAGGI Dầu Hào,Đầu tiên  bạn rửa lá xách với nước sau đó bóp muối để khử khuẩn và làm dịu đi mùi hôi. Bạn lưu ý bóp thật kĩ trong từng kẽ lá. Bóp muối khoảng 2 lần sau đó rửa lại với nước cho sạch rồi cho rượu vào bóp 5 phút sau đó cho cho gừng băm nhỏ vào. Gừng kết hợp với rượu sẽ làm hết mùi hôi của lá xách. Sau khi sơ chế xong  luộc chín lá xách trong 10 phút. | Khế rửa sạch  cắt bỏ phần viền nâu bên ngoài rồi cắt lát mỏng hình sao. Hành tây bỏ vỏ  cắt miếng. Hành lá  rau răm bỏ gốc  rửa sạch rồi cắt nhỏ. Khi lá xách đã chín  bạn vớt ra xả qua nước lạnh  để ráo rồi thái lát mỏng vừa ăn  ướp với hạt nêm MAGGI nấm hương cho vị đậm đà hơn. | Đun nóng một ít dầu ăn trên chảo  cho hành vào phi thơm đến khi ngả vàng thì thêm hành tây vào xào khoảng 1 phút rồi bỏ khế vào xào  bạn có thể thêm ớt sa tế nếu thích ăn cay  xào khoảng 3 phút cho các nguyên liệu chín tới. | Cuối cùng  cho lá xách vào xào nhanh tay trên lửa lớn để lá xách không bị dai  nêm nếm với dầu hào MAGGI  thêm chút hành lá  rau răm thái nhỏ và ớt lát là đã hoàn thành rồi. Bạn trình bày món xào ra đĩa  dùng nóng với cơm hay làm món ăn chơi cùng bạn bè và gia đình đều rất ngon. Lá xách dai giòn đậm đà  đượm chút chua từ khế lạ miệng  càng ăn lại càng thích đấy!,https://www.maggi.com.vn/cong-thuc/la-xach-xao-khe-chua
Chân Gà Rút Xương Xào Cần,27 phút,3 người ăn,N/A,Chân Gà Rút Xương | Hành Tây | Ớt | Cần Tây | Tỏi | Dầu Hào Maggi | Hạt Nêm Maggi Vị Gà | Tiêu xay | Dầu ăn | Bột canh,Bạn rửa các nguyên liệu thật sạch trước khi chế biến. Chuẩn bị một nồi nước sôi  chần sơ chân gà rồi vớt lên xả qua nước lạnh để tăng độ giòn. Bạn bỏ rễ  lá héo của cần tây  rửa sạch rồi cắt khúc cỡ 3cm. Hành tây lột vỏ và thái múi cau mỏng. Tỏi băm nhỏ. | Bạn đun nóng chảo dầu  phi thơm tỏi rồi cho cần tây  hành tây vào xào. Trút tiếp phần chân gà rút xương vào  thêm dầu hào MAGGI óng ánh cùng hạt nêm MAGGI 3 ngọt gà và bột canh. Xào đều tay cho chân gà chín đều và có độ bóng bắt mắt. | Trước khi tắt bếp  cho ớt thái lát vào chảo  đảo qua một lần rồi bày món Chân Gà Rút Xương Xào Cần ra dĩa  rắc lên trên một chút tiêu xay. Món ăn này thưởng thức vào ngày mưa là “hết sảy” luôn bạn nha.,https://www.maggi.com.vn/cong-thuc/chan-ga-rut-xuong-xao-chua-ngot
Thịt Ba Rọi Ram Nguyên Tảng,60 phút,5 người ăn,N/A,Thịt Ba Rọi | 2 muỗng canh Dầu Điều | Đường | Giấm Gạo | 5 cây Đầu Hành Lá | Hạt Nêm Maggi | Nước Tương Maggi | Tỏi | Gừng | Muối | Ớt xắt lát,Thịt ba rọi mua về bạn rửa sạch với nước và dùng một ít muối xát lên bề mặt thịt để khử bớt mùi. Dùng giấy hay khăn thấm khô nước rồi cho thịt ba rọi vào tô và ướp với nước tương MAGGI  1 muỗng cà phê hạt nêm MAGGI nấm hương  giấm gạo  trộn thật đều cho các mặt của thịt thấm gia vị và để khoảng 20 phút. | Gừng gọt vỏ  rửa sạch rồi cắt lát. Bóc vỏ tỏi  đập hơi dập. Đây là bí quyết giúp món ăn dậy mùi thơm ngon  tỏi không bị nhũn nát trong quá trình kho hay ram thịt  nàng nhớ nhé! | Làm nóng nồi nhỏ trên bếp  cho đường và dầu điều vào rồi khuấy đều tay cho đường tan ra và có màu nâu cánh gián đẹp mắt. Khi hỗn hợp sánh lại  bạn cho gừng  tỏi vào xào thơm rồi thêm thịt ba rọi vào nồi. Chiên sơ các mặt của miếng thịt khoảng 3 phút cho bề mặt thịt thật săn rồi đổ nước xăm xắp mặt thịt và đun sôi. | Khi nước trong nồi đã sôi  bạn hạ nhỏ lửa  nêm nếm thêm hạt nêm MAGGI nấm hương  đảo đều rồi đun liu riu trên lửa nhỏ cho đến khi thịt chín mềm. Cuối cùng  bạn cho đầu hành lá vào và tắt bếp. | Gắp Tảng thịt ba rọi ra dĩa  cắt thành những lát mỏng và dùng nóng. Thịt ram chín mềm còn nguyên vị ngọt béo  bên ngoài đậm đà  trổ màu nâu bóng đẹp mắt  ăn cùng cơm trắng với nước tương MAGGI  vài lát ớt cắt thì cực ngon và lạ miệng. Cách làm ba rọi ram nguyên tảng rất đơn giản  nàng có thể vào bếp khoe khéo tài nội trợ  chiêu đãi cả nhà đấy!,https://www.maggi.com.vn/cong-thuc/thit-ba-roi-ram-nguyen-tang
Sen Xào Tam Sắc,53 phút,10 người ăn,N/A,Củ Sen Tươi | Hạt Sen | Súp Lơ Xanh | Tôm càng | Thịt ba rọi 300g | 3 củ Hành Khô | 10 g Hành Lá | Dầu ăn 1 muỗng canh | Nước 3 muỗng canh | Muối 1 muỗng cafe | Tiêu xay 1/2 muỗng cafe | Dầu Hào Maggi | Hạt Nêm Maggi,Hạt sen bạn rửa sạch  có thể tách phần tim sen ra để không bị đắng khi ăn rồi luộc sơ qua. Củ sen gọt vỏ  rửa dưới vòi nước chảy để làm sạch bùn đất bên trong các lỗ  cắt lát và luộc chín. Cà rốt gọt vỏ  tỉa hình hoa. Bông cải cắt miếng vừa ăn  ngâm trong nước muối loãng khoảng 10 phút rồi rửa sạch. | Tôm rửa sạch sau đó luộc chín rồi bóc vỏ  bạn chừa lại phần đuôi tôm cho đẹp mắt. Thịt heo rửa qua với nước và muối để loại bỏ mùi sau đó cắt miếng vừa ăn  ướp với một ít hạt nêm MAGGI nấm hương khoảng 5 phút cho đậm đà hơn. Hành ngò rửa sạch  cắt khúc. Hành khô đập dập  băm nhỏ. | Đun sôi dầu ăn trong chảo  phi hành khô đến khi dậy mùi thơm và ngả vàng thì cho thịt heo vào đảo đều tay cho săn lại. Lần lượt cho cà rốt  bông cải vào xào  cuối cùng là hạt sen  củ sen và tôm đã luộc chín. Bạn đảo đều tay cho các nguyên liệu chín đều  có thể thêm một ít nước để món xào không bị khô  cháy nhé! | Nêm nếm hạt sen xào tôm thịt với dầu hào MAGGI và hạt nêm MAGGI nấm hương cho đậm đà và dậy vị hơn. Xốc chảo thêm vài lần cho rau củ thấm dầu hào MAGGI  có độ óng ánh đẹp mắt rồi tắt bếp. Món ăn dinh dưỡng đã hoàn thành rồi đấy. Cách làm sen xào tôm thịt không hề khó chút nào đúng không chị em? | Trình bày món ăn ra dĩa  rắc thêm chút tiêu xay và thưởng thức thôi. Hạt sen bùi mềm  củ sen giòn ăn cùng tôm thịt ngọt dai  bông cải  cà rốt tươi vừa miệng  thơm lừng dầu hào MAGGI rất ngon mà còn tốt cho sức khỏe  nàng có thể thỏa sức trổ tài chăm lo cho cả nhà nhé!,https://www.maggi.com.vn/cong-thuc/sen-xao-tam-sac
Sườn Non Rim Mắm Tỏi,55 phút,2 người ăn,N/A,Sườn non | Tỏi | Dầu Ăn | Đường trắng | Tiêu | 3 muỗng canh MAGGI Nước Mắm | Nước | Muối,Đầu tiên  bạn chặt sườn non thành miếng vừa ăn  tốt nhất là độ dài miếng sườn vào khoảng 4cm đến 5cm  rửa sạch với nước. Để món ăn chất lượng hơn  bạn chuẩn bị thêm nồi nước sôi với một chút muối rồi đem sườn chần qua để loại bỏ hết chất bẩn. Vớt sườn ra và rửa sạch lại với nước lạnh  để ráo. Bóc vỏ  băm nhuyễn 2/3 số tỏi  phần còn lại cắt lát mỏng. | Làm nóng dầu ăn trong chảo  cho tỏi băm vào chảo phi vàng rồi vớt ra để riêng. Giữ nguyên chảo trên bếp sau đó cho tỏi cắt lát vào phi đến khi ngả vàng và dậy mùi thơm thì thêm vào nước mắm MAGGI  nước lọc  đường trắng và tiêu xay. Khuấy đều tay cho đường tan hết  hỗn hợp nước mắm hòa quyện với nhau  dậy mùi thơm hấp dẫn. | Khi phần nước sốt sôi lên thì bạn cho sườn vào rim trên lửa nhỏ khoảng 20 phút. Đừng quên trở mặt thường xuyên để nước sốt áo vào những miếng sườn thêm phần đậm đà hơn. Rim sườn non đến khi nước sốt keo lại  sườn chín mềm  có màu cánh gián và óng ánh đẹp mắt thì tắt bếp. Cách làm sườn non rim mắm tỏi thật đơn giản phải không các nàng? | Dọn sườn non rim ra dĩa  rắc lên trên tỏi phi vàng rồi mời cả nhà cùng thưởng thức. Những miếng sườn thơm nức lòng  áo thêm một lớp nước sốt đậm đà  ăn với cơm trắng là miễn chê. Món quen vị lạ này rất hao cơm và ngon miệng  nàng không thể bỏ qua đâu đấy!,https://www.maggi.com.vn/cong-thuc/suon-non-rim-mam-toi
Hàu Nướng Phô Mai Dầu Hào,30 phút,6 người ăn,N/A,2 kilôgam Hàu | 120 g Phô Mai | 1 muỗng canh MAGGI Dầu Hào | Rượu trắng | Đường | Nước cốt chanh | Ớt xắt lát | Nước mắm MAGGI,Hàu sau khi mua về  bạn ngâm với nước khoảng 2 - 3 tiếng để lớp bùn đất bên ngoài mềm ra  giúp công đoạn sơ chế hàu được dễ dàng hơn. Dùng bàn chải chà rửa sạch từ phần vỏ đến miệng hàu  sau đó chần với nước nóng trong 2 phút cho dễ tách vỏ  rửa sơ qua rượu trắng khử mùi tanh rồi để ráo. | Dùng cọ phết lên thịt hàu một lớp mỏng dầu hào MAGGI rồi đặt một miếng phô mai lên mặt hàu. Bạn lặp lại thao tác này đến khi hết số lượng hàu nhé! | Bạn mở nồi chiên không dầu cho nóng khoảng 5 phút để nhiệt lượng phân bổ đều  sau đó xếp từng con hàu vào bên trong  đậy nắp lại chiên ở mức 200 độ với thời gian 5 phút. Cách để nướng hàu ngon đó là chỉ nướng đến khi hàu vừa chín tới để giữ độ ngọt và mọng nước  tránh cho hàu bị khô. | Khi hàu đã chín  bạn dọn món ăn ra dĩa và thưởng thức ngay khi còn nóng. Hàu nướng phô mai ăn kèm với một ít nước mắm đường chua cay hay ăn không đều rất ngon. Phô mai và thịt hàu béo thơm ngậy  nức lòng người thưởng thức.,https://www.maggi.com.vn/cong-thuc/hau-nuong-pho-mai-dau-hao
Sốt Chấm Gỏi Cuốn,15 phút,2 người ăn,N/A,4 muỗng canh MAGGI Nước Tương | 1 muỗng canh Tương ớt | 2 muỗng canh Nước Cốt Dừa | 1 muỗng cà phê Bơ đậu phộng | 1 muỗng cà phê Đường Trắng | 1 muỗng canh Dầu Hành Tỏi Phi | 1 muỗng canh Nước Cốt Me,Bạn cho vào 1 chén nhỏ lần lượt các loại gia vị gồm nước tương MAGGI  tương ớt  nước cốt dừa  nước cốt me  dầu hành tỏi phi  bơ đậu phộng và đường cát. Khuấy đều hỗn hợp cho hòa tan là có ngay 1 chén sốt chấm hảo hạng. | Bày chén sốt chấm cùng những cuốn gỏi đã chuẩn bị sẵn  chấm gỏi cuốn ngập sốt và từ từ cảm nhận mùi sốt thơm dịu đang lan tỏa trong vị béo của nước cốt và bơ đậu phộng thêm chút chua nhẹ của me  cay cay của tương ớt. Vị ngon đúng “đỉnh” đó bạn nha!,https://www.maggi.com.vn/cong-thuc/sot-cham-goi-cuon
Bánh Tráng Nướng Chảo,30 phút,4 người ăn,N/A,Bánh tráng | Thịt heo xay | Xúc xích | Trứng gà | Pate gan | Phô mai | Hành lá | Tép khô | Hành phi | Ớt sa tế | Tiêu xay | Dầu ăn | Hạt nêm MAGGI nấm hương | Tương ớt MAGGI,Đầu tiên  bạn làm nóng một cái chảo nhỏ với dầu ăn rồi cho thịt heo xay vào đảo đều  nêm nếm với hạt nêm MAGGI nấm hương và tiêu xay cho đậm đà. Bạn đảo khoảng 5 phút cho thịt vừa chín tới  săn lại thì múc ra để riêng. | Bắc một chiếc chảo khô lên bếp  chờ đến khi chảo đã nóng già thì cho bánh tráng vào nướng. Khi bạn thấy phần rìa bánh hơi cong lên thì cho ớt sa tế vào  dùng mặt dưới muỗng tán đều. Tiếp tục cho lên trên bề mặt bánh tráng ít hành lá  1 muỗng canh thịt heo xào  đập 1 quả trứng gà lên trên  di chuyển muỗng nhẹ nhàng để các nguyên liệu dàn đều  trứng gà không bị tràn khỏi mặt bánh. | Chờ đến khi trứng gà chín và hơi khô lại  bạn cho tiếp pate gan  1 viên phô mai  tán nhuyễn đều khắp mặt. Sau đó lần lượt rải đều lên bề mặt bánh tép khô  hành phi  xúc xích cắt xéo cho đẹp mắt. | Để món ăn thêm thơm ngon và đậm vị  bạn cho xốt mayonnaise và tương ớt MAGGI lên trên theo đường ziczac  phủ khắp mặt bánh tráng nướng. | Nhẹ nhàng dùng muỗng lớn gập bánh lại. Áp chảo giòn đều cả hai mặt bánh rồi thưởng thức. Bạn nướng đến khi hết bánh tráng và nguyên liệu  nhưng món mới thời thượng này tốt nhất là làm đến đâu ăn đến đó để cảm nhận được vị giòn rụm của bánh kèm với vị béo  mặn ngọt hài hòa từ các nguyên liệu bạn nhé! Đừng quên ăn kèm với tương ớt MAGGI cay mát  đảm bảo món nhà làm ngon như nhà hàng luôn đó nha!,https://www.maggi.com.vn/cong-thuc/banh-trang-nuong-chao
Gỏi Tôm Thịt,80 phút,2 người ăn,N/A,100 g Tôm | 200 g Củ Hũ Dừa | 100 g Cà Rốt | 20 g Rau Răm | 10 g Hành Phi Giòn | 10 g Đậu Phộng Rang | 5 g Ngò Gai | 10 g Ớt Bằm | 80 g Đường Trắng | 2 muỗng canh Nước cốt chanh | 4 muỗng canh MAGGI Nước Mắm | Tỏi băm | Muối | 100g Thịt lợn  tươi  nhiều loại thịt và phụ phẩm  gan  nấu chín  om,Đầu tiên  bạn gọt vỏ cà rốt và dưa leo  rửa sạch rồi thái thành lát mỏng vừa ăn. Độ dài khoảng 7cm là vừa đẹp. Với dưa leo  nhớ loại bỏ phần ruột bên trong để món gỏi không bị ướt và dưa được ngon  giòn hơn. Củ hủ dừa bạn nên nạo sạch lớp vỏ ngoài  rửa sạch với nước rồi thái thành những lát mỏng vừa ăn. Ngâm phần củ hũ dừa đã thái trong nước đá lạnh có hòa cùng nước cốt chanh tươi để giữ độ trắng  giòn khi thưởng thức. | Rửa thịt ba chỉ và tôm với nước và một ít muối  sau đó bắc lên bếp luộc chín thịt với nước lạnh. Lưu ý là bạn phải để phần thịt luộc ngập trong nước  như vậy thịt sẽ chín từ từ và không bị thâm. Sau khi thịt đã chín  ngâm thịt vào tô nước lạnh để giữ độ trắng. Tiếp tục luộc tôm với nước thịt vừa dùng  bạn chỉ nên luộc khoảng 3 phút để tôm vừa chín tới  có màu đỏ đẹp mắt. Đừng luộc tôm quá lâu sẽ làm tôm bị khô và mất vị ngon ngọt tự nhiên. Ngâm tôm vào nước lạnh để tôm giòn dai  dễ bóc vỏ. | Khi tôm và thịt đã nguội  vớt ra để ráo nước một chút. Bạn thái thịt ba chỉ thành những miếng mỏng vừa ăn. Không nên cắt quá dày sẽ làm thịt khó thấm gia vị trộn gỏi. Với tôm  bạn bóc vỏ và giữ lại phần đuôi cho đẹp mắt. | Nước mắm trộn gỏi chính là yếu tố quyết định và là linh hồn của các món gỏi. Bắt tay vào làm thôi! Bắc nồi hoặc chảo lên bếp  cho nước mắm MAGGI vào với 4 muỗng canh nước lọc  đường trắng rồi đun sôi liu riu. Trộn đều tay để đường tan hết và hỗn hợp nước mắm keo sệt lại thì tắt bếp  để nguội. Khi nước mắm đã nguội hẳn  bạn thêm tỏi băm  ớt băm và nước cốt chanh vào  khuấy đều cho hòa quyện. Hỗn hợp nước mắm sánh kẹo và thơm  ngọt  mặn chua chua vừa miệng là chuẩn vị. | Để ráo hẳn củ hũ dừa  dưa leo và cà rốt trước khi tiến hành trộn gỏi bạn nhé. Nếu phần nguyên liệu chưa ráo thì khi trộn gỏi tôm thịt sẽ bị ướt và kém giòn. Cho củ hũ dừa  dưa leo  cà rốt và tôm thịt vào chung một tô  rưới nước mắm lên trên rồi trộn đều tất cả cho thấm. Nên trộn thật nhẹ tay để tránh cho rau củ bị nát và làm món gỏi chảy nước  kém ngon. | Cuối cùng  bạn thêm rau răm cắt nhỏ  ngò gai  đậu phộng rang và hành phi giòn  trộn đều một lần nữa là đã có thể bày ra đĩa thưởng thức rồi. Món gỏi tôm thịt củ hũ dừa giòn giòn lạ miệng  chua ngọt hài hòa kết hợp với tôm thịt  đậu phộng rang béo bùi sẽ khiến bạn ăn mãi không ngừng. Món gỏi rất hợp ăn cùng bánh phồng tôm chiên  cả nhà sẽ gật gù khi thưởng thức đấy!,https://www.maggi.com.vn/cong-thuc/goi-tom-thit
Bồ Câu Xào Lăn,45 phút,3 người ăn,N/A,500 g Bồ Câu | 1 quả Ớt Trái | 5 g Tỏi | 100 g Lạc Rang | 1/2 muỗng cà phê Đường | 1 gói Bột Cà Ri | 1 gói Phồng Tôm | 1/2 muỗng canh MAGGI Nước Mắm | 1 muỗng canh MAGGI Dầu Hào | Sả cây | Tiêu,Bồ câu làm sạch lông và ruột  rửa sạch với nước  để ráo rồi sau đó băm nhuyễn. Sả cây bóc bỏ phần vỏ già bên ngoài  rửa sạch sau đó băm nhuyễn với hành và tỏi. Rang chín đậu phộng rồi để nguội cho lớp vỏ dễ bóc hơn. Giã nhỏ đậu phộng chứ đừng giã nát bạn nhé. Bánh phồng tôm chiên rồi vớt ra cho ráo dầu. | Làm nóng chảo rồi đun cho dầu sôi  bạn kiểm tra thấy đầu đũa gỗ khi nhúng vào dầu có bong bóng nhỏ sủi lên thì cho hành  tỏi  sả băm nhuyễn vào xào cho thơm. Tiếp đến bạn cho thịt bồ câu bằm nhuyễn vào xào  thêm bột cà ri để món ăn thơm ngon đúng điệu. | Đảo đều cho bột cà ri hòa quyện cùng thịt  nêm thêm dầu hào MAGGI  nước mắm MAGGI  tiêu  đường và điều chỉnh sao cho phù hợp với khẩu vị của bạn. | Khi thịt đã chín tới  cho đậu phộng rang giã nhỏ vào rồi bày món ăn ra đĩa. Rắc rau ngổ và ớt trái đã rửa sạch thái nhỏ lên mặt món ăn cho thơm và đượm vị cay nồng. Bồ câu xào lăn ăn kèm bánh phồng chiên hay bánh tráng nướng đều rất ngon. Thịt chim ra ràng mềm béo  thơm lừng mùi hành  sả và cà ri  bùi bùi của đậu phộng  vừa ngon vừa dinh dưỡng.,https://www.maggi.com.vn/cong-thuc/bo-cau-xao-lan
Tôm Bằm Xúc Bánh Tráng,35 phút,4 người ăn,N/A,600 g Tôm Sú | 10 g Sả Băm | 1/4 muỗng cà phê Ớt Bột | 10 g Tiêu Xanh | 5 g Ngò Rí | 1 quả Ớt Sừng | 1 quả Cà Rốt | 1 muỗng cà phê Đường Trắng | 1 muỗng canh Đậu Phộng Rang | 1 muỗng canh Dầu Hành Tỏi Phi | 1 muỗng canh MAGGI Nước Mắm | 2 muỗng canh Tương ớt | 1 muỗng cà phê MAGGI Dầu Hào | Bánh tráng | Nước cốt chanh | Hạt nêm MAGGI nấm hương,Bạn lột bỏ vỏ và đầu tôm  dùng tăm tre nhẹ nhàng rút phần chỉ đen ở lưng  lau khô rồi cắt hạt lựu nhỏ. Rau ngò rí rửa sạch  cắt nhỏ. Bánh tráng dùng kéo cắt miếng hình tam giác vừa ăn  nướng bánh tráng trên than hồng đến khi chín giòn  có màu vàng ươm đẹp mắt. Tiêu xanh bỏ cuống  rửa sạch hạt rồi băm hoặc giã nhuyễn. Ớt sừng cắt lát mỏng  đậu phộng rang xát vỏ  giã nhỏ. | Ướp tôm với các gia vị gồm nước mắm MAGGI  hạt nêm MAGGI nấm hương  dầu hào MAGGI  bột ớt  sả băm. Trộn đều và để khoảng 5 phút cho tôm thấm gia vị đậm đà hơn. | Làm nóng chảo dầu tỏi  cho tôm đã ướp vào xào cho săn lại. Khi tôm vừa chín tới  chuyển sang màu đỏ hồng thì bạn cho đậu phộng  tiêu và ngò gai vào xào đều rồi tắt lửa. Bạn xào tôm nhanh trên lửa vừa  không nên xào quá lâu để tránh tôm bị khô lại nhé! | Món tôm bằm xào ngon khi ăn cùng nước chấm. Bạn pha nước chấm gồm tương ớt  nước cốt chanh và vài lát ớt sừng. Khuấy đều cho nước chấm tan  có vị chua ngọt  cay nhẹ là được. | Xếp bánh tráng nướng ra dĩa  cho tôm bằm xào lên trên  trang trí thêm ớt sừng cắt lát và ngò rí là sẵn sàng thưởng thức rồi đấy. Tôm sú giòn ngọt  được xào chín tới vẫn còn cảm giác mọng nước trong miệng khi ăn. Bánh tráng nướng giòn tan  ăn cùng tôm bằm thời thượng và mới lạ sẽ khiến mọi người trầm trồ đó nha!,https://www.maggi.com.vn/cong-thuc/tom-bam-xuc-banh-trang
Ngan Nướng Sả Riềng Mẻ,57 phút,,N/A,50 g Dầu Hào MAGGI | 30 g Nước tương MAGGI Đậm Đặc | 10 g Hạt nêm MAGGI | 15 g Đường cát | 2 kilôgam Thịt ngan nguyên con làm sạch | 60 g Dầu Ăn | 20 g Riềng băm | 20 g Sả Băm | 30 g Hành tím băm | 20 g Tỏi băm | 30 g Cơm mẻ | 10 g Mắm tôm,Để sơ chế “nhân vật chính” của món ăn hôm nay  đầu tiên  bạn chặt thịt ngan thanh miếng vừa ăn  nếu có thời gian bạn có thể lóc phi lê thịt ngan để tránh xương nhé! Tiếp theo  bạn hãy dùng muối hoặc chanh chà xát khắp thân ngan và nhớ dùng tay bóp kỹ để các chất nhờn  chất bẩn  mùi hôi trong lỗ chân lông ngan tiết ra ngoài. Cuối cùng  bạn đem ngan rửa lại với nước cho thật sạch rồi vớt ra để ráo. | Muốn làm nên hương vị đặc trưng của món Ngan Nướng Sả Riềng Mẻ  bạn cho hết tất cả riềng  sả  hành  tỏi  nước cơm mẻ vào máy xay  xay nhuyễn thành hỗn hợp nhỏ. | Bí quyết ướp thịt để giữ được hương vị đặc trưng Hà Nội cho món Ngan Nướng Sả Riềng Mẻ  mà vẫn tạo được sự khác biệt của riêng bạn là đây. Cho thịt ngan vào một bát (tô) lớn  sau đó thêm vào các nguyên liệu gồm: dầu hào MAGGI  nước tương MAGGI đậm đặc  hạt nêm MAGGI  đường  mắm tôm  dầu ăn và hỗn hợp vừa xay nhuyễn. Bạn nhớ trộn đều tay và ướp tầm 10 phút cho thịt ngan ngấm gia vị  rồi xiên thành các xâu thịt bằng nhau hoặc kẹp thịt vào vỉ nướng nhé! | Trước khi nướng thịt  bạn hãy khởi động lò nướng khoảng 15 phút cho nóng lò. Sau đó  cho thịt ngan vào lò và bắt đầu nướng trong khoảng 15 - 20 phút. Trong lúc nướng nhớ thăm chừng và đảo mặt thịt nướng đều 2 mặt. Lưu ý  không nên nướng thịt ngan quá lâu vì như thế sẽ làm thịt ngan cháy hoặc bị nhão. | Thịt sau khi đã nướng chín  bạn lấy ra cho vào dĩa  trang trí cùng ít rau ngò cho đẹp mắt. Vậy là món Ngan Nướng Sả Riềng Mẻ thơm lừng  đậm vị với công thức khác biệt từ MAGGI đã hoàn thành rồi. Và đừng quên chuẩn bị thêm chén cơm nóng để ăn cùng là hết sảy đấy nhé!,https://www.maggi.com.vn/cong-thuc/ngan-nuong-sa-rieng-me
Miến Lươn Trộn,60 phút,,N/A,400 g Lươn con to | 200 g Miến | 15 g Muối | 60 g Bột Chiên Giòn | 10 g Gừng tươi | 5 g Rau thơm | 5 g Đậu Phộng Rang | 2 g Hành phi | 20 g Dưa giá cà rốt chua ngọt | 30 g Nước nóng | 30 g Giấm Gạo | 15 g Dầu Hào MAGGI | 13 g Hạt nêm MAGGI | 30 g Nước tương MAGGI | 60 g Đường cát | 1 gam Ớt Bột | 2 g Tiêu Sọ,Lươn sau khi mua về  bạn cho muối vào xóc đều để lươn tự quẫy nhả nhớt. Tiếp theo  bạn dùng nước nóng 50-70°C dội xả 1 lượt nữa cho lươn sạch hết nhớt  rồi rửa lại bằng nước lạnh nhiều lần. Sau khi lươn đã sạch  bạn tiến hành phi lê lươn  để riêng phần xương với phần thịt. Với thịt  bạn tiếp tục cắt sợi vừa ăn. | Ăn Miến Lươn Trộn thì không thể nào thiếu phần nước súp ngọt thanh ăn kèm. Để chế biến  bạn cho phần xương lươn vừa lóc ở trên  hầm với gừng cắt lát trong lửa nhỏ tầm 15 phút. Sau đó  vớt xương ra và nêm 10gr hạt nêm MAGGI cho 500ml nước dùng. | Phần thịt lươn đã cắt sợi bạn cho vào tô  nêm thêm lượng hạt nêm MAGGI còn lại  10gr dầu hào và tiêu  rồi dùng muỗng trộn đều cho gia vị thấm vào thịt. Tiếp theo  cho tiếp bột chiên giòn vào tô lươn  trộn đều lần nữa để từng miếng thịt lươn được lớp áo bột mỏng bên ngoài. Để hoàn thành phần thịt lươn giòn tan  đậm đà ăn cùng miến  bạn đun nóng chảo dầu  cho lươn vào chiên đến khi vàng giòn  vớt lươn ra để ráo dầu là được nhé! | Muốn món Miến Lươn Trộn vừa giữ được nét đặc trưng của món ăn Bắc Trung Bộ  mà vẫn tạo được sự khác biệt tích cực thì phải lưu ngay công thức nước sốt trộn đặc biệt này nhé  bạn ơi! Cho tất cả nguyên liệu gồm: Nước nóng  dấm gạo  dầu hào MAGGI  nước tương MAGGI  đường cát  ớt bột  tiêu sọ vào chén (bát) khuấy đều tay đền khi tan  hòa quyện hết vào nhau. | Vậy là món Miến Lươn Trộn sắp “ra lò” rồi  chỉ còn thiếu mỗi phần miến thôi. Bạn nhanh tay cho nước vào nồi  đun sôi và thêm vào 1 muỗng canh dầu ăn. Tiếp đến  bạn cho miến vào nồi trụng khoảng 3 phút  vớt ra để ráo. Mách bạn mẹo nhỏ để món miến trộn không bị dính nhau là thêm 1 ít nước dùng vào miến sau khi trụng và nhớ trộn đều với nhau nhé! | Đây  món Miến Lươn Trộn bắt miệng đã sẵn sàng phục vụ cả nhà bạn rồi đây. Hãy xếp miến vừa được chế biến vào tô  thêm lươn chiên giòn  rau thơm  dưa giá cà rốt chua ngọt  đậu phộng rang  hành phi và chan nước sốt công thức “bí truyền” từ MAGGI vào là đảm bảo cả nhà phải trầm trồ về tài nấu nướng của bạn đấy. Và đừng quên thêm 1 chén nước súp thanh nhẹ được hầm lúc nãy để ăn cùng nữa nhé!,https://www.maggi.com.vn/cong-thuc/mien-luon-tron
Cua Rang Sốt Tía Tô,28 phút,,N/A,500 g Cua sống | 5 g Rượu hoa hồi | 20 g Đường | 5 g Dầu Mè | 10 g Nước gia vị cô đặc MAGGI | 15 g Dầu Hào MAGGI | 48 g Sốt tương ngọt (hoisin) | 15 g Chao đỏ | 135 g Chao trắng loại | 1.5 g Bột cam thảo | 10 g Ngũ Vị Hương | 30 g Hành tím | 30 g Tỏi băm | 30 g Gừng | 10 g Lá tía tô,Cua sống mua về bạn chà và rửa sạch với nước  rồi chặt mỗi con thành 4 phần đều nhau. Với tía tô  bạn lặt lấy lá  rửa với nước sạch  vớt ra để ráo nước  su đó cắt thành sợi mỏng. | Để chế biến phần nước sốt vừa giữ được hương vị đặc trưng vùng Đông Bắc  vừa tạo được sự khác biệt cho món Cua Rang Sốt Tía Tô bạn hãy ghi chú ngay lại công thức sau! Bắc chảo lên bếp  cho vào 1 ít dầu ăn  đợi dầu nóng nhanh tay bỏ vào 1/2 hành  tỏi  gừng xào cho thơm. Tiếp theo  cho hết các gia vị còn lại gồm: rượu hoa hồi  đường  dầu mè  nước gia vị MAGGI  dầu hào MAGGI  sốt tương ngọt (hoisin)  chao đỏ  chao trắng  bột cam thảo  ngũ vị hương vào đảo đều tay để hỗn hợp hòa quyện vào nhau. Lúc này  bạn có thể gia giảm phần gia vị sao cho vừa ăn  rồi tắt bếp cho ra bát (chén) nhé! | Sau khi đã chuẩn bị xong phần nước sốt xào  bạn bắt lên bếp 1 chảo khác  đổ ngập dầu  chờ dầu nóng thì thả từ từ phần cua đã sơ chế lúc nãy nào chiên với lửa lớn. Cua chiên đã chín và thơm lừng thì bạn nhanh tay vớt cua ra để ráo nhé! | Đến phần chế biến quan trọng nhất của món Cua Rang Sốt Tía Tô đây. Bạn hãy tiếp tục bắt chảo dầu lên bếp  phi thơm 1/2 hành  tỏi  gừng còn lại  rôi cho cua và nước sốt chế biến phía trên vào vừa đủ. Ở bước này  bạn nhớ đảo đều tay để cua thấm đều phần nước sốt “bí truyền”. Sau đó  cho lá tía tô vào xào sơ lại  nêm nếm lần nữa để vừa ăn là bạn có thể tắt bếp rồi đấy. | Để món ăn thêm phần hấp dẫn  bạn xếp cua ra dĩa  rưới nước sốt đều xung quanh và trang trí thêm với là tía tô. Bạn có thể ăn món Cua Rang Sốt Tía Tô với cơm và nhớ thưởng thức ngay khi còn nóng để cảm nhận trọn vị tươi  ngọt  săn chắc của thịt cua hòa quyện nước sốt sánh đặc  đậm đà và hương thơm nhẹ từ lá tía tô nhé!,https://www.maggi.com.vn/cong-thuc/cua-rang-sot-tia-to
Sườn Kho Nước Tương Quả Vả,40 phút,,N/A,4 muỗng canh Nước tương MAGGI | 1 Muỗng cà phê Dầu Hào MAGGI | 500 g Sườn non heo | 1 muỗng canh Tỏi băm | 1 muỗng canh Sả băm | 2 muỗng canh Dầu Ăn | 2 muỗng canh Đường | 1 gam Tiêu xay | 1 gam Tiêu xay | 500 ml Nước lọc | 200 g Quả vả,Sườn non mua về bạn chặt thành miếng vừa ăn. Tiếp theo  rửa qua nước muối rồi rửa lại lần nữa bằng nước sạch  vớt ra rổ cho ráo nước hẳn. Trái vả gọt vỏ  rửa sạch  cắt thành làm 4  nếu quả lớn bạn có thể cắt làm 8 nhé! | Để pha phần nước gia vị cho món kho ngon đúng vị mà vẫn khác biệt  MAGGI bật mí công thức sau đây. Bạn cho tất cả nguyên liệu gồm: nước tương MAGGI  dầu hào MAGGI  1 muỗng canh đường  tiêu xay và nước lọc vào chén  rồi dùng muỗng khuấy đều để các gia vị hòa quyện đều vào nhau. | Món Sườn Kho Nước Tương Quả Vả sẽ là thiếu sót nếu thiếu màu nâu sậm óng ánh từ nước màu. Bạn bắc chảo nhỏ lên bếp cho nóng  rồi cho vào 1 muỗng đường  khuấy đều tay đến khi đường chuyển thành màu nâu cánh gián thì cho ngay 1 ít nước lọc vào. | Bước quan trọng làm nên Sườn Kho Nước Tương Quả Vả đậm đà  lạ miệng đây. Bạn đun nóng dầu ăn trong chảo  sau đó thêm sả băm  tỏi băm vào phi thơm cùng với sườn. Tiếp theo  cho nước màu và chén gia vị bên trên vào mở lửa lớn  vớt bọt bỏ  rồi vặn nhỏ lửa nấu đến khi nước kho còn 1/2 thì cho quả vả vào kho tiếp đến khi thịt chín và phần nước kho sệt lại thì tắt bếp. | Cho Sườn Kho Nước Tương Quả Vả ra dĩa  rắc thêm một ít tiêu lên trên cho dậy mùi. Món này hãy ăn khi còn nóng và dùng với cơm trắng  có thêm chén nước tương MAGGI chấm cùng thì tuyệt vời luôn nhé.,https://www.maggi.com.vn/cong-thuc/suon-kho-nuoc-tuong-qua-va
Thịt đà điểu làm món gì ngon? Công thức đà điểu xào sả lá chanh,30 phút,3 người ăn,N/A,Thịt Đà Điểu | Hành Tây | Sả Cây | Dầu Ăn | Tỏi Băm | Ớt Băm | Tiêu | Dầu Hào Maggi | Hạt Nêm Maggi | Nước Mắm Maggi | 6 lá Lá chanh,Bạn rửa thịt đà điểu rồi cắt lát mỏng vừa. Lưu ý  để cắt thịt dễ hơn  hãy làm lạnh thịt trước khi cắt. Tiếp đó  cần ướp thịt đà điểu với 1 muỗng canh dầu hào MAGGI  hạt nêm MAGGI nấm hương  nước mắm MAGGI  1/2 muỗng tỏi băm  cùng 1 muỗng cà phê sả và ớt đã băm nhỏ  thêm chút tiêu. Trộn đều và ướp trong 15 phút. Đối với hành tây  bạn lột vỏ  rửa sạch rồi thái múi cau. Riêng lá chanh sau khi rửa nước sẽ thái sợi chỉ nhuyễn. | Đổ dầu vào chảo  đun sôi thì phi thơm phần tỏi băm cùng sả băm còn lại. Tiếp đến sẽ cho thịt đà điểu vào  xào liên tục trong khoảng 3 phút thì nêm thêm phần dầu hào MAGGI còn lại  đảo đều  thử vị thấy vừa thì thêm hành tây vào  xào hành cho vừa chín tới. | Bạn cho lá chanh vừa thái vào chảo  đảo qua một lần là có thể tắt bếp. Cho món ăn ra dĩa  trang trí thêm ớt thái lát lên trên bề mặt. Món ngon dùng kèm với cơm nóng và có thể chấm cùng nước tương MAGGI. Thịt đà điểu đậm vị hài hòa cùng lá chanh thơm nồng  sẽ làm hài lòng đến cả những vị khách khó tính nhất.,https://www.maggi.com.vn/cong-thuc/thit-da-dieu-xao-ot-sa-la-chanh
Su hào xào cà rốt thập cẩm,42 phút,2 người ăn,N/A,Dầu hào Maggi | 1 muỗng cà phê MAGGI Hạt Nêm Nấm Hương | Thịt thăn xay | 1 củ Su Hào | 1/2 củ Cà Rốt | Miến | Hành lá | Hành khô | Tiêu xay | Dầu ăn | 10 g Rau mùi,Để làm món su hào xào cà rốt thập cẩm  trước tiên bạn rửa sạch thịt thăn  vớt ra để ráo. Sau đó  xay nhỏ thịt và ướp với 1 muỗng dầu hào MAGGI để tăng vị đậm đà. | Su hào và cà rốt gọt vỏ  rửa sạch  bào sợi nhỏ hoặc thái bằng dao. Miến ngâm mềm  cắt khúc. Nấm hương  hành lá  rau mùi bỏ gốc  cắt nhỏ. Hành khô thái lát mỏng. | Phi thơm hành  xào nấm và thịt thăn rồi để riêng. Tiếp đến  xào su hào  cà rốt với hạt nêm MAGGI nấm hương  rồi cho miến và dầu hào MAGGI vào đảo đến khi chín. | Cho thịt  nấm vào chảo  thêm dầu hào MAGGI xào thêm 2 phút để thấm đều gia vị. Rắc hành lá  rau mùi  hạt tiêu. Su hào xào cà rốt thập cẩm thơm ngon đã sẵn sàng! | Trình bày ra dĩa và thưởng thức. Món su hào xào cà rốt thập cẩm thơm lừng  tốt cho sức khỏe và vóc dáng  thích hợp cho những ai yêu thích món ăn thanh đạm.,https://www.maggi.com.vn/cong-thuc/su-hao-xao-thap-cam
Hủ Tiếu Trộn Bò Kho,60 phút,3 người ăn,N/A,Hủ Tiếu Khô | Thịt Nạm Bò | Cà Rốt | Sốt Cà Chua | Tỏi Băm | Hành Tím Băm | 2 nhánh Sả Cây | 1 cái Hoa Hồi | 1 thanh Quế | 1 1/2 muỗng canh Đường Trắng | Dầu Ăn | Hành lá | Ngò gai | Rau giá | 1 muỗng cà phê Ngũ Vị Hương | 1 muỗng canh MAGGI Hạt Nêm Nấm Hương | Dầu hào Maggi,Bạn rửa thịt bò cho sạch rồi thái thịt thành từng khối vuông cạnh 2cm. Nấu nước sôi  chần sơ hủ tiếu trong vòng 1 phút thì vớt lên xả dưới vòi nước. Đối với cà rốt  bào hết vỏ  cắt khúc hình chữ nhật dài 2cm. Sả bỏ bớt lá  đập dập rồi băm nhuyễn. | Cho thịt bò đã thái vào tô cùng lần lượt các loại gia vị như 1 muỗng canh dầu hào MAGGI  hạt nêm MAGGI nấm hương  ngũ vị hương  10gr tỏi băm  1 muỗng canh đường cát. Bạn dùng đũa trộn đều  ướp thịt tối thiểu 30 phút để thịt thấm vị. | Bạn đổ dầu ăn vào nồi  đun nóng dầu thì cho lượng  tỏi băm còn lại cùng hành tím xay vào phi  lúc hành tỏi vàng thơm thì thêm thịt bò. Bạn xào thịt đến khi vừa săn thì cho sốt cà chua vào  đảo qua lại vài lần rồi tiếp tục thêm vào nước lọc sao cho sấp mặt thịt. | Bạn đun hỗn hợp cho thật sôi và vớt hết bọt rồi đó sẽ cho sả  hoa hồi cùng quế vào nồi. Vặn lửa nhỏ  bắt đầu hầm thịt trong vòng 30 phút để thịt chín mềm. Sau đó dùng đũa gắp hoa hồi và quế ra  nêm vào nồi ít dầu hào MAGGI và đường cát. Thử lại vị và nêm nếm để điều chỉnh cho hợp ý nhé! | Bạn cho cà rốt vào nồi  đun trong vòng 10 phút để cà rốt mềm và nước hầm sệt lại là có thể tắt bếp. Lúc này  bạn cho hủ tiếu vào tô  rưới lên nước sốt bò hầm nóng hổi  có thể thêm rau giá cùng ngò gai để kích thích vị giác hơn. Vậy là món Hủ Tiếu Trộn Bò Kho đã hoàn thành rồi.,https://www.maggi.com.vn/cong-thuc/hu-tieu-tron-bo-kho
Rau Củ Luộc Chấm Kho Quẹt,53 phút,2 người ăn,N/A,Mỡ Heo | Hành Tím | Tỏi Bằm | Thịt Ba Chỉ | Tôm Khô | Ớt Hiểm | 10 g Tiêu Sọ | 2 muỗng canh Đường Trắng | 6 muỗng canh MAGGI Nước Mắm,Rửa sạch thịt ba rọi với nước  dùng muối chà xát lên bề mặt thịt rồi xả lại  để ráo. Cắt thịt thành những lát mỏng vừa ăn. Mỡ heo rửa sạch  cắt hạt lựu. Bạn lột vỏ rồi cắt lát hành tím  băm tỏi thật nhuyễn. Các loại rau củ ăn kèm  bạn gọt vỏ  rửa sạch rồi để ráo nhé! | Bắc nồi đất lên bếp và bắt tay vào làm món kho quẹt thôi nào. Đầu tiên  bạn chiên phần mỡ heo đã cắt hạt lựu từ trước. Vặn lửa vừa và đảo đều tay đến khi tóp mỡ chuyển sang màu vàng nâu  nước mỡ ra khá nhiều thì vớt ra để ráo dầu. Lúc này bạn cho ớt hiểm vào chiên sơ rồi vớt ra ngay nhé! | Sử dụng phần mỡ còn lại trong nồi để phi thơm hành tím và tỏi băm. Khi hành tỏi đã dậy mùi thì bạn cho thịt ba chỉ vào xào tới khi săn lại. Nêm nếm nước mắm MAGGI và đường trắng  khuấy đều tay đến khi đường tan hẳn  nước mắm hơi sệt lại. | Cuối cùng  để hoàn thành món mắm kho quẹt  bạn thêm tiêu sọ đập dập cùng ớt hiểm đã chiên sơ vào nồi. Trong lúc chờ cho hỗn hợp kho quẹt sôi và sệt lại  bạn chuẩn bị luộc các loại rau củ ăn kèm. Khi rau củ đã chín tới  kho quẹt đã sệt lại là có mùi thơm thì tắt bếp và dọn ra. | Xếp rau củ ra dĩa lớn  múc phần kho quẹt ra dĩa nhỏ và thưởng thức hương vị vừa quen vừa lạ này thôi. Rau củ luộc chín mềm  chấm kho quẹt đậm đà  béo ngậy từ thịt ba rọi và tóp mỡ. Cách làm mắm kho quẹt đơn giản nhưng cực hao cơm đó nha!,https://www.maggi.com.vn/cong-thuc/rau-cu-luoc-cham-kho-quet
Cá Thu Sốt Ớt Đậu Taro,45 phút,4 người ăn,N/A,Cá Thu | 1/2 quả Ớt Chuông | Khoai môn | 1/2 củ Cà Rốt | 1/2 quả Dưa Leo | Đậu Lăng | 1 nhánh Gừng | 1 muỗng cà phê Tiêu Xay | 2 cây Hành Lá | Dầu Hào Maggi | Dầu ăn,Cá thu bỏ nội tạng  rửa sạch phần bụng cá. Ở hai bên sườn cá bạn để ý sẽ thấy một sợi gân màu trắng  đây là nguyên nhân làm cá có mùi tanh. Do đó khi sơ chế  bạn nhớ cắt sát phần mang cá để sợi gân lộ ra  nhớ loại bỏ phần này để cá bớt tanh khi chế biến nhé. Dùng muối hoặc nước vo gạo ngâm cá khoảng 10 phút rồi rửa sạch lại bằng nước  để ráo. Ướp cá thu với tiêu  muối  gừng băm  hành băm cho cá thấm gia vị và thơm hơn. | Cà rốt gọt vỏ  rửa sạch rồi tỉa hình hoa cho đẹp. Ớt chuông bỏ hạt  thái lát. Khoai môn rửa sạch  nấu qua nước sôi để khử phần nhựa khoai trước khi gọt vỏ  rửa sạch rồi cắt khoai thành hình quân cờ. Gừng gọt vỏ  thái sợi. Dưa leo rửa sạch  cắt chéo  hành lá cắt thành từng khúc khoảng 3cm. Đậu lăng rửa sạch  để ráo nước trước khi chế biến. | Làm nóng chảo trên bếp với dầu ăn  cho cá thu đã ướp thấm gia vị vào chiên cho đến khi cá vàng đều hai mặt thì vớt ra ngoài  để ráo dầu. | Cho cà rốt  ớt chuông  đậu với khoai môn vào chảo xào chín cùng dầu hào MAGGI. Đảo đều tay để dầu hào MAGGI thấm vào các nguyên liệu  dậy mùi thơm và vẻ ngoài bóng bẩy cho món ăn. Sau khi xào chín các loại rau củ  cho cá thu vào lại chảo  xóc đều. rồi tắt bếp. Món ăn đã hoàn thành rồi nè! | Bày cá thu sốt ớt đậu ra đĩa  trang trí thêm với dưa leo  rắc tiêu và dùng nóng. Cá thu chiên thơm  thịt cá mềm ngọt tự nhiên  đượm chút beo béo kết hợp cùng rau củ tươi  vị cay nồng nhè nhẹ của tiêu xay  càng ăn càng mê  bạn nhất định sẽ phải xiêu lòng trước món ngon này đấy!,https://www.maggi.com.vn/cong-thuc/ca-thu-sot-ot-dau-taro
Mì Xào Hải Sản,48 phút,4 người ăn,N/A,400 g Mì Trứng | Mực Ống | Tôm | 1/2 củ Cà Rốt | 1 củ Hành Tây | 10g hành lá | 5g tỏi | 5g ngò | 1 quả Cà Chua | Cần Tây | 1/2 muỗng cafe tiêu xay | 2 trái ớt | 1 muỗng canh dầu ăn | Dầu Hào Maggi,Bạn chuẩn bị nồi nước sôi có pha thêm 1 muỗng dầu ăn rồi trụng mì qua cho mềm và không bị dính  sau đó vớt ra xả qua với nước rồi để ráo. Làm sạch tôm  bỏ đầu  vỏ  chân và đuôi rồi dùng tăm tre nhẹ nhàng rút chỉ đen sau lưng tôm ra. Lột bỏ phần da bên ngoài mực  làm sạch ruột rồi cắt miếng vừa ăn. Ướp hải sản đã sơ chế với 1 muỗng canh dầu hào MAGGI cho dậy mùi thơm khi chế biến. | Cà rốt bào vỏ  rửa sạch rồi cắt sợi dài. Hành tây lột bỏ vỏ  rửa sạch rồi cắt miếng. Hành lá  ngò  cần tây cắt bỏ gốc  rửa cho sạch hết bùn đất rồi thành cắt khúc. Giã nhuyễn hành và tỏi để xào cho thơm. Cà chua rửa sạch  cắt miếng. | Làm nóng chảo với một ít dầu ăn. Cho nửa phần hành  tỏi băm vào phi vàng cho thơm rồi thêm hải sản vào xào cho đến khi bề mặt mực hơi săn lại và tôm ngả màu cam đẹp mắt. Trút ra dĩa để riêng. | Bạn dùng tiếp phần hành tỏi còn lại  cho vào chảo phi thơm  rồi thêm cần tây vào xào chín. Lần lượt trút hỗn hợp tôm mực vào cùng với hành tây  cà rốt thái sợi đảo đều trong 30 giây. Tiếp đến bạn cho mì vào xào chung  nêm nếm thêm lượng dầu hào MAGGI còn lại cho món ăn thêm thơm ngon chuẩn vị hơn. Nhanh tay cho hành lá vào đảo đều rồi tắt bếp. | Trình bày món mì xào hải sản ra đĩa  rắc thêm ít tiêu  ngò lên trên. Cà chua cắt miếng xếp lên trên  bạn có thể lấy ớt tươi tỉa hình hoa trang trí cho món ăn trông hấp dẫn hơn. Từng sợi mì dai dai hòa quyện với nước xào và hải sản đậm đà lạ miệng sẽ khiến cả nhà ngất ngây ngay từ lần đầu tiên thưởng thức.,https://www.maggi.com.vn/cong-thuc/mi-xao-hai-san
Cá Tầm Xào Thơm,57 phút,5 người ăn,N/A,Cá Tầm | 1 quả Thơm (Dứa) | 1 củ Hành Tây | 2 quả Cà Chua | 1 củ Cà Rốt | Dầu Ăn | 5 g Hành Ngò | Dầu Hào Maggi | 2 muỗng cà phê MAGGI Hạt Nêm Nấm Hương | Hành tím băm | Tỏi băm | Tiêu | Cà rốt,Cá tầm sau khi mua về bạn rửa qua với nước lạnh rồi chần cá trong nước nóng để làm trắng lớp nhớt bao quanh  dùng dao cạo sạch nhớt và rửa lại nhiều lần cho cá sạch hẳn. Để cá ráo sau đó cắt thành những miếng vừa ăn. Ướp cá tầm với hành băm  hạt nêm MAGGI nấm hương và tiêu khoảng 20 phút  lật cá để các gia vị phủ đều bạn nhé. | Cà chua rửa sạch  hành tây lột vỏ  rửa qua với nước. Cắt múi cà chua và hành tây. Thơm bạn rửa sạch rồi cắt miếng hình tam giác vừa ăn. Cà rốt gọt vỏ  rửa sạch rồi tỉa hoa  cắt tròn. Hành ngò cắt bỏ gốc  rửa sạch  cắt nhỏ. | Làm nóng dầu trên chảo sau đó cho tỏi vào phi thơm  đến khi tỏi đã vàng và dậy mùi  cho cá tầm vào xào chín rồi trút ra dĩa. Bạn cho thêm dầu ăn  tiếp tục cho cà rốt  cà chua  hành tây và thơm vào xào đều tay khoảng 5 phút cho mềm. Cho cá tầm vào xào tiếp  nêm thêm dầu hào MAGGI và đảo đều thêm khoảng 2 phút nữa rồi cho hành ngò cắt nhỏ vào  tắt bếp. | Bày món ăn ra dĩa  rắc thêm chút tiêu cho thơm và kích thích mùi vị hơn. Dùng nóng với cơm rất ngon. Cá tầm béo thịt  ngon ngọt phối ngẫu với thơm chua chua rất dậy vị và lạ miệng  ngon nói không nên lời.,https://www.maggi.com.vn/cong-thuc/ca-tam-xao-thom
Cá Cơm Xào Chua Ngọt,45 phút,2 người ăn,N/A,Cá Cơm Khô | 2 muỗng canh Nước Cốt Chanh | 1 nhánh Tỏi | 1 muỗng cà phê Vừng rang | 1/2 muỗng cà phê Đường Trắng | Dầu Ăn | Dầu Hào Maggi | 1 muỗng canh MAGGI Nước Mắm | Hành lá | Nước lọc,Cá cơm khô sau khi mua về bạn rửa qua với nước lạnh sau đó ngâm trong nước vo gạo cho mềm rồi vớt ra  để ráo. Chú ý rửa kĩ cá để loại bỏ bụi cát hay các chất bẩn bạn nhé. Bóc vỏ tỏi sau đó rửa sạch rồi đập nhuyễn. | Pha nước với nước mắm MAGGI  nước cốt chanh  tỏi đã băm nhuyễn  1 muỗng dầu hào MAGGI và đường. Khuấy cho gia vị tan đều  hòa quyện vào nhau thành một hỗn hợp màu nâu đẹp mắt  có mùi thơm. | Làm nóng chảo  bạn cho nhiều dầu ăn một chút rồi cho cá vào chiên cho cá cơm săn lại. Khi thấy cá đã vàng đều  chắt bỏ bớt phần dầu ăn trong chảo ra  đổ hỗn hợp sốt đã pha vào chảo cá. Đảo đều và đun ở lửa nhỏ cho nước cạn  quyện đều vào cá cơm. | Khi chảo cá đã gần cạn nước  cho phần dầu hào MAGGI còn lại vào  đảo đều đến khi cạn hẳn. Tắt bếp rồi trình bày ra dĩa  rắc chút vừng rang  hành lá cho thơm và đẹp mắt. Nếu ăn cay  bạn có thể cho thêm ớt tươi cho có vị thơm và the the cho món ăn. Cá cơm xào chua ngọt thơm giòn  đậm đà có vị chua ngọt rất bắt cơm  ăn cùng với cơm nóng thì không chê vào đâu được.,https://www.maggi.com.vn/cong-thuc/ca-com-xao-chua-ngot
Miến Dong Xào Lươn,52 phút,3 người ăn,N/A,Lươn | Miến Dong | Giá Đỗ | 2 củ Hành Khô | Hành Lá | 3 g Rau Răm Xắt Nhuyễn | 1 muỗng canh nước cốt chanh | 1 muỗng canh dầu ăn | 10g muối hạt | Dầu Hào Maggi | 1 muỗng canh MAGGI Nước Mắm,Lươn sau khi mua về  bạn dùng muối hạt xát lên bề mặt lươn cho đến khi sạch hẳn nhớt  xả qua với nước cho sạch rồi tiếp tục dùng nước cốt chanh bóp qua thịt lươn để khử mùi. Xả lại với nước lạnh rồi đem luộc chín  vớt ra chờ lươn nguội rồi gỡ lấy thịt để riêng. Tiếp theo  bạn băm nhỏ hành khô  phi thơm trên chảo đến khi vàng rồi cho thịt lươn vào xào với nước mắm MAGGI cho săn lại. | Ngâm miến dong trong nước cho nở rồi vớt ra  dùng kéo cắt miến dong ngắn lại cho vừa ăn. Hành và rau răm bạn nhặt lấy lá  rửa sạch rồi thái nhỏ. Bắt chảo lên bếp  xào miến với chút dầu ăn ở lửa vừa. Trong quá trình xào  thỉnh thoảng cho thêm nước để sợi miến không bị khô và ngấm đủ nước để nở căng nhưng vẫn giữ được độ dai  không bị bở mềm. Sau đó  cho giá đỗ vào xào cùng. | Khi giá xào đã có độ chín tái  cho lươn và rau răm thái nhỏ vào xào đều tay  nêm nếm món miến xào với dầu hào MAGGI cho thơm và có màu sắc đẹp mắt  hấp dẫn hơn. Đảo đều cho các nguyên liệu thấm dầu hào MAGGI rồi tắt bếp. Món ăn đã hoàn thành rồi! | Trình bày món ăn ra dĩa cho cả nhà cùng thưởng thức. Phần miến dong được xào mềm  vẫn còn chút dai dai xen lẫn chút đậm đà của dầu hào MAGGI óng ánh  thêm chút ngon ngọt của thịt lươn sẽ rất lạ miệng và thú vị cho bữa tối thay cơm đấy!,https://www.maggi.com.vn/cong-thuc/mien-dong-xao-luon
Lá Xách Xào Khế Chua,40 phút,2 người ăn,N/A,Lá Xách | 1 quả Khế | Hành Tây | 1 muỗng cà phê Ớt Sừng | 2 muỗng canh Rượu Trắng | Muối | 10g gừng | 10 g Hành Lá | 10g rau răm | 1 muỗng canh dầu ăn | 2 muỗng cà phê MAGGI Hạt Nêm Nấm Hương | 2 muỗng canh MAGGI Dầu Hào,Đầu tiên  bạn rửa lá xách với nước sau đó bóp muối để khử khuẩn và làm dịu đi mùi hôi. Bạn lưu ý bóp thật kĩ trong từng kẽ lá. Bóp muối khoảng 2 lần sau đó rửa lại với nước cho sạch rồi cho rượu vào bóp 5 phút sau đó cho cho gừng băm nhỏ vào. Gừng kết hợp với rượu sẽ làm hết mùi hôi của lá xách. Sau khi sơ chế xong  luộc chín lá xách trong 10 phút. | Khế rửa sạch  cắt bỏ phần viền nâu bên ngoài rồi cắt lát mỏng hình sao. Hành tây bỏ vỏ  cắt miếng. Hành lá  rau răm bỏ gốc  rửa sạch rồi cắt nhỏ. Khi lá xách đã chín  bạn vớt ra xả qua nước lạnh  để ráo rồi thái lát mỏng vừa ăn  ướp với hạt nêm MAGGI nấm hương cho vị đậm đà hơn. | Đun nóng một ít dầu ăn trên chảo  cho hành vào phi thơm đến khi ngả vàng thì thêm hành tây vào xào khoảng 1 phút rồi bỏ khế vào xào  bạn có thể thêm ớt sa tế nếu thích ăn cay  xào khoảng 3 phút cho các nguyên liệu chín tới. | Cuối cùng  cho lá xách vào xào nhanh tay trên lửa lớn để lá xách không bị dai  nêm nếm với dầu hào MAGGI  thêm chút hành lá  rau răm thái nhỏ và ớt lát là đã hoàn thành rồi. Bạn trình bày món xào ra đĩa  dùng nóng với cơm hay làm món ăn chơi cùng bạn bè và gia đình đều rất ngon. Lá xách dai giòn đậm đà  đượm chút chua từ khế lạ miệng  càng ăn lại càng thích đấy!,https://www.maggi.com.vn/cong-thuc/la-xach-xao-khe-chua
Chân Gà Rút Xương Xào Cần,27 phút,3 người ăn,N/A,Chân Gà Rút Xương | Hành Tây | Ớt | Cần Tây | Tỏi | Dầu Hào Maggi | Hạt Nêm Maggi Vị Gà | Tiêu xay | Dầu ăn | Bột canh,Bạn rửa các nguyên liệu thật sạch trước khi chế biến. Chuẩn bị một nồi nước sôi  chần sơ chân gà rồi vớt lên xả qua nước lạnh để tăng độ giòn. Bạn bỏ rễ  lá héo của cần tây  rửa sạch rồi cắt khúc cỡ 3cm. Hành tây lột vỏ và thái múi cau mỏng. Tỏi băm nhỏ. | Bạn đun nóng chảo dầu  phi thơm tỏi rồi cho cần tây  hành tây vào xào. Trút tiếp phần chân gà rút xương vào  thêm dầu hào MAGGI óng ánh cùng hạt nêm MAGGI 3 ngọt gà và bột canh. Xào đều tay cho chân gà chín đều và có độ bóng bắt mắt. | Trước khi tắt bếp  cho ớt thái lát vào chảo  đảo qua một lần rồi bày món Chân Gà Rút Xương Xào Cần ra dĩa  rắc lên trên một chút tiêu xay. Món ăn này thưởng thức vào ngày mưa là “hết sảy” luôn bạn nha.,https://www.maggi.com.vn/cong-thuc/chan-ga-rut-xuong-xao-chua-ngot
Thịt Ba Rọi Ram Nguyên Tảng,60 phút,5 người ăn,N/A,Thịt Ba Rọi | 2 muỗng canh Dầu Điều | Đường | Giấm Gạo | 5 cây Đầu Hành Lá | Hạt Nêm Maggi | Nước Tương Maggi | Tỏi | Gừng | Muối | Ớt xắt lát,Thịt ba rọi mua về bạn rửa sạch với nước và dùng một ít muối xát lên bề mặt thịt để khử bớt mùi. Dùng giấy hay khăn thấm khô nước rồi cho thịt ba rọi vào tô và ướp với nước tương MAGGI  1 muỗng cà phê hạt nêm MAGGI nấm hương  giấm gạo  trộn thật đều cho các mặt của thịt thấm gia vị và để khoảng 20 phút. | Gừng gọt vỏ  rửa sạch rồi cắt lát. Bóc vỏ tỏi  đập hơi dập. Đây là bí quyết giúp món ăn dậy mùi thơm ngon  tỏi không bị nhũn nát trong quá trình kho hay ram thịt  nàng nhớ nhé! | Làm nóng nồi nhỏ trên bếp  cho đường và dầu điều vào rồi khuấy đều tay cho đường tan ra và có màu nâu cánh gián đẹp mắt. Khi hỗn hợp sánh lại  bạn cho gừng  tỏi vào xào thơm rồi thêm thịt ba rọi vào nồi. Chiên sơ các mặt của miếng thịt khoảng 3 phút cho bề mặt thịt thật săn rồi đổ nước xăm xắp mặt thịt và đun sôi. | Khi nước trong nồi đã sôi  bạn hạ nhỏ lửa  nêm nếm thêm hạt nêm MAGGI nấm hương  đảo đều rồi đun liu riu trên lửa nhỏ cho đến khi thịt chín mềm. Cuối cùng  bạn cho đầu hành lá vào và tắt bếp. | Gắp Tảng thịt ba rọi ra dĩa  cắt thành những lát mỏng và dùng nóng. Thịt ram chín mềm còn nguyên vị ngọt béo  bên ngoài đậm đà  trổ màu nâu bóng đẹp mắt  ăn cùng cơm trắng với nước tương MAGGI  vài lát ớt cắt thì cực ngon và lạ miệng. Cách làm ba rọi ram nguyên tảng rất đơn giản  nàng có thể vào bếp khoe khéo tài nội trợ  chiêu đãi cả nhà đấy!,https://www.maggi.com.vn/cong-thuc/thit-ba-roi-ram-nguyen-tang
Sen Xào Tam Sắc,53 phút,10 người ăn,N/A,Củ Sen Tươi | Hạt Sen | Súp Lơ Xanh | Tôm càng | Thịt ba rọi 300g | 3 củ Hành Khô | 10 g Hành Lá | Dầu ăn 1 muỗng canh | Nước 3 muỗng canh | Muối 1 muỗng cafe | Tiêu xay 1/2 muỗng cafe | Dầu Hào Maggi | Hạt Nêm Maggi,Hạt sen bạn rửa sạch  có thể tách phần tim sen ra để không bị đắng khi ăn rồi luộc sơ qua. Củ sen gọt vỏ  rửa dưới vòi nước chảy để làm sạch bùn đất bên trong các lỗ  cắt lát và luộc chín. Cà rốt gọt vỏ  tỉa hình hoa. Bông cải cắt miếng vừa ăn  ngâm trong nước muối loãng khoảng 10 phút rồi rửa sạch. | Tôm rửa sạch sau đó luộc chín rồi bóc vỏ  bạn chừa lại phần đuôi tôm cho đẹp mắt. Thịt heo rửa qua với nước và muối để loại bỏ mùi sau đó cắt miếng vừa ăn  ướp với một ít hạt nêm MAGGI nấm hương khoảng 5 phút cho đậm đà hơn. Hành ngò rửa sạch  cắt khúc. Hành khô đập dập  băm nhỏ. | Đun sôi dầu ăn trong chảo  phi hành khô đến khi dậy mùi thơm và ngả vàng thì cho thịt heo vào đảo đều tay cho săn lại. Lần lượt cho cà rốt  bông cải vào xào  cuối cùng là hạt sen  củ sen và tôm đã luộc chín. Bạn đảo đều tay cho các nguyên liệu chín đều  có thể thêm một ít nước để món xào không bị khô  cháy nhé! | Nêm nếm hạt sen xào tôm thịt với dầu hào MAGGI và hạt nêm MAGGI nấm hương cho đậm đà và dậy vị hơn. Xốc chảo thêm vài lần cho rau củ thấm dầu hào MAGGI  có độ óng ánh đẹp mắt rồi tắt bếp. Món ăn dinh dưỡng đã hoàn thành rồi đấy. Cách làm sen xào tôm thịt không hề khó chút nào đúng không chị em? | Trình bày món ăn ra dĩa  rắc thêm chút tiêu xay và thưởng thức thôi. Hạt sen bùi mềm  củ sen giòn ăn cùng tôm thịt ngọt dai  bông cải  cà rốt tươi vừa miệng  thơm lừng dầu hào MAGGI rất ngon mà còn tốt cho sức khỏe  nàng có thể thỏa sức trổ tài chăm lo cho cả nhà nhé!,https://www.maggi.com.vn/cong-thuc/sen-xao-tam-sac
Sườn Non Rim Mắm Tỏi,55 phút,2 người ăn,N/A,Sườn non | Tỏi | Dầu Ăn | Đường trắng | Tiêu | 3 muỗng canh MAGGI Nước Mắm | Nước | Muối,Đầu tiên  bạn chặt sườn non thành miếng vừa ăn  tốt nhất là độ dài miếng sườn vào khoảng 4cm đến 5cm  rửa sạch với nước. Để món ăn chất lượng hơn  bạn chuẩn bị thêm nồi nước sôi với một chút muối rồi đem sườn chần qua để loại bỏ hết chất bẩn. Vớt sườn ra và rửa sạch lại với nước lạnh  để ráo. Bóc vỏ  băm nhuyễn 2/3 số tỏi  phần còn lại cắt lát mỏng. | Làm nóng dầu ăn trong chảo  cho tỏi băm vào chảo phi vàng rồi vớt ra để riêng. Giữ nguyên chảo trên bếp sau đó cho tỏi cắt lát vào phi đến khi ngả vàng và dậy mùi thơm thì thêm vào nước mắm MAGGI  nước lọc  đường trắng và tiêu xay. Khuấy đều tay cho đường tan hết  hỗn hợp nước mắm hòa quyện với nhau  dậy mùi thơm hấp dẫn. | Khi phần nước sốt sôi lên thì bạn cho sườn vào rim trên lửa nhỏ khoảng 20 phút. Đừng quên trở mặt thường xuyên để nước sốt áo vào những miếng sườn thêm phần đậm đà hơn. Rim sườn non đến khi nước sốt keo lại  sườn chín mềm  có màu cánh gián và óng ánh đẹp mắt thì tắt bếp. Cách làm sườn non rim mắm tỏi thật đơn giản phải không các nàng? | Dọn sườn non rim ra dĩa  rắc lên trên tỏi phi vàng rồi mời cả nhà cùng thưởng thức. Những miếng sườn thơm nức lòng  áo thêm một lớp nước sốt đậm đà  ăn với cơm trắng là miễn chê. Món quen vị lạ này rất hao cơm và ngon miệng  nàng không thể bỏ qua đâu đấy!,https://www.maggi.com.vn/cong-thuc/suon-non-rim-mam-toi
Hủ Tiếu Trộn Bò Kho,60 phút,3 người ăn,N/A,Hủ Tiếu Khô | Thịt Nạm Bò | Cà Rốt | Sốt Cà Chua | Tỏi Băm | Hành Tím Băm | 2 nhánh Sả Cây | 1 cái Hoa Hồi | 1 thanh Quế | 1 1/2 muỗng canh Đường Trắng | Dầu Ăn | Hành lá | Ngò gai | Rau giá | 1 muỗng cà phê Ngũ Vị Hương | 1 muỗng canh MAGGI Hạt Nêm Nấm Hương | Dầu hào Maggi,Bạn rửa thịt bò cho sạch rồi thái thịt thành từng khối vuông cạnh 2cm. Nấu nước sôi  chần sơ hủ tiếu trong vòng 1 phút thì vớt lên xả dưới vòi nước. Đối với cà rốt  bào hết vỏ  cắt khúc hình chữ nhật dài 2cm. Sả bỏ bớt lá  đập dập rồi băm nhuyễn. | Cho thịt bò đã thái vào tô cùng lần lượt các loại gia vị như 1 muỗng canh dầu hào MAGGI  hạt nêm MAGGI nấm hương  ngũ vị hương  10gr tỏi băm  1 muỗng canh đường cát. Bạn dùng đũa trộn đều  ướp thịt tối thiểu 30 phút để thịt thấm vị. | Bạn đổ dầu ăn vào nồi  đun nóng dầu thì cho lượng  tỏi băm còn lại cùng hành tím xay vào phi  lúc hành tỏi vàng thơm thì thêm thịt bò. Bạn xào thịt đến khi vừa săn thì cho sốt cà chua vào  đảo qua lại vài lần rồi tiếp tục thêm vào nước lọc sao cho sấp mặt thịt. | Bạn đun hỗn hợp cho thật sôi và vớt hết bọt rồi đó sẽ cho sả  hoa hồi cùng quế vào nồi. Vặn lửa nhỏ  bắt đầu hầm thịt trong vòng 30 phút để thịt chín mềm. Sau đó dùng đũa gắp hoa hồi và quế ra  nêm vào nồi ít dầu hào MAGGI và đường cát. Thử lại vị và nêm nếm để điều chỉnh cho hợp ý nhé! | Bạn cho cà rốt vào nồi  đun trong vòng 10 phút để cà rốt mềm và nước hầm sệt lại là có thể tắt bếp. Lúc này  bạn cho hủ tiếu vào tô  rưới lên nước sốt bò hầm nóng hổi  có thể thêm rau giá cùng ngò gai để kích thích vị giác hơn. Vậy là món Hủ Tiếu Trộn Bò Kho đã hoàn thành rồi.,https://www.maggi.com.vn/cong-thuc/hu-tieu-tron-bo-kho
Rau Củ Luộc Chấm Kho Quẹt,53 phút,2 người ăn,N/A,Mỡ Heo | Hành Tím | Tỏi Bằm | Thịt Ba Chỉ | Tôm Khô | Ớt Hiểm | 10 g Tiêu Sọ | 2 muỗng canh Đường Trắng | 6 muỗng canh MAGGI Nước Mắm,Rửa sạch thịt ba rọi với nước  dùng muối chà xát lên bề mặt thịt rồi xả lại  để ráo. Cắt thịt thành những lát mỏng vừa ăn. Mỡ heo rửa sạch  cắt hạt lựu. Bạn lột vỏ rồi cắt lát hành tím  băm tỏi thật nhuyễn. Các loại rau củ ăn kèm  bạn gọt vỏ  rửa sạch rồi để ráo nhé! | Bắc nồi đất lên bếp và bắt tay vào làm món kho quẹt thôi nào. Đầu tiên  bạn chiên phần mỡ heo đã cắt hạt lựu từ trước. Vặn lửa vừa và đảo đều tay đến khi tóp mỡ chuyển sang màu vàng nâu  nước mỡ ra khá nhiều thì vớt ra để ráo dầu. Lúc này bạn cho ớt hiểm vào chiên sơ rồi vớt ra ngay nhé! | Sử dụng phần mỡ còn lại trong nồi để phi thơm hành tím và tỏi băm. Khi hành tỏi đã dậy mùi thì bạn cho thịt ba chỉ vào xào tới khi săn lại. Nêm nếm nước mắm MAGGI và đường trắng  khuấy đều tay đến khi đường tan hẳn  nước mắm hơi sệt lại. | Cuối cùng  để hoàn thành món mắm kho quẹt  bạn thêm tiêu sọ đập dập cùng ớt hiểm đã chiên sơ vào nồi. Trong lúc chờ cho hỗn hợp kho quẹt sôi và sệt lại  bạn chuẩn bị luộc các loại rau củ ăn kèm. Khi rau củ đã chín tới  kho quẹt đã sệt lại là có mùi thơm thì tắt bếp và dọn ra. | Xếp rau củ ra dĩa lớn  múc phần kho quẹt ra dĩa nhỏ và thưởng thức hương vị vừa quen vừa lạ này thôi. Rau củ luộc chín mềm  chấm kho quẹt đậm đà  béo ngậy từ thịt ba rọi và tóp mỡ. Cách làm mắm kho quẹt đơn giản nhưng cực hao cơm đó nha!,https://www.maggi.com.vn/cong-thuc/rau-cu-luoc-cham-kho-quet
Cá Thu Sốt Ớt Đậu Taro,45 phút,4 người ăn,N/A,Cá Thu | 1/2 quả Ớt Chuông | Khoai môn | 1/2 củ Cà Rốt | 1/2 quả Dưa Leo | Đậu Lăng | 1 nhánh Gừng | 1 muỗng cà phê Tiêu Xay | 2 cây Hành Lá | Dầu Hào Maggi | Dầu ăn,Cá thu bỏ nội tạng  rửa sạch phần bụng cá. Ở hai bên sườn cá bạn để ý sẽ thấy một sợi gân màu trắng  đây là nguyên nhân làm cá có mùi tanh. Do đó khi sơ chế  bạn nhớ cắt sát phần mang cá để sợi gân lộ ra  nhớ loại bỏ phần này để cá bớt tanh khi chế biến nhé. Dùng muối hoặc nước vo gạo ngâm cá khoảng 10 phút rồi rửa sạch lại bằng nước  để ráo. Ướp cá thu với tiêu  muối  gừng băm  hành băm cho cá thấm gia vị và thơm hơn. | Cà rốt gọt vỏ  rửa sạch rồi tỉa hình hoa cho đẹp. Ớt chuông bỏ hạt  thái lát. Khoai môn rửa sạch  nấu qua nước sôi để khử phần nhựa khoai trước khi gọt vỏ  rửa sạch rồi cắt khoai thành hình quân cờ. Gừng gọt vỏ  thái sợi. Dưa leo rửa sạch  cắt chéo  hành lá cắt thành từng khúc khoảng 3cm. Đậu lăng rửa sạch  để ráo nước trước khi chế biến. | Làm nóng chảo trên bếp với dầu ăn  cho cá thu đã ướp thấm gia vị vào chiên cho đến khi cá vàng đều hai mặt thì vớt ra ngoài  để ráo dầu. | Cho cà rốt  ớt chuông  đậu với khoai môn vào chảo xào chín cùng dầu hào MAGGI. Đảo đều tay để dầu hào MAGGI thấm vào các nguyên liệu  dậy mùi thơm và vẻ ngoài bóng bẩy cho món ăn. Sau khi xào chín các loại rau củ  cho cá thu vào lại chảo  xóc đều. rồi tắt bếp. Món ăn đã hoàn thành rồi nè! | Bày cá thu sốt ớt đậu ra đĩa  trang trí thêm với dưa leo  rắc tiêu và dùng nóng. Cá thu chiên thơm  thịt cá mềm ngọt tự nhiên  đượm chút beo béo kết hợp cùng rau củ tươi  vị cay nồng nhè nhẹ của tiêu xay  càng ăn càng mê  bạn nhất định sẽ phải xiêu lòng trước món ngon này đấy!,https://www.maggi.com.vn/cong-thuc/ca-thu-sot-ot-dau-taro
Mì Xào Hải Sản,48 phút,4 người ăn,N/A,400 g Mì Trứng | Mực Ống | Tôm | 1/2 củ Cà Rốt | 1 củ Hành Tây | 10g hành lá | 5g tỏi | 5g ngò | 1 quả Cà Chua | Cần Tây | 1/2 muỗng cafe tiêu xay | 2 trái ớt | 1 muỗng canh dầu ăn | Dầu Hào Maggi,Bạn chuẩn bị nồi nước sôi có pha thêm 1 muỗng dầu ăn rồi trụng mì qua cho mềm và không bị dính  sau đó vớt ra xả qua với nước rồi để ráo. Làm sạch tôm  bỏ đầu  vỏ  chân và đuôi rồi dùng tăm tre nhẹ nhàng rút chỉ đen sau lưng tôm ra. Lột bỏ phần da bên ngoài mực  làm sạch ruột rồi cắt miếng vừa ăn. Ướp hải sản đã sơ chế với 1 muỗng canh dầu hào MAGGI cho dậy mùi thơm khi chế biến. | Cà rốt bào vỏ  rửa sạch rồi cắt sợi dài. Hành tây lột bỏ vỏ  rửa sạch rồi cắt miếng. Hành lá  ngò  cần tây cắt bỏ gốc  rửa cho sạch hết bùn đất rồi thành cắt khúc. Giã nhuyễn hành và tỏi để xào cho thơm. Cà chua rửa sạch  cắt miếng. | Làm nóng chảo với một ít dầu ăn. Cho nửa phần hành  tỏi băm vào phi vàng cho thơm rồi thêm hải sản vào xào cho đến khi bề mặt mực hơi săn lại và tôm ngả màu cam đẹp mắt. Trút ra dĩa để riêng. | Bạn dùng tiếp phần hành tỏi còn lại  cho vào chảo phi thơm  rồi thêm cần tây vào xào chín. Lần lượt trút hỗn hợp tôm mực vào cùng với hành tây  cà rốt thái sợi đảo đều trong 30 giây. Tiếp đến bạn cho mì vào xào chung  nêm nếm thêm lượng dầu hào MAGGI còn lại cho món ăn thêm thơm ngon chuẩn vị hơn. Nhanh tay cho hành lá vào đảo đều rồi tắt bếp. | Trình bày món mì xào hải sản ra đĩa  rắc thêm ít tiêu  ngò lên trên. Cà chua cắt miếng xếp lên trên  bạn có thể lấy ớt tươi tỉa hình hoa trang trí cho món ăn trông hấp dẫn hơn. Từng sợi mì dai dai hòa quyện với nước xào và hải sản đậm đà lạ miệng sẽ khiến cả nhà ngất ngây ngay từ lần đầu tiên thưởng thức.,https://www.maggi.com.vn/cong-thuc/mi-xao-hai-san
Cá Tầm Xào Thơm,57 phút,5 người ăn,N/A,Cá Tầm | 1 quả Thơm (Dứa) | 1 củ Hành Tây | 2 quả Cà Chua | 1 củ Cà Rốt | Dầu Ăn | 5 g Hành Ngò | Dầu Hào Maggi | 2 muỗng cà phê MAGGI Hạt Nêm Nấm Hương | Hành tím băm | Tỏi băm | Tiêu | Cà rốt,Cá tầm sau khi mua về bạn rửa qua với nước lạnh rồi chần cá trong nước nóng để làm trắng lớp nhớt bao quanh  dùng dao cạo sạch nhớt và rửa lại nhiều lần cho cá sạch hẳn. Để cá ráo sau đó cắt thành những miếng vừa ăn. Ướp cá tầm với hành băm  hạt nêm MAGGI nấm hương và tiêu khoảng 20 phút  lật cá để các gia vị phủ đều bạn nhé. | Cà chua rửa sạch  hành tây lột vỏ  rửa qua với nước. Cắt múi cà chua và hành tây. Thơm bạn rửa sạch rồi cắt miếng hình tam giác vừa ăn. Cà rốt gọt vỏ  rửa sạch rồi tỉa hoa  cắt tròn. Hành ngò cắt bỏ gốc  rửa sạch  cắt nhỏ. | Làm nóng dầu trên chảo sau đó cho tỏi vào phi thơm  đến khi tỏi đã vàng và dậy mùi  cho cá tầm vào xào chín rồi trút ra dĩa. Bạn cho thêm dầu ăn  tiếp tục cho cà rốt  cà chua  hành tây và thơm vào xào đều tay khoảng 5 phút cho mềm. Cho cá tầm vào xào tiếp  nêm thêm dầu hào MAGGI và đảo đều thêm khoảng 2 phút nữa rồi cho hành ngò cắt nhỏ vào  tắt bếp. | Bày món ăn ra dĩa  rắc thêm chút tiêu cho thơm và kích thích mùi vị hơn. Dùng nóng với cơm rất ngon. Cá tầm béo thịt  ngon ngọt phối ngẫu với thơm chua chua rất dậy vị và lạ miệng  ngon nói không nên lời.,https://www.maggi.com.vn/cong-thuc/ca-tam-xao-thom
Cá Cơm Xào Chua Ngọt,45 phút,2 người ăn,N/A,Cá Cơm Khô | 2 muỗng canh Nước Cốt Chanh | 1 nhánh Tỏi | 1 muỗng cà phê Vừng rang | 1/2 muỗng cà phê Đường Trắng | Dầu Ăn | Dầu Hào Maggi | 1 muỗng canh MAGGI Nước Mắm | Hành lá | Nước lọc,Cá cơm khô sau khi mua về bạn rửa qua với nước lạnh sau đó ngâm trong nước vo gạo cho mềm rồi vớt ra  để ráo. Chú ý rửa kĩ cá để loại bỏ bụi cát hay các chất bẩn bạn nhé. Bóc vỏ tỏi sau đó rửa sạch rồi đập nhuyễn. | Pha nước với nước mắm MAGGI  nước cốt chanh  tỏi đã băm nhuyễn  1 muỗng dầu hào MAGGI và đường. Khuấy cho gia vị tan đều  hòa quyện vào nhau thành một hỗn hợp màu nâu đẹp mắt  có mùi thơm. | Làm nóng chảo  bạn cho nhiều dầu ăn một chút rồi cho cá vào chiên cho cá cơm săn lại. Khi thấy cá đã vàng đều  chắt bỏ bớt phần dầu ăn trong chảo ra  đổ hỗn hợp sốt đã pha vào chảo cá. Đảo đều và đun ở lửa nhỏ cho nước cạn  quyện đều vào cá cơm. | Khi chảo cá đã gần cạn nước  cho phần dầu hào MAGGI còn lại vào  đảo đều đến khi cạn hẳn. Tắt bếp rồi trình bày ra dĩa  rắc chút vừng rang  hành lá cho thơm và đẹp mắt. Nếu ăn cay  bạn có thể cho thêm ớt tươi cho có vị thơm và the the cho món ăn. Cá cơm xào chua ngọt thơm giòn  đậm đà có vị chua ngọt rất bắt cơm  ăn cùng với cơm nóng thì không chê vào đâu được.,https://www.maggi.com.vn/cong-thuc/ca-com-xao-chua-ngot
Miến Dong Xào Lươn,52 phút,3 người ăn,N/A,Lươn | Miến Dong | Giá Đỗ | 2 củ Hành Khô | Hành Lá | 3 g Rau Răm Xắt Nhuyễn | 1 muỗng canh nước cốt chanh | 1 muỗng canh dầu ăn | 10g muối hạt | Dầu Hào Maggi | 1 muỗng canh MAGGI Nước Mắm,Lươn sau khi mua về  bạn dùng muối hạt xát lên bề mặt lươn cho đến khi sạch hẳn nhớt  xả qua với nước cho sạch rồi tiếp tục dùng nước cốt chanh bóp qua thịt lươn để khử mùi. Xả lại với nước lạnh rồi đem luộc chín  vớt ra chờ lươn nguội rồi gỡ lấy thịt để riêng. Tiếp theo  bạn băm nhỏ hành khô  phi thơm trên chảo đến khi vàng rồi cho thịt lươn vào xào với nước mắm MAGGI cho săn lại. | Ngâm miến dong trong nước cho nở rồi vớt ra  dùng kéo cắt miến dong ngắn lại cho vừa ăn. Hành và rau răm bạn nhặt lấy lá  rửa sạch rồi thái nhỏ. Bắt chảo lên bếp  xào miến với chút dầu ăn ở lửa vừa. Trong quá trình xào  thỉnh thoảng cho thêm nước để sợi miến không bị khô và ngấm đủ nước để nở căng nhưng vẫn giữ được độ dai  không bị bở mềm. Sau đó  cho giá đỗ vào xào cùng. | Khi giá xào đã có độ chín tái  cho lươn và rau răm thái nhỏ vào xào đều tay  nêm nếm món miến xào với dầu hào MAGGI cho thơm và có màu sắc đẹp mắt  hấp dẫn hơn. Đảo đều cho các nguyên liệu thấm dầu hào MAGGI rồi tắt bếp. Món ăn đã hoàn thành rồi! | Trình bày món ăn ra dĩa cho cả nhà cùng thưởng thức. Phần miến dong được xào mềm  vẫn còn chút dai dai xen lẫn chút đậm đà của dầu hào MAGGI óng ánh  thêm chút ngon ngọt của thịt lươn sẽ rất lạ miệng và thú vị cho bữa tối thay cơm đấy!,https://www.maggi.com.vn/cong-thuc/mien-dong-xao-luon
Lá Xách Xào Khế Chua,40 phút,2 người ăn,N/A,Lá Xách | 1 quả Khế | Hành Tây | 1 muỗng cà phê Ớt Sừng | 2 muỗng canh Rượu Trắng | Muối | 10g gừng | 10 g Hành Lá | 10g rau răm | 1 muỗng canh dầu ăn | 2 muỗng cà phê MAGGI Hạt Nêm Nấm Hương | 2 muỗng canh MAGGI Dầu Hào,Đầu tiên  bạn rửa lá xách với nước sau đó bóp muối để khử khuẩn và làm dịu đi mùi hôi. Bạn lưu ý bóp thật kĩ trong từng kẽ lá. Bóp muối khoảng 2 lần sau đó rửa lại với nước cho sạch rồi cho rượu vào bóp 5 phút sau đó cho cho gừng băm nhỏ vào. Gừng kết hợp với rượu sẽ làm hết mùi hôi của lá xách. Sau khi sơ chế xong  luộc chín lá xách trong 10 phút. | Khế rửa sạch  cắt bỏ phần viền nâu bên ngoài rồi cắt lát mỏng hình sao. Hành tây bỏ vỏ  cắt miếng. Hành lá  rau răm bỏ gốc  rửa sạch rồi cắt nhỏ. Khi lá xách đã chín  bạn vớt ra xả qua nước lạnh  để ráo rồi thái lát mỏng vừa ăn  ướp với hạt nêm MAGGI nấm hương cho vị đậm đà hơn. | Đun nóng một ít dầu ăn trên chảo  cho hành vào phi thơm đến khi ngả vàng thì thêm hành tây vào xào khoảng 1 phút rồi bỏ khế vào xào  bạn có thể thêm ớt sa tế nếu thích ăn cay  xào khoảng 3 phút cho các nguyên liệu chín tới. | Cuối cùng  cho lá xách vào xào nhanh tay trên lửa lớn để lá xách không bị dai  nêm nếm với dầu hào MAGGI  thêm chút hành lá  rau răm thái nhỏ và ớt lát là đã hoàn thành rồi. Bạn trình bày món xào ra đĩa  dùng nóng với cơm hay làm món ăn chơi cùng bạn bè và gia đình đều rất ngon. Lá xách dai giòn đậm đà  đượm chút chua từ khế lạ miệng  càng ăn lại càng thích đấy!,https://www.maggi.com.vn/cong-thuc/la-xach-xao-khe-chua
Chân Gà Rút Xương Xào Cần,27 phút,3 người ăn,N/A,Chân Gà Rút Xương | Hành Tây | Ớt | Cần Tây | Tỏi | Dầu Hào Maggi | Hạt Nêm Maggi Vị Gà | Tiêu xay | Dầu ăn | Bột canh,Bạn rửa các nguyên liệu thật sạch trước khi chế biến. Chuẩn bị một nồi nước sôi  chần sơ chân gà rồi vớt lên xả qua nước lạnh để tăng độ giòn. Bạn bỏ rễ  lá héo của cần tây  rửa sạch rồi cắt khúc cỡ 3cm. Hành tây lột vỏ và thái múi cau mỏng. Tỏi băm nhỏ. | Bạn đun nóng chảo dầu  phi thơm tỏi rồi cho cần tây  hành tây vào xào. Trút tiếp phần chân gà rút xương vào  thêm dầu hào MAGGI óng ánh cùng hạt nêm MAGGI 3 ngọt gà và bột canh. Xào đều tay cho chân gà chín đều và có độ bóng bắt mắt. | Trước khi tắt bếp  cho ớt thái lát vào chảo  đảo qua một lần rồi bày món Chân Gà Rút Xương Xào Cần ra dĩa  rắc lên trên một chút tiêu xay. Món ăn này thưởng thức vào ngày mưa là “hết sảy” luôn bạn nha.,https://www.maggi.com.vn/cong-thuc/chan-ga-rut-xuong-xao-chua-ngot
Thịt Ba Rọi Ram Nguyên Tảng,60 phút,5 người ăn,N/A,Thịt Ba Rọi | 2 muỗng canh Dầu Điều | Đường | Giấm Gạo | 5 cây Đầu Hành Lá | Hạt Nêm Maggi | Nước Tương Maggi | Tỏi | Gừng | Muối | Ớt xắt lát,Thịt ba rọi mua về bạn rửa sạch với nước và dùng một ít muối xát lên bề mặt thịt để khử bớt mùi. Dùng giấy hay khăn thấm khô nước rồi cho thịt ba rọi vào tô và ướp với nước tương MAGGI  1 muỗng cà phê hạt nêm MAGGI nấm hương  giấm gạo  trộn thật đều cho các mặt của thịt thấm gia vị và để khoảng 20 phút. | Gừng gọt vỏ  rửa sạch rồi cắt lát. Bóc vỏ tỏi  đập hơi dập. Đây là bí quyết giúp món ăn dậy mùi thơm ngon  tỏi không bị nhũn nát trong quá trình kho hay ram thịt  nàng nhớ nhé! | Làm nóng nồi nhỏ trên bếp  cho đường và dầu điều vào rồi khuấy đều tay cho đường tan ra và có màu nâu cánh gián đẹp mắt. Khi hỗn hợp sánh lại  bạn cho gừng  tỏi vào xào thơm rồi thêm thịt ba rọi vào nồi. Chiên sơ các mặt của miếng thịt khoảng 3 phút cho bề mặt thịt thật săn rồi đổ nước xăm xắp mặt thịt và đun sôi. | Khi nước trong nồi đã sôi  bạn hạ nhỏ lửa  nêm nếm thêm hạt nêm MAGGI nấm hương  đảo đều rồi đun liu riu trên lửa nhỏ cho đến khi thịt chín mềm. Cuối cùng  bạn cho đầu hành lá vào và tắt bếp. | Gắp Tảng thịt ba rọi ra dĩa  cắt thành những lát mỏng và dùng nóng. Thịt ram chín mềm còn nguyên vị ngọt béo  bên ngoài đậm đà  trổ màu nâu bóng đẹp mắt  ăn cùng cơm trắng với nước tương MAGGI  vài lát ớt cắt thì cực ngon và lạ miệng. Cách làm ba rọi ram nguyên tảng rất đơn giản  nàng có thể vào bếp khoe khéo tài nội trợ  chiêu đãi cả nhà đấy!,https://www.maggi.com.vn/cong-thuc/thit-ba-roi-ram-nguyen-tang
Sen Xào Tam Sắc,53 phút,10 người ăn,N/A,Củ Sen Tươi | Hạt Sen | Súp Lơ Xanh | Tôm càng | Thịt ba rọi 300g | 3 củ Hành Khô | 10 g Hành Lá | Dầu ăn 1 muỗng canh | Nước 3 muỗng canh | Muối 1 muỗng cafe | Tiêu xay 1/2 muỗng cafe | Dầu Hào Maggi | Hạt Nêm Maggi,Hạt sen bạn rửa sạch  có thể tách phần tim sen ra để không bị đắng khi ăn rồi luộc sơ qua. Củ sen gọt vỏ  rửa dưới vòi nước chảy để làm sạch bùn đất bên trong các lỗ  cắt lát và luộc chín. Cà rốt gọt vỏ  tỉa hình hoa. Bông cải cắt miếng vừa ăn  ngâm trong nước muối loãng khoảng 10 phút rồi rửa sạch. | Tôm rửa sạch sau đó luộc chín rồi bóc vỏ  bạn chừa lại phần đuôi tôm cho đẹp mắt. Thịt heo rửa qua với nước và muối để loại bỏ mùi sau đó cắt miếng vừa ăn  ướp với một ít hạt nêm MAGGI nấm hương khoảng 5 phút cho đậm đà hơn. Hành ngò rửa sạch  cắt khúc. Hành khô đập dập  băm nhỏ. | Đun sôi dầu ăn trong chảo  phi hành khô đến khi dậy mùi thơm và ngả vàng thì cho thịt heo vào đảo đều tay cho săn lại. Lần lượt cho cà rốt  bông cải vào xào  cuối cùng là hạt sen  củ sen và tôm đã luộc chín. Bạn đảo đều tay cho các nguyên liệu chín đều  có thể thêm một ít nước để món xào không bị khô  cháy nhé! | Nêm nếm hạt sen xào tôm thịt với dầu hào MAGGI và hạt nêm MAGGI nấm hương cho đậm đà và dậy vị hơn. Xốc chảo thêm vài lần cho rau củ thấm dầu hào MAGGI  có độ óng ánh đẹp mắt rồi tắt bếp. Món ăn dinh dưỡng đã hoàn thành rồi đấy. Cách làm sen xào tôm thịt không hề khó chút nào đúng không chị em? | Trình bày món ăn ra dĩa  rắc thêm chút tiêu xay và thưởng thức thôi. Hạt sen bùi mềm  củ sen giòn ăn cùng tôm thịt ngọt dai  bông cải  cà rốt tươi vừa miệng  thơm lừng dầu hào MAGGI rất ngon mà còn tốt cho sức khỏe  nàng có thể thỏa sức trổ tài chăm lo cho cả nhà nhé!,https://www.maggi.com.vn/cong-thuc/sen-xao-tam-sac
Sườn Non Rim Mắm Tỏi,55 phút,2 người ăn,N/A,Sườn non | Tỏi | Dầu Ăn | Đường trắng | Tiêu | 3 muỗng canh MAGGI Nước Mắm | Nước | Muối,Đầu tiên  bạn chặt sườn non thành miếng vừa ăn  tốt nhất là độ dài miếng sườn vào khoảng 4cm đến 5cm  rửa sạch với nước. Để món ăn chất lượng hơn  bạn chuẩn bị thêm nồi nước sôi với một chút muối rồi đem sườn chần qua để loại bỏ hết chất bẩn. Vớt sườn ra và rửa sạch lại với nước lạnh  để ráo. Bóc vỏ  băm nhuyễn 2/3 số tỏi  phần còn lại cắt lát mỏng. | Làm nóng dầu ăn trong chảo  cho tỏi băm vào chảo phi vàng rồi vớt ra để riêng. Giữ nguyên chảo trên bếp sau đó cho tỏi cắt lát vào phi đến khi ngả vàng và dậy mùi thơm thì thêm vào nước mắm MAGGI  nước lọc  đường trắng và tiêu xay. Khuấy đều tay cho đường tan hết  hỗn hợp nước mắm hòa quyện với nhau  dậy mùi thơm hấp dẫn. | Khi phần nước sốt sôi lên thì bạn cho sườn vào rim trên lửa nhỏ khoảng 20 phút. Đừng quên trở mặt thường xuyên để nước sốt áo vào những miếng sườn thêm phần đậm đà hơn. Rim sườn non đến khi nước sốt keo lại  sườn chín mềm  có màu cánh gián và óng ánh đẹp mắt thì tắt bếp. Cách làm sườn non rim mắm tỏi thật đơn giản phải không các nàng? | Dọn sườn non rim ra dĩa  rắc lên trên tỏi phi vàng rồi mời cả nhà cùng thưởng thức. Những miếng sườn thơm nức lòng  áo thêm một lớp nước sốt đậm đà  ăn với cơm trắng là miễn chê. Món quen vị lạ này rất hao cơm và ngon miệng  nàng không thể bỏ qua đâu đấy!,https://www.maggi.com.vn/cong-thuc/suon-non-rim-mam-toi
Sandwich Kẹp Thịt,48 phút,4 người ăn,N/A,Bánh mì sandwich | Thịt heo xay | Phô mai lát | Xà lách | Bắp cải tím | Bắp cải trắng | Cà chua | Hành tím băm | Ngò rí | Đường | Tiêu xay | Dầu hào MAGGI,Cho lần lượt thịt heo xay  hành tím băm  ngò rí  đường  tiêu xay và dầu hào MAGGI trong tô lớn rồi trộn đều. Bạn ướp thịt trong khoảng 10 phút cho thấm gia vị. Cà chua rửa sạch  cắt lát. Bắp cải bào sợi thật mỏng  rửa sạch rồi để ráo. Rau xà lách bóc từng lá  rửa sạch rồi để ráo. Với những lá lớn  bạn nên cắt đôi để dễ dùng hơn nhé! | Lấy một lượng thịt vừa đủ rồi vo tròn trong lòng bàn tay  dùng ngón tay cái đè vào viên thịt cho đến khi dẹt thành những miếng tròn mỏng đều. Xếp vào dĩa. | Bạn cho thịt vào chảo chiên vàng đều 2 mặt rồi để vào dĩa riêng. Bí quyết MAGGI mách riêng bạn  đó là thịt sẽ co lại trong quá trình chế biến. Do đó  bạn nên nặn viên thịt to hơn một chút để sau khi chiên  miếng thịt co lại vừa vặn với lát sandwich  trông sẽ đầy đặn hơn. Dầu hào MAGGI giúp miếng thịt ướp mọng mềm  khi chiên dậy mùi thơm và màu vàng nâu rất đẹp mắt. | Làm tan chảy bơ trên mặt phẳng chảo  cho sandwich vào áp chảo 1 mặt cho vàng đều rồi lấy ra. Xếp rau xà lách bên trên lát bánh mì sandwich  tiếp theo lần lượt thêm cà chua  rau bắp cải  thịt heo  phô mai lát và rau xà lách phủ lên trên cùng là hoàn tất. | Cắt đôi bánh sandwich khi còn nóng  ăn cùng tương ớt MAGGI và sốt mayonnaise. Bánh mì thơm bơ  rau xanh tươi mát  phô mai ngậy thêm vị ngọt tự nhiên của thịt ướp dầu hào MAGGI. Ăn sáng với bánh mì sandwich kẹp thịt lạ vị  đầy màu sắc mà còn rất dinh dưỡng để khởi đầu ngày mới. Món nhà làm ngon như nhà hàng  các nàng nhé!,https://www.maggi.com.vn/cong-thuc/sandwich-kep-thit-2
Heo Quay Kho Nước Tương,55 phút,4 người ăn,N/A,Thịt heo quay | Cải chua | Nước dừa | Ớt băm | Hành lá | Đường | Dầu điều | Ớt sa tế | Nước tương MAGGI,Thịt heo quay chặt miếng vừa ăn; cho vào tô ướp cùng hành lá băm  ớt băm  đường  nước tương MAGGI trong 30 phút. Cải chua cắt miếng vừa ăn. | Làm nóng nồi  cho vào dầu màu điều và ớt sa tế  đảo đều đến khi thơm rồi trút hết thịt heo quay vào đảo. | Khi thịt săn  cho dưa cải  nước dừa vào. Nêm nước tương MAGGI  đường  kho 15 phút. Khi nước kho sệt  heo quay kho nước tương đã hoàn thành. | Bày món heo quay kho nước tương ra đĩa  trang trí với ngò và vài ớt đỏ  rắc thêm chút hạt tiêu và thưởng thức cùng cơm nóng thôi.,https://www.maggi.com.vn/cong-thuc/heo-quay-kho-nuoc-tuong
Cá Hồi Ngâm Tương,43 phút,4 người ăn,N/A,Cá hồi | Nước lọc | Hành tây | Chanh vàng | Ớt xanh  đỏ | Rượu trắng | Tiêu sọ | Tỏi | Gừng | Nước tương MAGGI,Cá hồi sau khi mua  bạn rửa sạch và rút hết xương  lóc bỏ phần da cá. Chuẩn bị một thau nước lọc  cho vào nước cốt chanh cùng muối ăn. Đảo nhẹ tay rồi để yên tầm 30 giây đến 1 phút. Sau đó rửa lại với nước sạch để loại bỏ hẳn mùi tanh của cá. Dùng khăn hay giấy ăn thấm khô cá  cắt thành từng miếng dài 3cm  dày khoảng 0 5cm là được. Miếng cá được cắt mỏng vừa phải sẽ thấm vị nhanh và đều hơn. | Hành tây lột vỏ  rửa sạch sau đó thái kiểu múi cau khoảng 1 - 1 5cm. Chẻ đôi ớt  bỏ hết các hạt cay bên trong rồi cắt thành những khoanh nhỏ. Chanh vàng rửa sạch  thái lát mỏng. Gừng và tỏi làm sạch vỏ  rửa qua rồi thái lát mỏng. | Các nguyên liệu ngâm đã chuẩn bị xong  tiếp đến sẽ là công đoạn chế biến nước tương ngâm cho món ăn. Bạn cho nước tương MAGGI  nước lọc  nửa củ hành tây  gừng  tỏi  tiêu sọ  đường  và rượu trắng vào nồi rồi khuấy đều. Bắc lên bếp và đun hỗn hợp trên lửa lớn đến khi sôi  sau đó rồi hạ lửa nhỏ  tiếp tục nấu liu riu thêm 15 phút nữa đến khi nước sốt sóng sánh  có màu nâu đẹp mắt. Tắt bếp  đổ nước tương ngâm qua rây để lọc lấy nước. | Chuẩn bị 1 chiếc khay  tô hoặc lọ lớn  xếp từng lớp cá hồi đã cắt mỏng vào bên trong  sau đó thêm vào nửa củ hành tây thái múi cau  ớt  và chanh vàng thái lát. Nhẹ nhàng đổ hỗn hợp nước tương vào ngâm cá khoảng 2 tiếng trong ngăn mát tủ lạnh. Bạn lưu ý phải để nước tương ngâm thật nguội rồi mới đổ vào để tránh nhiệt làm chín cá  mất ngon đó nha! | Cá hồi ngâm tương khoảng 2 tiếng là đã có thể dọn ra thưởng thức được rồi  nhưng nếu ngâm lâu hơn xíu thì món ăn sẽ đậm đà hơn nhiều. Miếng cá hồi ướp mọng mềm  béo ngậy  thơm lừng vị nước tương MAGGI tan chảy trong khoang miệng. Rắc thêm một chút rong biển khô và mè rang thì chuẩn vị món mới thời thượng  cho món nhà làm ngon như nhà hàng dành chiêu đãi cả gia đình rồi nhé!,https://www.maggi.com.vn/cong-thuc/ca-hoi-ngam-tuong
Trứng Cút Ngâm Tương,43 phút,4 người ăn,N/A,Trứng cút | Hành lá | Hành tây | Hành tím | Tỏi | Ớt | Nước lọc | Đường nâu | Mè trắng | Nước tương MAGGI,Đầu tiên  bạn bắc nồi nước lên bếp sau đó đun đến khi nước sôi già. Nếu bạn thích ăn trứng cút lòng đào thì nhẹ nhàng thả trứng cút vào nước sôi khoảng 1 5 phút rồi vớt ra ngay  cho trứng vào tô nước đá lạnh để nguội hẳn rồi bóc vỏ. Nếu muốn ăn trứng chín hẳn thì bạn luộc trong 3 – 4 phút. Bí quyết để lột vỏ trứng dễ dàng  lại đẹp mắt và không bị dính chính là cho một ít giấm vào nước luộc. Chất chua trong giấm sẽ làm mềm vỏ trứng  giúp bạn lột dễ dàng và nhanh chóng hơn. | Tiếp đến là một công đoạn rất quan trọng: pha nước tương ngâm trứng cút. Bạn pha hỗn hợp sốt ngâm bao gồm nước lọc  nước tương MAGGI  đường nâu cho vào nồi rồi bật bếp đun sôi. Nhẹ nhàng khuấy đều để đường tan hết  nêm nếm cho nước sốt sóng sánh  có vị mặn ngọt vừa miệng là được  sau đó tắt bếp để nguội. | Lột vỏ tỏi  hành tím và thái lát mỏng. Hành lá rửa sạch  thái nhỏ. Ớt tươi bạn cắt đôi  bỏ hết hạt cay bên trong rồi thái lát to. Hành tây lột vỏ thái hạt lựu. Sau khi nước tương đã nguội hẳn thì lần lượt cho hành tây  hành lá  tỏi  ớt  hành tím đã sơ chế và mè rang vào trộn đều. | Nhẹ nhàng xếp trứng cút vào hộp hoặc hũ thủy tinh có nắp đậy  từ từ đổ hỗn hợp nước tương ngâm vào ngập mặt trứng. Đậy lại bảo quản trong ngăn mát tủ lạnh. | Trứng cút ngâm khoảng 1 tiếng là có thể bày biện và thưởng thức được. Món trứng có lớp vỏ ngoài màu nâu  vị mặn ngọt của nước tương MAGGI  chút the cay của ớt. Gắp một quả trứng ăn cùng cơm trắng mới cảm nhận hết sự thơm ngon tuyệt vời của món ăn. Nếu bạn ngâm trứng cút lòng đào thì khi thưởng thức  lòng đỏ trứng cút sánh dẻo tuôn ra sẽ làm các nàng thêm ngất ngây đó nha!,https://www.maggi.com.vn/cong-thuc/trung-cut-ngam-tuong
Mì Ramen Trứng,30 phút,4 người ăn,N/A,Mì ramen | Thịt nguội (jambon) | Trứng gà | Hành Boaro | Gừng | Nước lọc | Giấm | Dầu mè | Đường | Hạt nêm MAGGI nấm hương | Nước tương MAGGI,Một cái trứng lòng đào tan chảy bên trên tô mì chính là điểm nhấn ấn tượng khó quên của Mì Ramen. Bạn luộc 2 quả trứng gà trong nước sôi khoảng 6 phút sau đó vớt ra thả vào tô nước lạnh cho nguội hẳn rồi lột vỏ. Bí quyết giúp trứng gà mềm và dễ lột hơn đó chính là thêm ít giấm vào nước luộc. | Cho 200ml nước lọc  nước tương MAGGI  gừng  đường  hạt nêm MAGGI nấm hương và dầu mè vào nồi đun sôi  khuấy đều cho các gia vị tan đều sau đó tắt bếp  để nguội. Cho một nửa lượng nước vào ngâm trứng gà trong 30 phút. | Trong thời gian chờ trứng thấm  bạn cho tiếp 200ml nước lọc vào nồi rồi bắc lên bếp  đun sôi. Cho vào nồi hành Boaro  phần nước tương ngâm trứng còn lại  khuấy đều. Bạn chỉ cần đun nước dùng trong khoảng 5-7 phút là có thể tắt bếp. Để nước dùng được trong  bạn nhớ dùng rây chắt nước dùng nhé! | Bạn đun sôi nồi nước trên bếp  cho 2 vắt mì ramen vào luộc chín trong khoảng từ 2 - 3 phút. Bạn chỉ cần để mì mềm vừa phải là vớt ra ngay  không nên luộc quá tay  mì sẽ bở nát mất ngon. | Bạn cắt thịt nguội thành lát mỏng. Cho mì đã trụng vào tô  lần lượt cho thịt nguội  trứng ngâm tương cắt làm đôi  hành Boaro cắt nhuyễn lên trên phần mì trong tô. Chan nước dùng và thêm vài lát rong biển là chúng ta đã hoàn thành món Mì Ramen Trứng thơm ngon cực đỉnh rồi đấy. Món nhà làm ngon như nhà hàng  đậm nét văn hóa ẩm thực Nhật Bản với sợi mì dai  nước dùng đậm đà có vị thanh ngọt từ nước tương MAGGI và thịt nguội. Trứng gà ướp mọng mềm  lòng đỏ trứng vàng ươm  tan chảy vừa đẹp mắt lại béo ngậy  đúng chuẩn ngon khó cưỡng đó nha các nàng!,https://www.maggi.com.vn/cong-thuc/mi-ramen-trung
Sandwich Cuộn Trái Cây,43 phút,4 người ăn,N/A,Bánh mì sandwich | Táo | Thơm chín | Dưa hấu | Xà lách | Húng lủi | Trứng gà | Bột chiên xù | Xốt mayonnaise | Tương ớt MAGGI,Cách làm Sandwich cuộn trái cây cũng rất đơn giản. Đầu tiên  bạn chuẩn bị phần đế cuốn bánh  trải những lát sandwich ra mặt phẳng  dùng dao cắt đi phần rìa nâu của bánh rồi dùng cây lăn cán mỏng. | Xà lách  húng lủi rửa sạch  để ráo. Dưa hấu  táo và thơm rửa sạch  để ráo sau đó cắt trái cây thành những sợi nhỏ có chiều dài tương đương với bề rộng của phần bánh đã cán để khi cuộn được đẹp hơn nhé! | Phết sốt mayonnaise lên 1/2 miếng bánh sandwich. Xếp rau xà lách  trái cây và húng lủi lên rồi cuộn chặt tay lại cho cuốn bánh tròn đều  dùng thêm một ít sốt mayonnaise để cố định phần mép bánh. | Bạn đánh tan trứng gà và dùng một dĩa riêng đựng bột chiên xù. Lần lượt nhúng cuộn sandwich qua trứng và bột. | Thả những cuộn bánh trong lớp áo bột chiên xù vào chảo sâu lòng chiên với lửa lớn cho vàng đẹp. Bạn nhớ vớt bánh ra để ráo dầu để giữ độ giòn lâu hơn cũng như bớt đi lượng chất béo trong món ăn. | Khi bánh đã nguội  dọn ra dĩa và thưởng thức ngay món khỏe ngon lành thôi. Sandwich Cuộn Trái Cây vàng giòn bên ngoài  bên trong là nhân trái cây chua ngọt  có chút béo của sốt mayonnaise  tươi xanh của xà lách. Món nhà làm ngon như nhà hàng khi chấm cùng một chén tương ớt MAGGI cay mát  kích thích vị giác đến tột cùng đó nha!,https://www.maggi.com.vn/cong-thuc/sandwich-cuon-trai-cay
Cá Hồi Chiên Xù,33 phút,4 người ăn,N/A,Cá hồi phi lê | Rau thì là | Trứng gà | Bột chiên giòn | Bột chiên xù | Nước lọc | Muối | Tiêu xay | Tương ớt MAGGI,Cá hồi rửa sạch  rút hết xương  lóc bỏ phần da cá. Bạn pha chén nước lọc với ít nước cốt chanh và muối ăn. Cho cá hồi vào đảo nhẹ tay rồi để yên khoảng 30 giây đến 1 phút rồi rửa lại với nước sạch để loại bỏ mùi tanh của cá  sau đó cắt thành những khối hình chữ nhật vừa ăn. | Ướp cá với muối  tiêu xay và rau thì là băm trong 5 phút cho thịt cá thơm và đậm vị hơn. | Để phần trứng gà đánh tan  bột mì và bột chiên xù trong ba chén riêng. Lần lượt nhúng từng miếng cá hồi vào bột mì  trứng gà  cuối cùng là bột chiên xù để cá được phủ đều một lớp bột xù giòn. | Chiên cá ngập dầu cho giòn và vàng rụm rồi vớt ra dĩa có lót giấy thấm dầu. | Trình bày những miếng cá hồi chiên xù vàng ươm đẹp mắt ra dĩa. Thưởng thức cá hồi với tương ớt MAGGI cay mát thì ngon khỏi bàn đó nha. Thịt cá mềm ngọt bên trong lớp bột giòn  thơm mùi thì là  chấm cùng tương ớt MAGGI cay ngọt nồng nàn  món nhà làm ngon như nhà hàng  ai cũng phải gật gù ngợi khen sự khéo léo của nàng!,https://www.maggi.com.vn/cong-thuc/ca-hoi-chien-xu
Đậu Hủ Bọc Trứng Muối Chiên,36 phút,4 người ăn,N/A,Đậu hủ trắng | Lòng đỏ trứng muối | Trứng gà | Ngò rí | Bột mì | Bột bắp | Đường | Tiêu | Hạt nêm MAGGI nấm hương | Tương ớt MAGGI,Sau khi mua đậu hủ trắng về  bạn xả sơ qua nước lạnh  để đậu thật ráo rồi cắt nhỏ  bóp nhuyễn. Bạn có thể bọc đậu bên ngoài vải mùng  vắt nhẹ cho ráo bớt nước để khi trộn  hỗn hợp sẽ có độ kết dính tốt hơn  không bị nhão. | Tách trứng vịt muối lấy lòng đỏ ra để riêng  rửa sơ với một ít rượu gừng cho thơm rồi đem hấp chín. | Khi trứng đã chín mềm  dùng nĩa tán trứng cho vụn ra  không nên tán nhuyễn để khi ăn có thể cảm nhận những mẩu trứng muối béo mặn đặc trưng. | Rửa sạch ngò rí rồi băm nhỏ  trộn với đậu hủ nghiền  lòng đỏ trứng muối  hạt nêm MAGGI nấm hương  đường  tiêu  trứng gà  bột bắp và bột mì. Dùng muỗng hoặc đũa đảo đều các nguyên liệu  bạn cũng có thể đeo bao tay thực phẩm rồi dùng tay để nhào cho hỗn hợp đậu hủ nhuyễn mịn hơn nhé! | Nặn đậu hủ thành từng viên tròn đều nhau. Làm nóng chảo sâu lòng  cho dầu vào chiên ngập viên đậu cho vàng và chín đều. Bạn lưu ý chiên đậu ở lửa vừa và phải chờ đến khi dầu sôi mới bắt đầu. | Khi thấy những viên Đậu Hủ Bọc Trứng Muối Chiên đã ngả màu vàng nâu giòn  đẹp mắt thì vớt ra đĩa có lót sẵn giấy thấm dầu cho ráo bớt. | Trình bày món ăn ra dĩa rồi thưởng thức cùng cả nhà thôi. Đậu hủ chiên giòn  có chút mặn béo của trứng  thơm thơm của ngò ăn cực thích. Đừng quên bí quyết giúp món nhà làm ngon như nhà hàng  một chén tương ớt MAGGI cay mát thơm nồng cho món ngon thêm chuẩn vị. Chấm một cái  cắn một miếng  cứ thế mà hết lúc nào không hay đó nha!,https://www.maggi.com.vn/cong-thuc/dau-hu-boc-trung-muoi-chien
Đậu Hủ Sốt Thịt Bằm Nước Tương,40 phút,4 người ăn,N/A,Đậu hũ trắng | Thịt heo xay | Tỏi | Hành tím | Bột bắp | Đường | Nước lọc | Tiêu | Hành lá | Ớt | Tương ớt MAGGI | Hạt nêm MAGGI nấm hương | Nước tương MAGGI,Đậu hủ trắng sau khi mua về xả sơ nước lạnh cho sạch  để ráo đậu rồi cắt miếng chữ nhật vừa ăn. Bạn nên dùng dao sắc cắt nhẹ nhàng để tránh làm vỡ miếng đậu hủ  sau đó xếp vào đĩa cho đẹp mắt. | Linh hồn của món ăn này chính là phần nước sốt sóng sánh từ thịt băm và nước tương MAGGI. Làm nóng chảo với dầu ăn  phi thơm tỏi băm và hành tím băm  tiếp đó cho thịt heo xay vào xào săn lại. Nêm nếm cùng hạt nêm MAGGI nấm hương  đường  nước tương MAGGI  tương ớt MAGGI và tiêu xay rồi đảo đều tay trong 10 phút để thịt thấm đều gia vị. | Trong lúc đó  bạn pha loãng bột bắp với 100ml nước  khuấy đều để bột tan và không vón cục. Thêm vào chảo 100ml nước lọc  nấu sôi rồi từ từ rưới hỗn hợp bột bắp vào  nấu thêm 5 phút cho nước sốt thịt sánh  đặc và có màu nâu đẹp mắt thì tắt bếp. | Đổ phần nước sốt thịt băm đã xào thơm lên trên đậu hủ đã cắt nhỏ và xếp ra đĩa. Dàn đều để sốt thịt phủ kín mặt đậu hũ cho đẹp mắt  sau đó cho vào nồi hấp khoảng 10 phút. | Khi thời gian hấp đã gần xong  bạn rắc thêm hành lá và vài khoanh ớt thái nhỏ lên  đậy nắp đun nhỏ lửa thêm vài giây là món Đậu Hủ Sốt Thịt Bằm Nước Tương sóng sánh  thanh mát  lạ miệng đã hoàn thành rồi đấy. Đậu hủ mềm tan trong miệng  đậm đà hương vị từ nước tương MAGGI  chút cay nhẹ của ớt  ăn cùng cơm trắng thì ấm bụng phải biết luôn!,https://www.maggi.com.vn/cong-thuc/dau-hu-sot-thit-bam-nuoc-tuong
Cơm Chiên Hải Sản Đà Nẵng,25 phút,3 người ăn,N/A,Tôm thẻ | Mực ống | Nghêu | Bắp Mỹ | Hành lá | Tỏi băm | Trứng gà | Cơm nguội | Đường | Tiêu xay | Hạt nêm MAGGI nấm hương | Nước tương MAGGI,Tôm tươi sau khi mua về lột bỏ vỏ  đầu  đuôi tôm. Dùng tăm rút phần chỉ đen trên lưng tôm rồi rửa sạch. Nghêu ngâm trong nước muối với vài lát ớt để nhả hết cát rồi rửa sạch  hấp đến khi nghêu há miệng thì tắt bếp  lấy phần thịt  bỏ vỏ. Bạn không nên hấp nghêu quá lâu để tránh làm thịt nghêu bị khô và mất chất ngọt. | Mực ống rửa sạch  lột bỏ mắt  mực và phần da nâu bên ngoài rồi cắt miếng vuông nhỏ. | Bạn thêm một ít dầu ăn vào cơm nguội  dùng bao tay bóp nhẹ để cơm rời ra từng hạt. Sau đó  bạn cho trứng gà vào cơm và đừng quên thêm 1/2 muỗng hạt nêm MAGGI nấm hương vào cho đậm đà nhé. Rồi | Cách chiên cơm ngon cũng rất dễ. Đầu tiên  bạn làm nóng dầu trên chảo  khi dầu vừa nóng  phi thơm tỏi băm đến khi hơi vàng thi cho tôm  mực vào đảo đều. Nêm hải sản với đường  hạt nêm MAGGI nấm hương  nước tương MAGGI. | Khi hải sản hơi săn lại thì cho cơm đã trộn cùng trứng  bắp Mỹ vào đảo đều. Cuối cùng thêm nghêu  rắc hành lá  đảo thêm 2 phút thì tắt bếp. Trình bày món cơm chiên hải sản Đà Nẵng ra dĩa hoặc tô lớn  rắc tiêu xay  ngò rí cho thơm và thưởng thức khi còn nóng cùng cả nhà thôi. Từng hạt cơm tơi giòn đều ăn cùng hải sản tươi  cách chiên cơm đặc trưng hương vị Đà Nẵng mà chỉ mất có 15 phút chế biến tại nhà sẽ khiến mọi người trầm trồ thích thú đó nha!,https://www.maggi.com.vn/cong-thuc/com-chien-hai-san-da-nang
Mực Ống Hấp Bia Bình Thuận,42 phút,3 người ăn,N/A,Mực ống | Gừng | Sả băm nhuyễn | Ớt sa tế | Bia | Nước | Hạt nêm MAGGI nấm hương | Nước mắm chua ngọt,Bạn làm sạch ruột và đầu mực tươi  dùng tay bóc lớp da bên ngoài  rửa với rượu vang trắng và gừng băm nhuyễn  chà xát bên trong và bên ngoài mực để khử mùi tanh  cuối cùng rửa lại với nước sạch rồi để ráo. Dùng dao khứa nhẹ các đường đều nhau ngang thân mực để khi hấp chín  mực sẽ có tạo hình đẹp mắt hơn. | Để món mực hấp thêm đậm đà  bạn hãy ướp mực với hạt nêm MAGGI nấm hương  sả cây đập dập  gừng băm và ớt sa tế rồi trộn cho gia vị phủ đều lên 2 mặt của mực. Để khoảng 10 phút trước khi hấp để mực ngấm gia vị và khử mùi tanh nhé. | Cho một ít nước vào nồi hấp  đun sôi rồi đổ hết phần bia đã chuẩn bị vào dưới đáy nồi. Đặt khay hấp vào trong nồi  sau đó xếp những con mực ướp gừng sả lên đĩa chịu nhiệt rồi đặt lên khay hấp. Bật lửa hơi lớn rồi đậy kín nắp nồi lại hấp mực. Khoảng 10 phút là mực sẽ chín đều và có mùi thơm rất hấp dẫn đấy. | Trong thời gian hấp mực  bạn đừng quên món nước chấm để nâng tầm hương vị cho món ngon cùng MAGGI. Lần lượt cho tỏi  ớt băm  đường  nước mắm MAGGI  nước cốt chanh và tương ớt vào chén  khuấy đều cho các gia vị tan hẳn rồi nêm nếm thêm để nước chấm có vị cay  chua  mặn  ngọt hài hòa là được. Tùy vào khẩu vị cả nhà  nàng có thể gia giảm ớt băm hay tương ớt cho phù hợp nhé! | Trình bày món mực ống hấp bia Bình Thuận ra đĩa  chấm cùng nước mắm chua ngọt và thưởng thức ngay hương vị tươi ngon của hải sản biển cùng gia đình ngay tại nhà thôi. Mực ống hấp giòn  ngọt  thơm lừng càng ăn lại càng ghiền. Chỉ với vài bước chế biến đơn giản hết cỡ mà thành phẩm lại xuất sắc thế này thì chị em nên trổ tài ngay nhé!,https://www.maggi.com.vn/cong-thuc/muc-ong-hap-bia-binh-thuan
Nghêu Hai Cồi Nha Trang Hấp,30 phút,3 người ăn,N/A,Nghêu hai cồi | Sả băm nhuyễn | Gừng | Lá chanh | Ớt | Tỏi | Nước | Nước cốt chanh | Bột ngọt | Đường | Hạt nêm MAGGI nấm hương | Nước mắm MAGGI,Nghêu hai cồi thường vùi mình trong cát nên để làm sạch  bạn ngâm nghêu với nước vo gạo cùng vài lát ớt cay và thường xuyên thay nước khoảng 3 – 4 lần. Dùng bàn chải nhỏ chà phần vỏ nghêu cho sạch để hấp. Sả cây bạn bóc bỏ phần vỏ bên ngoài  sửa sạch rồi đập dập  cắt khúc. Gừng bào vỏ rồi thái lát  lá chanh và ớt trái rửa sạch. Băm nhỏ một ít gừng  tỏi và ớt rồi để riêng. | Chuẩn bị nồi lớn  xếp sả và gừng thật đều nhau thành một lớp ở dưới đáy nồi  đổ nghêu hai cồi lên trên  thêm ớt nguyên trái  lá chanh trên mặt. Cách hấp nghêu ngon là thêm vào nồi hạt nêm MAGGI nấm hương  1 muỗng canh nước mắm MAGGI và nước lọc sau đó đảo đều. | Bạn đậy nắp lại và đun nước cho sôi  đến khi nghêu mở miệng thì xốc đều nồi rồi tắt bếp. Nghêu hai cồi chỉ cần hấp khoảng 4 đến 5 phút là chín  bạn không nên hấp quá lâu sẽ khiến thịt nghêu kém ngon ngọt nhé! | Trong lúc chờ nghêu hấp chín  đừng quên chuẩn bị nước mắm chấm cho món ngon càng thêm tròn vị hơn cùng MAGGI nha. Bạn cho vào 1 chén nhỏ: đường  nước mắm MAGGI  1 muỗng canh nước lọc  bột ngọt  nước cốt chanh rồi khuấy đều tay cho tan sau đó cho vào gừng  tỏi và ớt băm rồi trộn đều là được. | Trình bày món Nghêu Hai Cồi Nha Trang Hấp thơm lừng  nóng hổi ra bàn và thưởng thức ngay thôi chị em ơi. Nghêu hai cồi tươi ngon vừa chín tới  thơm lừng mùi gừng sả và lá chanh  thêm chút cay tê nơi đầu lưỡi của ớt  nhai cực thích miệng luôn. Món hấp này ăn cùng nước mắm chấm đậm đà thì càng tuyệt  ngồi nhà mà vẫn được thưởng thức hương vị đặc sản Nha Trang thì còn gì bằng  phải không các chị em?,https://www.maggi.com.vn/cong-thuc/ngheu-hai-coi-nha-trang-hap
Hàu Nướng Phô Mai Dầu Hào,30 phút,6 người ăn,N/A,2 kilôgam Hàu | 120 g Phô Mai | 1 muỗng canh MAGGI Dầu Hào | Rượu trắng | Đường | Nước cốt chanh | Ớt xắt lát | Nước mắm MAGGI,Hàu sau khi mua về  bạn ngâm với nước khoảng 2 - 3 tiếng để lớp bùn đất bên ngoài mềm ra  giúp công đoạn sơ chế hàu được dễ dàng hơn. Dùng bàn chải chà rửa sạch từ phần vỏ đến miệng hàu  sau đó chần với nước nóng trong 2 phút cho dễ tách vỏ  rửa sơ qua rượu trắng khử mùi tanh rồi để ráo. | Dùng cọ phết lên thịt hàu một lớp mỏng dầu hào MAGGI rồi đặt một miếng phô mai lên mặt hàu. Bạn lặp lại thao tác này đến khi hết số lượng hàu nhé! | Bạn mở nồi chiên không dầu cho nóng khoảng 5 phút để nhiệt lượng phân bổ đều  sau đó xếp từng con hàu vào bên trong  đậy nắp lại chiên ở mức 200 độ với thời gian 5 phút. Cách để nướng hàu ngon đó là chỉ nướng đến khi hàu vừa chín tới để giữ độ ngọt và mọng nước  tránh cho hàu bị khô. | Khi hàu đã chín  bạn dọn món ăn ra dĩa và thưởng thức ngay khi còn nóng. Hàu nướng phô mai ăn kèm với một ít nước mắm đường chua cay hay ăn không đều rất ngon. Phô mai và thịt hàu béo thơm ngậy  nức lòng người thưởng thức.,https://www.maggi.com.vn/cong-thuc/hau-nuong-pho-mai-dau-hao
Sốt Chấm Gỏi Cuốn,15 phút,2 người ăn,N/A,4 muỗng canh MAGGI Nước Tương | 1 muỗng canh Tương ớt | 2 muỗng canh Nước Cốt Dừa | 1 muỗng cà phê Bơ đậu phộng | 1 muỗng cà phê Đường Trắng | 1 muỗng canh Dầu Hành Tỏi Phi | 1 muỗng canh Nước Cốt Me,Bạn cho vào 1 chén nhỏ lần lượt các loại gia vị gồm nước tương MAGGI  tương ớt  nước cốt dừa  nước cốt me  dầu hành tỏi phi  bơ đậu phộng và đường cát. Khuấy đều hỗn hợp cho hòa tan là có ngay 1 chén sốt chấm hảo hạng. | Bày chén sốt chấm cùng những cuốn gỏi đã chuẩn bị sẵn  chấm gỏi cuốn ngập sốt và từ từ cảm nhận mùi sốt thơm dịu đang lan tỏa trong vị béo của nước cốt và bơ đậu phộng thêm chút chua nhẹ của me  cay cay của tương ớt. Vị ngon đúng “đỉnh” đó bạn nha!,https://www.maggi.com.vn/cong-thuc/sot-cham-goi-cuon
Bánh Tráng Nướng Chảo,30 phút,4 người ăn,N/A,Bánh tráng | Thịt heo xay | Xúc xích | Trứng gà | Pate gan | Phô mai | Hành lá | Tép khô | Hành phi | Ớt sa tế | Tiêu xay | Dầu ăn | Hạt nêm MAGGI nấm hương | Tương ớt MAGGI,Đầu tiên  bạn làm nóng một cái chảo nhỏ với dầu ăn rồi cho thịt heo xay vào đảo đều  nêm nếm với hạt nêm MAGGI nấm hương và tiêu xay cho đậm đà. Bạn đảo khoảng 5 phút cho thịt vừa chín tới  săn lại thì múc ra để riêng. | Bắc một chiếc chảo khô lên bếp  chờ đến khi chảo đã nóng già thì cho bánh tráng vào nướng. Khi bạn thấy phần rìa bánh hơi cong lên thì cho ớt sa tế vào  dùng mặt dưới muỗng tán đều. Tiếp tục cho lên trên bề mặt bánh tráng ít hành lá  1 muỗng canh thịt heo xào  đập 1 quả trứng gà lên trên  di chuyển muỗng nhẹ nhàng để các nguyên liệu dàn đều  trứng gà không bị tràn khỏi mặt bánh. | Chờ đến khi trứng gà chín và hơi khô lại  bạn cho tiếp pate gan  1 viên phô mai  tán nhuyễn đều khắp mặt. Sau đó lần lượt rải đều lên bề mặt bánh tép khô  hành phi  xúc xích cắt xéo cho đẹp mắt. | Để món ăn thêm thơm ngon và đậm vị  bạn cho xốt mayonnaise và tương ớt MAGGI lên trên theo đường ziczac  phủ khắp mặt bánh tráng nướng. | Nhẹ nhàng dùng muỗng lớn gập bánh lại. Áp chảo giòn đều cả hai mặt bánh rồi thưởng thức. Bạn nướng đến khi hết bánh tráng và nguyên liệu  nhưng món mới thời thượng này tốt nhất là làm đến đâu ăn đến đó để cảm nhận được vị giòn rụm của bánh kèm với vị béo  mặn ngọt hài hòa từ các nguyên liệu bạn nhé! Đừng quên ăn kèm với tương ớt MAGGI cay mát  đảm bảo món nhà làm ngon như nhà hàng luôn đó nha!,https://www.maggi.com.vn/cong-thuc/banh-trang-nuong-chao
Gỏi Tôm Thịt,80 phút,2 người ăn,N/A,100 g Tôm | 200 g Củ Hũ Dừa | 100 g Cà Rốt | 20 g Rau Răm | 10 g Hành Phi Giòn | 10 g Đậu Phộng Rang | 5 g Ngò Gai | 10 g Ớt Bằm | 80 g Đường Trắng | 2 muỗng canh Nước cốt chanh | 4 muỗng canh MAGGI Nước Mắm | Tỏi băm | Muối | 100g Thịt lợn  tươi  nhiều loại thịt và phụ phẩm  gan  nấu chín  om,Đầu tiên  bạn gọt vỏ cà rốt và dưa leo  rửa sạch rồi thái thành lát mỏng vừa ăn. Độ dài khoảng 7cm là vừa đẹp. Với dưa leo  nhớ loại bỏ phần ruột bên trong để món gỏi không bị ướt và dưa được ngon  giòn hơn. Củ hủ dừa bạn nên nạo sạch lớp vỏ ngoài  rửa sạch với nước rồi thái thành những lát mỏng vừa ăn. Ngâm phần củ hũ dừa đã thái trong nước đá lạnh có hòa cùng nước cốt chanh tươi để giữ độ trắng  giòn khi thưởng thức. | Rửa thịt ba chỉ và tôm với nước và một ít muối  sau đó bắc lên bếp luộc chín thịt với nước lạnh. Lưu ý là bạn phải để phần thịt luộc ngập trong nước  như vậy thịt sẽ chín từ từ và không bị thâm. Sau khi thịt đã chín  ngâm thịt vào tô nước lạnh để giữ độ trắng. Tiếp tục luộc tôm với nước thịt vừa dùng  bạn chỉ nên luộc khoảng 3 phút để tôm vừa chín tới  có màu đỏ đẹp mắt. Đừng luộc tôm quá lâu sẽ làm tôm bị khô và mất vị ngon ngọt tự nhiên. Ngâm tôm vào nước lạnh để tôm giòn dai  dễ bóc vỏ. | Khi tôm và thịt đã nguội  vớt ra để ráo nước một chút. Bạn thái thịt ba chỉ thành những miếng mỏng vừa ăn. Không nên cắt quá dày sẽ làm thịt khó thấm gia vị trộn gỏi. Với tôm  bạn bóc vỏ và giữ lại phần đuôi cho đẹp mắt. | Nước mắm trộn gỏi chính là yếu tố quyết định và là linh hồn của các món gỏi. Bắt tay vào làm thôi! Bắc nồi hoặc chảo lên bếp  cho nước mắm MAGGI vào với 4 muỗng canh nước lọc  đường trắng rồi đun sôi liu riu. Trộn đều tay để đường tan hết và hỗn hợp nước mắm keo sệt lại thì tắt bếp  để nguội. Khi nước mắm đã nguội hẳn  bạn thêm tỏi băm  ớt băm và nước cốt chanh vào  khuấy đều cho hòa quyện. Hỗn hợp nước mắm sánh kẹo và thơm  ngọt  mặn chua chua vừa miệng là chuẩn vị. | Để ráo hẳn củ hũ dừa  dưa leo và cà rốt trước khi tiến hành trộn gỏi bạn nhé. Nếu phần nguyên liệu chưa ráo thì khi trộn gỏi tôm thịt sẽ bị ướt và kém giòn. Cho củ hũ dừa  dưa leo  cà rốt và tôm thịt vào chung một tô  rưới nước mắm lên trên rồi trộn đều tất cả cho thấm. Nên trộn thật nhẹ tay để tránh cho rau củ bị nát và làm món gỏi chảy nước  kém ngon. | Cuối cùng  bạn thêm rau răm cắt nhỏ  ngò gai  đậu phộng rang và hành phi giòn  trộn đều một lần nữa là đã có thể bày ra đĩa thưởng thức rồi. Món gỏi tôm thịt củ hũ dừa giòn giòn lạ miệng  chua ngọt hài hòa kết hợp với tôm thịt  đậu phộng rang béo bùi sẽ khiến bạn ăn mãi không ngừng. Món gỏi rất hợp ăn cùng bánh phồng tôm chiên  cả nhà sẽ gật gù khi thưởng thức đấy!,https://www.maggi.com.vn/cong-thuc/goi-tom-thit
Bồ Câu Xào Lăn,45 phút,3 người ăn,N/A,500 g Bồ Câu | 1 quả Ớt Trái | 5 g Tỏi | 100 g Lạc Rang | 1/2 muỗng cà phê Đường | 1 gói Bột Cà Ri | 1 gói Phồng Tôm | 1/2 muỗng canh MAGGI Nước Mắm | 1 muỗng canh MAGGI Dầu Hào | Sả cây | Tiêu,Bồ câu làm sạch lông và ruột  rửa sạch với nước  để ráo rồi sau đó băm nhuyễn. Sả cây bóc bỏ phần vỏ già bên ngoài  rửa sạch sau đó băm nhuyễn với hành và tỏi. Rang chín đậu phộng rồi để nguội cho lớp vỏ dễ bóc hơn. Giã nhỏ đậu phộng chứ đừng giã nát bạn nhé. Bánh phồng tôm chiên rồi vớt ra cho ráo dầu. | Làm nóng chảo rồi đun cho dầu sôi  bạn kiểm tra thấy đầu đũa gỗ khi nhúng vào dầu có bong bóng nhỏ sủi lên thì cho hành  tỏi  sả băm nhuyễn vào xào cho thơm. Tiếp đến bạn cho thịt bồ câu bằm nhuyễn vào xào  thêm bột cà ri để món ăn thơm ngon đúng điệu. | Đảo đều cho bột cà ri hòa quyện cùng thịt  nêm thêm dầu hào MAGGI  nước mắm MAGGI  tiêu  đường và điều chỉnh sao cho phù hợp với khẩu vị của bạn. | Khi thịt đã chín tới  cho đậu phộng rang giã nhỏ vào rồi bày món ăn ra đĩa. Rắc rau ngổ và ớt trái đã rửa sạch thái nhỏ lên mặt món ăn cho thơm và đượm vị cay nồng. Bồ câu xào lăn ăn kèm bánh phồng chiên hay bánh tráng nướng đều rất ngon. Thịt chim ra ràng mềm béo  thơm lừng mùi hành  sả và cà ri  bùi bùi của đậu phộng  vừa ngon vừa dinh dưỡng.,https://www.maggi.com.vn/cong-thuc/bo-cau-xao-lan
Tôm Bằm Xúc Bánh Tráng,35 phút,4 người ăn,N/A,600 g Tôm Sú | 10 g Sả Băm | 1/4 muỗng cà phê Ớt Bột | 10 g Tiêu Xanh | 5 g Ngò Rí | 1 quả Ớt Sừng | 1 quả Cà Rốt | 1 muỗng cà phê Đường Trắng | 1 muỗng canh Đậu Phộng Rang | 1 muỗng canh Dầu Hành Tỏi Phi | 1 muỗng canh MAGGI Nước Mắm | 2 muỗng canh Tương ớt | 1 muỗng cà phê MAGGI Dầu Hào | Bánh tráng | Nước cốt chanh | Hạt nêm MAGGI nấm hương,Bạn lột bỏ vỏ và đầu tôm  dùng tăm tre nhẹ nhàng rút phần chỉ đen ở lưng  lau khô rồi cắt hạt lựu nhỏ. Rau ngò rí rửa sạch  cắt nhỏ. Bánh tráng dùng kéo cắt miếng hình tam giác vừa ăn  nướng bánh tráng trên than hồng đến khi chín giòn  có màu vàng ươm đẹp mắt. Tiêu xanh bỏ cuống  rửa sạch hạt rồi băm hoặc giã nhuyễn. Ớt sừng cắt lát mỏng  đậu phộng rang xát vỏ  giã nhỏ. | Ướp tôm với các gia vị gồm nước mắm MAGGI  hạt nêm MAGGI nấm hương  dầu hào MAGGI  bột ớt  sả băm. Trộn đều và để khoảng 5 phút cho tôm thấm gia vị đậm đà hơn. | Làm nóng chảo dầu tỏi  cho tôm đã ướp vào xào cho săn lại. Khi tôm vừa chín tới  chuyển sang màu đỏ hồng thì bạn cho đậu phộng  tiêu và ngò gai vào xào đều rồi tắt lửa. Bạn xào tôm nhanh trên lửa vừa  không nên xào quá lâu để tránh tôm bị khô lại nhé! | Món tôm bằm xào ngon khi ăn cùng nước chấm. Bạn pha nước chấm gồm tương ớt  nước cốt chanh và vài lát ớt sừng. Khuấy đều cho nước chấm tan  có vị chua ngọt  cay nhẹ là được. | Xếp bánh tráng nướng ra dĩa  cho tôm bằm xào lên trên  trang trí thêm ớt sừng cắt lát và ngò rí là sẵn sàng thưởng thức rồi đấy. Tôm sú giòn ngọt  được xào chín tới vẫn còn cảm giác mọng nước trong miệng khi ăn. Bánh tráng nướng giòn tan  ăn cùng tôm bằm thời thượng và mới lạ sẽ khiến mọi người trầm trồ đó nha!,https://www.maggi.com.vn/cong-thuc/tom-bam-xuc-banh-trang
Ngan Nướng Sả Riềng Mẻ,57 phút,,N/A,50 g Dầu Hào MAGGI | 30 g Nước tương MAGGI Đậm Đặc | 10 g Hạt nêm MAGGI | 15 g Đường cát | 2 kilôgam Thịt ngan nguyên con làm sạch | 60 g Dầu Ăn | 20 g Riềng băm | 20 g Sả Băm | 30 g Hành tím băm | 20 g Tỏi băm | 30 g Cơm mẻ | 10 g Mắm tôm,Để sơ chế “nhân vật chính” của món ăn hôm nay  đầu tiên  bạn chặt thịt ngan thanh miếng vừa ăn  nếu có thời gian bạn có thể lóc phi lê thịt ngan để tránh xương nhé! Tiếp theo  bạn hãy dùng muối hoặc chanh chà xát khắp thân ngan và nhớ dùng tay bóp kỹ để các chất nhờn  chất bẩn  mùi hôi trong lỗ chân lông ngan tiết ra ngoài. Cuối cùng  bạn đem ngan rửa lại với nước cho thật sạch rồi vớt ra để ráo. | Muốn làm nên hương vị đặc trưng của món Ngan Nướng Sả Riềng Mẻ  bạn cho hết tất cả riềng  sả  hành  tỏi  nước cơm mẻ vào máy xay  xay nhuyễn thành hỗn hợp nhỏ. | Bí quyết ướp thịt để giữ được hương vị đặc trưng Hà Nội cho món Ngan Nướng Sả Riềng Mẻ  mà vẫn tạo được sự khác biệt của riêng bạn là đây. Cho thịt ngan vào một bát (tô) lớn  sau đó thêm vào các nguyên liệu gồm: dầu hào MAGGI  nước tương MAGGI đậm đặc  hạt nêm MAGGI  đường  mắm tôm  dầu ăn và hỗn hợp vừa xay nhuyễn. Bạn nhớ trộn đều tay và ướp tầm 10 phút cho thịt ngan ngấm gia vị  rồi xiên thành các xâu thịt bằng nhau hoặc kẹp thịt vào vỉ nướng nhé! | Trước khi nướng thịt  bạn hãy khởi động lò nướng khoảng 15 phút cho nóng lò. Sau đó  cho thịt ngan vào lò và bắt đầu nướng trong khoảng 15 - 20 phút. Trong lúc nướng nhớ thăm chừng và đảo mặt thịt nướng đều 2 mặt. Lưu ý  không nên nướng thịt ngan quá lâu vì như thế sẽ làm thịt ngan cháy hoặc bị nhão. | Thịt sau khi đã nướng chín  bạn lấy ra cho vào dĩa  trang trí cùng ít rau ngò cho đẹp mắt. Vậy là món Ngan Nướng Sả Riềng Mẻ thơm lừng  đậm vị với công thức khác biệt từ MAGGI đã hoàn thành rồi. Và đừng quên chuẩn bị thêm chén cơm nóng để ăn cùng là hết sảy đấy nhé!,https://www.maggi.com.vn/cong-thuc/ngan-nuong-sa-rieng-me
Miến Lươn Trộn,60 phút,,N/A,400 g Lươn con to | 200 g Miến | 15 g Muối | 60 g Bột Chiên Giòn | 10 g Gừng tươi | 5 g Rau thơm | 5 g Đậu Phộng Rang | 2 g Hành phi | 20 g Dưa giá cà rốt chua ngọt | 30 g Nước nóng | 30 g Giấm Gạo | 15 g Dầu Hào MAGGI | 13 g Hạt nêm MAGGI | 30 g Nước tương MAGGI | 60 g Đường cát | 1 gam Ớt Bột | 2 g Tiêu Sọ,Lươn sau khi mua về  bạn cho muối vào xóc đều để lươn tự quẫy nhả nhớt. Tiếp theo  bạn dùng nước nóng 50-70°C dội xả 1 lượt nữa cho lươn sạch hết nhớt  rồi rửa lại bằng nước lạnh nhiều lần. Sau khi lươn đã sạch  bạn tiến hành phi lê lươn  để riêng phần xương với phần thịt. Với thịt  bạn tiếp tục cắt sợi vừa ăn. | Ăn Miến Lươn Trộn thì không thể nào thiếu phần nước súp ngọt thanh ăn kèm. Để chế biến  bạn cho phần xương lươn vừa lóc ở trên  hầm với gừng cắt lát trong lửa nhỏ tầm 15 phút. Sau đó  vớt xương ra và nêm 10gr hạt nêm MAGGI cho 500ml nước dùng. | Phần thịt lươn đã cắt sợi bạn cho vào tô  nêm thêm lượng hạt nêm MAGGI còn lại  10gr dầu hào và tiêu  rồi dùng muỗng trộn đều cho gia vị thấm vào thịt. Tiếp theo  cho tiếp bột chiên giòn vào tô lươn  trộn đều lần nữa để từng miếng thịt lươn được lớp áo bột mỏng bên ngoài. Để hoàn thành phần thịt lươn giòn tan  đậm đà ăn cùng miến  bạn đun nóng chảo dầu  cho lươn vào chiên đến khi vàng giòn  vớt lươn ra để ráo dầu là được nhé! | Muốn món Miến Lươn Trộn vừa giữ được nét đặc trưng của món ăn Bắc Trung Bộ  mà vẫn tạo được sự khác biệt tích cực thì phải lưu ngay công thức nước sốt trộn đặc biệt này nhé  bạn ơi! Cho tất cả nguyên liệu gồm: Nước nóng  dấm gạo  dầu hào MAGGI  nước tương MAGGI  đường cát  ớt bột  tiêu sọ vào chén (bát) khuấy đều tay đền khi tan  hòa quyện hết vào nhau. | Vậy là món Miến Lươn Trộn sắp “ra lò” rồi  chỉ còn thiếu mỗi phần miến thôi. Bạn nhanh tay cho nước vào nồi  đun sôi và thêm vào 1 muỗng canh dầu ăn. Tiếp đến  bạn cho miến vào nồi trụng khoảng 3 phút  vớt ra để ráo. Mách bạn mẹo nhỏ để món miến trộn không bị dính nhau là thêm 1 ít nước dùng vào miến sau khi trụng và nhớ trộn đều với nhau nhé! | Đây  món Miến Lươn Trộn bắt miệng đã sẵn sàng phục vụ cả nhà bạn rồi đây. Hãy xếp miến vừa được chế biến vào tô  thêm lươn chiên giòn  rau thơm  dưa giá cà rốt chua ngọt  đậu phộng rang  hành phi và chan nước sốt công thức “bí truyền” từ MAGGI vào là đảm bảo cả nhà phải trầm trồ về tài nấu nướng của bạn đấy. Và đừng quên thêm 1 chén nước súp thanh nhẹ được hầm lúc nãy để ăn cùng nữa nhé!,https://www.maggi.com.vn/cong-thuc/mien-luon-tron
Cua Rang Sốt Tía Tô,28 phút,,N/A,500 g Cua sống | 5 g Rượu hoa hồi | 20 g Đường | 5 g Dầu Mè | 10 g Nước gia vị cô đặc MAGGI | 15 g Dầu Hào MAGGI | 48 g Sốt tương ngọt (hoisin) | 15 g Chao đỏ | 135 g Chao trắng loại | 1.5 g Bột cam thảo | 10 g Ngũ Vị Hương | 30 g Hành tím | 30 g Tỏi băm | 30 g Gừng | 10 g Lá tía tô,Cua sống mua về bạn chà và rửa sạch với nước  rồi chặt mỗi con thành 4 phần đều nhau. Với tía tô  bạn lặt lấy lá  rửa với nước sạch  vớt ra để ráo nước  su đó cắt thành sợi mỏng. | Để chế biến phần nước sốt vừa giữ được hương vị đặc trưng vùng Đông Bắc  vừa tạo được sự khác biệt cho món Cua Rang Sốt Tía Tô bạn hãy ghi chú ngay lại công thức sau! Bắc chảo lên bếp  cho vào 1 ít dầu ăn  đợi dầu nóng nhanh tay bỏ vào 1/2 hành  tỏi  gừng xào cho thơm. Tiếp theo  cho hết các gia vị còn lại gồm: rượu hoa hồi  đường  dầu mè  nước gia vị MAGGI  dầu hào MAGGI  sốt tương ngọt (hoisin)  chao đỏ  chao trắng  bột cam thảo  ngũ vị hương vào đảo đều tay để hỗn hợp hòa quyện vào nhau. Lúc này  bạn có thể gia giảm phần gia vị sao cho vừa ăn  rồi tắt bếp cho ra bát (chén) nhé! | Sau khi đã chuẩn bị xong phần nước sốt xào  bạn bắt lên bếp 1 chảo khác  đổ ngập dầu  chờ dầu nóng thì thả từ từ phần cua đã sơ chế lúc nãy nào chiên với lửa lớn. Cua chiên đã chín và thơm lừng thì bạn nhanh tay vớt cua ra để ráo nhé! | Đến phần chế biến quan trọng nhất của món Cua Rang Sốt Tía Tô đây. Bạn hãy tiếp tục bắt chảo dầu lên bếp  phi thơm 1/2 hành  tỏi  gừng còn lại  rôi cho cua và nước sốt chế biến phía trên vào vừa đủ. Ở bước này  bạn nhớ đảo đều tay để cua thấm đều phần nước sốt “bí truyền”. Sau đó  cho lá tía tô vào xào sơ lại  nêm nếm lần nữa để vừa ăn là bạn có thể tắt bếp rồi đấy. | Để món ăn thêm phần hấp dẫn  bạn xếp cua ra dĩa  rưới nước sốt đều xung quanh và trang trí thêm với là tía tô. Bạn có thể ăn món Cua Rang Sốt Tía Tô với cơm và nhớ thưởng thức ngay khi còn nóng để cảm nhận trọn vị tươi  ngọt  săn chắc của thịt cua hòa quyện nước sốt sánh đặc  đậm đà và hương thơm nhẹ từ lá tía tô nhé!,https://www.maggi.com.vn/cong-thuc/cua-rang-sot-tia-to
Sườn Kho Nước Tương Quả Vả,40 phút,,N/A,4 muỗng canh Nước tương MAGGI | 1 Muỗng cà phê Dầu Hào MAGGI | 500 g Sườn non heo | 1 muỗng canh Tỏi băm | 1 muỗng canh Sả băm | 2 muỗng canh Dầu Ăn | 2 muỗng canh Đường | 1 gam Tiêu xay | 1 gam Tiêu xay | 500 ml Nước lọc | 200 g Quả vả,Sườn non mua về bạn chặt thành miếng vừa ăn. Tiếp theo  rửa qua nước muối rồi rửa lại lần nữa bằng nước sạch  vớt ra rổ cho ráo nước hẳn. Trái vả gọt vỏ  rửa sạch  cắt thành làm 4  nếu quả lớn bạn có thể cắt làm 8 nhé! | Để pha phần nước gia vị cho món kho ngon đúng vị mà vẫn khác biệt  MAGGI bật mí công thức sau đây. Bạn cho tất cả nguyên liệu gồm: nước tương MAGGI  dầu hào MAGGI  1 muỗng canh đường  tiêu xay và nước lọc vào chén  rồi dùng muỗng khuấy đều để các gia vị hòa quyện đều vào nhau. | Món Sườn Kho Nước Tương Quả Vả sẽ là thiếu sót nếu thiếu màu nâu sậm óng ánh từ nước màu. Bạn bắc chảo nhỏ lên bếp cho nóng  rồi cho vào 1 muỗng đường  khuấy đều tay đến khi đường chuyển thành màu nâu cánh gián thì cho ngay 1 ít nước lọc vào. | Bước quan trọng làm nên Sườn Kho Nước Tương Quả Vả đậm đà  lạ miệng đây. Bạn đun nóng dầu ăn trong chảo  sau đó thêm sả băm  tỏi băm vào phi thơm cùng với sườn. Tiếp theo  cho nước màu và chén gia vị bên trên vào mở lửa lớn  vớt bọt bỏ  rồi vặn nhỏ lửa nấu đến khi nước kho còn 1/2 thì cho quả vả vào kho tiếp đến khi thịt chín và phần nước kho sệt lại thì tắt bếp. | Cho Sườn Kho Nước Tương Quả Vả ra dĩa  rắc thêm một ít tiêu lên trên cho dậy mùi. Món này hãy ăn khi còn nóng và dùng với cơm trắng  có thêm chén nước tương MAGGI chấm cùng thì tuyệt vời luôn nhé.,https://www.maggi.com.vn/cong-thuc/suon-kho-nuoc-tuong-qua-va
Thịt đà điểu làm món gì ngon? Công thức đà điểu xào sả lá chanh,30 phút,3 người ăn,N/A,Thịt Đà Điểu | Hành Tây | Sả Cây | Dầu Ăn | Tỏi Băm | Ớt Băm | Tiêu | Dầu Hào Maggi | Hạt Nêm Maggi | Nước Mắm Maggi | 6 lá Lá chanh,Bạn rửa thịt đà điểu rồi cắt lát mỏng vừa. Lưu ý  để cắt thịt dễ hơn  hãy làm lạnh thịt trước khi cắt. Tiếp đó  cần ướp thịt đà điểu với 1 muỗng canh dầu hào MAGGI  hạt nêm MAGGI nấm hương  nước mắm MAGGI  1/2 muỗng tỏi băm  cùng 1 muỗng cà phê sả và ớt đã băm nhỏ  thêm chút tiêu. Trộn đều và ướp trong 15 phút. Đối với hành tây  bạn lột vỏ  rửa sạch rồi thái múi cau. Riêng lá chanh sau khi rửa nước sẽ thái sợi chỉ nhuyễn. | Đổ dầu vào chảo  đun sôi thì phi thơm phần tỏi băm cùng sả băm còn lại. Tiếp đến sẽ cho thịt đà điểu vào  xào liên tục trong khoảng 3 phút thì nêm thêm phần dầu hào MAGGI còn lại  đảo đều  thử vị thấy vừa thì thêm hành tây vào  xào hành cho vừa chín tới. | Bạn cho lá chanh vừa thái vào chảo  đảo qua một lần là có thể tắt bếp. Cho món ăn ra dĩa  trang trí thêm ớt thái lát lên trên bề mặt. Món ngon dùng kèm với cơm nóng và có thể chấm cùng nước tương MAGGI. Thịt đà điểu đậm vị hài hòa cùng lá chanh thơm nồng  sẽ làm hài lòng đến cả những vị khách khó tính nhất.,https://www.maggi.com.vn/cong-thuc/thit-da-dieu-xao-ot-sa-la-chanh
Su hào xào cà rốt thập cẩm,42 phút,2 người ăn,N/A,Dầu hào Maggi | 1 muỗng cà phê MAGGI Hạt Nêm Nấm Hương | Thịt thăn xay | 1 củ Su Hào | 1/2 củ Cà Rốt | Miến | Hành lá | Hành khô | Tiêu xay | Dầu ăn | 10 g Rau mùi,Để làm món su hào xào cà rốt thập cẩm  trước tiên bạn rửa sạch thịt thăn  vớt ra để ráo. Sau đó  xay nhỏ thịt và ướp với 1 muỗng dầu hào MAGGI để tăng vị đậm đà. | Su hào và cà rốt gọt vỏ  rửa sạch  bào sợi nhỏ hoặc thái bằng dao. Miến ngâm mềm  cắt khúc. Nấm hương  hành lá  rau mùi bỏ gốc  cắt nhỏ. Hành khô thái lát mỏng. | Phi thơm hành  xào nấm và thịt thăn rồi để riêng. Tiếp đến  xào su hào  cà rốt với hạt nêm MAGGI nấm hương  rồi cho miến và dầu hào MAGGI vào đảo đến khi chín. | Cho thịt  nấm vào chảo  thêm dầu hào MAGGI xào thêm 2 phút để thấm đều gia vị. Rắc hành lá  rau mùi  hạt tiêu. Su hào xào cà rốt thập cẩm thơm ngon đã sẵn sàng! | Trình bày ra dĩa và thưởng thức. Món su hào xào cà rốt thập cẩm thơm lừng  tốt cho sức khỏe và vóc dáng  thích hợp cho những ai yêu thích món ăn thanh đạm.,https://www.maggi.com.vn/cong-thuc/su-hao-xao-thap-cam
Hàu Nướng Phô Mai Dầu Hào,30 phút,6 người ăn,N/A,2 kilôgam Hàu | 120 g Phô Mai | 1 muỗng canh MAGGI Dầu Hào | Rượu trắng | Đường | Nước cốt chanh | Ớt xắt lát | Nước mắm MAGGI,Hàu sau khi mua về  bạn ngâm với nước khoảng 2 - 3 tiếng để lớp bùn đất bên ngoài mềm ra  giúp công đoạn sơ chế hàu được dễ dàng hơn. Dùng bàn chải chà rửa sạch từ phần vỏ đến miệng hàu  sau đó chần với nước nóng trong 2 phút cho dễ tách vỏ  rửa sơ qua rượu trắng khử mùi tanh rồi để ráo. | Dùng cọ phết lên thịt hàu một lớp mỏng dầu hào MAGGI rồi đặt một miếng phô mai lên mặt hàu. Bạn lặp lại thao tác này đến khi hết số lượng hàu nhé! | Bạn mở nồi chiên không dầu cho nóng khoảng 5 phút để nhiệt lượng phân bổ đều  sau đó xếp từng con hàu vào bên trong  đậy nắp lại chiên ở mức 200 độ với thời gian 5 phút. Cách để nướng hàu ngon đó là chỉ nướng đến khi hàu vừa chín tới để giữ độ ngọt và mọng nước  tránh cho hàu bị khô. | Khi hàu đã chín  bạn dọn món ăn ra dĩa và thưởng thức ngay khi còn nóng. Hàu nướng phô mai ăn kèm với một ít nước mắm đường chua cay hay ăn không đều rất ngon. Phô mai và thịt hàu béo thơm ngậy  nức lòng người thưởng thức.,https://www.maggi.com.vn/cong-thuc/hau-nuong-pho-mai-dau-hao
Sốt Chấm Gỏi Cuốn,15 phút,2 người ăn,N/A,4 muỗng canh MAGGI Nước Tương | 1 muỗng canh Tương ớt | 2 muỗng canh Nước Cốt Dừa | 1 muỗng cà phê Bơ đậu phộng | 1 muỗng cà phê Đường Trắng | 1 muỗng canh Dầu Hành Tỏi Phi | 1 muỗng canh Nước Cốt Me,Bạn cho vào 1 chén nhỏ lần lượt các loại gia vị gồm nước tương MAGGI  tương ớt  nước cốt dừa  nước cốt me  dầu hành tỏi phi  bơ đậu phộng và đường cát. Khuấy đều hỗn hợp cho hòa tan là có ngay 1 chén sốt chấm hảo hạng. | Bày chén sốt chấm cùng những cuốn gỏi đã chuẩn bị sẵn  chấm gỏi cuốn ngập sốt và từ từ cảm nhận mùi sốt thơm dịu đang lan tỏa trong vị béo của nước cốt và bơ đậu phộng thêm chút chua nhẹ của me  cay cay của tương ớt. Vị ngon đúng “đỉnh” đó bạn nha!,https://www.maggi.com.vn/cong-thuc/sot-cham-goi-cuon
Bánh Tráng Nướng Chảo,30 phút,4 người ăn,N/A,Bánh tráng | Thịt heo xay | Xúc xích | Trứng gà | Pate gan | Phô mai | Hành lá | Tép khô | Hành phi | Ớt sa tế | Tiêu xay | Dầu ăn | Hạt nêm MAGGI nấm hương | Tương ớt MAGGI,Đầu tiên  bạn làm nóng một cái chảo nhỏ với dầu ăn rồi cho thịt heo xay vào đảo đều  nêm nếm với hạt nêm MAGGI nấm hương và tiêu xay cho đậm đà. Bạn đảo khoảng 5 phút cho thịt vừa chín tới  săn lại thì múc ra để riêng. | Bắc một chiếc chảo khô lên bếp  chờ đến khi chảo đã nóng già thì cho bánh tráng vào nướng. Khi bạn thấy phần rìa bánh hơi cong lên thì cho ớt sa tế vào  dùng mặt dưới muỗng tán đều. Tiếp tục cho lên trên bề mặt bánh tráng ít hành lá  1 muỗng canh thịt heo xào  đập 1 quả trứng gà lên trên  di chuyển muỗng nhẹ nhàng để các nguyên liệu dàn đều  trứng gà không bị tràn khỏi mặt bánh. | Chờ đến khi trứng gà chín và hơi khô lại  bạn cho tiếp pate gan  1 viên phô mai  tán nhuyễn đều khắp mặt. Sau đó lần lượt rải đều lên bề mặt bánh tép khô  hành phi  xúc xích cắt xéo cho đẹp mắt. | Để món ăn thêm thơm ngon và đậm vị  bạn cho xốt mayonnaise và tương ớt MAGGI lên trên theo đường ziczac  phủ khắp mặt bánh tráng nướng. | Nhẹ nhàng dùng muỗng lớn gập bánh lại. Áp chảo giòn đều cả hai mặt bánh rồi thưởng thức. Bạn nướng đến khi hết bánh tráng và nguyên liệu  nhưng món mới thời thượng này tốt nhất là làm đến đâu ăn đến đó để cảm nhận được vị giòn rụm của bánh kèm với vị béo  mặn ngọt hài hòa từ các nguyên liệu bạn nhé! Đừng quên ăn kèm với tương ớt MAGGI cay mát  đảm bảo món nhà làm ngon như nhà hàng luôn đó nha!,https://www.maggi.com.vn/cong-thuc/banh-trang-nuong-chao
Gỏi Tôm Thịt,80 phút,2 người ăn,N/A,100 g Tôm | 200 g Củ Hũ Dừa | 100 g Cà Rốt | 20 g Rau Răm | 10 g Hành Phi Giòn | 10 g Đậu Phộng Rang | 5 g Ngò Gai | 10 g Ớt Bằm | 80 g Đường Trắng | 2 muỗng canh Nước cốt chanh | 4 muỗng canh MAGGI Nước Mắm | Tỏi băm | Muối | 100g Thịt lợn  tươi  nhiều loại thịt và phụ phẩm  gan  nấu chín  om,Đầu tiên  bạn gọt vỏ cà rốt và dưa leo  rửa sạch rồi thái thành lát mỏng vừa ăn. Độ dài khoảng 7cm là vừa đẹp. Với dưa leo  nhớ loại bỏ phần ruột bên trong để món gỏi không bị ướt và dưa được ngon  giòn hơn. Củ hủ dừa bạn nên nạo sạch lớp vỏ ngoài  rửa sạch với nước rồi thái thành những lát mỏng vừa ăn. Ngâm phần củ hũ dừa đã thái trong nước đá lạnh có hòa cùng nước cốt chanh tươi để giữ độ trắng  giòn khi thưởng thức. | Rửa thịt ba chỉ và tôm với nước và một ít muối  sau đó bắc lên bếp luộc chín thịt với nước lạnh. Lưu ý là bạn phải để phần thịt luộc ngập trong nước  như vậy thịt sẽ chín từ từ và không bị thâm. Sau khi thịt đã chín  ngâm thịt vào tô nước lạnh để giữ độ trắng. Tiếp tục luộc tôm với nước thịt vừa dùng  bạn chỉ nên luộc khoảng 3 phút để tôm vừa chín tới  có màu đỏ đẹp mắt. Đừng luộc tôm quá lâu sẽ làm tôm bị khô và mất vị ngon ngọt tự nhiên. Ngâm tôm vào nước lạnh để tôm giòn dai  dễ bóc vỏ. | Khi tôm và thịt đã nguội  vớt ra để ráo nước một chút. Bạn thái thịt ba chỉ thành những miếng mỏng vừa ăn. Không nên cắt quá dày sẽ làm thịt khó thấm gia vị trộn gỏi. Với tôm  bạn bóc vỏ và giữ lại phần đuôi cho đẹp mắt. | Nước mắm trộn gỏi chính là yếu tố quyết định và là linh hồn của các món gỏi. Bắt tay vào làm thôi! Bắc nồi hoặc chảo lên bếp  cho nước mắm MAGGI vào với 4 muỗng canh nước lọc  đường trắng rồi đun sôi liu riu. Trộn đều tay để đường tan hết và hỗn hợp nước mắm keo sệt lại thì tắt bếp  để nguội. Khi nước mắm đã nguội hẳn  bạn thêm tỏi băm  ớt băm và nước cốt chanh vào  khuấy đều cho hòa quyện. Hỗn hợp nước mắm sánh kẹo và thơm  ngọt  mặn chua chua vừa miệng là chuẩn vị. | Để ráo hẳn củ hũ dừa  dưa leo và cà rốt trước khi tiến hành trộn gỏi bạn nhé. Nếu phần nguyên liệu chưa ráo thì khi trộn gỏi tôm thịt sẽ bị ướt và kém giòn. Cho củ hũ dừa  dưa leo  cà rốt và tôm thịt vào chung một tô  rưới nước mắm lên trên rồi trộn đều tất cả cho thấm. Nên trộn thật nhẹ tay để tránh cho rau củ bị nát và làm món gỏi chảy nước  kém ngon. | Cuối cùng  bạn thêm rau răm cắt nhỏ  ngò gai  đậu phộng rang và hành phi giòn  trộn đều một lần nữa là đã có thể bày ra đĩa thưởng thức rồi. Món gỏi tôm thịt củ hũ dừa giòn giòn lạ miệng  chua ngọt hài hòa kết hợp với tôm thịt  đậu phộng rang béo bùi sẽ khiến bạn ăn mãi không ngừng. Món gỏi rất hợp ăn cùng bánh phồng tôm chiên  cả nhà sẽ gật gù khi thưởng thức đấy!,https://www.maggi.com.vn/cong-thuc/goi-tom-thit
Bồ Câu Xào Lăn,45 phút,3 người ăn,N/A,500 g Bồ Câu | 1 quả Ớt Trái | 5 g Tỏi | 100 g Lạc Rang | 1/2 muỗng cà phê Đường | 1 gói Bột Cà Ri | 1 gói Phồng Tôm | 1/2 muỗng canh MAGGI Nước Mắm | 1 muỗng canh MAGGI Dầu Hào | Sả cây | Tiêu,Bồ câu làm sạch lông và ruột  rửa sạch với nước  để ráo rồi sau đó băm nhuyễn. Sả cây bóc bỏ phần vỏ già bên ngoài  rửa sạch sau đó băm nhuyễn với hành và tỏi. Rang chín đậu phộng rồi để nguội cho lớp vỏ dễ bóc hơn. Giã nhỏ đậu phộng chứ đừng giã nát bạn nhé. Bánh phồng tôm chiên rồi vớt ra cho ráo dầu. | Làm nóng chảo rồi đun cho dầu sôi  bạn kiểm tra thấy đầu đũa gỗ khi nhúng vào dầu có bong bóng nhỏ sủi lên thì cho hành  tỏi  sả băm nhuyễn vào xào cho thơm. Tiếp đến bạn cho thịt bồ câu bằm nhuyễn vào xào  thêm bột cà ri để món ăn thơm ngon đúng điệu. | Đảo đều cho bột cà ri hòa quyện cùng thịt  nêm thêm dầu hào MAGGI  nước mắm MAGGI  tiêu  đường và điều chỉnh sao cho phù hợp với khẩu vị của bạn. | Khi thịt đã chín tới  cho đậu phộng rang giã nhỏ vào rồi bày món ăn ra đĩa. Rắc rau ngổ và ớt trái đã rửa sạch thái nhỏ lên mặt món ăn cho thơm và đượm vị cay nồng. Bồ câu xào lăn ăn kèm bánh phồng chiên hay bánh tráng nướng đều rất ngon. Thịt chim ra ràng mềm béo  thơm lừng mùi hành  sả và cà ri  bùi bùi của đậu phộng  vừa ngon vừa dinh dưỡng.,https://www.maggi.com.vn/cong-thuc/bo-cau-xao-lan
Tôm Bằm Xúc Bánh Tráng,35 phút,4 người ăn,N/A,600 g Tôm Sú | 10 g Sả Băm | 1/4 muỗng cà phê Ớt Bột | 10 g Tiêu Xanh | 5 g Ngò Rí | 1 quả Ớt Sừng | 1 quả Cà Rốt | 1 muỗng cà phê Đường Trắng | 1 muỗng canh Đậu Phộng Rang | 1 muỗng canh Dầu Hành Tỏi Phi | 1 muỗng canh MAGGI Nước Mắm | 2 muỗng canh Tương ớt | 1 muỗng cà phê MAGGI Dầu Hào | Bánh tráng | Nước cốt chanh | Hạt nêm MAGGI nấm hương,Bạn lột bỏ vỏ và đầu tôm  dùng tăm tre nhẹ nhàng rút phần chỉ đen ở lưng  lau khô rồi cắt hạt lựu nhỏ. Rau ngò rí rửa sạch  cắt nhỏ. Bánh tráng dùng kéo cắt miếng hình tam giác vừa ăn  nướng bánh tráng trên than hồng đến khi chín giòn  có màu vàng ươm đẹp mắt. Tiêu xanh bỏ cuống  rửa sạch hạt rồi băm hoặc giã nhuyễn. Ớt sừng cắt lát mỏng  đậu phộng rang xát vỏ  giã nhỏ. | Ướp tôm với các gia vị gồm nước mắm MAGGI  hạt nêm MAGGI nấm hương  dầu hào MAGGI  bột ớt  sả băm. Trộn đều và để khoảng 5 phút cho tôm thấm gia vị đậm đà hơn. | Làm nóng chảo dầu tỏi  cho tôm đã ướp vào xào cho săn lại. Khi tôm vừa chín tới  chuyển sang màu đỏ hồng thì bạn cho đậu phộng  tiêu và ngò gai vào xào đều rồi tắt lửa. Bạn xào tôm nhanh trên lửa vừa  không nên xào quá lâu để tránh tôm bị khô lại nhé! | Món tôm bằm xào ngon khi ăn cùng nước chấm. Bạn pha nước chấm gồm tương ớt  nước cốt chanh và vài lát ớt sừng. Khuấy đều cho nước chấm tan  có vị chua ngọt  cay nhẹ là được. | Xếp bánh tráng nướng ra dĩa  cho tôm bằm xào lên trên  trang trí thêm ớt sừng cắt lát và ngò rí là sẵn sàng thưởng thức rồi đấy. Tôm sú giòn ngọt  được xào chín tới vẫn còn cảm giác mọng nước trong miệng khi ăn. Bánh tráng nướng giòn tan  ăn cùng tôm bằm thời thượng và mới lạ sẽ khiến mọi người trầm trồ đó nha!,https://www.maggi.com.vn/cong-thuc/tom-bam-xuc-banh-trang
Ngan Nướng Sả Riềng Mẻ,57 phút,,N/A,50 g Dầu Hào MAGGI | 30 g Nước tương MAGGI Đậm Đặc | 10 g Hạt nêm MAGGI | 15 g Đường cát | 2 kilôgam Thịt ngan nguyên con làm sạch | 60 g Dầu Ăn | 20 g Riềng băm | 20 g Sả Băm | 30 g Hành tím băm | 20 g Tỏi băm | 30 g Cơm mẻ | 10 g Mắm tôm,Để sơ chế “nhân vật chính” của món ăn hôm nay  đầu tiên  bạn chặt thịt ngan thanh miếng vừa ăn  nếu có thời gian bạn có thể lóc phi lê thịt ngan để tránh xương nhé! Tiếp theo  bạn hãy dùng muối hoặc chanh chà xát khắp thân ngan và nhớ dùng tay bóp kỹ để các chất nhờn  chất bẩn  mùi hôi trong lỗ chân lông ngan tiết ra ngoài. Cuối cùng  bạn đem ngan rửa lại với nước cho thật sạch rồi vớt ra để ráo. | Muốn làm nên hương vị đặc trưng của món Ngan Nướng Sả Riềng Mẻ  bạn cho hết tất cả riềng  sả  hành  tỏi  nước cơm mẻ vào máy xay  xay nhuyễn thành hỗn hợp nhỏ. | Bí quyết ướp thịt để giữ được hương vị đặc trưng Hà Nội cho món Ngan Nướng Sả Riềng Mẻ  mà vẫn tạo được sự khác biệt của riêng bạn là đây. Cho thịt ngan vào một bát (tô) lớn  sau đó thêm vào các nguyên liệu gồm: dầu hào MAGGI  nước tương MAGGI đậm đặc  hạt nêm MAGGI  đường  mắm tôm  dầu ăn và hỗn hợp vừa xay nhuyễn. Bạn nhớ trộn đều tay và ướp tầm 10 phút cho thịt ngan ngấm gia vị  rồi xiên thành các xâu thịt bằng nhau hoặc kẹp thịt vào vỉ nướng nhé! | Trước khi nướng thịt  bạn hãy khởi động lò nướng khoảng 15 phút cho nóng lò. Sau đó  cho thịt ngan vào lò và bắt đầu nướng trong khoảng 15 - 20 phút. Trong lúc nướng nhớ thăm chừng và đảo mặt thịt nướng đều 2 mặt. Lưu ý  không nên nướng thịt ngan quá lâu vì như thế sẽ làm thịt ngan cháy hoặc bị nhão. | Thịt sau khi đã nướng chín  bạn lấy ra cho vào dĩa  trang trí cùng ít rau ngò cho đẹp mắt. Vậy là món Ngan Nướng Sả Riềng Mẻ thơm lừng  đậm vị với công thức khác biệt từ MAGGI đã hoàn thành rồi. Và đừng quên chuẩn bị thêm chén cơm nóng để ăn cùng là hết sảy đấy nhé!,https://www.maggi.com.vn/cong-thuc/ngan-nuong-sa-rieng-me
Miến Lươn Trộn,60 phút,,N/A,400 g Lươn con to | 200 g Miến | 15 g Muối | 60 g Bột Chiên Giòn | 10 g Gừng tươi | 5 g Rau thơm | 5 g Đậu Phộng Rang | 2 g Hành phi | 20 g Dưa giá cà rốt chua ngọt | 30 g Nước nóng | 30 g Giấm Gạo | 15 g Dầu Hào MAGGI | 13 g Hạt nêm MAGGI | 30 g Nước tương MAGGI | 60 g Đường cát | 1 gam Ớt Bột | 2 g Tiêu Sọ,Lươn sau khi mua về  bạn cho muối vào xóc đều để lươn tự quẫy nhả nhớt. Tiếp theo  bạn dùng nước nóng 50-70°C dội xả 1 lượt nữa cho lươn sạch hết nhớt  rồi rửa lại bằng nước lạnh nhiều lần. Sau khi lươn đã sạch  bạn tiến hành phi lê lươn  để riêng phần xương với phần thịt. Với thịt  bạn tiếp tục cắt sợi vừa ăn. | Ăn Miến Lươn Trộn thì không thể nào thiếu phần nước súp ngọt thanh ăn kèm. Để chế biến  bạn cho phần xương lươn vừa lóc ở trên  hầm với gừng cắt lát trong lửa nhỏ tầm 15 phút. Sau đó  vớt xương ra và nêm 10gr hạt nêm MAGGI cho 500ml nước dùng. | Phần thịt lươn đã cắt sợi bạn cho vào tô  nêm thêm lượng hạt nêm MAGGI còn lại  10gr dầu hào và tiêu  rồi dùng muỗng trộn đều cho gia vị thấm vào thịt. Tiếp theo  cho tiếp bột chiên giòn vào tô lươn  trộn đều lần nữa để từng miếng thịt lươn được lớp áo bột mỏng bên ngoài. Để hoàn thành phần thịt lươn giòn tan  đậm đà ăn cùng miến  bạn đun nóng chảo dầu  cho lươn vào chiên đến khi vàng giòn  vớt lươn ra để ráo dầu là được nhé! | Muốn món Miến Lươn Trộn vừa giữ được nét đặc trưng của món ăn Bắc Trung Bộ  mà vẫn tạo được sự khác biệt tích cực thì phải lưu ngay công thức nước sốt trộn đặc biệt này nhé  bạn ơi! Cho tất cả nguyên liệu gồm: Nước nóng  dấm gạo  dầu hào MAGGI  nước tương MAGGI  đường cát  ớt bột  tiêu sọ vào chén (bát) khuấy đều tay đền khi tan  hòa quyện hết vào nhau. | Vậy là món Miến Lươn Trộn sắp “ra lò” rồi  chỉ còn thiếu mỗi phần miến thôi. Bạn nhanh tay cho nước vào nồi  đun sôi và thêm vào 1 muỗng canh dầu ăn. Tiếp đến  bạn cho miến vào nồi trụng khoảng 3 phút  vớt ra để ráo. Mách bạn mẹo nhỏ để món miến trộn không bị dính nhau là thêm 1 ít nước dùng vào miến sau khi trụng và nhớ trộn đều với nhau nhé! | Đây  món Miến Lươn Trộn bắt miệng đã sẵn sàng phục vụ cả nhà bạn rồi đây. Hãy xếp miến vừa được chế biến vào tô  thêm lươn chiên giòn  rau thơm  dưa giá cà rốt chua ngọt  đậu phộng rang  hành phi và chan nước sốt công thức “bí truyền” từ MAGGI vào là đảm bảo cả nhà phải trầm trồ về tài nấu nướng của bạn đấy. Và đừng quên thêm 1 chén nước súp thanh nhẹ được hầm lúc nãy để ăn cùng nữa nhé!,https://www.maggi.com.vn/cong-thuc/mien-luon-tron
Cua Rang Sốt Tía Tô,28 phút,,N/A,500 g Cua sống | 5 g Rượu hoa hồi | 20 g Đường | 5 g Dầu Mè | 10 g Nước gia vị cô đặc MAGGI | 15 g Dầu Hào MAGGI | 48 g Sốt tương ngọt (hoisin) | 15 g Chao đỏ | 135 g Chao trắng loại | 1.5 g Bột cam thảo | 10 g Ngũ Vị Hương | 30 g Hành tím | 30 g Tỏi băm | 30 g Gừng | 10 g Lá tía tô,Cua sống mua về bạn chà và rửa sạch với nước  rồi chặt mỗi con thành 4 phần đều nhau. Với tía tô  bạn lặt lấy lá  rửa với nước sạch  vớt ra để ráo nước  su đó cắt thành sợi mỏng. | Để chế biến phần nước sốt vừa giữ được hương vị đặc trưng vùng Đông Bắc  vừa tạo được sự khác biệt cho món Cua Rang Sốt Tía Tô bạn hãy ghi chú ngay lại công thức sau! Bắc chảo lên bếp  cho vào 1 ít dầu ăn  đợi dầu nóng nhanh tay bỏ vào 1/2 hành  tỏi  gừng xào cho thơm. Tiếp theo  cho hết các gia vị còn lại gồm: rượu hoa hồi  đường  dầu mè  nước gia vị MAGGI  dầu hào MAGGI  sốt tương ngọt (hoisin)  chao đỏ  chao trắng  bột cam thảo  ngũ vị hương vào đảo đều tay để hỗn hợp hòa quyện vào nhau. Lúc này  bạn có thể gia giảm phần gia vị sao cho vừa ăn  rồi tắt bếp cho ra bát (chén) nhé! | Sau khi đã chuẩn bị xong phần nước sốt xào  bạn bắt lên bếp 1 chảo khác  đổ ngập dầu  chờ dầu nóng thì thả từ từ phần cua đã sơ chế lúc nãy nào chiên với lửa lớn. Cua chiên đã chín và thơm lừng thì bạn nhanh tay vớt cua ra để ráo nhé! | Đến phần chế biến quan trọng nhất của món Cua Rang Sốt Tía Tô đây. Bạn hãy tiếp tục bắt chảo dầu lên bếp  phi thơm 1/2 hành  tỏi  gừng còn lại  rôi cho cua và nước sốt chế biến phía trên vào vừa đủ. Ở bước này  bạn nhớ đảo đều tay để cua thấm đều phần nước sốt “bí truyền”. Sau đó  cho lá tía tô vào xào sơ lại  nêm nếm lần nữa để vừa ăn là bạn có thể tắt bếp rồi đấy. | Để món ăn thêm phần hấp dẫn  bạn xếp cua ra dĩa  rưới nước sốt đều xung quanh và trang trí thêm với là tía tô. Bạn có thể ăn món Cua Rang Sốt Tía Tô với cơm và nhớ thưởng thức ngay khi còn nóng để cảm nhận trọn vị tươi  ngọt  săn chắc của thịt cua hòa quyện nước sốt sánh đặc  đậm đà và hương thơm nhẹ từ lá tía tô nhé!,https://www.maggi.com.vn/cong-thuc/cua-rang-sot-tia-to
Sườn Kho Nước Tương Quả Vả,40 phút,,N/A,4 muỗng canh Nước tương MAGGI | 1 Muỗng cà phê Dầu Hào MAGGI | 500 g Sườn non heo | 1 muỗng canh Tỏi băm | 1 muỗng canh Sả băm | 2 muỗng canh Dầu Ăn | 2 muỗng canh Đường | 1 gam Tiêu xay | 1 gam Tiêu xay | 500 ml Nước lọc | 200 g Quả vả,Sườn non mua về bạn chặt thành miếng vừa ăn. Tiếp theo  rửa qua nước muối rồi rửa lại lần nữa bằng nước sạch  vớt ra rổ cho ráo nước hẳn. Trái vả gọt vỏ  rửa sạch  cắt thành làm 4  nếu quả lớn bạn có thể cắt làm 8 nhé! | Để pha phần nước gia vị cho món kho ngon đúng vị mà vẫn khác biệt  MAGGI bật mí công thức sau đây. Bạn cho tất cả nguyên liệu gồm: nước tương MAGGI  dầu hào MAGGI  1 muỗng canh đường  tiêu xay và nước lọc vào chén  rồi dùng muỗng khuấy đều để các gia vị hòa quyện đều vào nhau. | Món Sườn Kho Nước Tương Quả Vả sẽ là thiếu sót nếu thiếu màu nâu sậm óng ánh từ nước màu. Bạn bắc chảo nhỏ lên bếp cho nóng  rồi cho vào 1 muỗng đường  khuấy đều tay đến khi đường chuyển thành màu nâu cánh gián thì cho ngay 1 ít nước lọc vào. | Bước quan trọng làm nên Sườn Kho Nước Tương Quả Vả đậm đà  lạ miệng đây. Bạn đun nóng dầu ăn trong chảo  sau đó thêm sả băm  tỏi băm vào phi thơm cùng với sườn. Tiếp theo  cho nước màu và chén gia vị bên trên vào mở lửa lớn  vớt bọt bỏ  rồi vặn nhỏ lửa nấu đến khi nước kho còn 1/2 thì cho quả vả vào kho tiếp đến khi thịt chín và phần nước kho sệt lại thì tắt bếp. | Cho Sườn Kho Nước Tương Quả Vả ra dĩa  rắc thêm một ít tiêu lên trên cho dậy mùi. Món này hãy ăn khi còn nóng và dùng với cơm trắng  có thêm chén nước tương MAGGI chấm cùng thì tuyệt vời luôn nhé.,https://www.maggi.com.vn/cong-thuc/suon-kho-nuoc-tuong-qua-va
Thịt đà điểu làm món gì ngon? Công thức đà điểu xào sả lá chanh,30 phút,3 người ăn,N/A,Thịt Đà Điểu | Hành Tây | Sả Cây | Dầu Ăn | Tỏi Băm | Ớt Băm | Tiêu | Dầu Hào Maggi | Hạt Nêm Maggi | Nước Mắm Maggi | 6 lá Lá chanh,Bạn rửa thịt đà điểu rồi cắt lát mỏng vừa. Lưu ý  để cắt thịt dễ hơn  hãy làm lạnh thịt trước khi cắt. Tiếp đó  cần ướp thịt đà điểu với 1 muỗng canh dầu hào MAGGI  hạt nêm MAGGI nấm hương  nước mắm MAGGI  1/2 muỗng tỏi băm  cùng 1 muỗng cà phê sả và ớt đã băm nhỏ  thêm chút tiêu. Trộn đều và ướp trong 15 phút. Đối với hành tây  bạn lột vỏ  rửa sạch rồi thái múi cau. Riêng lá chanh sau khi rửa nước sẽ thái sợi chỉ nhuyễn. | Đổ dầu vào chảo  đun sôi thì phi thơm phần tỏi băm cùng sả băm còn lại. Tiếp đến sẽ cho thịt đà điểu vào  xào liên tục trong khoảng 3 phút thì nêm thêm phần dầu hào MAGGI còn lại  đảo đều  thử vị thấy vừa thì thêm hành tây vào  xào hành cho vừa chín tới. | Bạn cho lá chanh vừa thái vào chảo  đảo qua một lần là có thể tắt bếp. Cho món ăn ra dĩa  trang trí thêm ớt thái lát lên trên bề mặt. Món ngon dùng kèm với cơm nóng và có thể chấm cùng nước tương MAGGI. Thịt đà điểu đậm vị hài hòa cùng lá chanh thơm nồng  sẽ làm hài lòng đến cả những vị khách khó tính nhất.,https://www.maggi.com.vn/cong-thuc/thit-da-dieu-xao-ot-sa-la-chanh
Su hào xào cà rốt thập cẩm,42 phút,2 người ăn,N/A,Dầu hào Maggi | 1 muỗng cà phê MAGGI Hạt Nêm Nấm Hương | Thịt thăn xay | 1 củ Su Hào | 1/2 củ Cà Rốt | Miến | Hành lá | Hành khô | Tiêu xay | Dầu ăn | 10 g Rau mùi,Để làm món su hào xào cà rốt thập cẩm  trước tiên bạn rửa sạch thịt thăn  vớt ra để ráo. Sau đó  xay nhỏ thịt và ướp với 1 muỗng dầu hào MAGGI để tăng vị đậm đà. | Su hào và cà rốt gọt vỏ  rửa sạch  bào sợi nhỏ hoặc thái bằng dao. Miến ngâm mềm  cắt khúc. Nấm hương  hành lá  rau mùi bỏ gốc  cắt nhỏ. Hành khô thái lát mỏng. | Phi thơm hành  xào nấm và thịt thăn rồi để riêng. Tiếp đến  xào su hào  cà rốt với hạt nêm MAGGI nấm hương  rồi cho miến và dầu hào MAGGI vào đảo đến khi chín. | Cho thịt  nấm vào chảo  thêm dầu hào MAGGI xào thêm 2 phút để thấm đều gia vị. Rắc hành lá  rau mùi  hạt tiêu. Su hào xào cà rốt thập cẩm thơm ngon đã sẵn sàng! | Trình bày ra dĩa và thưởng thức. Món su hào xào cà rốt thập cẩm thơm lừng  tốt cho sức khỏe và vóc dáng  thích hợp cho những ai yêu thích món ăn thanh đạm.,https://www.maggi.com.vn/cong-thuc/su-hao-xao-thap-cam
Hàu Nướng Phô Mai Dầu Hào,30 phút,6 người ăn,N/A,2 kilôgam Hàu | 120 g Phô Mai | 1 muỗng canh MAGGI Dầu Hào | Rượu trắng | Đường | Nước cốt chanh | Ớt xắt lát | Nước mắm MAGGI,Hàu sau khi mua về  bạn ngâm với nước khoảng 2 - 3 tiếng để lớp bùn đất bên ngoài mềm ra  giúp công đoạn sơ chế hàu được dễ dàng hơn. Dùng bàn chải chà rửa sạch từ phần vỏ đến miệng hàu  sau đó chần với nước nóng trong 2 phút cho dễ tách vỏ  rửa sơ qua rượu trắng khử mùi tanh rồi để ráo. | Dùng cọ phết lên thịt hàu một lớp mỏng dầu hào MAGGI rồi đặt một miếng phô mai lên mặt hàu. Bạn lặp lại thao tác này đến khi hết số lượng hàu nhé! | Bạn mở nồi chiên không dầu cho nóng khoảng 5 phút để nhiệt lượng phân bổ đều  sau đó xếp từng con hàu vào bên trong  đậy nắp lại chiên ở mức 200 độ với thời gian 5 phút. Cách để nướng hàu ngon đó là chỉ nướng đến khi hàu vừa chín tới để giữ độ ngọt và mọng nước  tránh cho hàu bị khô. | Khi hàu đã chín  bạn dọn món ăn ra dĩa và thưởng thức ngay khi còn nóng. Hàu nướng phô mai ăn kèm với một ít nước mắm đường chua cay hay ăn không đều rất ngon. Phô mai và thịt hàu béo thơm ngậy  nức lòng người thưởng thức.,https://www.maggi.com.vn/cong-thuc/hau-nuong-pho-mai-dau-hao
Sốt Chấm Gỏi Cuốn,15 phút,2 người ăn,N/A,4 muỗng canh MAGGI Nước Tương | 1 muỗng canh Tương ớt | 2 muỗng canh Nước Cốt Dừa | 1 muỗng cà phê Bơ đậu phộng | 1 muỗng cà phê Đường Trắng | 1 muỗng canh Dầu Hành Tỏi Phi | 1 muỗng canh Nước Cốt Me,Bạn cho vào 1 chén nhỏ lần lượt các loại gia vị gồm nước tương MAGGI  tương ớt  nước cốt dừa  nước cốt me  dầu hành tỏi phi  bơ đậu phộng và đường cát. Khuấy đều hỗn hợp cho hòa tan là có ngay 1 chén sốt chấm hảo hạng. | Bày chén sốt chấm cùng những cuốn gỏi đã chuẩn bị sẵn  chấm gỏi cuốn ngập sốt và từ từ cảm nhận mùi sốt thơm dịu đang lan tỏa trong vị béo của nước cốt và bơ đậu phộng thêm chút chua nhẹ của me  cay cay của tương ớt. Vị ngon đúng “đỉnh” đó bạn nha!,https://www.maggi.com.vn/cong-thuc/sot-cham-goi-cuon
Bánh Tráng Nướng Chảo,30 phút,4 người ăn,N/A,Bánh tráng | Thịt heo xay | Xúc xích | Trứng gà | Pate gan | Phô mai | Hành lá | Tép khô | Hành phi | Ớt sa tế | Tiêu xay | Dầu ăn | Hạt nêm MAGGI nấm hương | Tương ớt MAGGI,Đầu tiên  bạn làm nóng một cái chảo nhỏ với dầu ăn rồi cho thịt heo xay vào đảo đều  nêm nếm với hạt nêm MAGGI nấm hương và tiêu xay cho đậm đà. Bạn đảo khoảng 5 phút cho thịt vừa chín tới  săn lại thì múc ra để riêng. | Bắc một chiếc chảo khô lên bếp  chờ đến khi chảo đã nóng già thì cho bánh tráng vào nướng. Khi bạn thấy phần rìa bánh hơi cong lên thì cho ớt sa tế vào  dùng mặt dưới muỗng tán đều. Tiếp tục cho lên trên bề mặt bánh tráng ít hành lá  1 muỗng canh thịt heo xào  đập 1 quả trứng gà lên trên  di chuyển muỗng nhẹ nhàng để các nguyên liệu dàn đều  trứng gà không bị tràn khỏi mặt bánh. | Chờ đến khi trứng gà chín và hơi khô lại  bạn cho tiếp pate gan  1 viên phô mai  tán nhuyễn đều khắp mặt. Sau đó lần lượt rải đều lên bề mặt bánh tép khô  hành phi  xúc xích cắt xéo cho đẹp mắt. | Để món ăn thêm thơm ngon và đậm vị  bạn cho xốt mayonnaise và tương ớt MAGGI lên trên theo đường ziczac  phủ khắp mặt bánh tráng nướng. | Nhẹ nhàng dùng muỗng lớn gập bánh lại. Áp chảo giòn đều cả hai mặt bánh rồi thưởng thức. Bạn nướng đến khi hết bánh tráng và nguyên liệu  nhưng món mới thời thượng này tốt nhất là làm đến đâu ăn đến đó để cảm nhận được vị giòn rụm của bánh kèm với vị béo  mặn ngọt hài hòa từ các nguyên liệu bạn nhé! Đừng quên ăn kèm với tương ớt MAGGI cay mát  đảm bảo món nhà làm ngon như nhà hàng luôn đó nha!,https://www.maggi.com.vn/cong-thuc/banh-trang-nuong-chao
Gỏi Tôm Thịt,80 phút,2 người ăn,N/A,100 g Tôm | 200 g Củ Hũ Dừa | 100 g Cà Rốt | 20 g Rau Răm | 10 g Hành Phi Giòn | 10 g Đậu Phộng Rang | 5 g Ngò Gai | 10 g Ớt Bằm | 80 g Đường Trắng | 2 muỗng canh Nước cốt chanh | 4 muỗng canh MAGGI Nước Mắm | Tỏi băm | Muối | 100g Thịt lợn  tươi  nhiều loại thịt và phụ phẩm  gan  nấu chín  om,Đầu tiên  bạn gọt vỏ cà rốt và dưa leo  rửa sạch rồi thái thành lát mỏng vừa ăn. Độ dài khoảng 7cm là vừa đẹp. Với dưa leo  nhớ loại bỏ phần ruột bên trong để món gỏi không bị ướt và dưa được ngon  giòn hơn. Củ hủ dừa bạn nên nạo sạch lớp vỏ ngoài  rửa sạch với nước rồi thái thành những lát mỏng vừa ăn. Ngâm phần củ hũ dừa đã thái trong nước đá lạnh có hòa cùng nước cốt chanh tươi để giữ độ trắng  giòn khi thưởng thức. | Rửa thịt ba chỉ và tôm với nước và một ít muối  sau đó bắc lên bếp luộc chín thịt với nước lạnh. Lưu ý là bạn phải để phần thịt luộc ngập trong nước  như vậy thịt sẽ chín từ từ và không bị thâm. Sau khi thịt đã chín  ngâm thịt vào tô nước lạnh để giữ độ trắng. Tiếp tục luộc tôm với nước thịt vừa dùng  bạn chỉ nên luộc khoảng 3 phút để tôm vừa chín tới  có màu đỏ đẹp mắt. Đừng luộc tôm quá lâu sẽ làm tôm bị khô và mất vị ngon ngọt tự nhiên. Ngâm tôm vào nước lạnh để tôm giòn dai  dễ bóc vỏ. | Khi tôm và thịt đã nguội  vớt ra để ráo nước một chút. Bạn thái thịt ba chỉ thành những miếng mỏng vừa ăn. Không nên cắt quá dày sẽ làm thịt khó thấm gia vị trộn gỏi. Với tôm  bạn bóc vỏ và giữ lại phần đuôi cho đẹp mắt. | Nước mắm trộn gỏi chính là yếu tố quyết định và là linh hồn của các món gỏi. Bắt tay vào làm thôi! Bắc nồi hoặc chảo lên bếp  cho nước mắm MAGGI vào với 4 muỗng canh nước lọc  đường trắng rồi đun sôi liu riu. Trộn đều tay để đường tan hết và hỗn hợp nước mắm keo sệt lại thì tắt bếp  để nguội. Khi nước mắm đã nguội hẳn  bạn thêm tỏi băm  ớt băm và nước cốt chanh vào  khuấy đều cho hòa quyện. Hỗn hợp nước mắm sánh kẹo và thơm  ngọt  mặn chua chua vừa miệng là chuẩn vị. | Để ráo hẳn củ hũ dừa  dưa leo và cà rốt trước khi tiến hành trộn gỏi bạn nhé. Nếu phần nguyên liệu chưa ráo thì khi trộn gỏi tôm thịt sẽ bị ướt và kém giòn. Cho củ hũ dừa  dưa leo  cà rốt và tôm thịt vào chung một tô  rưới nước mắm lên trên rồi trộn đều tất cả cho thấm. Nên trộn thật nhẹ tay để tránh cho rau củ bị nát và làm món gỏi chảy nước  kém ngon. | Cuối cùng  bạn thêm rau răm cắt nhỏ  ngò gai  đậu phộng rang và hành phi giòn  trộn đều một lần nữa là đã có thể bày ra đĩa thưởng thức rồi. Món gỏi tôm thịt củ hũ dừa giòn giòn lạ miệng  chua ngọt hài hòa kết hợp với tôm thịt  đậu phộng rang béo bùi sẽ khiến bạn ăn mãi không ngừng. Món gỏi rất hợp ăn cùng bánh phồng tôm chiên  cả nhà sẽ gật gù khi thưởng thức đấy!,https://www.maggi.com.vn/cong-thuc/goi-tom-thit
Bồ Câu Xào Lăn,45 phút,3 người ăn,N/A,500 g Bồ Câu | 1 quả Ớt Trái | 5 g Tỏi | 100 g Lạc Rang | 1/2 muỗng cà phê Đường | 1 gói Bột Cà Ri | 1 gói Phồng Tôm | 1/2 muỗng canh MAGGI Nước Mắm | 1 muỗng canh MAGGI Dầu Hào | Sả cây | Tiêu,Bồ câu làm sạch lông và ruột  rửa sạch với nước  để ráo rồi sau đó băm nhuyễn. Sả cây bóc bỏ phần vỏ già bên ngoài  rửa sạch sau đó băm nhuyễn với hành và tỏi. Rang chín đậu phộng rồi để nguội cho lớp vỏ dễ bóc hơn. Giã nhỏ đậu phộng chứ đừng giã nát bạn nhé. Bánh phồng tôm chiên rồi vớt ra cho ráo dầu. | Làm nóng chảo rồi đun cho dầu sôi  bạn kiểm tra thấy đầu đũa gỗ khi nhúng vào dầu có bong bóng nhỏ sủi lên thì cho hành  tỏi  sả băm nhuyễn vào xào cho thơm. Tiếp đến bạn cho thịt bồ câu bằm nhuyễn vào xào  thêm bột cà ri để món ăn thơm ngon đúng điệu. | Đảo đều cho bột cà ri hòa quyện cùng thịt  nêm thêm dầu hào MAGGI  nước mắm MAGGI  tiêu  đường và điều chỉnh sao cho phù hợp với khẩu vị của bạn. | Khi thịt đã chín tới  cho đậu phộng rang giã nhỏ vào rồi bày món ăn ra đĩa. Rắc rau ngổ và ớt trái đã rửa sạch thái nhỏ lên mặt món ăn cho thơm và đượm vị cay nồng. Bồ câu xào lăn ăn kèm bánh phồng chiên hay bánh tráng nướng đều rất ngon. Thịt chim ra ràng mềm béo  thơm lừng mùi hành  sả và cà ri  bùi bùi của đậu phộng  vừa ngon vừa dinh dưỡng.,https://www.maggi.com.vn/cong-thuc/bo-cau-xao-lan
Tôm Bằm Xúc Bánh Tráng,35 phút,4 người ăn,N/A,600 g Tôm Sú | 10 g Sả Băm | 1/4 muỗng cà phê Ớt Bột | 10 g Tiêu Xanh | 5 g Ngò Rí | 1 quả Ớt Sừng | 1 quả Cà Rốt | 1 muỗng cà phê Đường Trắng | 1 muỗng canh Đậu Phộng Rang | 1 muỗng canh Dầu Hành Tỏi Phi | 1 muỗng canh MAGGI Nước Mắm | 2 muỗng canh Tương ớt | 1 muỗng cà phê MAGGI Dầu Hào | Bánh tráng | Nước cốt chanh | Hạt nêm MAGGI nấm hương,Bạn lột bỏ vỏ và đầu tôm  dùng tăm tre nhẹ nhàng rút phần chỉ đen ở lưng  lau khô rồi cắt hạt lựu nhỏ. Rau ngò rí rửa sạch  cắt nhỏ. Bánh tráng dùng kéo cắt miếng hình tam giác vừa ăn  nướng bánh tráng trên than hồng đến khi chín giòn  có màu vàng ươm đẹp mắt. Tiêu xanh bỏ cuống  rửa sạch hạt rồi băm hoặc giã nhuyễn. Ớt sừng cắt lát mỏng  đậu phộng rang xát vỏ  giã nhỏ. | Ướp tôm với các gia vị gồm nước mắm MAGGI  hạt nêm MAGGI nấm hương  dầu hào MAGGI  bột ớt  sả băm. Trộn đều và để khoảng 5 phút cho tôm thấm gia vị đậm đà hơn. | Làm nóng chảo dầu tỏi  cho tôm đã ướp vào xào cho săn lại. Khi tôm vừa chín tới  chuyển sang màu đỏ hồng thì bạn cho đậu phộng  tiêu và ngò gai vào xào đều rồi tắt lửa. Bạn xào tôm nhanh trên lửa vừa  không nên xào quá lâu để tránh tôm bị khô lại nhé! | Món tôm bằm xào ngon khi ăn cùng nước chấm. Bạn pha nước chấm gồm tương ớt  nước cốt chanh và vài lát ớt sừng. Khuấy đều cho nước chấm tan  có vị chua ngọt  cay nhẹ là được. | Xếp bánh tráng nướng ra dĩa  cho tôm bằm xào lên trên  trang trí thêm ớt sừng cắt lát và ngò rí là sẵn sàng thưởng thức rồi đấy. Tôm sú giòn ngọt  được xào chín tới vẫn còn cảm giác mọng nước trong miệng khi ăn. Bánh tráng nướng giòn tan  ăn cùng tôm bằm thời thượng và mới lạ sẽ khiến mọi người trầm trồ đó nha!,https://www.maggi.com.vn/cong-thuc/tom-bam-xuc-banh-trang
Ngan Nướng Sả Riềng Mẻ,57 phút,,N/A,50 g Dầu Hào MAGGI | 30 g Nước tương MAGGI Đậm Đặc | 10 g Hạt nêm MAGGI | 15 g Đường cát | 2 kilôgam Thịt ngan nguyên con làm sạch | 60 g Dầu Ăn | 20 g Riềng băm | 20 g Sả Băm | 30 g Hành tím băm | 20 g Tỏi băm | 30 g Cơm mẻ | 10 g Mắm tôm,Để sơ chế “nhân vật chính” của món ăn hôm nay  đầu tiên  bạn chặt thịt ngan thanh miếng vừa ăn  nếu có thời gian bạn có thể lóc phi lê thịt ngan để tránh xương nhé! Tiếp theo  bạn hãy dùng muối hoặc chanh chà xát khắp thân ngan và nhớ dùng tay bóp kỹ để các chất nhờn  chất bẩn  mùi hôi trong lỗ chân lông ngan tiết ra ngoài. Cuối cùng  bạn đem ngan rửa lại với nước cho thật sạch rồi vớt ra để ráo. | Muốn làm nên hương vị đặc trưng của món Ngan Nướng Sả Riềng Mẻ  bạn cho hết tất cả riềng  sả  hành  tỏi  nước cơm mẻ vào máy xay  xay nhuyễn thành hỗn hợp nhỏ. | Bí quyết ướp thịt để giữ được hương vị đặc trưng Hà Nội cho món Ngan Nướng Sả Riềng Mẻ  mà vẫn tạo được sự khác biệt của riêng bạn là đây. Cho thịt ngan vào một bát (tô) lớn  sau đó thêm vào các nguyên liệu gồm: dầu hào MAGGI  nước tương MAGGI đậm đặc  hạt nêm MAGGI  đường  mắm tôm  dầu ăn và hỗn hợp vừa xay nhuyễn. Bạn nhớ trộn đều tay và ướp tầm 10 phút cho thịt ngan ngấm gia vị  rồi xiên thành các xâu thịt bằng nhau hoặc kẹp thịt vào vỉ nướng nhé! | Trước khi nướng thịt  bạn hãy khởi động lò nướng khoảng 15 phút cho nóng lò. Sau đó  cho thịt ngan vào lò và bắt đầu nướng trong khoảng 15 - 20 phút. Trong lúc nướng nhớ thăm chừng và đảo mặt thịt nướng đều 2 mặt. Lưu ý  không nên nướng thịt ngan quá lâu vì như thế sẽ làm thịt ngan cháy hoặc bị nhão. | Thịt sau khi đã nướng chín  bạn lấy ra cho vào dĩa  trang trí cùng ít rau ngò cho đẹp mắt. Vậy là món Ngan Nướng Sả Riềng Mẻ thơm lừng  đậm vị với công thức khác biệt từ MAGGI đã hoàn thành rồi. Và đừng quên chuẩn bị thêm chén cơm nóng để ăn cùng là hết sảy đấy nhé!,https://www.maggi.com.vn/cong-thuc/ngan-nuong-sa-rieng-me
Miến Lươn Trộn,60 phút,,N/A,400 g Lươn con to | 200 g Miến | 15 g Muối | 60 g Bột Chiên Giòn | 10 g Gừng tươi | 5 g Rau thơm | 5 g Đậu Phộng Rang | 2 g Hành phi | 20 g Dưa giá cà rốt chua ngọt | 30 g Nước nóng | 30 g Giấm Gạo | 15 g Dầu Hào MAGGI | 13 g Hạt nêm MAGGI | 30 g Nước tương MAGGI | 60 g Đường cát | 1 gam Ớt Bột | 2 g Tiêu Sọ,Lươn sau khi mua về  bạn cho muối vào xóc đều để lươn tự quẫy nhả nhớt. Tiếp theo  bạn dùng nước nóng 50-70°C dội xả 1 lượt nữa cho lươn sạch hết nhớt  rồi rửa lại bằng nước lạnh nhiều lần. Sau khi lươn đã sạch  bạn tiến hành phi lê lươn  để riêng phần xương với phần thịt. Với thịt  bạn tiếp tục cắt sợi vừa ăn. | Ăn Miến Lươn Trộn thì không thể nào thiếu phần nước súp ngọt thanh ăn kèm. Để chế biến  bạn cho phần xương lươn vừa lóc ở trên  hầm với gừng cắt lát trong lửa nhỏ tầm 15 phút. Sau đó  vớt xương ra và nêm 10gr hạt nêm MAGGI cho 500ml nước dùng. | Phần thịt lươn đã cắt sợi bạn cho vào tô  nêm thêm lượng hạt nêm MAGGI còn lại  10gr dầu hào và tiêu  rồi dùng muỗng trộn đều cho gia vị thấm vào thịt. Tiếp theo  cho tiếp bột chiên giòn vào tô lươn  trộn đều lần nữa để từng miếng thịt lươn được lớp áo bột mỏng bên ngoài. Để hoàn thành phần thịt lươn giòn tan  đậm đà ăn cùng miến  bạn đun nóng chảo dầu  cho lươn vào chiên đến khi vàng giòn  vớt lươn ra để ráo dầu là được nhé! | Muốn món Miến Lươn Trộn vừa giữ được nét đặc trưng của món ăn Bắc Trung Bộ  mà vẫn tạo được sự khác biệt tích cực thì phải lưu ngay công thức nước sốt trộn đặc biệt này nhé  bạn ơi! Cho tất cả nguyên liệu gồm: Nước nóng  dấm gạo  dầu hào MAGGI  nước tương MAGGI  đường cát  ớt bột  tiêu sọ vào chén (bát) khuấy đều tay đền khi tan  hòa quyện hết vào nhau. | Vậy là món Miến Lươn Trộn sắp “ra lò” rồi  chỉ còn thiếu mỗi phần miến thôi. Bạn nhanh tay cho nước vào nồi  đun sôi và thêm vào 1 muỗng canh dầu ăn. Tiếp đến  bạn cho miến vào nồi trụng khoảng 3 phút  vớt ra để ráo. Mách bạn mẹo nhỏ để món miến trộn không bị dính nhau là thêm 1 ít nước dùng vào miến sau khi trụng và nhớ trộn đều với nhau nhé! | Đây  món Miến Lươn Trộn bắt miệng đã sẵn sàng phục vụ cả nhà bạn rồi đây. Hãy xếp miến vừa được chế biến vào tô  thêm lươn chiên giòn  rau thơm  dưa giá cà rốt chua ngọt  đậu phộng rang  hành phi và chan nước sốt công thức “bí truyền” từ MAGGI vào là đảm bảo cả nhà phải trầm trồ về tài nấu nướng của bạn đấy. Và đừng quên thêm 1 chén nước súp thanh nhẹ được hầm lúc nãy để ăn cùng nữa nhé!,https://www.maggi.com.vn/cong-thuc/mien-luon-tron
Cua Rang Sốt Tía Tô,28 phút,,N/A,500 g Cua sống | 5 g Rượu hoa hồi | 20 g Đường | 5 g Dầu Mè | 10 g Nước gia vị cô đặc MAGGI | 15 g Dầu Hào MAGGI | 48 g Sốt tương ngọt (hoisin) | 15 g Chao đỏ | 135 g Chao trắng loại | 1.5 g Bột cam thảo | 10 g Ngũ Vị Hương | 30 g Hành tím | 30 g Tỏi băm | 30 g Gừng | 10 g Lá tía tô,Cua sống mua về bạn chà và rửa sạch với nước  rồi chặt mỗi con thành 4 phần đều nhau. Với tía tô  bạn lặt lấy lá  rửa với nước sạch  vớt ra để ráo nước  su đó cắt thành sợi mỏng. | Để chế biến phần nước sốt vừa giữ được hương vị đặc trưng vùng Đông Bắc  vừa tạo được sự khác biệt cho món Cua Rang Sốt Tía Tô bạn hãy ghi chú ngay lại công thức sau! Bắc chảo lên bếp  cho vào 1 ít dầu ăn  đợi dầu nóng nhanh tay bỏ vào 1/2 hành  tỏi  gừng xào cho thơm. Tiếp theo  cho hết các gia vị còn lại gồm: rượu hoa hồi  đường  dầu mè  nước gia vị MAGGI  dầu hào MAGGI  sốt tương ngọt (hoisin)  chao đỏ  chao trắng  bột cam thảo  ngũ vị hương vào đảo đều tay để hỗn hợp hòa quyện vào nhau. Lúc này  bạn có thể gia giảm phần gia vị sao cho vừa ăn  rồi tắt bếp cho ra bát (chén) nhé! | Sau khi đã chuẩn bị xong phần nước sốt xào  bạn bắt lên bếp 1 chảo khác  đổ ngập dầu  chờ dầu nóng thì thả từ từ phần cua đã sơ chế lúc nãy nào chiên với lửa lớn. Cua chiên đã chín và thơm lừng thì bạn nhanh tay vớt cua ra để ráo nhé! | Đến phần chế biến quan trọng nhất của món Cua Rang Sốt Tía Tô đây. Bạn hãy tiếp tục bắt chảo dầu lên bếp  phi thơm 1/2 hành  tỏi  gừng còn lại  rôi cho cua và nước sốt chế biến phía trên vào vừa đủ. Ở bước này  bạn nhớ đảo đều tay để cua thấm đều phần nước sốt “bí truyền”. Sau đó  cho lá tía tô vào xào sơ lại  nêm nếm lần nữa để vừa ăn là bạn có thể tắt bếp rồi đấy. | Để món ăn thêm phần hấp dẫn  bạn xếp cua ra dĩa  rưới nước sốt đều xung quanh và trang trí thêm với là tía tô. Bạn có thể ăn món Cua Rang Sốt Tía Tô với cơm và nhớ thưởng thức ngay khi còn nóng để cảm nhận trọn vị tươi  ngọt  săn chắc của thịt cua hòa quyện nước sốt sánh đặc  đậm đà và hương thơm nhẹ từ lá tía tô nhé!,https://www.maggi.com.vn/cong-thuc/cua-rang-sot-tia-to
Sườn Kho Nước Tương Quả Vả,40 phút,,N/A,4 muỗng canh Nước tương MAGGI | 1 Muỗng cà phê Dầu Hào MAGGI | 500 g Sườn non heo | 1 muỗng canh Tỏi băm | 1 muỗng canh Sả băm | 2 muỗng canh Dầu Ăn | 2 muỗng canh Đường | 1 gam Tiêu xay | 1 gam Tiêu xay | 500 ml Nước lọc | 200 g Quả vả,Sườn non mua về bạn chặt thành miếng vừa ăn. Tiếp theo  rửa qua nước muối rồi rửa lại lần nữa bằng nước sạch  vớt ra rổ cho ráo nước hẳn. Trái vả gọt vỏ  rửa sạch  cắt thành làm 4  nếu quả lớn bạn có thể cắt làm 8 nhé! | Để pha phần nước gia vị cho món kho ngon đúng vị mà vẫn khác biệt  MAGGI bật mí công thức sau đây. Bạn cho tất cả nguyên liệu gồm: nước tương MAGGI  dầu hào MAGGI  1 muỗng canh đường  tiêu xay và nước lọc vào chén  rồi dùng muỗng khuấy đều để các gia vị hòa quyện đều vào nhau. | Món Sườn Kho Nước Tương Quả Vả sẽ là thiếu sót nếu thiếu màu nâu sậm óng ánh từ nước màu. Bạn bắc chảo nhỏ lên bếp cho nóng  rồi cho vào 1 muỗng đường  khuấy đều tay đến khi đường chuyển thành màu nâu cánh gián thì cho ngay 1 ít nước lọc vào. | Bước quan trọng làm nên Sườn Kho Nước Tương Quả Vả đậm đà  lạ miệng đây. Bạn đun nóng dầu ăn trong chảo  sau đó thêm sả băm  tỏi băm vào phi thơm cùng với sườn. Tiếp theo  cho nước màu và chén gia vị bên trên vào mở lửa lớn  vớt bọt bỏ  rồi vặn nhỏ lửa nấu đến khi nước kho còn 1/2 thì cho quả vả vào kho tiếp đến khi thịt chín và phần nước kho sệt lại thì tắt bếp. | Cho Sườn Kho Nước Tương Quả Vả ra dĩa  rắc thêm một ít tiêu lên trên cho dậy mùi. Món này hãy ăn khi còn nóng và dùng với cơm trắng  có thêm chén nước tương MAGGI chấm cùng thì tuyệt vời luôn nhé.,https://www.maggi.com.vn/cong-thuc/suon-kho-nuoc-tuong-qua-va
Thịt đà điểu làm món gì ngon? Công thức đà điểu xào sả lá chanh,30 phút,3 người ăn,N/A,Thịt Đà Điểu | Hành Tây | Sả Cây | Dầu Ăn | Tỏi Băm | Ớt Băm | Tiêu | Dầu Hào Maggi | Hạt Nêm Maggi | Nước Mắm Maggi | 6 lá Lá chanh,Bạn rửa thịt đà điểu rồi cắt lát mỏng vừa. Lưu ý  để cắt thịt dễ hơn  hãy làm lạnh thịt trước khi cắt. Tiếp đó  cần ướp thịt đà điểu với 1 muỗng canh dầu hào MAGGI  hạt nêm MAGGI nấm hương  nước mắm MAGGI  1/2 muỗng tỏi băm  cùng 1 muỗng cà phê sả và ớt đã băm nhỏ  thêm chút tiêu. Trộn đều và ướp trong 15 phút. Đối với hành tây  bạn lột vỏ  rửa sạch rồi thái múi cau. Riêng lá chanh sau khi rửa nước sẽ thái sợi chỉ nhuyễn. | Đổ dầu vào chảo  đun sôi thì phi thơm phần tỏi băm cùng sả băm còn lại. Tiếp đến sẽ cho thịt đà điểu vào  xào liên tục trong khoảng 3 phút thì nêm thêm phần dầu hào MAGGI còn lại  đảo đều  thử vị thấy vừa thì thêm hành tây vào  xào hành cho vừa chín tới. | Bạn cho lá chanh vừa thái vào chảo  đảo qua một lần là có thể tắt bếp. Cho món ăn ra dĩa  trang trí thêm ớt thái lát lên trên bề mặt. Món ngon dùng kèm với cơm nóng và có thể chấm cùng nước tương MAGGI. Thịt đà điểu đậm vị hài hòa cùng lá chanh thơm nồng  sẽ làm hài lòng đến cả những vị khách khó tính nhất.,https://www.maggi.com.vn/cong-thuc/thit-da-dieu-xao-ot-sa-la-chanh
Su hào xào cà rốt thập cẩm,42 phút,2 người ăn,N/A,Dầu hào Maggi | 1 muỗng cà phê MAGGI Hạt Nêm Nấm Hương | Thịt thăn xay | 1 củ Su Hào | 1/2 củ Cà Rốt | Miến | Hành lá | Hành khô | Tiêu xay | Dầu ăn | 10 g Rau mùi,Để làm món su hào xào cà rốt thập cẩm  trước tiên bạn rửa sạch thịt thăn  vớt ra để ráo. Sau đó  xay nhỏ thịt và ướp với 1 muỗng dầu hào MAGGI để tăng vị đậm đà. | Su hào và cà rốt gọt vỏ  rửa sạch  bào sợi nhỏ hoặc thái bằng dao. Miến ngâm mềm  cắt khúc. Nấm hương  hành lá  rau mùi bỏ gốc  cắt nhỏ. Hành khô thái lát mỏng. | Phi thơm hành  xào nấm và thịt thăn rồi để riêng. Tiếp đến  xào su hào  cà rốt với hạt nêm MAGGI nấm hương  rồi cho miến và dầu hào MAGGI vào đảo đến khi chín. | Cho thịt  nấm vào chảo  thêm dầu hào MAGGI xào thêm 2 phút để thấm đều gia vị. Rắc hành lá  rau mùi  hạt tiêu. Su hào xào cà rốt thập cẩm thơm ngon đã sẵn sàng! | Trình bày ra dĩa và thưởng thức. Món su hào xào cà rốt thập cẩm thơm lừng  tốt cho sức khỏe và vóc dáng  thích hợp cho những ai yêu thích món ăn thanh đạm.,https://www.maggi.com.vn/cong-thuc/su-hao-xao-thap-cam
Hàu Nướng Phô Mai Dầu Hào,30 phút,6 người ăn,N/A,2 kilôgam Hàu | 120 g Phô Mai | 1 muỗng canh MAGGI Dầu Hào | Rượu trắng | Đường | Nước cốt chanh | Ớt xắt lát | Nước mắm MAGGI,Hàu sau khi mua về  bạn ngâm với nước khoảng 2 - 3 tiếng để lớp bùn đất bên ngoài mềm ra  giúp công đoạn sơ chế hàu được dễ dàng hơn. Dùng bàn chải chà rửa sạch từ phần vỏ đến miệng hàu  sau đó chần với nước nóng trong 2 phút cho dễ tách vỏ  rửa sơ qua rượu trắng khử mùi tanh rồi để ráo. | Dùng cọ phết lên thịt hàu một lớp mỏng dầu hào MAGGI rồi đặt một miếng phô mai lên mặt hàu. Bạn lặp lại thao tác này đến khi hết số lượng hàu nhé! | Bạn mở nồi chiên không dầu cho nóng khoảng 5 phút để nhiệt lượng phân bổ đều  sau đó xếp từng con hàu vào bên trong  đậy nắp lại chiên ở mức 200 độ với thời gian 5 phút. Cách để nướng hàu ngon đó là chỉ nướng đến khi hàu vừa chín tới để giữ độ ngọt và mọng nước  tránh cho hàu bị khô. | Khi hàu đã chín  bạn dọn món ăn ra dĩa và thưởng thức ngay khi còn nóng. Hàu nướng phô mai ăn kèm với một ít nước mắm đường chua cay hay ăn không đều rất ngon. Phô mai và thịt hàu béo thơm ngậy  nức lòng người thưởng thức.,https://www.maggi.com.vn/cong-thuc/hau-nuong-pho-mai-dau-hao
Sốt Chấm Gỏi Cuốn,15 phút,2 người ăn,N/A,4 muỗng canh MAGGI Nước Tương | 1 muỗng canh Tương ớt | 2 muỗng canh Nước Cốt Dừa | 1 muỗng cà phê Bơ đậu phộng | 1 muỗng cà phê Đường Trắng | 1 muỗng canh Dầu Hành Tỏi Phi | 1 muỗng canh Nước Cốt Me,Bạn cho vào 1 chén nhỏ lần lượt các loại gia vị gồm nước tương MAGGI  tương ớt  nước cốt dừa  nước cốt me  dầu hành tỏi phi  bơ đậu phộng và đường cát. Khuấy đều hỗn hợp cho hòa tan là có ngay 1 chén sốt chấm hảo hạng. | Bày chén sốt chấm cùng những cuốn gỏi đã chuẩn bị sẵn  chấm gỏi cuốn ngập sốt và từ từ cảm nhận mùi sốt thơm dịu đang lan tỏa trong vị béo của nước cốt và bơ đậu phộng thêm chút chua nhẹ của me  cay cay của tương ớt. Vị ngon đúng “đỉnh” đó bạn nha!,https://www.maggi.com.vn/cong-thuc/sot-cham-goi-cuon
Bánh Tráng Nướng Chảo,30 phút,4 người ăn,N/A,Bánh tráng | Thịt heo xay | Xúc xích | Trứng gà | Pate gan | Phô mai | Hành lá | Tép khô | Hành phi | Ớt sa tế | Tiêu xay | Dầu ăn | Hạt nêm MAGGI nấm hương | Tương ớt MAGGI,Đầu tiên  bạn làm nóng một cái chảo nhỏ với dầu ăn rồi cho thịt heo xay vào đảo đều  nêm nếm với hạt nêm MAGGI nấm hương và tiêu xay cho đậm đà. Bạn đảo khoảng 5 phút cho thịt vừa chín tới  săn lại thì múc ra để riêng. | Bắc một chiếc chảo khô lên bếp  chờ đến khi chảo đã nóng già thì cho bánh tráng vào nướng. Khi bạn thấy phần rìa bánh hơi cong lên thì cho ớt sa tế vào  dùng mặt dưới muỗng tán đều. Tiếp tục cho lên trên bề mặt bánh tráng ít hành lá  1 muỗng canh thịt heo xào  đập 1 quả trứng gà lên trên  di chuyển muỗng nhẹ nhàng để các nguyên liệu dàn đều  trứng gà không bị tràn khỏi mặt bánh. | Chờ đến khi trứng gà chín và hơi khô lại  bạn cho tiếp pate gan  1 viên phô mai  tán nhuyễn đều khắp mặt. Sau đó lần lượt rải đều lên bề mặt bánh tép khô  hành phi  xúc xích cắt xéo cho đẹp mắt. | Để món ăn thêm thơm ngon và đậm vị  bạn cho xốt mayonnaise và tương ớt MAGGI lên trên theo đường ziczac  phủ khắp mặt bánh tráng nướng. | Nhẹ nhàng dùng muỗng lớn gập bánh lại. Áp chảo giòn đều cả hai mặt bánh rồi thưởng thức. Bạn nướng đến khi hết bánh tráng và nguyên liệu  nhưng món mới thời thượng này tốt nhất là làm đến đâu ăn đến đó để cảm nhận được vị giòn rụm của bánh kèm với vị béo  mặn ngọt hài hòa từ các nguyên liệu bạn nhé! Đừng quên ăn kèm với tương ớt MAGGI cay mát  đảm bảo món nhà làm ngon như nhà hàng luôn đó nha!,https://www.maggi.com.vn/cong-thuc/banh-trang-nuong-chao
Gỏi Tôm Thịt,80 phút,2 người ăn,N/A,100 g Tôm | 200 g Củ Hũ Dừa | 100 g Cà Rốt | 20 g Rau Răm | 10 g Hành Phi Giòn | 10 g Đậu Phộng Rang | 5 g Ngò Gai | 10 g Ớt Bằm | 80 g Đường Trắng | 2 muỗng canh Nước cốt chanh | 4 muỗng canh MAGGI Nước Mắm | Tỏi băm | Muối | 100g Thịt lợn  tươi  nhiều loại thịt và phụ phẩm  gan  nấu chín  om,Đầu tiên  bạn gọt vỏ cà rốt và dưa leo  rửa sạch rồi thái thành lát mỏng vừa ăn. Độ dài khoảng 7cm là vừa đẹp. Với dưa leo  nhớ loại bỏ phần ruột bên trong để món gỏi không bị ướt và dưa được ngon  giòn hơn. Củ hủ dừa bạn nên nạo sạch lớp vỏ ngoài  rửa sạch với nước rồi thái thành những lát mỏng vừa ăn. Ngâm phần củ hũ dừa đã thái trong nước đá lạnh có hòa cùng nước cốt chanh tươi để giữ độ trắng  giòn khi thưởng thức. | Rửa thịt ba chỉ và tôm với nước và một ít muối  sau đó bắc lên bếp luộc chín thịt với nước lạnh. Lưu ý là bạn phải để phần thịt luộc ngập trong nước  như vậy thịt sẽ chín từ từ và không bị thâm. Sau khi thịt đã chín  ngâm thịt vào tô nước lạnh để giữ độ trắng. Tiếp tục luộc tôm với nước thịt vừa dùng  bạn chỉ nên luộc khoảng 3 phút để tôm vừa chín tới  có màu đỏ đẹp mắt. Đừng luộc tôm quá lâu sẽ làm tôm bị khô và mất vị ngon ngọt tự nhiên. Ngâm tôm vào nước lạnh để tôm giòn dai  dễ bóc vỏ. | Khi tôm và thịt đã nguội  vớt ra để ráo nước một chút. Bạn thái thịt ba chỉ thành những miếng mỏng vừa ăn. Không nên cắt quá dày sẽ làm thịt khó thấm gia vị trộn gỏi. Với tôm  bạn bóc vỏ và giữ lại phần đuôi cho đẹp mắt. | Nước mắm trộn gỏi chính là yếu tố quyết định và là linh hồn của các món gỏi. Bắt tay vào làm thôi! Bắc nồi hoặc chảo lên bếp  cho nước mắm MAGGI vào với 4 muỗng canh nước lọc  đường trắng rồi đun sôi liu riu. Trộn đều tay để đường tan hết và hỗn hợp nước mắm keo sệt lại thì tắt bếp  để nguội. Khi nước mắm đã nguội hẳn  bạn thêm tỏi băm  ớt băm và nước cốt chanh vào  khuấy đều cho hòa quyện. Hỗn hợp nước mắm sánh kẹo và thơm  ngọt  mặn chua chua vừa miệng là chuẩn vị. | Để ráo hẳn củ hũ dừa  dưa leo và cà rốt trước khi tiến hành trộn gỏi bạn nhé. Nếu phần nguyên liệu chưa ráo thì khi trộn gỏi tôm thịt sẽ bị ướt và kém giòn. Cho củ hũ dừa  dưa leo  cà rốt và tôm thịt vào chung một tô  rưới nước mắm lên trên rồi trộn đều tất cả cho thấm. Nên trộn thật nhẹ tay để tránh cho rau củ bị nát và làm món gỏi chảy nước  kém ngon. | Cuối cùng  bạn thêm rau răm cắt nhỏ  ngò gai  đậu phộng rang và hành phi giòn  trộn đều một lần nữa là đã có thể bày ra đĩa thưởng thức rồi. Món gỏi tôm thịt củ hũ dừa giòn giòn lạ miệng  chua ngọt hài hòa kết hợp với tôm thịt  đậu phộng rang béo bùi sẽ khiến bạn ăn mãi không ngừng. Món gỏi rất hợp ăn cùng bánh phồng tôm chiên  cả nhà sẽ gật gù khi thưởng thức đấy!,https://www.maggi.com.vn/cong-thuc/goi-tom-thit
Bồ Câu Xào Lăn,45 phút,3 người ăn,N/A,500 g Bồ Câu | 1 quả Ớt Trái | 5 g Tỏi | 100 g Lạc Rang | 1/2 muỗng cà phê Đường | 1 gói Bột Cà Ri | 1 gói Phồng Tôm | 1/2 muỗng canh MAGGI Nước Mắm | 1 muỗng canh MAGGI Dầu Hào | Sả cây | Tiêu,Bồ câu làm sạch lông và ruột  rửa sạch với nước  để ráo rồi sau đó băm nhuyễn. Sả cây bóc bỏ phần vỏ già bên ngoài  rửa sạch sau đó băm nhuyễn với hành và tỏi. Rang chín đậu phộng rồi để nguội cho lớp vỏ dễ bóc hơn. Giã nhỏ đậu phộng chứ đừng giã nát bạn nhé. Bánh phồng tôm chiên rồi vớt ra cho ráo dầu. | Làm nóng chảo rồi đun cho dầu sôi  bạn kiểm tra thấy đầu đũa gỗ khi nhúng vào dầu có bong bóng nhỏ sủi lên thì cho hành  tỏi  sả băm nhuyễn vào xào cho thơm. Tiếp đến bạn cho thịt bồ câu bằm nhuyễn vào xào  thêm bột cà ri để món ăn thơm ngon đúng điệu. | Đảo đều cho bột cà ri hòa quyện cùng thịt  nêm thêm dầu hào MAGGI  nước mắm MAGGI  tiêu  đường và điều chỉnh sao cho phù hợp với khẩu vị của bạn. | Khi thịt đã chín tới  cho đậu phộng rang giã nhỏ vào rồi bày món ăn ra đĩa. Rắc rau ngổ và ớt trái đã rửa sạch thái nhỏ lên mặt món ăn cho thơm và đượm vị cay nồng. Bồ câu xào lăn ăn kèm bánh phồng chiên hay bánh tráng nướng đều rất ngon. Thịt chim ra ràng mềm béo  thơm lừng mùi hành  sả và cà ri  bùi bùi của đậu phộng  vừa ngon vừa dinh dưỡng.,https://www.maggi.com.vn/cong-thuc/bo-cau-xao-lan
Tôm Bằm Xúc Bánh Tráng,35 phút,4 người ăn,N/A,600 g Tôm Sú | 10 g Sả Băm | 1/4 muỗng cà phê Ớt Bột | 10 g Tiêu Xanh | 5 g Ngò Rí | 1 quả Ớt Sừng | 1 quả Cà Rốt | 1 muỗng cà phê Đường Trắng | 1 muỗng canh Đậu Phộng Rang | 1 muỗng canh Dầu Hành Tỏi Phi | 1 muỗng canh MAGGI Nước Mắm | 2 muỗng canh Tương ớt | 1 muỗng cà phê MAGGI Dầu Hào | Bánh tráng | Nước cốt chanh | Hạt nêm MAGGI nấm hương,Bạn lột bỏ vỏ và đầu tôm  dùng tăm tre nhẹ nhàng rút phần chỉ đen ở lưng  lau khô rồi cắt hạt lựu nhỏ. Rau ngò rí rửa sạch  cắt nhỏ. Bánh tráng dùng kéo cắt miếng hình tam giác vừa ăn  nướng bánh tráng trên than hồng đến khi chín giòn  có màu vàng ươm đẹp mắt. Tiêu xanh bỏ cuống  rửa sạch hạt rồi băm hoặc giã nhuyễn. Ớt sừng cắt lát mỏng  đậu phộng rang xát vỏ  giã nhỏ. | Ướp tôm với các gia vị gồm nước mắm MAGGI  hạt nêm MAGGI nấm hương  dầu hào MAGGI  bột ớt  sả băm. Trộn đều và để khoảng 5 phút cho tôm thấm gia vị đậm đà hơn. | Làm nóng chảo dầu tỏi  cho tôm đã ướp vào xào cho săn lại. Khi tôm vừa chín tới  chuyển sang màu đỏ hồng thì bạn cho đậu phộng  tiêu và ngò gai vào xào đều rồi tắt lửa. Bạn xào tôm nhanh trên lửa vừa  không nên xào quá lâu để tránh tôm bị khô lại nhé! | Món tôm bằm xào ngon khi ăn cùng nước chấm. Bạn pha nước chấm gồm tương ớt  nước cốt chanh và vài lát ớt sừng. Khuấy đều cho nước chấm tan  có vị chua ngọt  cay nhẹ là được. | Xếp bánh tráng nướng ra dĩa  cho tôm bằm xào lên trên  trang trí thêm ớt sừng cắt lát và ngò rí là sẵn sàng thưởng thức rồi đấy. Tôm sú giòn ngọt  được xào chín tới vẫn còn cảm giác mọng nước trong miệng khi ăn. Bánh tráng nướng giòn tan  ăn cùng tôm bằm thời thượng và mới lạ sẽ khiến mọi người trầm trồ đó nha!,https://www.maggi.com.vn/cong-thuc/tom-bam-xuc-banh-trang
Ngan Nướng Sả Riềng Mẻ,57 phút,,N/A,50 g Dầu Hào MAGGI | 30 g Nước tương MAGGI Đậm Đặc | 10 g Hạt nêm MAGGI | 15 g Đường cát | 2 kilôgam Thịt ngan nguyên con làm sạch | 60 g Dầu Ăn | 20 g Riềng băm | 20 g Sả Băm | 30 g Hành tím băm | 20 g Tỏi băm | 30 g Cơm mẻ | 10 g Mắm tôm,Để sơ chế “nhân vật chính” của món ăn hôm nay  đầu tiên  bạn chặt thịt ngan thanh miếng vừa ăn  nếu có thời gian bạn có thể lóc phi lê thịt ngan để tránh xương nhé! Tiếp theo  bạn hãy dùng muối hoặc chanh chà xát khắp thân ngan và nhớ dùng tay bóp kỹ để các chất nhờn  chất bẩn  mùi hôi trong lỗ chân lông ngan tiết ra ngoài. Cuối cùng  bạn đem ngan rửa lại với nước cho thật sạch rồi vớt ra để ráo. | Muốn làm nên hương vị đặc trưng của món Ngan Nướng Sả Riềng Mẻ  bạn cho hết tất cả riềng  sả  hành  tỏi  nước cơm mẻ vào máy xay  xay nhuyễn thành hỗn hợp nhỏ. | Bí quyết ướp thịt để giữ được hương vị đặc trưng Hà Nội cho món Ngan Nướng Sả Riềng Mẻ  mà vẫn tạo được sự khác biệt của riêng bạn là đây. Cho thịt ngan vào một bát (tô) lớn  sau đó thêm vào các nguyên liệu gồm: dầu hào MAGGI  nước tương MAGGI đậm đặc  hạt nêm MAGGI  đường  mắm tôm  dầu ăn và hỗn hợp vừa xay nhuyễn. Bạn nhớ trộn đều tay và ướp tầm 10 phút cho thịt ngan ngấm gia vị  rồi xiên thành các xâu thịt bằng nhau hoặc kẹp thịt vào vỉ nướng nhé! | Trước khi nướng thịt  bạn hãy khởi động lò nướng khoảng 15 phút cho nóng lò. Sau đó  cho thịt ngan vào lò và bắt đầu nướng trong khoảng 15 - 20 phút. Trong lúc nướng nhớ thăm chừng và đảo mặt thịt nướng đều 2 mặt. Lưu ý  không nên nướng thịt ngan quá lâu vì như thế sẽ làm thịt ngan cháy hoặc bị nhão. | Thịt sau khi đã nướng chín  bạn lấy ra cho vào dĩa  trang trí cùng ít rau ngò cho đẹp mắt. Vậy là món Ngan Nướng Sả Riềng Mẻ thơm lừng  đậm vị với công thức khác biệt từ MAGGI đã hoàn thành rồi. Và đừng quên chuẩn bị thêm chén cơm nóng để ăn cùng là hết sảy đấy nhé!,https://www.maggi.com.vn/cong-thuc/ngan-nuong-sa-rieng-me
Miến Lươn Trộn,60 phút,,N/A,400 g Lươn con to | 200 g Miến | 15 g Muối | 60 g Bột Chiên Giòn | 10 g Gừng tươi | 5 g Rau thơm | 5 g Đậu Phộng Rang | 2 g Hành phi | 20 g Dưa giá cà rốt chua ngọt | 30 g Nước nóng | 30 g Giấm Gạo | 15 g Dầu Hào MAGGI | 13 g Hạt nêm MAGGI | 30 g Nước tương MAGGI | 60 g Đường cát | 1 gam Ớt Bột | 2 g Tiêu Sọ,Lươn sau khi mua về  bạn cho muối vào xóc đều để lươn tự quẫy nhả nhớt. Tiếp theo  bạn dùng nước nóng 50-70°C dội xả 1 lượt nữa cho lươn sạch hết nhớt  rồi rửa lại bằng nước lạnh nhiều lần. Sau khi lươn đã sạch  bạn tiến hành phi lê lươn  để riêng phần xương với phần thịt. Với thịt  bạn tiếp tục cắt sợi vừa ăn. | Ăn Miến Lươn Trộn thì không thể nào thiếu phần nước súp ngọt thanh ăn kèm. Để chế biến  bạn cho phần xương lươn vừa lóc ở trên  hầm với gừng cắt lát trong lửa nhỏ tầm 15 phút. Sau đó  vớt xương ra và nêm 10gr hạt nêm MAGGI cho 500ml nước dùng. | Phần thịt lươn đã cắt sợi bạn cho vào tô  nêm thêm lượng hạt nêm MAGGI còn lại  10gr dầu hào và tiêu  rồi dùng muỗng trộn đều cho gia vị thấm vào thịt. Tiếp theo  cho tiếp bột chiên giòn vào tô lươn  trộn đều lần nữa để từng miếng thịt lươn được lớp áo bột mỏng bên ngoài. Để hoàn thành phần thịt lươn giòn tan  đậm đà ăn cùng miến  bạn đun nóng chảo dầu  cho lươn vào chiên đến khi vàng giòn  vớt lươn ra để ráo dầu là được nhé! | Muốn món Miến Lươn Trộn vừa giữ được nét đặc trưng của món ăn Bắc Trung Bộ  mà vẫn tạo được sự khác biệt tích cực thì phải lưu ngay công thức nước sốt trộn đặc biệt này nhé  bạn ơi! Cho tất cả nguyên liệu gồm: Nước nóng  dấm gạo  dầu hào MAGGI  nước tương MAGGI  đường cát  ớt bột  tiêu sọ vào chén (bát) khuấy đều tay đền khi tan  hòa quyện hết vào nhau. | Vậy là món Miến Lươn Trộn sắp “ra lò” rồi  chỉ còn thiếu mỗi phần miến thôi. Bạn nhanh tay cho nước vào nồi  đun sôi và thêm vào 1 muỗng canh dầu ăn. Tiếp đến  bạn cho miến vào nồi trụng khoảng 3 phút  vớt ra để ráo. Mách bạn mẹo nhỏ để món miến trộn không bị dính nhau là thêm 1 ít nước dùng vào miến sau khi trụng và nhớ trộn đều với nhau nhé! | Đây  món Miến Lươn Trộn bắt miệng đã sẵn sàng phục vụ cả nhà bạn rồi đây. Hãy xếp miến vừa được chế biến vào tô  thêm lươn chiên giòn  rau thơm  dưa giá cà rốt chua ngọt  đậu phộng rang  hành phi và chan nước sốt công thức “bí truyền” từ MAGGI vào là đảm bảo cả nhà phải trầm trồ về tài nấu nướng của bạn đấy. Và đừng quên thêm 1 chén nước súp thanh nhẹ được hầm lúc nãy để ăn cùng nữa nhé!,https://www.maggi.com.vn/cong-thuc/mien-luon-tron
Cua Rang Sốt Tía Tô,28 phút,,N/A,500 g Cua sống | 5 g Rượu hoa hồi | 20 g Đường | 5 g Dầu Mè | 10 g Nước gia vị cô đặc MAGGI | 15 g Dầu Hào MAGGI | 48 g Sốt tương ngọt (hoisin) | 15 g Chao đỏ | 135 g Chao trắng loại | 1.5 g Bột cam thảo | 10 g Ngũ Vị Hương | 30 g Hành tím | 30 g Tỏi băm | 30 g Gừng | 10 g Lá tía tô,Cua sống mua về bạn chà và rửa sạch với nước  rồi chặt mỗi con thành 4 phần đều nhau. Với tía tô  bạn lặt lấy lá  rửa với nước sạch  vớt ra để ráo nước  su đó cắt thành sợi mỏng. | Để chế biến phần nước sốt vừa giữ được hương vị đặc trưng vùng Đông Bắc  vừa tạo được sự khác biệt cho món Cua Rang Sốt Tía Tô bạn hãy ghi chú ngay lại công thức sau! Bắc chảo lên bếp  cho vào 1 ít dầu ăn  đợi dầu nóng nhanh tay bỏ vào 1/2 hành  tỏi  gừng xào cho thơm. Tiếp theo  cho hết các gia vị còn lại gồm: rượu hoa hồi  đường  dầu mè  nước gia vị MAGGI  dầu hào MAGGI  sốt tương ngọt (hoisin)  chao đỏ  chao trắng  bột cam thảo  ngũ vị hương vào đảo đều tay để hỗn hợp hòa quyện vào nhau. Lúc này  bạn có thể gia giảm phần gia vị sao cho vừa ăn  rồi tắt bếp cho ra bát (chén) nhé! | Sau khi đã chuẩn bị xong phần nước sốt xào  bạn bắt lên bếp 1 chảo khác  đổ ngập dầu  chờ dầu nóng thì thả từ từ phần cua đã sơ chế lúc nãy nào chiên với lửa lớn. Cua chiên đã chín và thơm lừng thì bạn nhanh tay vớt cua ra để ráo nhé! | Đến phần chế biến quan trọng nhất của món Cua Rang Sốt Tía Tô đây. Bạn hãy tiếp tục bắt chảo dầu lên bếp  phi thơm 1/2 hành  tỏi  gừng còn lại  rôi cho cua và nước sốt chế biến phía trên vào vừa đủ. Ở bước này  bạn nhớ đảo đều tay để cua thấm đều phần nước sốt “bí truyền”. Sau đó  cho lá tía tô vào xào sơ lại  nêm nếm lần nữa để vừa ăn là bạn có thể tắt bếp rồi đấy. | Để món ăn thêm phần hấp dẫn  bạn xếp cua ra dĩa  rưới nước sốt đều xung quanh và trang trí thêm với là tía tô. Bạn có thể ăn món Cua Rang Sốt Tía Tô với cơm và nhớ thưởng thức ngay khi còn nóng để cảm nhận trọn vị tươi  ngọt  săn chắc của thịt cua hòa quyện nước sốt sánh đặc  đậm đà và hương thơm nhẹ từ lá tía tô nhé!,https://www.maggi.com.vn/cong-thuc/cua-rang-sot-tia-to
Sườn Kho Nước Tương Quả Vả,40 phút,,N/A,4 muỗng canh Nước tương MAGGI | 1 Muỗng cà phê Dầu Hào MAGGI | 500 g Sườn non heo | 1 muỗng canh Tỏi băm | 1 muỗng canh Sả băm | 2 muỗng canh Dầu Ăn | 2 muỗng canh Đường | 1 gam Tiêu xay | 1 gam Tiêu xay | 500 ml Nước lọc | 200 g Quả vả,Sườn non mua về bạn chặt thành miếng vừa ăn. Tiếp theo  rửa qua nước muối rồi rửa lại lần nữa bằng nước sạch  vớt ra rổ cho ráo nước hẳn. Trái vả gọt vỏ  rửa sạch  cắt thành làm 4  nếu quả lớn bạn có thể cắt làm 8 nhé! | Để pha phần nước gia vị cho món kho ngon đúng vị mà vẫn khác biệt  MAGGI bật mí công thức sau đây. Bạn cho tất cả nguyên liệu gồm: nước tương MAGGI  dầu hào MAGGI  1 muỗng canh đường  tiêu xay và nước lọc vào chén  rồi dùng muỗng khuấy đều để các gia vị hòa quyện đều vào nhau. | Món Sườn Kho Nước Tương Quả Vả sẽ là thiếu sót nếu thiếu màu nâu sậm óng ánh từ nước màu. Bạn bắc chảo nhỏ lên bếp cho nóng  rồi cho vào 1 muỗng đường  khuấy đều tay đến khi đường chuyển thành màu nâu cánh gián thì cho ngay 1 ít nước lọc vào. | Bước quan trọng làm nên Sườn Kho Nước Tương Quả Vả đậm đà  lạ miệng đây. Bạn đun nóng dầu ăn trong chảo  sau đó thêm sả băm  tỏi băm vào phi thơm cùng với sườn. Tiếp theo  cho nước màu và chén gia vị bên trên vào mở lửa lớn  vớt bọt bỏ  rồi vặn nhỏ lửa nấu đến khi nước kho còn 1/2 thì cho quả vả vào kho tiếp đến khi thịt chín và phần nước kho sệt lại thì tắt bếp. | Cho Sườn Kho Nước Tương Quả Vả ra dĩa  rắc thêm một ít tiêu lên trên cho dậy mùi. Món này hãy ăn khi còn nóng và dùng với cơm trắng  có thêm chén nước tương MAGGI chấm cùng thì tuyệt vời luôn nhé.,https://www.maggi.com.vn/cong-thuc/suon-kho-nuoc-tuong-qua-va
Thịt đà điểu làm món gì ngon? Công thức đà điểu xào sả lá chanh,30 phút,3 người ăn,N/A,Thịt Đà Điểu | Hành Tây | Sả Cây | Dầu Ăn | Tỏi Băm | Ớt Băm | Tiêu | Dầu Hào Maggi | Hạt Nêm Maggi | Nước Mắm Maggi | 6 lá Lá chanh,Bạn rửa thịt đà điểu rồi cắt lát mỏng vừa. Lưu ý  để cắt thịt dễ hơn  hãy làm lạnh thịt trước khi cắt. Tiếp đó  cần ướp thịt đà điểu với 1 muỗng canh dầu hào MAGGI  hạt nêm MAGGI nấm hương  nước mắm MAGGI  1/2 muỗng tỏi băm  cùng 1 muỗng cà phê sả và ớt đã băm nhỏ  thêm chút tiêu. Trộn đều và ướp trong 15 phút. Đối với hành tây  bạn lột vỏ  rửa sạch rồi thái múi cau. Riêng lá chanh sau khi rửa nước sẽ thái sợi chỉ nhuyễn. | Đổ dầu vào chảo  đun sôi thì phi thơm phần tỏi băm cùng sả băm còn lại. Tiếp đến sẽ cho thịt đà điểu vào  xào liên tục trong khoảng 3 phút thì nêm thêm phần dầu hào MAGGI còn lại  đảo đều  thử vị thấy vừa thì thêm hành tây vào  xào hành cho vừa chín tới. | Bạn cho lá chanh vừa thái vào chảo  đảo qua một lần là có thể tắt bếp. Cho món ăn ra dĩa  trang trí thêm ớt thái lát lên trên bề mặt. Món ngon dùng kèm với cơm nóng và có thể chấm cùng nước tương MAGGI. Thịt đà điểu đậm vị hài hòa cùng lá chanh thơm nồng  sẽ làm hài lòng đến cả những vị khách khó tính nhất.,https://www.maggi.com.vn/cong-thuc/thit-da-dieu-xao-ot-sa-la-chanh
Su hào xào cà rốt thập cẩm,42 phút,2 người ăn,N/A,Dầu hào Maggi | 1 muỗng cà phê MAGGI Hạt Nêm Nấm Hương | Thịt thăn xay | 1 củ Su Hào | 1/2 củ Cà Rốt | Miến | Hành lá | Hành khô | Tiêu xay | Dầu ăn | 10 g Rau mùi,Để làm món su hào xào cà rốt thập cẩm  trước tiên bạn rửa sạch thịt thăn  vớt ra để ráo. Sau đó  xay nhỏ thịt và ướp với 1 muỗng dầu hào MAGGI để tăng vị đậm đà. | Su hào và cà rốt gọt vỏ  rửa sạch  bào sợi nhỏ hoặc thái bằng dao. Miến ngâm mềm  cắt khúc. Nấm hương  hành lá  rau mùi bỏ gốc  cắt nhỏ. Hành khô thái lát mỏng. | Phi thơm hành  xào nấm và thịt thăn rồi để riêng. Tiếp đến  xào su hào  cà rốt với hạt nêm MAGGI nấm hương  rồi cho miến và dầu hào MAGGI vào đảo đến khi chín. | Cho thịt  nấm vào chảo  thêm dầu hào MAGGI xào thêm 2 phút để thấm đều gia vị. Rắc hành lá  rau mùi  hạt tiêu. Su hào xào cà rốt thập cẩm thơm ngon đã sẵn sàng! | Trình bày ra dĩa và thưởng thức. Món su hào xào cà rốt thập cẩm thơm lừng  tốt cho sức khỏe và vóc dáng  thích hợp cho những ai yêu thích món ăn thanh đạm.,https://www.maggi.com.vn/cong-thuc/su-hao-xao-thap-cam
Hàu Nướng Phô Mai Dầu Hào,30 phút,6 người ăn,N/A,2 kilôgam Hàu | 120 g Phô Mai | 1 muỗng canh MAGGI Dầu Hào | Rượu trắng | Đường | Nước cốt chanh | Ớt xắt lát | Nước mắm MAGGI,Hàu sau khi mua về  bạn ngâm với nước khoảng 2 - 3 tiếng để lớp bùn đất bên ngoài mềm ra  giúp công đoạn sơ chế hàu được dễ dàng hơn. Dùng bàn chải chà rửa sạch từ phần vỏ đến miệng hàu  sau đó chần với nước nóng trong 2 phút cho dễ tách vỏ  rửa sơ qua rượu trắng khử mùi tanh rồi để ráo. | Dùng cọ phết lên thịt hàu một lớp mỏng dầu hào MAGGI rồi đặt một miếng phô mai lên mặt hàu. Bạn lặp lại thao tác này đến khi hết số lượng hàu nhé! | Bạn mở nồi chiên không dầu cho nóng khoảng 5 phút để nhiệt lượng phân bổ đều  sau đó xếp từng con hàu vào bên trong  đậy nắp lại chiên ở mức 200 độ với thời gian 5 phút. Cách để nướng hàu ngon đó là chỉ nướng đến khi hàu vừa chín tới để giữ độ ngọt và mọng nước  tránh cho hàu bị khô. | Khi hàu đã chín  bạn dọn món ăn ra dĩa và thưởng thức ngay khi còn nóng. Hàu nướng phô mai ăn kèm với một ít nước mắm đường chua cay hay ăn không đều rất ngon. Phô mai và thịt hàu béo thơm ngậy  nức lòng người thưởng thức.,https://www.maggi.com.vn/cong-thuc/hau-nuong-pho-mai-dau-hao
Sốt Chấm Gỏi Cuốn,15 phút,2 người ăn,N/A,4 muỗng canh MAGGI Nước Tương | 1 muỗng canh Tương ớt | 2 muỗng canh Nước Cốt Dừa | 1 muỗng cà phê Bơ đậu phộng | 1 muỗng cà phê Đường Trắng | 1 muỗng canh Dầu Hành Tỏi Phi | 1 muỗng canh Nước Cốt Me,Bạn cho vào 1 chén nhỏ lần lượt các loại gia vị gồm nước tương MAGGI  tương ớt  nước cốt dừa  nước cốt me  dầu hành tỏi phi  bơ đậu phộng và đường cát. Khuấy đều hỗn hợp cho hòa tan là có ngay 1 chén sốt chấm hảo hạng. | Bày chén sốt chấm cùng những cuốn gỏi đã chuẩn bị sẵn  chấm gỏi cuốn ngập sốt và từ từ cảm nhận mùi sốt thơm dịu đang lan tỏa trong vị béo của nước cốt và bơ đậu phộng thêm chút chua nhẹ của me  cay cay của tương ớt. Vị ngon đúng “đỉnh” đó bạn nha!,https://www.maggi.com.vn/cong-thuc/sot-cham-goi-cuon
Bánh Tráng Nướng Chảo,30 phút,4 người ăn,N/A,Bánh tráng | Thịt heo xay | Xúc xích | Trứng gà | Pate gan | Phô mai | Hành lá | Tép khô | Hành phi | Ớt sa tế | Tiêu xay | Dầu ăn | Hạt nêm MAGGI nấm hương | Tương ớt MAGGI,Đầu tiên  bạn làm nóng một cái chảo nhỏ với dầu ăn rồi cho thịt heo xay vào đảo đều  nêm nếm với hạt nêm MAGGI nấm hương và tiêu xay cho đậm đà. Bạn đảo khoảng 5 phút cho thịt vừa chín tới  săn lại thì múc ra để riêng. | Bắc một chiếc chảo khô lên bếp  chờ đến khi chảo đã nóng già thì cho bánh tráng vào nướng. Khi bạn thấy phần rìa bánh hơi cong lên thì cho ớt sa tế vào  dùng mặt dưới muỗng tán đều. Tiếp tục cho lên trên bề mặt bánh tráng ít hành lá  1 muỗng canh thịt heo xào  đập 1 quả trứng gà lên trên  di chuyển muỗng nhẹ nhàng để các nguyên liệu dàn đều  trứng gà không bị tràn khỏi mặt bánh. | Chờ đến khi trứng gà chín và hơi khô lại  bạn cho tiếp pate gan  1 viên phô mai  tán nhuyễn đều khắp mặt. Sau đó lần lượt rải đều lên bề mặt bánh tép khô  hành phi  xúc xích cắt xéo cho đẹp mắt. | Để món ăn thêm thơm ngon và đậm vị  bạn cho xốt mayonnaise và tương ớt MAGGI lên trên theo đường ziczac  phủ khắp mặt bánh tráng nướng. | Nhẹ nhàng dùng muỗng lớn gập bánh lại. Áp chảo giòn đều cả hai mặt bánh rồi thưởng thức. Bạn nướng đến khi hết bánh tráng và nguyên liệu  nhưng món mới thời thượng này tốt nhất là làm đến đâu ăn đến đó để cảm nhận được vị giòn rụm của bánh kèm với vị béo  mặn ngọt hài hòa từ các nguyên liệu bạn nhé! Đừng quên ăn kèm với tương ớt MAGGI cay mát  đảm bảo món nhà làm ngon như nhà hàng luôn đó nha!,https://www.maggi.com.vn/cong-thuc/banh-trang-nuong-chao
Gỏi Tôm Thịt,80 phút,2 người ăn,N/A,100 g Tôm | 200 g Củ Hũ Dừa | 100 g Cà Rốt | 20 g Rau Răm | 10 g Hành Phi Giòn | 10 g Đậu Phộng Rang | 5 g Ngò Gai | 10 g Ớt Bằm | 80 g Đường Trắng | 2 muỗng canh Nước cốt chanh | 4 muỗng canh MAGGI Nước Mắm | Tỏi băm | Muối | 100g Thịt lợn  tươi  nhiều loại thịt và phụ phẩm  gan  nấu chín  om,Đầu tiên  bạn gọt vỏ cà rốt và dưa leo  rửa sạch rồi thái thành lát mỏng vừa ăn. Độ dài khoảng 7cm là vừa đẹp. Với dưa leo  nhớ loại bỏ phần ruột bên trong để món gỏi không bị ướt và dưa được ngon  giòn hơn. Củ hủ dừa bạn nên nạo sạch lớp vỏ ngoài  rửa sạch với nước rồi thái thành những lát mỏng vừa ăn. Ngâm phần củ hũ dừa đã thái trong nước đá lạnh có hòa cùng nước cốt chanh tươi để giữ độ trắng  giòn khi thưởng thức. | Rửa thịt ba chỉ và tôm với nước và một ít muối  sau đó bắc lên bếp luộc chín thịt với nước lạnh. Lưu ý là bạn phải để phần thịt luộc ngập trong nước  như vậy thịt sẽ chín từ từ và không bị thâm. Sau khi thịt đã chín  ngâm thịt vào tô nước lạnh để giữ độ trắng. Tiếp tục luộc tôm với nước thịt vừa dùng  bạn chỉ nên luộc khoảng 3 phút để tôm vừa chín tới  có màu đỏ đẹp mắt. Đừng luộc tôm quá lâu sẽ làm tôm bị khô và mất vị ngon ngọt tự nhiên. Ngâm tôm vào nước lạnh để tôm giòn dai  dễ bóc vỏ. | Khi tôm và thịt đã nguội  vớt ra để ráo nước một chút. Bạn thái thịt ba chỉ thành những miếng mỏng vừa ăn. Không nên cắt quá dày sẽ làm thịt khó thấm gia vị trộn gỏi. Với tôm  bạn bóc vỏ và giữ lại phần đuôi cho đẹp mắt. | Nước mắm trộn gỏi chính là yếu tố quyết định và là linh hồn của các món gỏi. Bắt tay vào làm thôi! Bắc nồi hoặc chảo lên bếp  cho nước mắm MAGGI vào với 4 muỗng canh nước lọc  đường trắng rồi đun sôi liu riu. Trộn đều tay để đường tan hết và hỗn hợp nước mắm keo sệt lại thì tắt bếp  để nguội. Khi nước mắm đã nguội hẳn  bạn thêm tỏi băm  ớt băm và nước cốt chanh vào  khuấy đều cho hòa quyện. Hỗn hợp nước mắm sánh kẹo và thơm  ngọt  mặn chua chua vừa miệng là chuẩn vị. | Để ráo hẳn củ hũ dừa  dưa leo và cà rốt trước khi tiến hành trộn gỏi bạn nhé. Nếu phần nguyên liệu chưa ráo thì khi trộn gỏi tôm thịt sẽ bị ướt và kém giòn. Cho củ hũ dừa  dưa leo  cà rốt và tôm thịt vào chung một tô  rưới nước mắm lên trên rồi trộn đều tất cả cho thấm. Nên trộn thật nhẹ tay để tránh cho rau củ bị nát và làm món gỏi chảy nước  kém ngon. | Cuối cùng  bạn thêm rau răm cắt nhỏ  ngò gai  đậu phộng rang và hành phi giòn  trộn đều một lần nữa là đã có thể bày ra đĩa thưởng thức rồi. Món gỏi tôm thịt củ hũ dừa giòn giòn lạ miệng  chua ngọt hài hòa kết hợp với tôm thịt  đậu phộng rang béo bùi sẽ khiến bạn ăn mãi không ngừng. Món gỏi rất hợp ăn cùng bánh phồng tôm chiên  cả nhà sẽ gật gù khi thưởng thức đấy!,https://www.maggi.com.vn/cong-thuc/goi-tom-thit
Bồ Câu Xào Lăn,45 phút,3 người ăn,N/A,500 g Bồ Câu | 1 quả Ớt Trái | 5 g Tỏi | 100 g Lạc Rang | 1/2 muỗng cà phê Đường | 1 gói Bột Cà Ri | 1 gói Phồng Tôm | 1/2 muỗng canh MAGGI Nước Mắm | 1 muỗng canh MAGGI Dầu Hào | Sả cây | Tiêu,Bồ câu làm sạch lông và ruột  rửa sạch với nước  để ráo rồi sau đó băm nhuyễn. Sả cây bóc bỏ phần vỏ già bên ngoài  rửa sạch sau đó băm nhuyễn với hành và tỏi. Rang chín đậu phộng rồi để nguội cho lớp vỏ dễ bóc hơn. Giã nhỏ đậu phộng chứ đừng giã nát bạn nhé. Bánh phồng tôm chiên rồi vớt ra cho ráo dầu. | Làm nóng chảo rồi đun cho dầu sôi  bạn kiểm tra thấy đầu đũa gỗ khi nhúng vào dầu có bong bóng nhỏ sủi lên thì cho hành  tỏi  sả băm nhuyễn vào xào cho thơm. Tiếp đến bạn cho thịt bồ câu bằm nhuyễn vào xào  thêm bột cà ri để món ăn thơm ngon đúng điệu. | Đảo đều cho bột cà ri hòa quyện cùng thịt  nêm thêm dầu hào MAGGI  nước mắm MAGGI  tiêu  đường và điều chỉnh sao cho phù hợp với khẩu vị của bạn. | Khi thịt đã chín tới  cho đậu phộng rang giã nhỏ vào rồi bày món ăn ra đĩa. Rắc rau ngổ và ớt trái đã rửa sạch thái nhỏ lên mặt món ăn cho thơm và đượm vị cay nồng. Bồ câu xào lăn ăn kèm bánh phồng chiên hay bánh tráng nướng đều rất ngon. Thịt chim ra ràng mềm béo  thơm lừng mùi hành  sả và cà ri  bùi bùi của đậu phộng  vừa ngon vừa dinh dưỡng.,https://www.maggi.com.vn/cong-thuc/bo-cau-xao-lan
Tôm Bằm Xúc Bánh Tráng,35 phút,4 người ăn,N/A,600 g Tôm Sú | 10 g Sả Băm | 1/4 muỗng cà phê Ớt Bột | 10 g Tiêu Xanh | 5 g Ngò Rí | 1 quả Ớt Sừng | 1 quả Cà Rốt | 1 muỗng cà phê Đường Trắng | 1 muỗng canh Đậu Phộng Rang | 1 muỗng canh Dầu Hành Tỏi Phi | 1 muỗng canh MAGGI Nước Mắm | 2 muỗng canh Tương ớt | 1 muỗng cà phê MAGGI Dầu Hào | Bánh tráng | Nước cốt chanh | Hạt nêm MAGGI nấm hương,Bạn lột bỏ vỏ và đầu tôm  dùng tăm tre nhẹ nhàng rút phần chỉ đen ở lưng  lau khô rồi cắt hạt lựu nhỏ. Rau ngò rí rửa sạch  cắt nhỏ. Bánh tráng dùng kéo cắt miếng hình tam giác vừa ăn  nướng bánh tráng trên than hồng đến khi chín giòn  có màu vàng ươm đẹp mắt. Tiêu xanh bỏ cuống  rửa sạch hạt rồi băm hoặc giã nhuyễn. Ớt sừng cắt lát mỏng  đậu phộng rang xát vỏ  giã nhỏ. | Ướp tôm với các gia vị gồm nước mắm MAGGI  hạt nêm MAGGI nấm hương  dầu hào MAGGI  bột ớt  sả băm. Trộn đều và để khoảng 5 phút cho tôm thấm gia vị đậm đà hơn. | Làm nóng chảo dầu tỏi  cho tôm đã ướp vào xào cho săn lại. Khi tôm vừa chín tới  chuyển sang màu đỏ hồng thì bạn cho đậu phộng  tiêu và ngò gai vào xào đều rồi tắt lửa. Bạn xào tôm nhanh trên lửa vừa  không nên xào quá lâu để tránh tôm bị khô lại nhé! | Món tôm bằm xào ngon khi ăn cùng nước chấm. Bạn pha nước chấm gồm tương ớt  nước cốt chanh và vài lát ớt sừng. Khuấy đều cho nước chấm tan  có vị chua ngọt  cay nhẹ là được. | Xếp bánh tráng nướng ra dĩa  cho tôm bằm xào lên trên  trang trí thêm ớt sừng cắt lát và ngò rí là sẵn sàng thưởng thức rồi đấy. Tôm sú giòn ngọt  được xào chín tới vẫn còn cảm giác mọng nước trong miệng khi ăn. Bánh tráng nướng giòn tan  ăn cùng tôm bằm thời thượng và mới lạ sẽ khiến mọi người trầm trồ đó nha!,https://www.maggi.com.vn/cong-thuc/tom-bam-xuc-banh-trang
Ngan Nướng Sả Riềng Mẻ,57 phút,,N/A,50 g Dầu Hào MAGGI | 30 g Nước tương MAGGI Đậm Đặc | 10 g Hạt nêm MAGGI | 15 g Đường cát | 2 kilôgam Thịt ngan nguyên con làm sạch | 60 g Dầu Ăn | 20 g Riềng băm | 20 g Sả Băm | 30 g Hành tím băm | 20 g Tỏi băm | 30 g Cơm mẻ | 10 g Mắm tôm,Để sơ chế “nhân vật chính” của món ăn hôm nay  đầu tiên  bạn chặt thịt ngan thanh miếng vừa ăn  nếu có thời gian bạn có thể lóc phi lê thịt ngan để tránh xương nhé! Tiếp theo  bạn hãy dùng muối hoặc chanh chà xát khắp thân ngan và nhớ dùng tay bóp kỹ để các chất nhờn  chất bẩn  mùi hôi trong lỗ chân lông ngan tiết ra ngoài. Cuối cùng  bạn đem ngan rửa lại với nước cho thật sạch rồi vớt ra để ráo. | Muốn làm nên hương vị đặc trưng của món Ngan Nướng Sả Riềng Mẻ  bạn cho hết tất cả riềng  sả  hành  tỏi  nước cơm mẻ vào máy xay  xay nhuyễn thành hỗn hợp nhỏ. | Bí quyết ướp thịt để giữ được hương vị đặc trưng Hà Nội cho món Ngan Nướng Sả Riềng Mẻ  mà vẫn tạo được sự khác biệt của riêng bạn là đây. Cho thịt ngan vào một bát (tô) lớn  sau đó thêm vào các nguyên liệu gồm: dầu hào MAGGI  nước tương MAGGI đậm đặc  hạt nêm MAGGI  đường  mắm tôm  dầu ăn và hỗn hợp vừa xay nhuyễn. Bạn nhớ trộn đều tay và ướp tầm 10 phút cho thịt ngan ngấm gia vị  rồi xiên thành các xâu thịt bằng nhau hoặc kẹp thịt vào vỉ nướng nhé! | Trước khi nướng thịt  bạn hãy khởi động lò nướng khoảng 15 phút cho nóng lò. Sau đó  cho thịt ngan vào lò và bắt đầu nướng trong khoảng 15 - 20 phút. Trong lúc nướng nhớ thăm chừng và đảo mặt thịt nướng đều 2 mặt. Lưu ý  không nên nướng thịt ngan quá lâu vì như thế sẽ làm thịt ngan cháy hoặc bị nhão. | Thịt sau khi đã nướng chín  bạn lấy ra cho vào dĩa  trang trí cùng ít rau ngò cho đẹp mắt. Vậy là món Ngan Nướng Sả Riềng Mẻ thơm lừng  đậm vị với công thức khác biệt từ MAGGI đã hoàn thành rồi. Và đừng quên chuẩn bị thêm chén cơm nóng để ăn cùng là hết sảy đấy nhé!,https://www.maggi.com.vn/cong-thuc/ngan-nuong-sa-rieng-me
Miến Lươn Trộn,60 phút,,N/A,400 g Lươn con to | 200 g Miến | 15 g Muối | 60 g Bột Chiên Giòn | 10 g Gừng tươi | 5 g Rau thơm | 5 g Đậu Phộng Rang | 2 g Hành phi | 20 g Dưa giá cà rốt chua ngọt | 30 g Nước nóng | 30 g Giấm Gạo | 15 g Dầu Hào MAGGI | 13 g Hạt nêm MAGGI | 30 g Nước tương MAGGI | 60 g Đường cát | 1 gam Ớt Bột | 2 g Tiêu Sọ,Lươn sau khi mua về  bạn cho muối vào xóc đều để lươn tự quẫy nhả nhớt. Tiếp theo  bạn dùng nước nóng 50-70°C dội xả 1 lượt nữa cho lươn sạch hết nhớt  rồi rửa lại bằng nước lạnh nhiều lần. Sau khi lươn đã sạch  bạn tiến hành phi lê lươn  để riêng phần xương với phần thịt. Với thịt  bạn tiếp tục cắt sợi vừa ăn. | Ăn Miến Lươn Trộn thì không thể nào thiếu phần nước súp ngọt thanh ăn kèm. Để chế biến  bạn cho phần xương lươn vừa lóc ở trên  hầm với gừng cắt lát trong lửa nhỏ tầm 15 phút. Sau đó  vớt xương ra và nêm 10gr hạt nêm MAGGI cho 500ml nước dùng. | Phần thịt lươn đã cắt sợi bạn cho vào tô  nêm thêm lượng hạt nêm MAGGI còn lại  10gr dầu hào và tiêu  rồi dùng muỗng trộn đều cho gia vị thấm vào thịt. Tiếp theo  cho tiếp bột chiên giòn vào tô lươn  trộn đều lần nữa để từng miếng thịt lươn được lớp áo bột mỏng bên ngoài. Để hoàn thành phần thịt lươn giòn tan  đậm đà ăn cùng miến  bạn đun nóng chảo dầu  cho lươn vào chiên đến khi vàng giòn  vớt lươn ra để ráo dầu là được nhé! | Muốn món Miến Lươn Trộn vừa giữ được nét đặc trưng của món ăn Bắc Trung Bộ  mà vẫn tạo được sự khác biệt tích cực thì phải lưu ngay công thức nước sốt trộn đặc biệt này nhé  bạn ơi! Cho tất cả nguyên liệu gồm: Nước nóng  dấm gạo  dầu hào MAGGI  nước tương MAGGI  đường cát  ớt bột  tiêu sọ vào chén (bát) khuấy đều tay đền khi tan  hòa quyện hết vào nhau. | Vậy là món Miến Lươn Trộn sắp “ra lò” rồi  chỉ còn thiếu mỗi phần miến thôi. Bạn nhanh tay cho nước vào nồi  đun sôi và thêm vào 1 muỗng canh dầu ăn. Tiếp đến  bạn cho miến vào nồi trụng khoảng 3 phút  vớt ra để ráo. Mách bạn mẹo nhỏ để món miến trộn không bị dính nhau là thêm 1 ít nước dùng vào miến sau khi trụng và nhớ trộn đều với nhau nhé! | Đây  món Miến Lươn Trộn bắt miệng đã sẵn sàng phục vụ cả nhà bạn rồi đây. Hãy xếp miến vừa được chế biến vào tô  thêm lươn chiên giòn  rau thơm  dưa giá cà rốt chua ngọt  đậu phộng rang  hành phi và chan nước sốt công thức “bí truyền” từ MAGGI vào là đảm bảo cả nhà phải trầm trồ về tài nấu nướng của bạn đấy. Và đừng quên thêm 1 chén nước súp thanh nhẹ được hầm lúc nãy để ăn cùng nữa nhé!,https://www.maggi.com.vn/cong-thuc/mien-luon-tron
Cua Rang Sốt Tía Tô,28 phút,,N/A,500 g Cua sống | 5 g Rượu hoa hồi | 20 g Đường | 5 g Dầu Mè | 10 g Nước gia vị cô đặc MAGGI | 15 g Dầu Hào MAGGI | 48 g Sốt tương ngọt (hoisin) | 15 g Chao đỏ | 135 g Chao trắng loại | 1.5 g Bột cam thảo | 10 g Ngũ Vị Hương | 30 g Hành tím | 30 g Tỏi băm | 30 g Gừng | 10 g Lá tía tô,Cua sống mua về bạn chà và rửa sạch với nước  rồi chặt mỗi con thành 4 phần đều nhau. Với tía tô  bạn lặt lấy lá  rửa với nước sạch  vớt ra để ráo nước  su đó cắt thành sợi mỏng. | Để chế biến phần nước sốt vừa giữ được hương vị đặc trưng vùng Đông Bắc  vừa tạo được sự khác biệt cho món Cua Rang Sốt Tía Tô bạn hãy ghi chú ngay lại công thức sau! Bắc chảo lên bếp  cho vào 1 ít dầu ăn  đợi dầu nóng nhanh tay bỏ vào 1/2 hành  tỏi  gừng xào cho thơm. Tiếp theo  cho hết các gia vị còn lại gồm: rượu hoa hồi  đường  dầu mè  nước gia vị MAGGI  dầu hào MAGGI  sốt tương ngọt (hoisin)  chao đỏ  chao trắng  bột cam thảo  ngũ vị hương vào đảo đều tay để hỗn hợp hòa quyện vào nhau. Lúc này  bạn có thể gia giảm phần gia vị sao cho vừa ăn  rồi tắt bếp cho ra bát (chén) nhé! | Sau khi đã chuẩn bị xong phần nước sốt xào  bạn bắt lên bếp 1 chảo khác  đổ ngập dầu  chờ dầu nóng thì thả từ từ phần cua đã sơ chế lúc nãy nào chiên với lửa lớn. Cua chiên đã chín và thơm lừng thì bạn nhanh tay vớt cua ra để ráo nhé! | Đến phần chế biến quan trọng nhất của món Cua Rang Sốt Tía Tô đây. Bạn hãy tiếp tục bắt chảo dầu lên bếp  phi thơm 1/2 hành  tỏi  gừng còn lại  rôi cho cua và nước sốt chế biến phía trên vào vừa đủ. Ở bước này  bạn nhớ đảo đều tay để cua thấm đều phần nước sốt “bí truyền”. Sau đó  cho lá tía tô vào xào sơ lại  nêm nếm lần nữa để vừa ăn là bạn có thể tắt bếp rồi đấy. | Để món ăn thêm phần hấp dẫn  bạn xếp cua ra dĩa  rưới nước sốt đều xung quanh và trang trí thêm với là tía tô. Bạn có thể ăn món Cua Rang Sốt Tía Tô với cơm và nhớ thưởng thức ngay khi còn nóng để cảm nhận trọn vị tươi  ngọt  săn chắc của thịt cua hòa quyện nước sốt sánh đặc  đậm đà và hương thơm nhẹ từ lá tía tô nhé!,https://www.maggi.com.vn/cong-thuc/cua-rang-sot-tia-to
Sườn Kho Nước Tương Quả Vả,40 phút,,N/A,4 muỗng canh Nước tương MAGGI | 1 Muỗng cà phê Dầu Hào MAGGI | 500 g Sườn non heo | 1 muỗng canh Tỏi băm | 1 muỗng canh Sả băm | 2 muỗng canh Dầu Ăn | 2 muỗng canh Đường | 1 gam Tiêu xay | 1 gam Tiêu xay | 500 ml Nước lọc | 200 g Quả vả,Sườn non mua về bạn chặt thành miếng vừa ăn. Tiếp theo  rửa qua nước muối rồi rửa lại lần nữa bằng nước sạch  vớt ra rổ cho ráo nước hẳn. Trái vả gọt vỏ  rửa sạch  cắt thành làm 4  nếu quả lớn bạn có thể cắt làm 8 nhé! | Để pha phần nước gia vị cho món kho ngon đúng vị mà vẫn khác biệt  MAGGI bật mí công thức sau đây. Bạn cho tất cả nguyên liệu gồm: nước tương MAGGI  dầu hào MAGGI  1 muỗng canh đường  tiêu xay và nước lọc vào chén  rồi dùng muỗng khuấy đều để các gia vị hòa quyện đều vào nhau. | Món Sườn Kho Nước Tương Quả Vả sẽ là thiếu sót nếu thiếu màu nâu sậm óng ánh từ nước màu. Bạn bắc chảo nhỏ lên bếp cho nóng  rồi cho vào 1 muỗng đường  khuấy đều tay đến khi đường chuyển thành màu nâu cánh gián thì cho ngay 1 ít nước lọc vào. | Bước quan trọng làm nên Sườn Kho Nước Tương Quả Vả đậm đà  lạ miệng đây. Bạn đun nóng dầu ăn trong chảo  sau đó thêm sả băm  tỏi băm vào phi thơm cùng với sườn. Tiếp theo  cho nước màu và chén gia vị bên trên vào mở lửa lớn  vớt bọt bỏ  rồi vặn nhỏ lửa nấu đến khi nước kho còn 1/2 thì cho quả vả vào kho tiếp đến khi thịt chín và phần nước kho sệt lại thì tắt bếp. | Cho Sườn Kho Nước Tương Quả Vả ra dĩa  rắc thêm một ít tiêu lên trên cho dậy mùi. Món này hãy ăn khi còn nóng và dùng với cơm trắng  có thêm chén nước tương MAGGI chấm cùng thì tuyệt vời luôn nhé.,https://www.maggi.com.vn/cong-thuc/suon-kho-nuoc-tuong-qua-va
Thịt đà điểu làm món gì ngon? Công thức đà điểu xào sả lá chanh,30 phút,3 người ăn,N/A,Thịt Đà Điểu | Hành Tây | Sả Cây | Dầu Ăn | Tỏi Băm | Ớt Băm | Tiêu | Dầu Hào Maggi | Hạt Nêm Maggi | Nước Mắm Maggi | 6 lá Lá chanh,Bạn rửa thịt đà điểu rồi cắt lát mỏng vừa. Lưu ý  để cắt thịt dễ hơn  hãy làm lạnh thịt trước khi cắt. Tiếp đó  cần ướp thịt đà điểu với 1 muỗng canh dầu hào MAGGI  hạt nêm MAGGI nấm hương  nước mắm MAGGI  1/2 muỗng tỏi băm  cùng 1 muỗng cà phê sả và ớt đã băm nhỏ  thêm chút tiêu. Trộn đều và ướp trong 15 phút. Đối với hành tây  bạn lột vỏ  rửa sạch rồi thái múi cau. Riêng lá chanh sau khi rửa nước sẽ thái sợi chỉ nhuyễn. | Đổ dầu vào chảo  đun sôi thì phi thơm phần tỏi băm cùng sả băm còn lại. Tiếp đến sẽ cho thịt đà điểu vào  xào liên tục trong khoảng 3 phút thì nêm thêm phần dầu hào MAGGI còn lại  đảo đều  thử vị thấy vừa thì thêm hành tây vào  xào hành cho vừa chín tới. | Bạn cho lá chanh vừa thái vào chảo  đảo qua một lần là có thể tắt bếp. Cho món ăn ra dĩa  trang trí thêm ớt thái lát lên trên bề mặt. Món ngon dùng kèm với cơm nóng và có thể chấm cùng nước tương MAGGI. Thịt đà điểu đậm vị hài hòa cùng lá chanh thơm nồng  sẽ làm hài lòng đến cả những vị khách khó tính nhất.,https://www.maggi.com.vn/cong-thuc/thit-da-dieu-xao-ot-sa-la-chanh
Su hào xào cà rốt thập cẩm,42 phút,2 người ăn,N/A,Dầu hào Maggi | 1 muỗng cà phê MAGGI Hạt Nêm Nấm Hương | Thịt thăn xay | 1 củ Su Hào | 1/2 củ Cà Rốt | Miến | Hành lá | Hành khô | Tiêu xay | Dầu ăn | 10 g Rau mùi,Để làm món su hào xào cà rốt thập cẩm  trước tiên bạn rửa sạch thịt thăn  vớt ra để ráo. Sau đó  xay nhỏ thịt và ướp với 1 muỗng dầu hào MAGGI để tăng vị đậm đà. | Su hào và cà rốt gọt vỏ  rửa sạch  bào sợi nhỏ hoặc thái bằng dao. Miến ngâm mềm  cắt khúc. Nấm hương  hành lá  rau mùi bỏ gốc  cắt nhỏ. Hành khô thái lát mỏng. | Phi thơm hành  xào nấm và thịt thăn rồi để riêng. Tiếp đến  xào su hào  cà rốt với hạt nêm MAGGI nấm hương  rồi cho miến và dầu hào MAGGI vào đảo đến khi chín. | Cho thịt  nấm vào chảo  thêm dầu hào MAGGI xào thêm 2 phút để thấm đều gia vị. Rắc hành lá  rau mùi  hạt tiêu. Su hào xào cà rốt thập cẩm thơm ngon đã sẵn sàng! | Trình bày ra dĩa và thưởng thức. Món su hào xào cà rốt thập cẩm thơm lừng  tốt cho sức khỏe và vóc dáng  thích hợp cho những ai yêu thích món ăn thanh đạm.,https://www.maggi.com.vn/cong-thuc/su-hao-xao-thap-cam
Hủ Tiếu Trộn Bò Kho,60 phút,3 người ăn,N/A,Hủ Tiếu Khô | Thịt Nạm Bò | Cà Rốt | Sốt Cà Chua | Tỏi Băm | Hành Tím Băm | 2 nhánh Sả Cây | 1 cái Hoa Hồi | 1 thanh Quế | 1 1/2 muỗng canh Đường Trắng | Dầu Ăn | Hành lá | Ngò gai | Rau giá | 1 muỗng cà phê Ngũ Vị Hương | 1 muỗng canh MAGGI Hạt Nêm Nấm Hương | Dầu hào Maggi,Bạn rửa thịt bò cho sạch rồi thái thịt thành từng khối vuông cạnh 2cm. Nấu nước sôi  chần sơ hủ tiếu trong vòng 1 phút thì vớt lên xả dưới vòi nước. Đối với cà rốt  bào hết vỏ  cắt khúc hình chữ nhật dài 2cm. Sả bỏ bớt lá  đập dập rồi băm nhuyễn. | Cho thịt bò đã thái vào tô cùng lần lượt các loại gia vị như 1 muỗng canh dầu hào MAGGI  hạt nêm MAGGI nấm hương  ngũ vị hương  10gr tỏi băm  1 muỗng canh đường cát. Bạn dùng đũa trộn đều  ướp thịt tối thiểu 30 phút để thịt thấm vị. | Bạn đổ dầu ăn vào nồi  đun nóng dầu thì cho lượng  tỏi băm còn lại cùng hành tím xay vào phi  lúc hành tỏi vàng thơm thì thêm thịt bò. Bạn xào thịt đến khi vừa săn thì cho sốt cà chua vào  đảo qua lại vài lần rồi tiếp tục thêm vào nước lọc sao cho sấp mặt thịt. | Bạn đun hỗn hợp cho thật sôi và vớt hết bọt rồi đó sẽ cho sả  hoa hồi cùng quế vào nồi. Vặn lửa nhỏ  bắt đầu hầm thịt trong vòng 30 phút để thịt chín mềm. Sau đó dùng đũa gắp hoa hồi và quế ra  nêm vào nồi ít dầu hào MAGGI và đường cát. Thử lại vị và nêm nếm để điều chỉnh cho hợp ý nhé! | Bạn cho cà rốt vào nồi  đun trong vòng 10 phút để cà rốt mềm và nước hầm sệt lại là có thể tắt bếp. Lúc này  bạn cho hủ tiếu vào tô  rưới lên nước sốt bò hầm nóng hổi  có thể thêm rau giá cùng ngò gai để kích thích vị giác hơn. Vậy là món Hủ Tiếu Trộn Bò Kho đã hoàn thành rồi.,https://www.maggi.com.vn/cong-thuc/hu-tieu-tron-bo-kho
Rau Củ Luộc Chấm Kho Quẹt,53 phút,2 người ăn,N/A,Mỡ Heo | Hành Tím | Tỏi Bằm | Thịt Ba Chỉ | Tôm Khô | Ớt Hiểm | 10 g Tiêu Sọ | 2 muỗng canh Đường Trắng | 6 muỗng canh MAGGI Nước Mắm,Rửa sạch thịt ba rọi với nước  dùng muối chà xát lên bề mặt thịt rồi xả lại  để ráo. Cắt thịt thành những lát mỏng vừa ăn. Mỡ heo rửa sạch  cắt hạt lựu. Bạn lột vỏ rồi cắt lát hành tím  băm tỏi thật nhuyễn. Các loại rau củ ăn kèm  bạn gọt vỏ  rửa sạch rồi để ráo nhé! | Bắc nồi đất lên bếp và bắt tay vào làm món kho quẹt thôi nào. Đầu tiên  bạn chiên phần mỡ heo đã cắt hạt lựu từ trước. Vặn lửa vừa và đảo đều tay đến khi tóp mỡ chuyển sang màu vàng nâu  nước mỡ ra khá nhiều thì vớt ra để ráo dầu. Lúc này bạn cho ớt hiểm vào chiên sơ rồi vớt ra ngay nhé! | Sử dụng phần mỡ còn lại trong nồi để phi thơm hành tím và tỏi băm. Khi hành tỏi đã dậy mùi thì bạn cho thịt ba chỉ vào xào tới khi săn lại. Nêm nếm nước mắm MAGGI và đường trắng  khuấy đều tay đến khi đường tan hẳn  nước mắm hơi sệt lại. | Cuối cùng  để hoàn thành món mắm kho quẹt  bạn thêm tiêu sọ đập dập cùng ớt hiểm đã chiên sơ vào nồi. Trong lúc chờ cho hỗn hợp kho quẹt sôi và sệt lại  bạn chuẩn bị luộc các loại rau củ ăn kèm. Khi rau củ đã chín tới  kho quẹt đã sệt lại là có mùi thơm thì tắt bếp và dọn ra. | Xếp rau củ ra dĩa lớn  múc phần kho quẹt ra dĩa nhỏ và thưởng thức hương vị vừa quen vừa lạ này thôi. Rau củ luộc chín mềm  chấm kho quẹt đậm đà  béo ngậy từ thịt ba rọi và tóp mỡ. Cách làm mắm kho quẹt đơn giản nhưng cực hao cơm đó nha!,https://www.maggi.com.vn/cong-thuc/rau-cu-luoc-cham-kho-quet
Cá Thu Sốt Ớt Đậu Taro,45 phút,4 người ăn,N/A,Cá Thu | 1/2 quả Ớt Chuông | Khoai môn | 1/2 củ Cà Rốt | 1/2 quả Dưa Leo | Đậu Lăng | 1 nhánh Gừng | 1 muỗng cà phê Tiêu Xay | 2 cây Hành Lá | Dầu Hào Maggi | Dầu ăn,Cá thu bỏ nội tạng  rửa sạch phần bụng cá. Ở hai bên sườn cá bạn để ý sẽ thấy một sợi gân màu trắng  đây là nguyên nhân làm cá có mùi tanh. Do đó khi sơ chế  bạn nhớ cắt sát phần mang cá để sợi gân lộ ra  nhớ loại bỏ phần này để cá bớt tanh khi chế biến nhé. Dùng muối hoặc nước vo gạo ngâm cá khoảng 10 phút rồi rửa sạch lại bằng nước  để ráo. Ướp cá thu với tiêu  muối  gừng băm  hành băm cho cá thấm gia vị và thơm hơn. | Cà rốt gọt vỏ  rửa sạch rồi tỉa hình hoa cho đẹp. Ớt chuông bỏ hạt  thái lát. Khoai môn rửa sạch  nấu qua nước sôi để khử phần nhựa khoai trước khi gọt vỏ  rửa sạch rồi cắt khoai thành hình quân cờ. Gừng gọt vỏ  thái sợi. Dưa leo rửa sạch  cắt chéo  hành lá cắt thành từng khúc khoảng 3cm. Đậu lăng rửa sạch  để ráo nước trước khi chế biến. | Làm nóng chảo trên bếp với dầu ăn  cho cá thu đã ướp thấm gia vị vào chiên cho đến khi cá vàng đều hai mặt thì vớt ra ngoài  để ráo dầu. | Cho cà rốt  ớt chuông  đậu với khoai môn vào chảo xào chín cùng dầu hào MAGGI. Đảo đều tay để dầu hào MAGGI thấm vào các nguyên liệu  dậy mùi thơm và vẻ ngoài bóng bẩy cho món ăn. Sau khi xào chín các loại rau củ  cho cá thu vào lại chảo  xóc đều. rồi tắt bếp. Món ăn đã hoàn thành rồi nè! | Bày cá thu sốt ớt đậu ra đĩa  trang trí thêm với dưa leo  rắc tiêu và dùng nóng. Cá thu chiên thơm  thịt cá mềm ngọt tự nhiên  đượm chút beo béo kết hợp cùng rau củ tươi  vị cay nồng nhè nhẹ của tiêu xay  càng ăn càng mê  bạn nhất định sẽ phải xiêu lòng trước món ngon này đấy!,https://www.maggi.com.vn/cong-thuc/ca-thu-sot-ot-dau-taro
Mì Xào Hải Sản,48 phút,4 người ăn,N/A,400 g Mì Trứng | Mực Ống | Tôm | 1/2 củ Cà Rốt | 1 củ Hành Tây | 10g hành lá | 5g tỏi | 5g ngò | 1 quả Cà Chua | Cần Tây | 1/2 muỗng cafe tiêu xay | 2 trái ớt | 1 muỗng canh dầu ăn | Dầu Hào Maggi,Bạn chuẩn bị nồi nước sôi có pha thêm 1 muỗng dầu ăn rồi trụng mì qua cho mềm và không bị dính  sau đó vớt ra xả qua với nước rồi để ráo. Làm sạch tôm  bỏ đầu  vỏ  chân và đuôi rồi dùng tăm tre nhẹ nhàng rút chỉ đen sau lưng tôm ra. Lột bỏ phần da bên ngoài mực  làm sạch ruột rồi cắt miếng vừa ăn. Ướp hải sản đã sơ chế với 1 muỗng canh dầu hào MAGGI cho dậy mùi thơm khi chế biến. | Cà rốt bào vỏ  rửa sạch rồi cắt sợi dài. Hành tây lột bỏ vỏ  rửa sạch rồi cắt miếng. Hành lá  ngò  cần tây cắt bỏ gốc  rửa cho sạch hết bùn đất rồi thành cắt khúc. Giã nhuyễn hành và tỏi để xào cho thơm. Cà chua rửa sạch  cắt miếng. | Làm nóng chảo với một ít dầu ăn. Cho nửa phần hành  tỏi băm vào phi vàng cho thơm rồi thêm hải sản vào xào cho đến khi bề mặt mực hơi săn lại và tôm ngả màu cam đẹp mắt. Trút ra dĩa để riêng. | Bạn dùng tiếp phần hành tỏi còn lại  cho vào chảo phi thơm  rồi thêm cần tây vào xào chín. Lần lượt trút hỗn hợp tôm mực vào cùng với hành tây  cà rốt thái sợi đảo đều trong 30 giây. Tiếp đến bạn cho mì vào xào chung  nêm nếm thêm lượng dầu hào MAGGI còn lại cho món ăn thêm thơm ngon chuẩn vị hơn. Nhanh tay cho hành lá vào đảo đều rồi tắt bếp. | Trình bày món mì xào hải sản ra đĩa  rắc thêm ít tiêu  ngò lên trên. Cà chua cắt miếng xếp lên trên  bạn có thể lấy ớt tươi tỉa hình hoa trang trí cho món ăn trông hấp dẫn hơn. Từng sợi mì dai dai hòa quyện với nước xào và hải sản đậm đà lạ miệng sẽ khiến cả nhà ngất ngây ngay từ lần đầu tiên thưởng thức.,https://www.maggi.com.vn/cong-thuc/mi-xao-hai-san
Cá Tầm Xào Thơm,57 phút,5 người ăn,N/A,Cá Tầm | 1 quả Thơm (Dứa) | 1 củ Hành Tây | 2 quả Cà Chua | 1 củ Cà Rốt | Dầu Ăn | 5 g Hành Ngò | Dầu Hào Maggi | 2 muỗng cà phê MAGGI Hạt Nêm Nấm Hương | Hành tím băm | Tỏi băm | Tiêu | Cà rốt,Cá tầm sau khi mua về bạn rửa qua với nước lạnh rồi chần cá trong nước nóng để làm trắng lớp nhớt bao quanh  dùng dao cạo sạch nhớt và rửa lại nhiều lần cho cá sạch hẳn. Để cá ráo sau đó cắt thành những miếng vừa ăn. Ướp cá tầm với hành băm  hạt nêm MAGGI nấm hương và tiêu khoảng 20 phút  lật cá để các gia vị phủ đều bạn nhé. | Cà chua rửa sạch  hành tây lột vỏ  rửa qua với nước. Cắt múi cà chua và hành tây. Thơm bạn rửa sạch rồi cắt miếng hình tam giác vừa ăn. Cà rốt gọt vỏ  rửa sạch rồi tỉa hoa  cắt tròn. Hành ngò cắt bỏ gốc  rửa sạch  cắt nhỏ. | Làm nóng dầu trên chảo sau đó cho tỏi vào phi thơm  đến khi tỏi đã vàng và dậy mùi  cho cá tầm vào xào chín rồi trút ra dĩa. Bạn cho thêm dầu ăn  tiếp tục cho cà rốt  cà chua  hành tây và thơm vào xào đều tay khoảng 5 phút cho mềm. Cho cá tầm vào xào tiếp  nêm thêm dầu hào MAGGI và đảo đều thêm khoảng 2 phút nữa rồi cho hành ngò cắt nhỏ vào  tắt bếp. | Bày món ăn ra dĩa  rắc thêm chút tiêu cho thơm và kích thích mùi vị hơn. Dùng nóng với cơm rất ngon. Cá tầm béo thịt  ngon ngọt phối ngẫu với thơm chua chua rất dậy vị và lạ miệng  ngon nói không nên lời.,https://www.maggi.com.vn/cong-thuc/ca-tam-xao-thom
Cá Cơm Xào Chua Ngọt,45 phút,2 người ăn,N/A,Cá Cơm Khô | 2 muỗng canh Nước Cốt Chanh | 1 nhánh Tỏi | 1 muỗng cà phê Vừng rang | 1/2 muỗng cà phê Đường Trắng | Dầu Ăn | Dầu Hào Maggi | 1 muỗng canh MAGGI Nước Mắm | Hành lá | Nước lọc,Cá cơm khô sau khi mua về bạn rửa qua với nước lạnh sau đó ngâm trong nước vo gạo cho mềm rồi vớt ra  để ráo. Chú ý rửa kĩ cá để loại bỏ bụi cát hay các chất bẩn bạn nhé. Bóc vỏ tỏi sau đó rửa sạch rồi đập nhuyễn. | Pha nước với nước mắm MAGGI  nước cốt chanh  tỏi đã băm nhuyễn  1 muỗng dầu hào MAGGI và đường. Khuấy cho gia vị tan đều  hòa quyện vào nhau thành một hỗn hợp màu nâu đẹp mắt  có mùi thơm. | Làm nóng chảo  bạn cho nhiều dầu ăn một chút rồi cho cá vào chiên cho cá cơm săn lại. Khi thấy cá đã vàng đều  chắt bỏ bớt phần dầu ăn trong chảo ra  đổ hỗn hợp sốt đã pha vào chảo cá. Đảo đều và đun ở lửa nhỏ cho nước cạn  quyện đều vào cá cơm. | Khi chảo cá đã gần cạn nước  cho phần dầu hào MAGGI còn lại vào  đảo đều đến khi cạn hẳn. Tắt bếp rồi trình bày ra dĩa  rắc chút vừng rang  hành lá cho thơm và đẹp mắt. Nếu ăn cay  bạn có thể cho thêm ớt tươi cho có vị thơm và the the cho món ăn. Cá cơm xào chua ngọt thơm giòn  đậm đà có vị chua ngọt rất bắt cơm  ăn cùng với cơm nóng thì không chê vào đâu được.,https://www.maggi.com.vn/cong-thuc/ca-com-xao-chua-ngot
Miến Dong Xào Lươn,52 phút,3 người ăn,N/A,Lươn | Miến Dong | Giá Đỗ | 2 củ Hành Khô | Hành Lá | 3 g Rau Răm Xắt Nhuyễn | 1 muỗng canh nước cốt chanh | 1 muỗng canh dầu ăn | 10g muối hạt | Dầu Hào Maggi | 1 muỗng canh MAGGI Nước Mắm,Lươn sau khi mua về  bạn dùng muối hạt xát lên bề mặt lươn cho đến khi sạch hẳn nhớt  xả qua với nước cho sạch rồi tiếp tục dùng nước cốt chanh bóp qua thịt lươn để khử mùi. Xả lại với nước lạnh rồi đem luộc chín  vớt ra chờ lươn nguội rồi gỡ lấy thịt để riêng. Tiếp theo  bạn băm nhỏ hành khô  phi thơm trên chảo đến khi vàng rồi cho thịt lươn vào xào với nước mắm MAGGI cho săn lại. | Ngâm miến dong trong nước cho nở rồi vớt ra  dùng kéo cắt miến dong ngắn lại cho vừa ăn. Hành và rau răm bạn nhặt lấy lá  rửa sạch rồi thái nhỏ. Bắt chảo lên bếp  xào miến với chút dầu ăn ở lửa vừa. Trong quá trình xào  thỉnh thoảng cho thêm nước để sợi miến không bị khô và ngấm đủ nước để nở căng nhưng vẫn giữ được độ dai  không bị bở mềm. Sau đó  cho giá đỗ vào xào cùng. | Khi giá xào đã có độ chín tái  cho lươn và rau răm thái nhỏ vào xào đều tay  nêm nếm món miến xào với dầu hào MAGGI cho thơm và có màu sắc đẹp mắt  hấp dẫn hơn. Đảo đều cho các nguyên liệu thấm dầu hào MAGGI rồi tắt bếp. Món ăn đã hoàn thành rồi! | Trình bày món ăn ra dĩa cho cả nhà cùng thưởng thức. Phần miến dong được xào mềm  vẫn còn chút dai dai xen lẫn chút đậm đà của dầu hào MAGGI óng ánh  thêm chút ngon ngọt của thịt lươn sẽ rất lạ miệng và thú vị cho bữa tối thay cơm đấy!,https://www.maggi.com.vn/cong-thuc/mien-dong-xao-luon
Lá Xách Xào Khế Chua,40 phút,2 người ăn,N/A,Lá Xách | 1 quả Khế | Hành Tây | 1 muỗng cà phê Ớt Sừng | 2 muỗng canh Rượu Trắng | Muối | 10g gừng | 10 g Hành Lá | 10g rau răm | 1 muỗng canh dầu ăn | 2 muỗng cà phê MAGGI Hạt Nêm Nấm Hương | 2 muỗng canh MAGGI Dầu Hào,Đầu tiên  bạn rửa lá xách với nước sau đó bóp muối để khử khuẩn và làm dịu đi mùi hôi. Bạn lưu ý bóp thật kĩ trong từng kẽ lá. Bóp muối khoảng 2 lần sau đó rửa lại với nước cho sạch rồi cho rượu vào bóp 5 phút sau đó cho cho gừng băm nhỏ vào. Gừng kết hợp với rượu sẽ làm hết mùi hôi của lá xách. Sau khi sơ chế xong  luộc chín lá xách trong 10 phút. | Khế rửa sạch  cắt bỏ phần viền nâu bên ngoài rồi cắt lát mỏng hình sao. Hành tây bỏ vỏ  cắt miếng. Hành lá  rau răm bỏ gốc  rửa sạch rồi cắt nhỏ. Khi lá xách đã chín  bạn vớt ra xả qua nước lạnh  để ráo rồi thái lát mỏng vừa ăn  ướp với hạt nêm MAGGI nấm hương cho vị đậm đà hơn. | Đun nóng một ít dầu ăn trên chảo  cho hành vào phi thơm đến khi ngả vàng thì thêm hành tây vào xào khoảng 1 phút rồi bỏ khế vào xào  bạn có thể thêm ớt sa tế nếu thích ăn cay  xào khoảng 3 phút cho các nguyên liệu chín tới. | Cuối cùng  cho lá xách vào xào nhanh tay trên lửa lớn để lá xách không bị dai  nêm nếm với dầu hào MAGGI  thêm chút hành lá  rau răm thái nhỏ và ớt lát là đã hoàn thành rồi. Bạn trình bày món xào ra đĩa  dùng nóng với cơm hay làm món ăn chơi cùng bạn bè và gia đình đều rất ngon. Lá xách dai giòn đậm đà  đượm chút chua từ khế lạ miệng  càng ăn lại càng thích đấy!,https://www.maggi.com.vn/cong-thuc/la-xach-xao-khe-chua
Chân Gà Rút Xương Xào Cần,27 phút,3 người ăn,N/A,Chân Gà Rút Xương | Hành Tây | Ớt | Cần Tây | Tỏi | Dầu Hào Maggi | Hạt Nêm Maggi Vị Gà | Tiêu xay | Dầu ăn | Bột canh,Bạn rửa các nguyên liệu thật sạch trước khi chế biến. Chuẩn bị một nồi nước sôi  chần sơ chân gà rồi vớt lên xả qua nước lạnh để tăng độ giòn. Bạn bỏ rễ  lá héo của cần tây  rửa sạch rồi cắt khúc cỡ 3cm. Hành tây lột vỏ và thái múi cau mỏng. Tỏi băm nhỏ. | Bạn đun nóng chảo dầu  phi thơm tỏi rồi cho cần tây  hành tây vào xào. Trút tiếp phần chân gà rút xương vào  thêm dầu hào MAGGI óng ánh cùng hạt nêm MAGGI 3 ngọt gà và bột canh. Xào đều tay cho chân gà chín đều và có độ bóng bắt mắt. | Trước khi tắt bếp  cho ớt thái lát vào chảo  đảo qua một lần rồi bày món Chân Gà Rút Xương Xào Cần ra dĩa  rắc lên trên một chút tiêu xay. Món ăn này thưởng thức vào ngày mưa là “hết sảy” luôn bạn nha.,https://www.maggi.com.vn/cong-thuc/chan-ga-rut-xuong-xao-chua-ngot
Thịt Ba Rọi Ram Nguyên Tảng,60 phút,5 người ăn,N/A,Thịt Ba Rọi | 2 muỗng canh Dầu Điều | Đường | Giấm Gạo | 5 cây Đầu Hành Lá | Hạt Nêm Maggi | Nước Tương Maggi | Tỏi | Gừng | Muối | Ớt xắt lát,Thịt ba rọi mua về bạn rửa sạch với nước và dùng một ít muối xát lên bề mặt thịt để khử bớt mùi. Dùng giấy hay khăn thấm khô nước rồi cho thịt ba rọi vào tô và ướp với nước tương MAGGI  1 muỗng cà phê hạt nêm MAGGI nấm hương  giấm gạo  trộn thật đều cho các mặt của thịt thấm gia vị và để khoảng 20 phút. | Gừng gọt vỏ  rửa sạch rồi cắt lát. Bóc vỏ tỏi  đập hơi dập. Đây là bí quyết giúp món ăn dậy mùi thơm ngon  tỏi không bị nhũn nát trong quá trình kho hay ram thịt  nàng nhớ nhé! | Làm nóng nồi nhỏ trên bếp  cho đường và dầu điều vào rồi khuấy đều tay cho đường tan ra và có màu nâu cánh gián đẹp mắt. Khi hỗn hợp sánh lại  bạn cho gừng  tỏi vào xào thơm rồi thêm thịt ba rọi vào nồi. Chiên sơ các mặt của miếng thịt khoảng 3 phút cho bề mặt thịt thật săn rồi đổ nước xăm xắp mặt thịt và đun sôi. | Khi nước trong nồi đã sôi  bạn hạ nhỏ lửa  nêm nếm thêm hạt nêm MAGGI nấm hương  đảo đều rồi đun liu riu trên lửa nhỏ cho đến khi thịt chín mềm. Cuối cùng  bạn cho đầu hành lá vào và tắt bếp. | Gắp Tảng thịt ba rọi ra dĩa  cắt thành những lát mỏng và dùng nóng. Thịt ram chín mềm còn nguyên vị ngọt béo  bên ngoài đậm đà  trổ màu nâu bóng đẹp mắt  ăn cùng cơm trắng với nước tương MAGGI  vài lát ớt cắt thì cực ngon và lạ miệng. Cách làm ba rọi ram nguyên tảng rất đơn giản  nàng có thể vào bếp khoe khéo tài nội trợ  chiêu đãi cả nhà đấy!,https://www.maggi.com.vn/cong-thuc/thit-ba-roi-ram-nguyen-tang
Sen Xào Tam Sắc,53 phút,10 người ăn,N/A,Củ Sen Tươi | Hạt Sen | Súp Lơ Xanh | Tôm càng | Thịt ba rọi 300g | 3 củ Hành Khô | 10 g Hành Lá | Dầu ăn 1 muỗng canh | Nước 3 muỗng canh | Muối 1 muỗng cafe | Tiêu xay 1/2 muỗng cafe | Dầu Hào Maggi | Hạt Nêm Maggi,Hạt sen bạn rửa sạch  có thể tách phần tim sen ra để không bị đắng khi ăn rồi luộc sơ qua. Củ sen gọt vỏ  rửa dưới vòi nước chảy để làm sạch bùn đất bên trong các lỗ  cắt lát và luộc chín. Cà rốt gọt vỏ  tỉa hình hoa. Bông cải cắt miếng vừa ăn  ngâm trong nước muối loãng khoảng 10 phút rồi rửa sạch. | Tôm rửa sạch sau đó luộc chín rồi bóc vỏ  bạn chừa lại phần đuôi tôm cho đẹp mắt. Thịt heo rửa qua với nước và muối để loại bỏ mùi sau đó cắt miếng vừa ăn  ướp với một ít hạt nêm MAGGI nấm hương khoảng 5 phút cho đậm đà hơn. Hành ngò rửa sạch  cắt khúc. Hành khô đập dập  băm nhỏ. | Đun sôi dầu ăn trong chảo  phi hành khô đến khi dậy mùi thơm và ngả vàng thì cho thịt heo vào đảo đều tay cho săn lại. Lần lượt cho cà rốt  bông cải vào xào  cuối cùng là hạt sen  củ sen và tôm đã luộc chín. Bạn đảo đều tay cho các nguyên liệu chín đều  có thể thêm một ít nước để món xào không bị khô  cháy nhé! | Nêm nếm hạt sen xào tôm thịt với dầu hào MAGGI và hạt nêm MAGGI nấm hương cho đậm đà và dậy vị hơn. Xốc chảo thêm vài lần cho rau củ thấm dầu hào MAGGI  có độ óng ánh đẹp mắt rồi tắt bếp. Món ăn dinh dưỡng đã hoàn thành rồi đấy. Cách làm sen xào tôm thịt không hề khó chút nào đúng không chị em? | Trình bày món ăn ra dĩa  rắc thêm chút tiêu xay và thưởng thức thôi. Hạt sen bùi mềm  củ sen giòn ăn cùng tôm thịt ngọt dai  bông cải  cà rốt tươi vừa miệng  thơm lừng dầu hào MAGGI rất ngon mà còn tốt cho sức khỏe  nàng có thể thỏa sức trổ tài chăm lo cho cả nhà nhé!,https://www.maggi.com.vn/cong-thuc/sen-xao-tam-sac
Sườn Non Rim Mắm Tỏi,55 phút,2 người ăn,N/A,Sườn non | Tỏi | Dầu Ăn | Đường trắng | Tiêu | 3 muỗng canh MAGGI Nước Mắm | Nước | Muối,Đầu tiên  bạn chặt sườn non thành miếng vừa ăn  tốt nhất là độ dài miếng sườn vào khoảng 4cm đến 5cm  rửa sạch với nước. Để món ăn chất lượng hơn  bạn chuẩn bị thêm nồi nước sôi với một chút muối rồi đem sườn chần qua để loại bỏ hết chất bẩn. Vớt sườn ra và rửa sạch lại với nước lạnh  để ráo. Bóc vỏ  băm nhuyễn 2/3 số tỏi  phần còn lại cắt lát mỏng. | Làm nóng dầu ăn trong chảo  cho tỏi băm vào chảo phi vàng rồi vớt ra để riêng. Giữ nguyên chảo trên bếp sau đó cho tỏi cắt lát vào phi đến khi ngả vàng và dậy mùi thơm thì thêm vào nước mắm MAGGI  nước lọc  đường trắng và tiêu xay. Khuấy đều tay cho đường tan hết  hỗn hợp nước mắm hòa quyện với nhau  dậy mùi thơm hấp dẫn. | Khi phần nước sốt sôi lên thì bạn cho sườn vào rim trên lửa nhỏ khoảng 20 phút. Đừng quên trở mặt thường xuyên để nước sốt áo vào những miếng sườn thêm phần đậm đà hơn. Rim sườn non đến khi nước sốt keo lại  sườn chín mềm  có màu cánh gián và óng ánh đẹp mắt thì tắt bếp. Cách làm sườn non rim mắm tỏi thật đơn giản phải không các nàng? | Dọn sườn non rim ra dĩa  rắc lên trên tỏi phi vàng rồi mời cả nhà cùng thưởng thức. Những miếng sườn thơm nức lòng  áo thêm một lớp nước sốt đậm đà  ăn với cơm trắng là miễn chê. Món quen vị lạ này rất hao cơm và ngon miệng  nàng không thể bỏ qua đâu đấy!,https://www.maggi.com.vn/cong-thuc/suon-non-rim-mam-toi
Hàu Nướng Phô Mai Dầu Hào,30 phút,6 người ăn,N/A,2 kilôgam Hàu | 120 g Phô Mai | 1 muỗng canh MAGGI Dầu Hào | Rượu trắng | Đường | Nước cốt chanh | Ớt xắt lát | Nước mắm MAGGI,Hàu sau khi mua về  bạn ngâm với nước khoảng 2 - 3 tiếng để lớp bùn đất bên ngoài mềm ra  giúp công đoạn sơ chế hàu được dễ dàng hơn. Dùng bàn chải chà rửa sạch từ phần vỏ đến miệng hàu  sau đó chần với nước nóng trong 2 phút cho dễ tách vỏ  rửa sơ qua rượu trắng khử mùi tanh rồi để ráo. | Dùng cọ phết lên thịt hàu một lớp mỏng dầu hào MAGGI rồi đặt một miếng phô mai lên mặt hàu. Bạn lặp lại thao tác này đến khi hết số lượng hàu nhé! | Bạn mở nồi chiên không dầu cho nóng khoảng 5 phút để nhiệt lượng phân bổ đều  sau đó xếp từng con hàu vào bên trong  đậy nắp lại chiên ở mức 200 độ với thời gian 5 phút. Cách để nướng hàu ngon đó là chỉ nướng đến khi hàu vừa chín tới để giữ độ ngọt và mọng nước  tránh cho hàu bị khô. | Khi hàu đã chín  bạn dọn món ăn ra dĩa và thưởng thức ngay khi còn nóng. Hàu nướng phô mai ăn kèm với một ít nước mắm đường chua cay hay ăn không đều rất ngon. Phô mai và thịt hàu béo thơm ngậy  nức lòng người thưởng thức.,https://www.maggi.com.vn/cong-thuc/hau-nuong-pho-mai-dau-hao
Sốt Chấm Gỏi Cuốn,15 phút,2 người ăn,N/A,4 muỗng canh MAGGI Nước Tương | 1 muỗng canh Tương ớt | 2 muỗng canh Nước Cốt Dừa | 1 muỗng cà phê Bơ đậu phộng | 1 muỗng cà phê Đường Trắng | 1 muỗng canh Dầu Hành Tỏi Phi | 1 muỗng canh Nước Cốt Me,Bạn cho vào 1 chén nhỏ lần lượt các loại gia vị gồm nước tương MAGGI  tương ớt  nước cốt dừa  nước cốt me  dầu hành tỏi phi  bơ đậu phộng và đường cát. Khuấy đều hỗn hợp cho hòa tan là có ngay 1 chén sốt chấm hảo hạng. | Bày chén sốt chấm cùng những cuốn gỏi đã chuẩn bị sẵn  chấm gỏi cuốn ngập sốt và từ từ cảm nhận mùi sốt thơm dịu đang lan tỏa trong vị béo của nước cốt và bơ đậu phộng thêm chút chua nhẹ của me  cay cay của tương ớt. Vị ngon đúng “đỉnh” đó bạn nha!,https://www.maggi.com.vn/cong-thuc/sot-cham-goi-cuon
Bánh Tráng Nướng Chảo,30 phút,4 người ăn,N/A,Bánh tráng | Thịt heo xay | Xúc xích | Trứng gà | Pate gan | Phô mai | Hành lá | Tép khô | Hành phi | Ớt sa tế | Tiêu xay | Dầu ăn | Hạt nêm MAGGI nấm hương | Tương ớt MAGGI,Đầu tiên  bạn làm nóng một cái chảo nhỏ với dầu ăn rồi cho thịt heo xay vào đảo đều  nêm nếm với hạt nêm MAGGI nấm hương và tiêu xay cho đậm đà. Bạn đảo khoảng 5 phút cho thịt vừa chín tới  săn lại thì múc ra để riêng. | Bắc một chiếc chảo khô lên bếp  chờ đến khi chảo đã nóng già thì cho bánh tráng vào nướng. Khi bạn thấy phần rìa bánh hơi cong lên thì cho ớt sa tế vào  dùng mặt dưới muỗng tán đều. Tiếp tục cho lên trên bề mặt bánh tráng ít hành lá  1 muỗng canh thịt heo xào  đập 1 quả trứng gà lên trên  di chuyển muỗng nhẹ nhàng để các nguyên liệu dàn đều  trứng gà không bị tràn khỏi mặt bánh. | Chờ đến khi trứng gà chín và hơi khô lại  bạn cho tiếp pate gan  1 viên phô mai  tán nhuyễn đều khắp mặt. Sau đó lần lượt rải đều lên bề mặt bánh tép khô  hành phi  xúc xích cắt xéo cho đẹp mắt. | Để món ăn thêm thơm ngon và đậm vị  bạn cho xốt mayonnaise và tương ớt MAGGI lên trên theo đường ziczac  phủ khắp mặt bánh tráng nướng. | Nhẹ nhàng dùng muỗng lớn gập bánh lại. Áp chảo giòn đều cả hai mặt bánh rồi thưởng thức. Bạn nướng đến khi hết bánh tráng và nguyên liệu  nhưng món mới thời thượng này tốt nhất là làm đến đâu ăn đến đó để cảm nhận được vị giòn rụm của bánh kèm với vị béo  mặn ngọt hài hòa từ các nguyên liệu bạn nhé! Đừng quên ăn kèm với tương ớt MAGGI cay mát  đảm bảo món nhà làm ngon như nhà hàng luôn đó nha!,https://www.maggi.com.vn/cong-thuc/banh-trang-nuong-chao
Gỏi Tôm Thịt,80 phút,2 người ăn,N/A,100 g Tôm | 200 g Củ Hũ Dừa | 100 g Cà Rốt | 20 g Rau Răm | 10 g Hành Phi Giòn | 10 g Đậu Phộng Rang | 5 g Ngò Gai | 10 g Ớt Bằm | 80 g Đường Trắng | 2 muỗng canh Nước cốt chanh | 4 muỗng canh MAGGI Nước Mắm | Tỏi băm | Muối | 100g Thịt lợn  tươi  nhiều loại thịt và phụ phẩm  gan  nấu chín  om,Đầu tiên  bạn gọt vỏ cà rốt và dưa leo  rửa sạch rồi thái thành lát mỏng vừa ăn. Độ dài khoảng 7cm là vừa đẹp. Với dưa leo  nhớ loại bỏ phần ruột bên trong để món gỏi không bị ướt và dưa được ngon  giòn hơn. Củ hủ dừa bạn nên nạo sạch lớp vỏ ngoài  rửa sạch với nước rồi thái thành những lát mỏng vừa ăn. Ngâm phần củ hũ dừa đã thái trong nước đá lạnh có hòa cùng nước cốt chanh tươi để giữ độ trắng  giòn khi thưởng thức. | Rửa thịt ba chỉ và tôm với nước và một ít muối  sau đó bắc lên bếp luộc chín thịt với nước lạnh. Lưu ý là bạn phải để phần thịt luộc ngập trong nước  như vậy thịt sẽ chín từ từ và không bị thâm. Sau khi thịt đã chín  ngâm thịt vào tô nước lạnh để giữ độ trắng. Tiếp tục luộc tôm với nước thịt vừa dùng  bạn chỉ nên luộc khoảng 3 phút để tôm vừa chín tới  có màu đỏ đẹp mắt. Đừng luộc tôm quá lâu sẽ làm tôm bị khô và mất vị ngon ngọt tự nhiên. Ngâm tôm vào nước lạnh để tôm giòn dai  dễ bóc vỏ. | Khi tôm và thịt đã nguội  vớt ra để ráo nước một chút. Bạn thái thịt ba chỉ thành những miếng mỏng vừa ăn. Không nên cắt quá dày sẽ làm thịt khó thấm gia vị trộn gỏi. Với tôm  bạn bóc vỏ và giữ lại phần đuôi cho đẹp mắt. | Nước mắm trộn gỏi chính là yếu tố quyết định và là linh hồn của các món gỏi. Bắt tay vào làm thôi! Bắc nồi hoặc chảo lên bếp  cho nước mắm MAGGI vào với 4 muỗng canh nước lọc  đường trắng rồi đun sôi liu riu. Trộn đều tay để đường tan hết và hỗn hợp nước mắm keo sệt lại thì tắt bếp  để nguội. Khi nước mắm đã nguội hẳn  bạn thêm tỏi băm  ớt băm và nước cốt chanh vào  khuấy đều cho hòa quyện. Hỗn hợp nước mắm sánh kẹo và thơm  ngọt  mặn chua chua vừa miệng là chuẩn vị. | Để ráo hẳn củ hũ dừa  dưa leo và cà rốt trước khi tiến hành trộn gỏi bạn nhé. Nếu phần nguyên liệu chưa ráo thì khi trộn gỏi tôm thịt sẽ bị ướt và kém giòn. Cho củ hũ dừa  dưa leo  cà rốt và tôm thịt vào chung một tô  rưới nước mắm lên trên rồi trộn đều tất cả cho thấm. Nên trộn thật nhẹ tay để tránh cho rau củ bị nát và làm món gỏi chảy nước  kém ngon. | Cuối cùng  bạn thêm rau răm cắt nhỏ  ngò gai  đậu phộng rang và hành phi giòn  trộn đều một lần nữa là đã có thể bày ra đĩa thưởng thức rồi. Món gỏi tôm thịt củ hũ dừa giòn giòn lạ miệng  chua ngọt hài hòa kết hợp với tôm thịt  đậu phộng rang béo bùi sẽ khiến bạn ăn mãi không ngừng. Món gỏi rất hợp ăn cùng bánh phồng tôm chiên  cả nhà sẽ gật gù khi thưởng thức đấy!,https://www.maggi.com.vn/cong-thuc/goi-tom-thit
Bồ Câu Xào Lăn,45 phút,3 người ăn,N/A,500 g Bồ Câu | 1 quả Ớt Trái | 5 g Tỏi | 100 g Lạc Rang | 1/2 muỗng cà phê Đường | 1 gói Bột Cà Ri | 1 gói Phồng Tôm | 1/2 muỗng canh MAGGI Nước Mắm | 1 muỗng canh MAGGI Dầu Hào | Sả cây | Tiêu,Bồ câu làm sạch lông và ruột  rửa sạch với nước  để ráo rồi sau đó băm nhuyễn. Sả cây bóc bỏ phần vỏ già bên ngoài  rửa sạch sau đó băm nhuyễn với hành và tỏi. Rang chín đậu phộng rồi để nguội cho lớp vỏ dễ bóc hơn. Giã nhỏ đậu phộng chứ đừng giã nát bạn nhé. Bánh phồng tôm chiên rồi vớt ra cho ráo dầu. | Làm nóng chảo rồi đun cho dầu sôi  bạn kiểm tra thấy đầu đũa gỗ khi nhúng vào dầu có bong bóng nhỏ sủi lên thì cho hành  tỏi  sả băm nhuyễn vào xào cho thơm. Tiếp đến bạn cho thịt bồ câu bằm nhuyễn vào xào  thêm bột cà ri để món ăn thơm ngon đúng điệu. | Đảo đều cho bột cà ri hòa quyện cùng thịt  nêm thêm dầu hào MAGGI  nước mắm MAGGI  tiêu  đường và điều chỉnh sao cho phù hợp với khẩu vị của bạn. | Khi thịt đã chín tới  cho đậu phộng rang giã nhỏ vào rồi bày món ăn ra đĩa. Rắc rau ngổ và ớt trái đã rửa sạch thái nhỏ lên mặt món ăn cho thơm và đượm vị cay nồng. Bồ câu xào lăn ăn kèm bánh phồng chiên hay bánh tráng nướng đều rất ngon. Thịt chim ra ràng mềm béo  thơm lừng mùi hành  sả và cà ri  bùi bùi của đậu phộng  vừa ngon vừa dinh dưỡng.,https://www.maggi.com.vn/cong-thuc/bo-cau-xao-lan
Tôm Bằm Xúc Bánh Tráng,35 phút,4 người ăn,N/A,600 g Tôm Sú | 10 g Sả Băm | 1/4 muỗng cà phê Ớt Bột | 10 g Tiêu Xanh | 5 g Ngò Rí | 1 quả Ớt Sừng | 1 quả Cà Rốt | 1 muỗng cà phê Đường Trắng | 1 muỗng canh Đậu Phộng Rang | 1 muỗng canh Dầu Hành Tỏi Phi | 1 muỗng canh MAGGI Nước Mắm | 2 muỗng canh Tương ớt | 1 muỗng cà phê MAGGI Dầu Hào | Bánh tráng | Nước cốt chanh | Hạt nêm MAGGI nấm hương,Bạn lột bỏ vỏ và đầu tôm  dùng tăm tre nhẹ nhàng rút phần chỉ đen ở lưng  lau khô rồi cắt hạt lựu nhỏ. Rau ngò rí rửa sạch  cắt nhỏ. Bánh tráng dùng kéo cắt miếng hình tam giác vừa ăn  nướng bánh tráng trên than hồng đến khi chín giòn  có màu vàng ươm đẹp mắt. Tiêu xanh bỏ cuống  rửa sạch hạt rồi băm hoặc giã nhuyễn. Ớt sừng cắt lát mỏng  đậu phộng rang xát vỏ  giã nhỏ. | Ướp tôm với các gia vị gồm nước mắm MAGGI  hạt nêm MAGGI nấm hương  dầu hào MAGGI  bột ớt  sả băm. Trộn đều và để khoảng 5 phút cho tôm thấm gia vị đậm đà hơn. | Làm nóng chảo dầu tỏi  cho tôm đã ướp vào xào cho săn lại. Khi tôm vừa chín tới  chuyển sang màu đỏ hồng thì bạn cho đậu phộng  tiêu và ngò gai vào xào đều rồi tắt lửa. Bạn xào tôm nhanh trên lửa vừa  không nên xào quá lâu để tránh tôm bị khô lại nhé! | Món tôm bằm xào ngon khi ăn cùng nước chấm. Bạn pha nước chấm gồm tương ớt  nước cốt chanh và vài lát ớt sừng. Khuấy đều cho nước chấm tan  có vị chua ngọt  cay nhẹ là được. | Xếp bánh tráng nướng ra dĩa  cho tôm bằm xào lên trên  trang trí thêm ớt sừng cắt lát và ngò rí là sẵn sàng thưởng thức rồi đấy. Tôm sú giòn ngọt  được xào chín tới vẫn còn cảm giác mọng nước trong miệng khi ăn. Bánh tráng nướng giòn tan  ăn cùng tôm bằm thời thượng và mới lạ sẽ khiến mọi người trầm trồ đó nha!,https://www.maggi.com.vn/cong-thuc/tom-bam-xuc-banh-trang
Ngan Nướng Sả Riềng Mẻ,57 phút,,N/A,50 g Dầu Hào MAGGI | 30 g Nước tương MAGGI Đậm Đặc | 10 g Hạt nêm MAGGI | 15 g Đường cát | 2 kilôgam Thịt ngan nguyên con làm sạch | 60 g Dầu Ăn | 20 g Riềng băm | 20 g Sả Băm | 30 g Hành tím băm | 20 g Tỏi băm | 30 g Cơm mẻ | 10 g Mắm tôm,Để sơ chế “nhân vật chính” của món ăn hôm nay  đầu tiên  bạn chặt thịt ngan thanh miếng vừa ăn  nếu có thời gian bạn có thể lóc phi lê thịt ngan để tránh xương nhé! Tiếp theo  bạn hãy dùng muối hoặc chanh chà xát khắp thân ngan và nhớ dùng tay bóp kỹ để các chất nhờn  chất bẩn  mùi hôi trong lỗ chân lông ngan tiết ra ngoài. Cuối cùng  bạn đem ngan rửa lại với nước cho thật sạch rồi vớt ra để ráo. | Muốn làm nên hương vị đặc trưng của món Ngan Nướng Sả Riềng Mẻ  bạn cho hết tất cả riềng  sả  hành  tỏi  nước cơm mẻ vào máy xay  xay nhuyễn thành hỗn hợp nhỏ. | Bí quyết ướp thịt để giữ được hương vị đặc trưng Hà Nội cho món Ngan Nướng Sả Riềng Mẻ  mà vẫn tạo được sự khác biệt của riêng bạn là đây. Cho thịt ngan vào một bát (tô) lớn  sau đó thêm vào các nguyên liệu gồm: dầu hào MAGGI  nước tương MAGGI đậm đặc  hạt nêm MAGGI  đường  mắm tôm  dầu ăn và hỗn hợp vừa xay nhuyễn. Bạn nhớ trộn đều tay và ướp tầm 10 phút cho thịt ngan ngấm gia vị  rồi xiên thành các xâu thịt bằng nhau hoặc kẹp thịt vào vỉ nướng nhé! | Trước khi nướng thịt  bạn hãy khởi động lò nướng khoảng 15 phút cho nóng lò. Sau đó  cho thịt ngan vào lò và bắt đầu nướng trong khoảng 15 - 20 phút. Trong lúc nướng nhớ thăm chừng và đảo mặt thịt nướng đều 2 mặt. Lưu ý  không nên nướng thịt ngan quá lâu vì như thế sẽ làm thịt ngan cháy hoặc bị nhão. | Thịt sau khi đã nướng chín  bạn lấy ra cho vào dĩa  trang trí cùng ít rau ngò cho đẹp mắt. Vậy là món Ngan Nướng Sả Riềng Mẻ thơm lừng  đậm vị với công thức khác biệt từ MAGGI đã hoàn thành rồi. Và đừng quên chuẩn bị thêm chén cơm nóng để ăn cùng là hết sảy đấy nhé!,https://www.maggi.com.vn/cong-thuc/ngan-nuong-sa-rieng-me
Miến Lươn Trộn,60 phút,,N/A,400 g Lươn con to | 200 g Miến | 15 g Muối | 60 g Bột Chiên Giòn | 10 g Gừng tươi | 5 g Rau thơm | 5 g Đậu Phộng Rang | 2 g Hành phi | 20 g Dưa giá cà rốt chua ngọt | 30 g Nước nóng | 30 g Giấm Gạo | 15 g Dầu Hào MAGGI | 13 g Hạt nêm MAGGI | 30 g Nước tương MAGGI | 60 g Đường cát | 1 gam Ớt Bột | 2 g Tiêu Sọ,Lươn sau khi mua về  bạn cho muối vào xóc đều để lươn tự quẫy nhả nhớt. Tiếp theo  bạn dùng nước nóng 50-70°C dội xả 1 lượt nữa cho lươn sạch hết nhớt  rồi rửa lại bằng nước lạnh nhiều lần. Sau khi lươn đã sạch  bạn tiến hành phi lê lươn  để riêng phần xương với phần thịt. Với thịt  bạn tiếp tục cắt sợi vừa ăn. | Ăn Miến Lươn Trộn thì không thể nào thiếu phần nước súp ngọt thanh ăn kèm. Để chế biến  bạn cho phần xương lươn vừa lóc ở trên  hầm với gừng cắt lát trong lửa nhỏ tầm 15 phút. Sau đó  vớt xương ra và nêm 10gr hạt nêm MAGGI cho 500ml nước dùng. | Phần thịt lươn đã cắt sợi bạn cho vào tô  nêm thêm lượng hạt nêm MAGGI còn lại  10gr dầu hào và tiêu  rồi dùng muỗng trộn đều cho gia vị thấm vào thịt. Tiếp theo  cho tiếp bột chiên giòn vào tô lươn  trộn đều lần nữa để từng miếng thịt lươn được lớp áo bột mỏng bên ngoài. Để hoàn thành phần thịt lươn giòn tan  đậm đà ăn cùng miến  bạn đun nóng chảo dầu  cho lươn vào chiên đến khi vàng giòn  vớt lươn ra để ráo dầu là được nhé! | Muốn món Miến Lươn Trộn vừa giữ được nét đặc trưng của món ăn Bắc Trung Bộ  mà vẫn tạo được sự khác biệt tích cực thì phải lưu ngay công thức nước sốt trộn đặc biệt này nhé  bạn ơi! Cho tất cả nguyên liệu gồm: Nước nóng  dấm gạo  dầu hào MAGGI  nước tương MAGGI  đường cát  ớt bột  tiêu sọ vào chén (bát) khuấy đều tay đền khi tan  hòa quyện hết vào nhau. | Vậy là món Miến Lươn Trộn sắp “ra lò” rồi  chỉ còn thiếu mỗi phần miến thôi. Bạn nhanh tay cho nước vào nồi  đun sôi và thêm vào 1 muỗng canh dầu ăn. Tiếp đến  bạn cho miến vào nồi trụng khoảng 3 phút  vớt ra để ráo. Mách bạn mẹo nhỏ để món miến trộn không bị dính nhau là thêm 1 ít nước dùng vào miến sau khi trụng và nhớ trộn đều với nhau nhé! | Đây  món Miến Lươn Trộn bắt miệng đã sẵn sàng phục vụ cả nhà bạn rồi đây. Hãy xếp miến vừa được chế biến vào tô  thêm lươn chiên giòn  rau thơm  dưa giá cà rốt chua ngọt  đậu phộng rang  hành phi và chan nước sốt công thức “bí truyền” từ MAGGI vào là đảm bảo cả nhà phải trầm trồ về tài nấu nướng của bạn đấy. Và đừng quên thêm 1 chén nước súp thanh nhẹ được hầm lúc nãy để ăn cùng nữa nhé!,https://www.maggi.com.vn/cong-thuc/mien-luon-tron
Cua Rang Sốt Tía Tô,28 phút,,N/A,500 g Cua sống | 5 g Rượu hoa hồi | 20 g Đường | 5 g Dầu Mè | 10 g Nước gia vị cô đặc MAGGI | 15 g Dầu Hào MAGGI | 48 g Sốt tương ngọt (hoisin) | 15 g Chao đỏ | 135 g Chao trắng loại | 1.5 g Bột cam thảo | 10 g Ngũ Vị Hương | 30 g Hành tím | 30 g Tỏi băm | 30 g Gừng | 10 g Lá tía tô,Cua sống mua về bạn chà và rửa sạch với nước  rồi chặt mỗi con thành 4 phần đều nhau. Với tía tô  bạn lặt lấy lá  rửa với nước sạch  vớt ra để ráo nước  su đó cắt thành sợi mỏng. | Để chế biến phần nước sốt vừa giữ được hương vị đặc trưng vùng Đông Bắc  vừa tạo được sự khác biệt cho món Cua Rang Sốt Tía Tô bạn hãy ghi chú ngay lại công thức sau! Bắc chảo lên bếp  cho vào 1 ít dầu ăn  đợi dầu nóng nhanh tay bỏ vào 1/2 hành  tỏi  gừng xào cho thơm. Tiếp theo  cho hết các gia vị còn lại gồm: rượu hoa hồi  đường  dầu mè  nước gia vị MAGGI  dầu hào MAGGI  sốt tương ngọt (hoisin)  chao đỏ  chao trắng  bột cam thảo  ngũ vị hương vào đảo đều tay để hỗn hợp hòa quyện vào nhau. Lúc này  bạn có thể gia giảm phần gia vị sao cho vừa ăn  rồi tắt bếp cho ra bát (chén) nhé! | Sau khi đã chuẩn bị xong phần nước sốt xào  bạn bắt lên bếp 1 chảo khác  đổ ngập dầu  chờ dầu nóng thì thả từ từ phần cua đã sơ chế lúc nãy nào chiên với lửa lớn. Cua chiên đã chín và thơm lừng thì bạn nhanh tay vớt cua ra để ráo nhé! | Đến phần chế biến quan trọng nhất của món Cua Rang Sốt Tía Tô đây. Bạn hãy tiếp tục bắt chảo dầu lên bếp  phi thơm 1/2 hành  tỏi  gừng còn lại  rôi cho cua và nước sốt chế biến phía trên vào vừa đủ. Ở bước này  bạn nhớ đảo đều tay để cua thấm đều phần nước sốt “bí truyền”. Sau đó  cho lá tía tô vào xào sơ lại  nêm nếm lần nữa để vừa ăn là bạn có thể tắt bếp rồi đấy. | Để món ăn thêm phần hấp dẫn  bạn xếp cua ra dĩa  rưới nước sốt đều xung quanh và trang trí thêm với là tía tô. Bạn có thể ăn món Cua Rang Sốt Tía Tô với cơm và nhớ thưởng thức ngay khi còn nóng để cảm nhận trọn vị tươi  ngọt  săn chắc của thịt cua hòa quyện nước sốt sánh đặc  đậm đà và hương thơm nhẹ từ lá tía tô nhé!,https://www.maggi.com.vn/cong-thuc/cua-rang-sot-tia-to
Sườn Kho Nước Tương Quả Vả,40 phút,,N/A,4 muỗng canh Nước tương MAGGI | 1 Muỗng cà phê Dầu Hào MAGGI | 500 g Sườn non heo | 1 muỗng canh Tỏi băm | 1 muỗng canh Sả băm | 2 muỗng canh Dầu Ăn | 2 muỗng canh Đường | 1 gam Tiêu xay | 1 gam Tiêu xay | 500 ml Nước lọc | 200 g Quả vả,Sườn non mua về bạn chặt thành miếng vừa ăn. Tiếp theo  rửa qua nước muối rồi rửa lại lần nữa bằng nước sạch  vớt ra rổ cho ráo nước hẳn. Trái vả gọt vỏ  rửa sạch  cắt thành làm 4  nếu quả lớn bạn có thể cắt làm 8 nhé! | Để pha phần nước gia vị cho món kho ngon đúng vị mà vẫn khác biệt  MAGGI bật mí công thức sau đây. Bạn cho tất cả nguyên liệu gồm: nước tương MAGGI  dầu hào MAGGI  1 muỗng canh đường  tiêu xay và nước lọc vào chén  rồi dùng muỗng khuấy đều để các gia vị hòa quyện đều vào nhau. | Món Sườn Kho Nước Tương Quả Vả sẽ là thiếu sót nếu thiếu màu nâu sậm óng ánh từ nước màu. Bạn bắc chảo nhỏ lên bếp cho nóng  rồi cho vào 1 muỗng đường  khuấy đều tay đến khi đường chuyển thành màu nâu cánh gián thì cho ngay 1 ít nước lọc vào. | Bước quan trọng làm nên Sườn Kho Nước Tương Quả Vả đậm đà  lạ miệng đây. Bạn đun nóng dầu ăn trong chảo  sau đó thêm sả băm  tỏi băm vào phi thơm cùng với sườn. Tiếp theo  cho nước màu và chén gia vị bên trên vào mở lửa lớn  vớt bọt bỏ  rồi vặn nhỏ lửa nấu đến khi nước kho còn 1/2 thì cho quả vả vào kho tiếp đến khi thịt chín và phần nước kho sệt lại thì tắt bếp. | Cho Sườn Kho Nước Tương Quả Vả ra dĩa  rắc thêm một ít tiêu lên trên cho dậy mùi. Món này hãy ăn khi còn nóng và dùng với cơm trắng  có thêm chén nước tương MAGGI chấm cùng thì tuyệt vời luôn nhé.,https://www.maggi.com.vn/cong-thuc/suon-kho-nuoc-tuong-qua-va
Thịt đà điểu làm món gì ngon? Công thức đà điểu xào sả lá chanh,30 phút,3 người ăn,N/A,Thịt Đà Điểu | Hành Tây | Sả Cây | Dầu Ăn | Tỏi Băm | Ớt Băm | Tiêu | Dầu Hào Maggi | Hạt Nêm Maggi | Nước Mắm Maggi | 6 lá Lá chanh,Bạn rửa thịt đà điểu rồi cắt lát mỏng vừa. Lưu ý  để cắt thịt dễ hơn  hãy làm lạnh thịt trước khi cắt. Tiếp đó  cần ướp thịt đà điểu với 1 muỗng canh dầu hào MAGGI  hạt nêm MAGGI nấm hương  nước mắm MAGGI  1/2 muỗng tỏi băm  cùng 1 muỗng cà phê sả và ớt đã băm nhỏ  thêm chút tiêu. Trộn đều và ướp trong 15 phút. Đối với hành tây  bạn lột vỏ  rửa sạch rồi thái múi cau. Riêng lá chanh sau khi rửa nước sẽ thái sợi chỉ nhuyễn. | Đổ dầu vào chảo  đun sôi thì phi thơm phần tỏi băm cùng sả băm còn lại. Tiếp đến sẽ cho thịt đà điểu vào  xào liên tục trong khoảng 3 phút thì nêm thêm phần dầu hào MAGGI còn lại  đảo đều  thử vị thấy vừa thì thêm hành tây vào  xào hành cho vừa chín tới. | Bạn cho lá chanh vừa thái vào chảo  đảo qua một lần là có thể tắt bếp. Cho món ăn ra dĩa  trang trí thêm ớt thái lát lên trên bề mặt. Món ngon dùng kèm với cơm nóng và có thể chấm cùng nước tương MAGGI. Thịt đà điểu đậm vị hài hòa cùng lá chanh thơm nồng  sẽ làm hài lòng đến cả những vị khách khó tính nhất.,https://www.maggi.com.vn/cong-thuc/thit-da-dieu-xao-ot-sa-la-chanh
Su hào xào cà rốt thập cẩm,42 phút,2 người ăn,N/A,Dầu hào Maggi | 1 muỗng cà phê MAGGI Hạt Nêm Nấm Hương | Thịt thăn xay | 1 củ Su Hào | 1/2 củ Cà Rốt | Miến | Hành lá | Hành khô | Tiêu xay | Dầu ăn | 10 g Rau mùi,Để làm món su hào xào cà rốt thập cẩm  trước tiên bạn rửa sạch thịt thăn  vớt ra để ráo. Sau đó  xay nhỏ thịt và ướp với 1 muỗng dầu hào MAGGI để tăng vị đậm đà. | Su hào và cà rốt gọt vỏ  rửa sạch  bào sợi nhỏ hoặc thái bằng dao. Miến ngâm mềm  cắt khúc. Nấm hương  hành lá  rau mùi bỏ gốc  cắt nhỏ. Hành khô thái lát mỏng. | Phi thơm hành  xào nấm và thịt thăn rồi để riêng. Tiếp đến  xào su hào  cà rốt với hạt nêm MAGGI nấm hương  rồi cho miến và dầu hào MAGGI vào đảo đến khi chín. | Cho thịt  nấm vào chảo  thêm dầu hào MAGGI xào thêm 2 phút để thấm đều gia vị. Rắc hành lá  rau mùi  hạt tiêu. Su hào xào cà rốt thập cẩm thơm ngon đã sẵn sàng! | Trình bày ra dĩa và thưởng thức. Món su hào xào cà rốt thập cẩm thơm lừng  tốt cho sức khỏe và vóc dáng  thích hợp cho những ai yêu thích món ăn thanh đạm.,https://www.maggi.com.vn/cong-thuc/su-hao-xao-thap-cam
Hủ Tiếu Trộn Bò Kho,60 phút,3 người ăn,N/A,Hủ Tiếu Khô | Thịt Nạm Bò | Cà Rốt | Sốt Cà Chua | Tỏi Băm | Hành Tím Băm | 2 nhánh Sả Cây | 1 cái Hoa Hồi | 1 thanh Quế | 1 1/2 muỗng canh Đường Trắng | Dầu Ăn | Hành lá | Ngò gai | Rau giá | 1 muỗng cà phê Ngũ Vị Hương | 1 muỗng canh MAGGI Hạt Nêm Nấm Hương | Dầu hào Maggi,Bạn rửa thịt bò cho sạch rồi thái thịt thành từng khối vuông cạnh 2cm. Nấu nước sôi  chần sơ hủ tiếu trong vòng 1 phút thì vớt lên xả dưới vòi nước. Đối với cà rốt  bào hết vỏ  cắt khúc hình chữ nhật dài 2cm. Sả bỏ bớt lá  đập dập rồi băm nhuyễn. | Cho thịt bò đã thái vào tô cùng lần lượt các loại gia vị như 1 muỗng canh dầu hào MAGGI  hạt nêm MAGGI nấm hương  ngũ vị hương  10gr tỏi băm  1 muỗng canh đường cát. Bạn dùng đũa trộn đều  ướp thịt tối thiểu 30 phút để thịt thấm vị. | Bạn đổ dầu ăn vào nồi  đun nóng dầu thì cho lượng  tỏi băm còn lại cùng hành tím xay vào phi  lúc hành tỏi vàng thơm thì thêm thịt bò. Bạn xào thịt đến khi vừa săn thì cho sốt cà chua vào  đảo qua lại vài lần rồi tiếp tục thêm vào nước lọc sao cho sấp mặt thịt. | Bạn đun hỗn hợp cho thật sôi và vớt hết bọt rồi đó sẽ cho sả  hoa hồi cùng quế vào nồi. Vặn lửa nhỏ  bắt đầu hầm thịt trong vòng 30 phút để thịt chín mềm. Sau đó dùng đũa gắp hoa hồi và quế ra  nêm vào nồi ít dầu hào MAGGI và đường cát. Thử lại vị và nêm nếm để điều chỉnh cho hợp ý nhé! | Bạn cho cà rốt vào nồi  đun trong vòng 10 phút để cà rốt mềm và nước hầm sệt lại là có thể tắt bếp. Lúc này  bạn cho hủ tiếu vào tô  rưới lên nước sốt bò hầm nóng hổi  có thể thêm rau giá cùng ngò gai để kích thích vị giác hơn. Vậy là món Hủ Tiếu Trộn Bò Kho đã hoàn thành rồi.,https://www.maggi.com.vn/cong-thuc/hu-tieu-tron-bo-kho
Rau Củ Luộc Chấm Kho Quẹt,53 phút,2 người ăn,N/A,Mỡ Heo | Hành Tím | Tỏi Bằm | Thịt Ba Chỉ | Tôm Khô | Ớt Hiểm | 10 g Tiêu Sọ | 2 muỗng canh Đường Trắng | 6 muỗng canh MAGGI Nước Mắm,Rửa sạch thịt ba rọi với nước  dùng muối chà xát lên bề mặt thịt rồi xả lại  để ráo. Cắt thịt thành những lát mỏng vừa ăn. Mỡ heo rửa sạch  cắt hạt lựu. Bạn lột vỏ rồi cắt lát hành tím  băm tỏi thật nhuyễn. Các loại rau củ ăn kèm  bạn gọt vỏ  rửa sạch rồi để ráo nhé! | Bắc nồi đất lên bếp và bắt tay vào làm món kho quẹt thôi nào. Đầu tiên  bạn chiên phần mỡ heo đã cắt hạt lựu từ trước. Vặn lửa vừa và đảo đều tay đến khi tóp mỡ chuyển sang màu vàng nâu  nước mỡ ra khá nhiều thì vớt ra để ráo dầu. Lúc này bạn cho ớt hiểm vào chiên sơ rồi vớt ra ngay nhé! | Sử dụng phần mỡ còn lại trong nồi để phi thơm hành tím và tỏi băm. Khi hành tỏi đã dậy mùi thì bạn cho thịt ba chỉ vào xào tới khi săn lại. Nêm nếm nước mắm MAGGI và đường trắng  khuấy đều tay đến khi đường tan hẳn  nước mắm hơi sệt lại. | Cuối cùng  để hoàn thành món mắm kho quẹt  bạn thêm tiêu sọ đập dập cùng ớt hiểm đã chiên sơ vào nồi. Trong lúc chờ cho hỗn hợp kho quẹt sôi và sệt lại  bạn chuẩn bị luộc các loại rau củ ăn kèm. Khi rau củ đã chín tới  kho quẹt đã sệt lại là có mùi thơm thì tắt bếp và dọn ra. | Xếp rau củ ra dĩa lớn  múc phần kho quẹt ra dĩa nhỏ và thưởng thức hương vị vừa quen vừa lạ này thôi. Rau củ luộc chín mềm  chấm kho quẹt đậm đà  béo ngậy từ thịt ba rọi và tóp mỡ. Cách làm mắm kho quẹt đơn giản nhưng cực hao cơm đó nha!,https://www.maggi.com.vn/cong-thuc/rau-cu-luoc-cham-kho-quet
Cá Thu Sốt Ớt Đậu Taro,45 phút,4 người ăn,N/A,Cá Thu | 1/2 quả Ớt Chuông | Khoai môn | 1/2 củ Cà Rốt | 1/2 quả Dưa Leo | Đậu Lăng | 1 nhánh Gừng | 1 muỗng cà phê Tiêu Xay | 2 cây Hành Lá | Dầu Hào Maggi | Dầu ăn,Cá thu bỏ nội tạng  rửa sạch phần bụng cá. Ở hai bên sườn cá bạn để ý sẽ thấy một sợi gân màu trắng  đây là nguyên nhân làm cá có mùi tanh. Do đó khi sơ chế  bạn nhớ cắt sát phần mang cá để sợi gân lộ ra  nhớ loại bỏ phần này để cá bớt tanh khi chế biến nhé. Dùng muối hoặc nước vo gạo ngâm cá khoảng 10 phút rồi rửa sạch lại bằng nước  để ráo. Ướp cá thu với tiêu  muối  gừng băm  hành băm cho cá thấm gia vị và thơm hơn. | Cà rốt gọt vỏ  rửa sạch rồi tỉa hình hoa cho đẹp. Ớt chuông bỏ hạt  thái lát. Khoai môn rửa sạch  nấu qua nước sôi để khử phần nhựa khoai trước khi gọt vỏ  rửa sạch rồi cắt khoai thành hình quân cờ. Gừng gọt vỏ  thái sợi. Dưa leo rửa sạch  cắt chéo  hành lá cắt thành từng khúc khoảng 3cm. Đậu lăng rửa sạch  để ráo nước trước khi chế biến. | Làm nóng chảo trên bếp với dầu ăn  cho cá thu đã ướp thấm gia vị vào chiên cho đến khi cá vàng đều hai mặt thì vớt ra ngoài  để ráo dầu. | Cho cà rốt  ớt chuông  đậu với khoai môn vào chảo xào chín cùng dầu hào MAGGI. Đảo đều tay để dầu hào MAGGI thấm vào các nguyên liệu  dậy mùi thơm và vẻ ngoài bóng bẩy cho món ăn. Sau khi xào chín các loại rau củ  cho cá thu vào lại chảo  xóc đều. rồi tắt bếp. Món ăn đã hoàn thành rồi nè! | Bày cá thu sốt ớt đậu ra đĩa  trang trí thêm với dưa leo  rắc tiêu và dùng nóng. Cá thu chiên thơm  thịt cá mềm ngọt tự nhiên  đượm chút beo béo kết hợp cùng rau củ tươi  vị cay nồng nhè nhẹ của tiêu xay  càng ăn càng mê  bạn nhất định sẽ phải xiêu lòng trước món ngon này đấy!,https://www.maggi.com.vn/cong-thuc/ca-thu-sot-ot-dau-taro
Mì Xào Hải Sản,48 phút,4 người ăn,N/A,400 g Mì Trứng | Mực Ống | Tôm | 1/2 củ Cà Rốt | 1 củ Hành Tây | 10g hành lá | 5g tỏi | 5g ngò | 1 quả Cà Chua | Cần Tây | 1/2 muỗng cafe tiêu xay | 2 trái ớt | 1 muỗng canh dầu ăn | Dầu Hào Maggi,Bạn chuẩn bị nồi nước sôi có pha thêm 1 muỗng dầu ăn rồi trụng mì qua cho mềm và không bị dính  sau đó vớt ra xả qua với nước rồi để ráo. Làm sạch tôm  bỏ đầu  vỏ  chân và đuôi rồi dùng tăm tre nhẹ nhàng rút chỉ đen sau lưng tôm ra. Lột bỏ phần da bên ngoài mực  làm sạch ruột rồi cắt miếng vừa ăn. Ướp hải sản đã sơ chế với 1 muỗng canh dầu hào MAGGI cho dậy mùi thơm khi chế biến. | Cà rốt bào vỏ  rửa sạch rồi cắt sợi dài. Hành tây lột bỏ vỏ  rửa sạch rồi cắt miếng. Hành lá  ngò  cần tây cắt bỏ gốc  rửa cho sạch hết bùn đất rồi thành cắt khúc. Giã nhuyễn hành và tỏi để xào cho thơm. Cà chua rửa sạch  cắt miếng. | Làm nóng chảo với một ít dầu ăn. Cho nửa phần hành  tỏi băm vào phi vàng cho thơm rồi thêm hải sản vào xào cho đến khi bề mặt mực hơi săn lại và tôm ngả màu cam đẹp mắt. Trút ra dĩa để riêng. | Bạn dùng tiếp phần hành tỏi còn lại  cho vào chảo phi thơm  rồi thêm cần tây vào xào chín. Lần lượt trút hỗn hợp tôm mực vào cùng với hành tây  cà rốt thái sợi đảo đều trong 30 giây. Tiếp đến bạn cho mì vào xào chung  nêm nếm thêm lượng dầu hào MAGGI còn lại cho món ăn thêm thơm ngon chuẩn vị hơn. Nhanh tay cho hành lá vào đảo đều rồi tắt bếp. | Trình bày món mì xào hải sản ra đĩa  rắc thêm ít tiêu  ngò lên trên. Cà chua cắt miếng xếp lên trên  bạn có thể lấy ớt tươi tỉa hình hoa trang trí cho món ăn trông hấp dẫn hơn. Từng sợi mì dai dai hòa quyện với nước xào và hải sản đậm đà lạ miệng sẽ khiến cả nhà ngất ngây ngay từ lần đầu tiên thưởng thức.,https://www.maggi.com.vn/cong-thuc/mi-xao-hai-san
Cá Tầm Xào Thơm,57 phút,5 người ăn,N/A,Cá Tầm | 1 quả Thơm (Dứa) | 1 củ Hành Tây | 2 quả Cà Chua | 1 củ Cà Rốt | Dầu Ăn | 5 g Hành Ngò | Dầu Hào Maggi | 2 muỗng cà phê MAGGI Hạt Nêm Nấm Hương | Hành tím băm | Tỏi băm | Tiêu | Cà rốt,Cá tầm sau khi mua về bạn rửa qua với nước lạnh rồi chần cá trong nước nóng để làm trắng lớp nhớt bao quanh  dùng dao cạo sạch nhớt và rửa lại nhiều lần cho cá sạch hẳn. Để cá ráo sau đó cắt thành những miếng vừa ăn. Ướp cá tầm với hành băm  hạt nêm MAGGI nấm hương và tiêu khoảng 20 phút  lật cá để các gia vị phủ đều bạn nhé. | Cà chua rửa sạch  hành tây lột vỏ  rửa qua với nước. Cắt múi cà chua và hành tây. Thơm bạn rửa sạch rồi cắt miếng hình tam giác vừa ăn. Cà rốt gọt vỏ  rửa sạch rồi tỉa hoa  cắt tròn. Hành ngò cắt bỏ gốc  rửa sạch  cắt nhỏ. | Làm nóng dầu trên chảo sau đó cho tỏi vào phi thơm  đến khi tỏi đã vàng và dậy mùi  cho cá tầm vào xào chín rồi trút ra dĩa. Bạn cho thêm dầu ăn  tiếp tục cho cà rốt  cà chua  hành tây và thơm vào xào đều tay khoảng 5 phút cho mềm. Cho cá tầm vào xào tiếp  nêm thêm dầu hào MAGGI và đảo đều thêm khoảng 2 phút nữa rồi cho hành ngò cắt nhỏ vào  tắt bếp. | Bày món ăn ra dĩa  rắc thêm chút tiêu cho thơm và kích thích mùi vị hơn. Dùng nóng với cơm rất ngon. Cá tầm béo thịt  ngon ngọt phối ngẫu với thơm chua chua rất dậy vị và lạ miệng  ngon nói không nên lời.,https://www.maggi.com.vn/cong-thuc/ca-tam-xao-thom
Cá Cơm Xào Chua Ngọt,45 phút,2 người ăn,N/A,Cá Cơm Khô | 2 muỗng canh Nước Cốt Chanh | 1 nhánh Tỏi | 1 muỗng cà phê Vừng rang | 1/2 muỗng cà phê Đường Trắng | Dầu Ăn | Dầu Hào Maggi | 1 muỗng canh MAGGI Nước Mắm | Hành lá | Nước lọc,Cá cơm khô sau khi mua về bạn rửa qua với nước lạnh sau đó ngâm trong nước vo gạo cho mềm rồi vớt ra  để ráo. Chú ý rửa kĩ cá để loại bỏ bụi cát hay các chất bẩn bạn nhé. Bóc vỏ tỏi sau đó rửa sạch rồi đập nhuyễn. | Pha nước với nước mắm MAGGI  nước cốt chanh  tỏi đã băm nhuyễn  1 muỗng dầu hào MAGGI và đường. Khuấy cho gia vị tan đều  hòa quyện vào nhau thành một hỗn hợp màu nâu đẹp mắt  có mùi thơm. | Làm nóng chảo  bạn cho nhiều dầu ăn một chút rồi cho cá vào chiên cho cá cơm săn lại. Khi thấy cá đã vàng đều  chắt bỏ bớt phần dầu ăn trong chảo ra  đổ hỗn hợp sốt đã pha vào chảo cá. Đảo đều và đun ở lửa nhỏ cho nước cạn  quyện đều vào cá cơm. | Khi chảo cá đã gần cạn nước  cho phần dầu hào MAGGI còn lại vào  đảo đều đến khi cạn hẳn. Tắt bếp rồi trình bày ra dĩa  rắc chút vừng rang  hành lá cho thơm và đẹp mắt. Nếu ăn cay  bạn có thể cho thêm ớt tươi cho có vị thơm và the the cho món ăn. Cá cơm xào chua ngọt thơm giòn  đậm đà có vị chua ngọt rất bắt cơm  ăn cùng với cơm nóng thì không chê vào đâu được.,https://www.maggi.com.vn/cong-thuc/ca-com-xao-chua-ngot
Miến Dong Xào Lươn,52 phút,3 người ăn,N/A,Lươn | Miến Dong | Giá Đỗ | 2 củ Hành Khô | Hành Lá | 3 g Rau Răm Xắt Nhuyễn | 1 muỗng canh nước cốt chanh | 1 muỗng canh dầu ăn | 10g muối hạt | Dầu Hào Maggi | 1 muỗng canh MAGGI Nước Mắm,Lươn sau khi mua về  bạn dùng muối hạt xát lên bề mặt lươn cho đến khi sạch hẳn nhớt  xả qua với nước cho sạch rồi tiếp tục dùng nước cốt chanh bóp qua thịt lươn để khử mùi. Xả lại với nước lạnh rồi đem luộc chín  vớt ra chờ lươn nguội rồi gỡ lấy thịt để riêng. Tiếp theo  bạn băm nhỏ hành khô  phi thơm trên chảo đến khi vàng rồi cho thịt lươn vào xào với nước mắm MAGGI cho săn lại. | Ngâm miến dong trong nước cho nở rồi vớt ra  dùng kéo cắt miến dong ngắn lại cho vừa ăn. Hành và rau răm bạn nhặt lấy lá  rửa sạch rồi thái nhỏ. Bắt chảo lên bếp  xào miến với chút dầu ăn ở lửa vừa. Trong quá trình xào  thỉnh thoảng cho thêm nước để sợi miến không bị khô và ngấm đủ nước để nở căng nhưng vẫn giữ được độ dai  không bị bở mềm. Sau đó  cho giá đỗ vào xào cùng. | Khi giá xào đã có độ chín tái  cho lươn và rau răm thái nhỏ vào xào đều tay  nêm nếm món miến xào với dầu hào MAGGI cho thơm và có màu sắc đẹp mắt  hấp dẫn hơn. Đảo đều cho các nguyên liệu thấm dầu hào MAGGI rồi tắt bếp. Món ăn đã hoàn thành rồi! | Trình bày món ăn ra dĩa cho cả nhà cùng thưởng thức. Phần miến dong được xào mềm  vẫn còn chút dai dai xen lẫn chút đậm đà của dầu hào MAGGI óng ánh  thêm chút ngon ngọt của thịt lươn sẽ rất lạ miệng và thú vị cho bữa tối thay cơm đấy!,https://www.maggi.com.vn/cong-thuc/mien-dong-xao-luon
Lá Xách Xào Khế Chua,40 phút,2 người ăn,N/A,Lá Xách | 1 quả Khế | Hành Tây | 1 muỗng cà phê Ớt Sừng | 2 muỗng canh Rượu Trắng | Muối | 10g gừng | 10 g Hành Lá | 10g rau răm | 1 muỗng canh dầu ăn | 2 muỗng cà phê MAGGI Hạt Nêm Nấm Hương | 2 muỗng canh MAGGI Dầu Hào,Đầu tiên  bạn rửa lá xách với nước sau đó bóp muối để khử khuẩn và làm dịu đi mùi hôi. Bạn lưu ý bóp thật kĩ trong từng kẽ lá. Bóp muối khoảng 2 lần sau đó rửa lại với nước cho sạch rồi cho rượu vào bóp 5 phút sau đó cho cho gừng băm nhỏ vào. Gừng kết hợp với rượu sẽ làm hết mùi hôi của lá xách. Sau khi sơ chế xong  luộc chín lá xách trong 10 phút. | Khế rửa sạch  cắt bỏ phần viền nâu bên ngoài rồi cắt lát mỏng hình sao. Hành tây bỏ vỏ  cắt miếng. Hành lá  rau răm bỏ gốc  rửa sạch rồi cắt nhỏ. Khi lá xách đã chín  bạn vớt ra xả qua nước lạnh  để ráo rồi thái lát mỏng vừa ăn  ướp với hạt nêm MAGGI nấm hương cho vị đậm đà hơn. | Đun nóng một ít dầu ăn trên chảo  cho hành vào phi thơm đến khi ngả vàng thì thêm hành tây vào xào khoảng 1 phút rồi bỏ khế vào xào  bạn có thể thêm ớt sa tế nếu thích ăn cay  xào khoảng 3 phút cho các nguyên liệu chín tới. | Cuối cùng  cho lá xách vào xào nhanh tay trên lửa lớn để lá xách không bị dai  nêm nếm với dầu hào MAGGI  thêm chút hành lá  rau răm thái nhỏ và ớt lát là đã hoàn thành rồi. Bạn trình bày món xào ra đĩa  dùng nóng với cơm hay làm món ăn chơi cùng bạn bè và gia đình đều rất ngon. Lá xách dai giòn đậm đà  đượm chút chua từ khế lạ miệng  càng ăn lại càng thích đấy!,https://www.maggi.com.vn/cong-thuc/la-xach-xao-khe-chua
Chân Gà Rút Xương Xào Cần,27 phút,3 người ăn,N/A,Chân Gà Rút Xương | Hành Tây | Ớt | Cần Tây | Tỏi | Dầu Hào Maggi | Hạt Nêm Maggi Vị Gà | Tiêu xay | Dầu ăn | Bột canh,Bạn rửa các nguyên liệu thật sạch trước khi chế biến. Chuẩn bị một nồi nước sôi  chần sơ chân gà rồi vớt lên xả qua nước lạnh để tăng độ giòn. Bạn bỏ rễ  lá héo của cần tây  rửa sạch rồi cắt khúc cỡ 3cm. Hành tây lột vỏ và thái múi cau mỏng. Tỏi băm nhỏ. | Bạn đun nóng chảo dầu  phi thơm tỏi rồi cho cần tây  hành tây vào xào. Trút tiếp phần chân gà rút xương vào  thêm dầu hào MAGGI óng ánh cùng hạt nêm MAGGI 3 ngọt gà và bột canh. Xào đều tay cho chân gà chín đều và có độ bóng bắt mắt. | Trước khi tắt bếp  cho ớt thái lát vào chảo  đảo qua một lần rồi bày món Chân Gà Rút Xương Xào Cần ra dĩa  rắc lên trên một chút tiêu xay. Món ăn này thưởng thức vào ngày mưa là “hết sảy” luôn bạn nha.,https://www.maggi.com.vn/cong-thuc/chan-ga-rut-xuong-xao-chua-ngot
Thịt Ba Rọi Ram Nguyên Tảng,60 phút,5 người ăn,N/A,Thịt Ba Rọi | 2 muỗng canh Dầu Điều | Đường | Giấm Gạo | 5 cây Đầu Hành Lá | Hạt Nêm Maggi | Nước Tương Maggi | Tỏi | Gừng | Muối | Ớt xắt lát,Thịt ba rọi mua về bạn rửa sạch với nước và dùng một ít muối xát lên bề mặt thịt để khử bớt mùi. Dùng giấy hay khăn thấm khô nước rồi cho thịt ba rọi vào tô và ướp với nước tương MAGGI  1 muỗng cà phê hạt nêm MAGGI nấm hương  giấm gạo  trộn thật đều cho các mặt của thịt thấm gia vị và để khoảng 20 phút. | Gừng gọt vỏ  rửa sạch rồi cắt lát. Bóc vỏ tỏi  đập hơi dập. Đây là bí quyết giúp món ăn dậy mùi thơm ngon  tỏi không bị nhũn nát trong quá trình kho hay ram thịt  nàng nhớ nhé! | Làm nóng nồi nhỏ trên bếp  cho đường và dầu điều vào rồi khuấy đều tay cho đường tan ra và có màu nâu cánh gián đẹp mắt. Khi hỗn hợp sánh lại  bạn cho gừng  tỏi vào xào thơm rồi thêm thịt ba rọi vào nồi. Chiên sơ các mặt của miếng thịt khoảng 3 phút cho bề mặt thịt thật săn rồi đổ nước xăm xắp mặt thịt và đun sôi. | Khi nước trong nồi đã sôi  bạn hạ nhỏ lửa  nêm nếm thêm hạt nêm MAGGI nấm hương  đảo đều rồi đun liu riu trên lửa nhỏ cho đến khi thịt chín mềm. Cuối cùng  bạn cho đầu hành lá vào và tắt bếp. | Gắp Tảng thịt ba rọi ra dĩa  cắt thành những lát mỏng và dùng nóng. Thịt ram chín mềm còn nguyên vị ngọt béo  bên ngoài đậm đà  trổ màu nâu bóng đẹp mắt  ăn cùng cơm trắng với nước tương MAGGI  vài lát ớt cắt thì cực ngon và lạ miệng. Cách làm ba rọi ram nguyên tảng rất đơn giản  nàng có thể vào bếp khoe khéo tài nội trợ  chiêu đãi cả nhà đấy!,https://www.maggi.com.vn/cong-thuc/thit-ba-roi-ram-nguyen-tang
Sen Xào Tam Sắc,53 phút,10 người ăn,N/A,Củ Sen Tươi | Hạt Sen | Súp Lơ Xanh | Tôm càng | Thịt ba rọi 300g | 3 củ Hành Khô | 10 g Hành Lá | Dầu ăn 1 muỗng canh | Nước 3 muỗng canh | Muối 1 muỗng cafe | Tiêu xay 1/2 muỗng cafe | Dầu Hào Maggi | Hạt Nêm Maggi,Hạt sen bạn rửa sạch  có thể tách phần tim sen ra để không bị đắng khi ăn rồi luộc sơ qua. Củ sen gọt vỏ  rửa dưới vòi nước chảy để làm sạch bùn đất bên trong các lỗ  cắt lát và luộc chín. Cà rốt gọt vỏ  tỉa hình hoa. Bông cải cắt miếng vừa ăn  ngâm trong nước muối loãng khoảng 10 phút rồi rửa sạch. | Tôm rửa sạch sau đó luộc chín rồi bóc vỏ  bạn chừa lại phần đuôi tôm cho đẹp mắt. Thịt heo rửa qua với nước và muối để loại bỏ mùi sau đó cắt miếng vừa ăn  ướp với một ít hạt nêm MAGGI nấm hương khoảng 5 phút cho đậm đà hơn. Hành ngò rửa sạch  cắt khúc. Hành khô đập dập  băm nhỏ. | Đun sôi dầu ăn trong chảo  phi hành khô đến khi dậy mùi thơm và ngả vàng thì cho thịt heo vào đảo đều tay cho săn lại. Lần lượt cho cà rốt  bông cải vào xào  cuối cùng là hạt sen  củ sen và tôm đã luộc chín. Bạn đảo đều tay cho các nguyên liệu chín đều  có thể thêm một ít nước để món xào không bị khô  cháy nhé! | Nêm nếm hạt sen xào tôm thịt với dầu hào MAGGI và hạt nêm MAGGI nấm hương cho đậm đà và dậy vị hơn. Xốc chảo thêm vài lần cho rau củ thấm dầu hào MAGGI  có độ óng ánh đẹp mắt rồi tắt bếp. Món ăn dinh dưỡng đã hoàn thành rồi đấy. Cách làm sen xào tôm thịt không hề khó chút nào đúng không chị em? | Trình bày món ăn ra dĩa  rắc thêm chút tiêu xay và thưởng thức thôi. Hạt sen bùi mềm  củ sen giòn ăn cùng tôm thịt ngọt dai  bông cải  cà rốt tươi vừa miệng  thơm lừng dầu hào MAGGI rất ngon mà còn tốt cho sức khỏe  nàng có thể thỏa sức trổ tài chăm lo cho cả nhà nhé!,https://www.maggi.com.vn/cong-thuc/sen-xao-tam-sac
Sườn Non Rim Mắm Tỏi,55 phút,2 người ăn,N/A,Sườn non | Tỏi | Dầu Ăn | Đường trắng | Tiêu | 3 muỗng canh MAGGI Nước Mắm | Nước | Muối,Đầu tiên  bạn chặt sườn non thành miếng vừa ăn  tốt nhất là độ dài miếng sườn vào khoảng 4cm đến 5cm  rửa sạch với nước. Để món ăn chất lượng hơn  bạn chuẩn bị thêm nồi nước sôi với một chút muối rồi đem sườn chần qua để loại bỏ hết chất bẩn. Vớt sườn ra và rửa sạch lại với nước lạnh  để ráo. Bóc vỏ  băm nhuyễn 2/3 số tỏi  phần còn lại cắt lát mỏng. | Làm nóng dầu ăn trong chảo  cho tỏi băm vào chảo phi vàng rồi vớt ra để riêng. Giữ nguyên chảo trên bếp sau đó cho tỏi cắt lát vào phi đến khi ngả vàng và dậy mùi thơm thì thêm vào nước mắm MAGGI  nước lọc  đường trắng và tiêu xay. Khuấy đều tay cho đường tan hết  hỗn hợp nước mắm hòa quyện với nhau  dậy mùi thơm hấp dẫn. | Khi phần nước sốt sôi lên thì bạn cho sườn vào rim trên lửa nhỏ khoảng 20 phút. Đừng quên trở mặt thường xuyên để nước sốt áo vào những miếng sườn thêm phần đậm đà hơn. Rim sườn non đến khi nước sốt keo lại  sườn chín mềm  có màu cánh gián và óng ánh đẹp mắt thì tắt bếp. Cách làm sườn non rim mắm tỏi thật đơn giản phải không các nàng? | Dọn sườn non rim ra dĩa  rắc lên trên tỏi phi vàng rồi mời cả nhà cùng thưởng thức. Những miếng sườn thơm nức lòng  áo thêm một lớp nước sốt đậm đà  ăn với cơm trắng là miễn chê. Món quen vị lạ này rất hao cơm và ngon miệng  nàng không thể bỏ qua đâu đấy!,https://www.maggi.com.vn/cong-thuc/suon-non-rim-mam-toi
Hủ Tiếu Trộn Bò Kho,60 phút,3 người ăn,N/A,Hủ Tiếu Khô | Thịt Nạm Bò | Cà Rốt | Sốt Cà Chua | Tỏi Băm | Hành Tím Băm | 2 nhánh Sả Cây | 1 cái Hoa Hồi | 1 thanh Quế | 1 1/2 muỗng canh Đường Trắng | Dầu Ăn | Hành lá | Ngò gai | Rau giá | 1 muỗng cà phê Ngũ Vị Hương | 1 muỗng canh MAGGI Hạt Nêm Nấm Hương | Dầu hào Maggi,Bạn rửa thịt bò cho sạch rồi thái thịt thành từng khối vuông cạnh 2cm. Nấu nước sôi  chần sơ hủ tiếu trong vòng 1 phút thì vớt lên xả dưới vòi nước. Đối với cà rốt  bào hết vỏ  cắt khúc hình chữ nhật dài 2cm. Sả bỏ bớt lá  đập dập rồi băm nhuyễn. | Cho thịt bò đã thái vào tô cùng lần lượt các loại gia vị như 1 muỗng canh dầu hào MAGGI  hạt nêm MAGGI nấm hương  ngũ vị hương  10gr tỏi băm  1 muỗng canh đường cát. Bạn dùng đũa trộn đều  ướp thịt tối thiểu 30 phút để thịt thấm vị. | Bạn đổ dầu ăn vào nồi  đun nóng dầu thì cho lượng  tỏi băm còn lại cùng hành tím xay vào phi  lúc hành tỏi vàng thơm thì thêm thịt bò. Bạn xào thịt đến khi vừa săn thì cho sốt cà chua vào  đảo qua lại vài lần rồi tiếp tục thêm vào nước lọc sao cho sấp mặt thịt. | Bạn đun hỗn hợp cho thật sôi và vớt hết bọt rồi đó sẽ cho sả  hoa hồi cùng quế vào nồi. Vặn lửa nhỏ  bắt đầu hầm thịt trong vòng 30 phút để thịt chín mềm. Sau đó dùng đũa gắp hoa hồi và quế ra  nêm vào nồi ít dầu hào MAGGI và đường cát. Thử lại vị và nêm nếm để điều chỉnh cho hợp ý nhé! | Bạn cho cà rốt vào nồi  đun trong vòng 10 phút để cà rốt mềm và nước hầm sệt lại là có thể tắt bếp. Lúc này  bạn cho hủ tiếu vào tô  rưới lên nước sốt bò hầm nóng hổi  có thể thêm rau giá cùng ngò gai để kích thích vị giác hơn. Vậy là món Hủ Tiếu Trộn Bò Kho đã hoàn thành rồi.,https://www.maggi.com.vn/cong-thuc/hu-tieu-tron-bo-kho
Rau Củ Luộc Chấm Kho Quẹt,53 phút,2 người ăn,N/A,Mỡ Heo | Hành Tím | Tỏi Bằm | Thịt Ba Chỉ | Tôm Khô | Ớt Hiểm | 10 g Tiêu Sọ | 2 muỗng canh Đường Trắng | 6 muỗng canh MAGGI Nước Mắm,Rửa sạch thịt ba rọi với nước  dùng muối chà xát lên bề mặt thịt rồi xả lại  để ráo. Cắt thịt thành những lát mỏng vừa ăn. Mỡ heo rửa sạch  cắt hạt lựu. Bạn lột vỏ rồi cắt lát hành tím  băm tỏi thật nhuyễn. Các loại rau củ ăn kèm  bạn gọt vỏ  rửa sạch rồi để ráo nhé! | Bắc nồi đất lên bếp và bắt tay vào làm món kho quẹt thôi nào. Đầu tiên  bạn chiên phần mỡ heo đã cắt hạt lựu từ trước. Vặn lửa vừa và đảo đều tay đến khi tóp mỡ chuyển sang màu vàng nâu  nước mỡ ra khá nhiều thì vớt ra để ráo dầu. Lúc này bạn cho ớt hiểm vào chiên sơ rồi vớt ra ngay nhé! | Sử dụng phần mỡ còn lại trong nồi để phi thơm hành tím và tỏi băm. Khi hành tỏi đã dậy mùi thì bạn cho thịt ba chỉ vào xào tới khi săn lại. Nêm nếm nước mắm MAGGI và đường trắng  khuấy đều tay đến khi đường tan hẳn  nước mắm hơi sệt lại. | Cuối cùng  để hoàn thành món mắm kho quẹt  bạn thêm tiêu sọ đập dập cùng ớt hiểm đã chiên sơ vào nồi. Trong lúc chờ cho hỗn hợp kho quẹt sôi và sệt lại  bạn chuẩn bị luộc các loại rau củ ăn kèm. Khi rau củ đã chín tới  kho quẹt đã sệt lại là có mùi thơm thì tắt bếp và dọn ra. | Xếp rau củ ra dĩa lớn  múc phần kho quẹt ra dĩa nhỏ và thưởng thức hương vị vừa quen vừa lạ này thôi. Rau củ luộc chín mềm  chấm kho quẹt đậm đà  béo ngậy từ thịt ba rọi và tóp mỡ. Cách làm mắm kho quẹt đơn giản nhưng cực hao cơm đó nha!,https://www.maggi.com.vn/cong-thuc/rau-cu-luoc-cham-kho-quet
Cá Thu Sốt Ớt Đậu Taro,45 phút,4 người ăn,N/A,Cá Thu | 1/2 quả Ớt Chuông | Khoai môn | 1/2 củ Cà Rốt | 1/2 quả Dưa Leo | Đậu Lăng | 1 nhánh Gừng | 1 muỗng cà phê Tiêu Xay | 2 cây Hành Lá | Dầu Hào Maggi | Dầu ăn,Cá thu bỏ nội tạng  rửa sạch phần bụng cá. Ở hai bên sườn cá bạn để ý sẽ thấy một sợi gân màu trắng  đây là nguyên nhân làm cá có mùi tanh. Do đó khi sơ chế  bạn nhớ cắt sát phần mang cá để sợi gân lộ ra  nhớ loại bỏ phần này để cá bớt tanh khi chế biến nhé. Dùng muối hoặc nước vo gạo ngâm cá khoảng 10 phút rồi rửa sạch lại bằng nước  để ráo. Ướp cá thu với tiêu  muối  gừng băm  hành băm cho cá thấm gia vị và thơm hơn. | Cà rốt gọt vỏ  rửa sạch rồi tỉa hình hoa cho đẹp. Ớt chuông bỏ hạt  thái lát. Khoai môn rửa sạch  nấu qua nước sôi để khử phần nhựa khoai trước khi gọt vỏ  rửa sạch rồi cắt khoai thành hình quân cờ. Gừng gọt vỏ  thái sợi. Dưa leo rửa sạch  cắt chéo  hành lá cắt thành từng khúc khoảng 3cm. Đậu lăng rửa sạch  để ráo nước trước khi chế biến. | Làm nóng chảo trên bếp với dầu ăn  cho cá thu đã ướp thấm gia vị vào chiên cho đến khi cá vàng đều hai mặt thì vớt ra ngoài  để ráo dầu. | Cho cà rốt  ớt chuông  đậu với khoai môn vào chảo xào chín cùng dầu hào MAGGI. Đảo đều tay để dầu hào MAGGI thấm vào các nguyên liệu  dậy mùi thơm và vẻ ngoài bóng bẩy cho món ăn. Sau khi xào chín các loại rau củ  cho cá thu vào lại chảo  xóc đều. rồi tắt bếp. Món ăn đã hoàn thành rồi nè! | Bày cá thu sốt ớt đậu ra đĩa  trang trí thêm với dưa leo  rắc tiêu và dùng nóng. Cá thu chiên thơm  thịt cá mềm ngọt tự nhiên  đượm chút beo béo kết hợp cùng rau củ tươi  vị cay nồng nhè nhẹ của tiêu xay  càng ăn càng mê  bạn nhất định sẽ phải xiêu lòng trước món ngon này đấy!,https://www.maggi.com.vn/cong-thuc/ca-thu-sot-ot-dau-taro
Mì Xào Hải Sản,48 phút,4 người ăn,N/A,400 g Mì Trứng | Mực Ống | Tôm | 1/2 củ Cà Rốt | 1 củ Hành Tây | 10g hành lá | 5g tỏi | 5g ngò | 1 quả Cà Chua | Cần Tây | 1/2 muỗng cafe tiêu xay | 2 trái ớt | 1 muỗng canh dầu ăn | Dầu Hào Maggi,Bạn chuẩn bị nồi nước sôi có pha thêm 1 muỗng dầu ăn rồi trụng mì qua cho mềm và không bị dính  sau đó vớt ra xả qua với nước rồi để ráo. Làm sạch tôm  bỏ đầu  vỏ  chân và đuôi rồi dùng tăm tre nhẹ nhàng rút chỉ đen sau lưng tôm ra. Lột bỏ phần da bên ngoài mực  làm sạch ruột rồi cắt miếng vừa ăn. Ướp hải sản đã sơ chế với 1 muỗng canh dầu hào MAGGI cho dậy mùi thơm khi chế biến. | Cà rốt bào vỏ  rửa sạch rồi cắt sợi dài. Hành tây lột bỏ vỏ  rửa sạch rồi cắt miếng. Hành lá  ngò  cần tây cắt bỏ gốc  rửa cho sạch hết bùn đất rồi thành cắt khúc. Giã nhuyễn hành và tỏi để xào cho thơm. Cà chua rửa sạch  cắt miếng. | Làm nóng chảo với một ít dầu ăn. Cho nửa phần hành  tỏi băm vào phi vàng cho thơm rồi thêm hải sản vào xào cho đến khi bề mặt mực hơi săn lại và tôm ngả màu cam đẹp mắt. Trút ra dĩa để riêng. | Bạn dùng tiếp phần hành tỏi còn lại  cho vào chảo phi thơm  rồi thêm cần tây vào xào chín. Lần lượt trút hỗn hợp tôm mực vào cùng với hành tây  cà rốt thái sợi đảo đều trong 30 giây. Tiếp đến bạn cho mì vào xào chung  nêm nếm thêm lượng dầu hào MAGGI còn lại cho món ăn thêm thơm ngon chuẩn vị hơn. Nhanh tay cho hành lá vào đảo đều rồi tắt bếp. | Trình bày món mì xào hải sản ra đĩa  rắc thêm ít tiêu  ngò lên trên. Cà chua cắt miếng xếp lên trên  bạn có thể lấy ớt tươi tỉa hình hoa trang trí cho món ăn trông hấp dẫn hơn. Từng sợi mì dai dai hòa quyện với nước xào và hải sản đậm đà lạ miệng sẽ khiến cả nhà ngất ngây ngay từ lần đầu tiên thưởng thức.,https://www.maggi.com.vn/cong-thuc/mi-xao-hai-san
Cá Tầm Xào Thơm,57 phút,5 người ăn,N/A,Cá Tầm | 1 quả Thơm (Dứa) | 1 củ Hành Tây | 2 quả Cà Chua | 1 củ Cà Rốt | Dầu Ăn | 5 g Hành Ngò | Dầu Hào Maggi | 2 muỗng cà phê MAGGI Hạt Nêm Nấm Hương | Hành tím băm | Tỏi băm | Tiêu | Cà rốt,Cá tầm sau khi mua về bạn rửa qua với nước lạnh rồi chần cá trong nước nóng để làm trắng lớp nhớt bao quanh  dùng dao cạo sạch nhớt và rửa lại nhiều lần cho cá sạch hẳn. Để cá ráo sau đó cắt thành những miếng vừa ăn. Ướp cá tầm với hành băm  hạt nêm MAGGI nấm hương và tiêu khoảng 20 phút  lật cá để các gia vị phủ đều bạn nhé. | Cà chua rửa sạch  hành tây lột vỏ  rửa qua với nước. Cắt múi cà chua và hành tây. Thơm bạn rửa sạch rồi cắt miếng hình tam giác vừa ăn. Cà rốt gọt vỏ  rửa sạch rồi tỉa hoa  cắt tròn. Hành ngò cắt bỏ gốc  rửa sạch  cắt nhỏ. | Làm nóng dầu trên chảo sau đó cho tỏi vào phi thơm  đến khi tỏi đã vàng và dậy mùi  cho cá tầm vào xào chín rồi trút ra dĩa. Bạn cho thêm dầu ăn  tiếp tục cho cà rốt  cà chua  hành tây và thơm vào xào đều tay khoảng 5 phút cho mềm. Cho cá tầm vào xào tiếp  nêm thêm dầu hào MAGGI và đảo đều thêm khoảng 2 phút nữa rồi cho hành ngò cắt nhỏ vào  tắt bếp. | Bày món ăn ra dĩa  rắc thêm chút tiêu cho thơm và kích thích mùi vị hơn. Dùng nóng với cơm rất ngon. Cá tầm béo thịt  ngon ngọt phối ngẫu với thơm chua chua rất dậy vị và lạ miệng  ngon nói không nên lời.,https://www.maggi.com.vn/cong-thuc/ca-tam-xao-thom
Cá Cơm Xào Chua Ngọt,45 phút,2 người ăn,N/A,Cá Cơm Khô | 2 muỗng canh Nước Cốt Chanh | 1 nhánh Tỏi | 1 muỗng cà phê Vừng rang | 1/2 muỗng cà phê Đường Trắng | Dầu Ăn | Dầu Hào Maggi | 1 muỗng canh MAGGI Nước Mắm | Hành lá | Nước lọc,Cá cơm khô sau khi mua về bạn rửa qua với nước lạnh sau đó ngâm trong nước vo gạo cho mềm rồi vớt ra  để ráo. Chú ý rửa kĩ cá để loại bỏ bụi cát hay các chất bẩn bạn nhé. Bóc vỏ tỏi sau đó rửa sạch rồi đập nhuyễn. | Pha nước với nước mắm MAGGI  nước cốt chanh  tỏi đã băm nhuyễn  1 muỗng dầu hào MAGGI và đường. Khuấy cho gia vị tan đều  hòa quyện vào nhau thành một hỗn hợp màu nâu đẹp mắt  có mùi thơm. | Làm nóng chảo  bạn cho nhiều dầu ăn một chút rồi cho cá vào chiên cho cá cơm săn lại. Khi thấy cá đã vàng đều  chắt bỏ bớt phần dầu ăn trong chảo ra  đổ hỗn hợp sốt đã pha vào chảo cá. Đảo đều và đun ở lửa nhỏ cho nước cạn  quyện đều vào cá cơm. | Khi chảo cá đã gần cạn nước  cho phần dầu hào MAGGI còn lại vào  đảo đều đến khi cạn hẳn. Tắt bếp rồi trình bày ra dĩa  rắc chút vừng rang  hành lá cho thơm và đẹp mắt. Nếu ăn cay  bạn có thể cho thêm ớt tươi cho có vị thơm và the the cho món ăn. Cá cơm xào chua ngọt thơm giòn  đậm đà có vị chua ngọt rất bắt cơm  ăn cùng với cơm nóng thì không chê vào đâu được.,https://www.maggi.com.vn/cong-thuc/ca-com-xao-chua-ngot
Miến Dong Xào Lươn,52 phút,3 người ăn,N/A,Lươn | Miến Dong | Giá Đỗ | 2 củ Hành Khô | Hành Lá | 3 g Rau Răm Xắt Nhuyễn | 1 muỗng canh nước cốt chanh | 1 muỗng canh dầu ăn | 10g muối hạt | Dầu Hào Maggi | 1 muỗng canh MAGGI Nước Mắm,Lươn sau khi mua về  bạn dùng muối hạt xát lên bề mặt lươn cho đến khi sạch hẳn nhớt  xả qua với nước cho sạch rồi tiếp tục dùng nước cốt chanh bóp qua thịt lươn để khử mùi. Xả lại với nước lạnh rồi đem luộc chín  vớt ra chờ lươn nguội rồi gỡ lấy thịt để riêng. Tiếp theo  bạn băm nhỏ hành khô  phi thơm trên chảo đến khi vàng rồi cho thịt lươn vào xào với nước mắm MAGGI cho săn lại. | Ngâm miến dong trong nước cho nở rồi vớt ra  dùng kéo cắt miến dong ngắn lại cho vừa ăn. Hành và rau răm bạn nhặt lấy lá  rửa sạch rồi thái nhỏ. Bắt chảo lên bếp  xào miến với chút dầu ăn ở lửa vừa. Trong quá trình xào  thỉnh thoảng cho thêm nước để sợi miến không bị khô và ngấm đủ nước để nở căng nhưng vẫn giữ được độ dai  không bị bở mềm. Sau đó  cho giá đỗ vào xào cùng. | Khi giá xào đã có độ chín tái  cho lươn và rau răm thái nhỏ vào xào đều tay  nêm nếm món miến xào với dầu hào MAGGI cho thơm và có màu sắc đẹp mắt  hấp dẫn hơn. Đảo đều cho các nguyên liệu thấm dầu hào MAGGI rồi tắt bếp. Món ăn đã hoàn thành rồi! | Trình bày món ăn ra dĩa cho cả nhà cùng thưởng thức. Phần miến dong được xào mềm  vẫn còn chút dai dai xen lẫn chút đậm đà của dầu hào MAGGI óng ánh  thêm chút ngon ngọt của thịt lươn sẽ rất lạ miệng và thú vị cho bữa tối thay cơm đấy!,https://www.maggi.com.vn/cong-thuc/mien-dong-xao-luon
Lá Xách Xào Khế Chua,40 phút,2 người ăn,N/A,Lá Xách | 1 quả Khế | Hành Tây | 1 muỗng cà phê Ớt Sừng | 2 muỗng canh Rượu Trắng | Muối | 10g gừng | 10 g Hành Lá | 10g rau răm | 1 muỗng canh dầu ăn | 2 muỗng cà phê MAGGI Hạt Nêm Nấm Hương | 2 muỗng canh MAGGI Dầu Hào,Đầu tiên  bạn rửa lá xách với nước sau đó bóp muối để khử khuẩn và làm dịu đi mùi hôi. Bạn lưu ý bóp thật kĩ trong từng kẽ lá. Bóp muối khoảng 2 lần sau đó rửa lại với nước cho sạch rồi cho rượu vào bóp 5 phút sau đó cho cho gừng băm nhỏ vào. Gừng kết hợp với rượu sẽ làm hết mùi hôi của lá xách. Sau khi sơ chế xong  luộc chín lá xách trong 10 phút. | Khế rửa sạch  cắt bỏ phần viền nâu bên ngoài rồi cắt lát mỏng hình sao. Hành tây bỏ vỏ  cắt miếng. Hành lá  rau răm bỏ gốc  rửa sạch rồi cắt nhỏ. Khi lá xách đã chín  bạn vớt ra xả qua nước lạnh  để ráo rồi thái lát mỏng vừa ăn  ướp với hạt nêm MAGGI nấm hương cho vị đậm đà hơn. | Đun nóng một ít dầu ăn trên chảo  cho hành vào phi thơm đến khi ngả vàng thì thêm hành tây vào xào khoảng 1 phút rồi bỏ khế vào xào  bạn có thể thêm ớt sa tế nếu thích ăn cay  xào khoảng 3 phút cho các nguyên liệu chín tới. | Cuối cùng  cho lá xách vào xào nhanh tay trên lửa lớn để lá xách không bị dai  nêm nếm với dầu hào MAGGI  thêm chút hành lá  rau răm thái nhỏ và ớt lát là đã hoàn thành rồi. Bạn trình bày món xào ra đĩa  dùng nóng với cơm hay làm món ăn chơi cùng bạn bè và gia đình đều rất ngon. Lá xách dai giòn đậm đà  đượm chút chua từ khế lạ miệng  càng ăn lại càng thích đấy!,https://www.maggi.com.vn/cong-thuc/la-xach-xao-khe-chua
Chân Gà Rút Xương Xào Cần,27 phút,3 người ăn,N/A,Chân Gà Rút Xương | Hành Tây | Ớt | Cần Tây | Tỏi | Dầu Hào Maggi | Hạt Nêm Maggi Vị Gà | Tiêu xay | Dầu ăn | Bột canh,Bạn rửa các nguyên liệu thật sạch trước khi chế biến. Chuẩn bị một nồi nước sôi  chần sơ chân gà rồi vớt lên xả qua nước lạnh để tăng độ giòn. Bạn bỏ rễ  lá héo của cần tây  rửa sạch rồi cắt khúc cỡ 3cm. Hành tây lột vỏ và thái múi cau mỏng. Tỏi băm nhỏ. | Bạn đun nóng chảo dầu  phi thơm tỏi rồi cho cần tây  hành tây vào xào. Trút tiếp phần chân gà rút xương vào  thêm dầu hào MAGGI óng ánh cùng hạt nêm MAGGI 3 ngọt gà và bột canh. Xào đều tay cho chân gà chín đều và có độ bóng bắt mắt. | Trước khi tắt bếp  cho ớt thái lát vào chảo  đảo qua một lần rồi bày món Chân Gà Rút Xương Xào Cần ra dĩa  rắc lên trên một chút tiêu xay. Món ăn này thưởng thức vào ngày mưa là “hết sảy” luôn bạn nha.,https://www.maggi.com.vn/cong-thuc/chan-ga-rut-xuong-xao-chua-ngot
Thịt Ba Rọi Ram Nguyên Tảng,60 phút,5 người ăn,N/A,Thịt Ba Rọi | 2 muỗng canh Dầu Điều | Đường | Giấm Gạo | 5 cây Đầu Hành Lá | Hạt Nêm Maggi | Nước Tương Maggi | Tỏi | Gừng | Muối | Ớt xắt lát,Thịt ba rọi mua về bạn rửa sạch với nước và dùng một ít muối xát lên bề mặt thịt để khử bớt mùi. Dùng giấy hay khăn thấm khô nước rồi cho thịt ba rọi vào tô và ướp với nước tương MAGGI  1 muỗng cà phê hạt nêm MAGGI nấm hương  giấm gạo  trộn thật đều cho các mặt của thịt thấm gia vị và để khoảng 20 phút. | Gừng gọt vỏ  rửa sạch rồi cắt lát. Bóc vỏ tỏi  đập hơi dập. Đây là bí quyết giúp món ăn dậy mùi thơm ngon  tỏi không bị nhũn nát trong quá trình kho hay ram thịt  nàng nhớ nhé! | Làm nóng nồi nhỏ trên bếp  cho đường và dầu điều vào rồi khuấy đều tay cho đường tan ra và có màu nâu cánh gián đẹp mắt. Khi hỗn hợp sánh lại  bạn cho gừng  tỏi vào xào thơm rồi thêm thịt ba rọi vào nồi. Chiên sơ các mặt của miếng thịt khoảng 3 phút cho bề mặt thịt thật săn rồi đổ nước xăm xắp mặt thịt và đun sôi. | Khi nước trong nồi đã sôi  bạn hạ nhỏ lửa  nêm nếm thêm hạt nêm MAGGI nấm hương  đảo đều rồi đun liu riu trên lửa nhỏ cho đến khi thịt chín mềm. Cuối cùng  bạn cho đầu hành lá vào và tắt bếp. | Gắp Tảng thịt ba rọi ra dĩa  cắt thành những lát mỏng và dùng nóng. Thịt ram chín mềm còn nguyên vị ngọt béo  bên ngoài đậm đà  trổ màu nâu bóng đẹp mắt  ăn cùng cơm trắng với nước tương MAGGI  vài lát ớt cắt thì cực ngon và lạ miệng. Cách làm ba rọi ram nguyên tảng rất đơn giản  nàng có thể vào bếp khoe khéo tài nội trợ  chiêu đãi cả nhà đấy!,https://www.maggi.com.vn/cong-thuc/thit-ba-roi-ram-nguyen-tang
Sen Xào Tam Sắc,53 phút,10 người ăn,N/A,Củ Sen Tươi | Hạt Sen | Súp Lơ Xanh | Tôm càng | Thịt ba rọi 300g | 3 củ Hành Khô | 10 g Hành Lá | Dầu ăn 1 muỗng canh | Nước 3 muỗng canh | Muối 1 muỗng cafe | Tiêu xay 1/2 muỗng cafe | Dầu Hào Maggi | Hạt Nêm Maggi,Hạt sen bạn rửa sạch  có thể tách phần tim sen ra để không bị đắng khi ăn rồi luộc sơ qua. Củ sen gọt vỏ  rửa dưới vòi nước chảy để làm sạch bùn đất bên trong các lỗ  cắt lát và luộc chín. Cà rốt gọt vỏ  tỉa hình hoa. Bông cải cắt miếng vừa ăn  ngâm trong nước muối loãng khoảng 10 phút rồi rửa sạch. | Tôm rửa sạch sau đó luộc chín rồi bóc vỏ  bạn chừa lại phần đuôi tôm cho đẹp mắt. Thịt heo rửa qua với nước và muối để loại bỏ mùi sau đó cắt miếng vừa ăn  ướp với một ít hạt nêm MAGGI nấm hương khoảng 5 phút cho đậm đà hơn. Hành ngò rửa sạch  cắt khúc. Hành khô đập dập  băm nhỏ. | Đun sôi dầu ăn trong chảo  phi hành khô đến khi dậy mùi thơm và ngả vàng thì cho thịt heo vào đảo đều tay cho săn lại. Lần lượt cho cà rốt  bông cải vào xào  cuối cùng là hạt sen  củ sen và tôm đã luộc chín. Bạn đảo đều tay cho các nguyên liệu chín đều  có thể thêm một ít nước để món xào không bị khô  cháy nhé! | Nêm nếm hạt sen xào tôm thịt với dầu hào MAGGI và hạt nêm MAGGI nấm hương cho đậm đà và dậy vị hơn. Xốc chảo thêm vài lần cho rau củ thấm dầu hào MAGGI  có độ óng ánh đẹp mắt rồi tắt bếp. Món ăn dinh dưỡng đã hoàn thành rồi đấy. Cách làm sen xào tôm thịt không hề khó chút nào đúng không chị em? | Trình bày món ăn ra dĩa  rắc thêm chút tiêu xay và thưởng thức thôi. Hạt sen bùi mềm  củ sen giòn ăn cùng tôm thịt ngọt dai  bông cải  cà rốt tươi vừa miệng  thơm lừng dầu hào MAGGI rất ngon mà còn tốt cho sức khỏe  nàng có thể thỏa sức trổ tài chăm lo cho cả nhà nhé!,https://www.maggi.com.vn/cong-thuc/sen-xao-tam-sac
Sườn Non Rim Mắm Tỏi,55 phút,2 người ăn,N/A,Sườn non | Tỏi | Dầu Ăn | Đường trắng | Tiêu | 3 muỗng canh MAGGI Nước Mắm | Nước | Muối,Đầu tiên  bạn chặt sườn non thành miếng vừa ăn  tốt nhất là độ dài miếng sườn vào khoảng 4cm đến 5cm  rửa sạch với nước. Để món ăn chất lượng hơn  bạn chuẩn bị thêm nồi nước sôi với một chút muối rồi đem sườn chần qua để loại bỏ hết chất bẩn. Vớt sườn ra và rửa sạch lại với nước lạnh  để ráo. Bóc vỏ  băm nhuyễn 2/3 số tỏi  phần còn lại cắt lát mỏng. | Làm nóng dầu ăn trong chảo  cho tỏi băm vào chảo phi vàng rồi vớt ra để riêng. Giữ nguyên chảo trên bếp sau đó cho tỏi cắt lát vào phi đến khi ngả vàng và dậy mùi thơm thì thêm vào nước mắm MAGGI  nước lọc  đường trắng và tiêu xay. Khuấy đều tay cho đường tan hết  hỗn hợp nước mắm hòa quyện với nhau  dậy mùi thơm hấp dẫn. | Khi phần nước sốt sôi lên thì bạn cho sườn vào rim trên lửa nhỏ khoảng 20 phút. Đừng quên trở mặt thường xuyên để nước sốt áo vào những miếng sườn thêm phần đậm đà hơn. Rim sườn non đến khi nước sốt keo lại  sườn chín mềm  có màu cánh gián và óng ánh đẹp mắt thì tắt bếp. Cách làm sườn non rim mắm tỏi thật đơn giản phải không các nàng? | Dọn sườn non rim ra dĩa  rắc lên trên tỏi phi vàng rồi mời cả nhà cùng thưởng thức. Những miếng sườn thơm nức lòng  áo thêm một lớp nước sốt đậm đà  ăn với cơm trắng là miễn chê. Món quen vị lạ này rất hao cơm và ngon miệng  nàng không thể bỏ qua đâu đấy!,https://www.maggi.com.vn/cong-thuc/suon-non-rim-mam-toi
Hủ Tiếu Trộn Bò Kho,60 phút,3 người ăn,N/A,Hủ Tiếu Khô | Thịt Nạm Bò | Cà Rốt | Sốt Cà Chua | Tỏi Băm | Hành Tím Băm | 2 nhánh Sả Cây | 1 cái Hoa Hồi | 1 thanh Quế | 1 1/2 muỗng canh Đường Trắng | Dầu Ăn | Hành lá | Ngò gai | Rau giá | 1 muỗng cà phê Ngũ Vị Hương | 1 muỗng canh MAGGI Hạt Nêm Nấm Hương | Dầu hào Maggi,Bạn rửa thịt bò cho sạch rồi thái thịt thành từng khối vuông cạnh 2cm. Nấu nước sôi  chần sơ hủ tiếu trong vòng 1 phút thì vớt lên xả dưới vòi nước. Đối với cà rốt  bào hết vỏ  cắt khúc hình chữ nhật dài 2cm. Sả bỏ bớt lá  đập dập rồi băm nhuyễn. | Cho thịt bò đã thái vào tô cùng lần lượt các loại gia vị như 1 muỗng canh dầu hào MAGGI  hạt nêm MAGGI nấm hương  ngũ vị hương  10gr tỏi băm  1 muỗng canh đường cát. Bạn dùng đũa trộn đều  ướp thịt tối thiểu 30 phút để thịt thấm vị. | Bạn đổ dầu ăn vào nồi  đun nóng dầu thì cho lượng  tỏi băm còn lại cùng hành tím xay vào phi  lúc hành tỏi vàng thơm thì thêm thịt bò. Bạn xào thịt đến khi vừa săn thì cho sốt cà chua vào  đảo qua lại vài lần rồi tiếp tục thêm vào nước lọc sao cho sấp mặt thịt. | Bạn đun hỗn hợp cho thật sôi và vớt hết bọt rồi đó sẽ cho sả  hoa hồi cùng quế vào nồi. Vặn lửa nhỏ  bắt đầu hầm thịt trong vòng 30 phút để thịt chín mềm. Sau đó dùng đũa gắp hoa hồi và quế ra  nêm vào nồi ít dầu hào MAGGI và đường cát. Thử lại vị và nêm nếm để điều chỉnh cho hợp ý nhé! | Bạn cho cà rốt vào nồi  đun trong vòng 10 phút để cà rốt mềm và nước hầm sệt lại là có thể tắt bếp. Lúc này  bạn cho hủ tiếu vào tô  rưới lên nước sốt bò hầm nóng hổi  có thể thêm rau giá cùng ngò gai để kích thích vị giác hơn. Vậy là món Hủ Tiếu Trộn Bò Kho đã hoàn thành rồi.,https://www.maggi.com.vn/cong-thuc/hu-tieu-tron-bo-kho
Rau Củ Luộc Chấm Kho Quẹt,53 phút,2 người ăn,N/A,Mỡ Heo | Hành Tím | Tỏi Bằm | Thịt Ba Chỉ | Tôm Khô | Ớt Hiểm | 10 g Tiêu Sọ | 2 muỗng canh Đường Trắng | 6 muỗng canh MAGGI Nước Mắm,Rửa sạch thịt ba rọi với nước  dùng muối chà xát lên bề mặt thịt rồi xả lại  để ráo. Cắt thịt thành những lát mỏng vừa ăn. Mỡ heo rửa sạch  cắt hạt lựu. Bạn lột vỏ rồi cắt lát hành tím  băm tỏi thật nhuyễn. Các loại rau củ ăn kèm  bạn gọt vỏ  rửa sạch rồi để ráo nhé! | Bắc nồi đất lên bếp và bắt tay vào làm món kho quẹt thôi nào. Đầu tiên  bạn chiên phần mỡ heo đã cắt hạt lựu từ trước. Vặn lửa vừa và đảo đều tay đến khi tóp mỡ chuyển sang màu vàng nâu  nước mỡ ra khá nhiều thì vớt ra để ráo dầu. Lúc này bạn cho ớt hiểm vào chiên sơ rồi vớt ra ngay nhé! | Sử dụng phần mỡ còn lại trong nồi để phi thơm hành tím và tỏi băm. Khi hành tỏi đã dậy mùi thì bạn cho thịt ba chỉ vào xào tới khi săn lại. Nêm nếm nước mắm MAGGI và đường trắng  khuấy đều tay đến khi đường tan hẳn  nước mắm hơi sệt lại. | Cuối cùng  để hoàn thành món mắm kho quẹt  bạn thêm tiêu sọ đập dập cùng ớt hiểm đã chiên sơ vào nồi. Trong lúc chờ cho hỗn hợp kho quẹt sôi và sệt lại  bạn chuẩn bị luộc các loại rau củ ăn kèm. Khi rau củ đã chín tới  kho quẹt đã sệt lại là có mùi thơm thì tắt bếp và dọn ra. | Xếp rau củ ra dĩa lớn  múc phần kho quẹt ra dĩa nhỏ và thưởng thức hương vị vừa quen vừa lạ này thôi. Rau củ luộc chín mềm  chấm kho quẹt đậm đà  béo ngậy từ thịt ba rọi và tóp mỡ. Cách làm mắm kho quẹt đơn giản nhưng cực hao cơm đó nha!,https://www.maggi.com.vn/cong-thuc/rau-cu-luoc-cham-kho-quet
Cá Thu Sốt Ớt Đậu Taro,45 phút,4 người ăn,N/A,Cá Thu | 1/2 quả Ớt Chuông | Khoai môn | 1/2 củ Cà Rốt | 1/2 quả Dưa Leo | Đậu Lăng | 1 nhánh Gừng | 1 muỗng cà phê Tiêu Xay | 2 cây Hành Lá | Dầu Hào Maggi | Dầu ăn,Cá thu bỏ nội tạng  rửa sạch phần bụng cá. Ở hai bên sườn cá bạn để ý sẽ thấy một sợi gân màu trắng  đây là nguyên nhân làm cá có mùi tanh. Do đó khi sơ chế  bạn nhớ cắt sát phần mang cá để sợi gân lộ ra  nhớ loại bỏ phần này để cá bớt tanh khi chế biến nhé. Dùng muối hoặc nước vo gạo ngâm cá khoảng 10 phút rồi rửa sạch lại bằng nước  để ráo. Ướp cá thu với tiêu  muối  gừng băm  hành băm cho cá thấm gia vị và thơm hơn. | Cà rốt gọt vỏ  rửa sạch rồi tỉa hình hoa cho đẹp. Ớt chuông bỏ hạt  thái lát. Khoai môn rửa sạch  nấu qua nước sôi để khử phần nhựa khoai trước khi gọt vỏ  rửa sạch rồi cắt khoai thành hình quân cờ. Gừng gọt vỏ  thái sợi. Dưa leo rửa sạch  cắt chéo  hành lá cắt thành từng khúc khoảng 3cm. Đậu lăng rửa sạch  để ráo nước trước khi chế biến. | Làm nóng chảo trên bếp với dầu ăn  cho cá thu đã ướp thấm gia vị vào chiên cho đến khi cá vàng đều hai mặt thì vớt ra ngoài  để ráo dầu. | Cho cà rốt  ớt chuông  đậu với khoai môn vào chảo xào chín cùng dầu hào MAGGI. Đảo đều tay để dầu hào MAGGI thấm vào các nguyên liệu  dậy mùi thơm và vẻ ngoài bóng bẩy cho món ăn. Sau khi xào chín các loại rau củ  cho cá thu vào lại chảo  xóc đều. rồi tắt bếp. Món ăn đã hoàn thành rồi nè! | Bày cá thu sốt ớt đậu ra đĩa  trang trí thêm với dưa leo  rắc tiêu và dùng nóng. Cá thu chiên thơm  thịt cá mềm ngọt tự nhiên  đượm chút beo béo kết hợp cùng rau củ tươi  vị cay nồng nhè nhẹ của tiêu xay  càng ăn càng mê  bạn nhất định sẽ phải xiêu lòng trước món ngon này đấy!,https://www.maggi.com.vn/cong-thuc/ca-thu-sot-ot-dau-taro
Mì Xào Hải Sản,48 phút,4 người ăn,N/A,400 g Mì Trứng | Mực Ống | Tôm | 1/2 củ Cà Rốt | 1 củ Hành Tây | 10g hành lá | 5g tỏi | 5g ngò | 1 quả Cà Chua | Cần Tây | 1/2 muỗng cafe tiêu xay | 2 trái ớt | 1 muỗng canh dầu ăn | Dầu Hào Maggi,Bạn chuẩn bị nồi nước sôi có pha thêm 1 muỗng dầu ăn rồi trụng mì qua cho mềm và không bị dính  sau đó vớt ra xả qua với nước rồi để ráo. Làm sạch tôm  bỏ đầu  vỏ  chân và đuôi rồi dùng tăm tre nhẹ nhàng rút chỉ đen sau lưng tôm ra. Lột bỏ phần da bên ngoài mực  làm sạch ruột rồi cắt miếng vừa ăn. Ướp hải sản đã sơ chế với 1 muỗng canh dầu hào MAGGI cho dậy mùi thơm khi chế biến. | Cà rốt bào vỏ  rửa sạch rồi cắt sợi dài. Hành tây lột bỏ vỏ  rửa sạch rồi cắt miếng. Hành lá  ngò  cần tây cắt bỏ gốc  rửa cho sạch hết bùn đất rồi thành cắt khúc. Giã nhuyễn hành và tỏi để xào cho thơm. Cà chua rửa sạch  cắt miếng. | Làm nóng chảo với một ít dầu ăn. Cho nửa phần hành  tỏi băm vào phi vàng cho thơm rồi thêm hải sản vào xào cho đến khi bề mặt mực hơi săn lại và tôm ngả màu cam đẹp mắt. Trút ra dĩa để riêng. | Bạn dùng tiếp phần hành tỏi còn lại  cho vào chảo phi thơm  rồi thêm cần tây vào xào chín. Lần lượt trút hỗn hợp tôm mực vào cùng với hành tây  cà rốt thái sợi đảo đều trong 30 giây. Tiếp đến bạn cho mì vào xào chung  nêm nếm thêm lượng dầu hào MAGGI còn lại cho món ăn thêm thơm ngon chuẩn vị hơn. Nhanh tay cho hành lá vào đảo đều rồi tắt bếp. | Trình bày món mì xào hải sản ra đĩa  rắc thêm ít tiêu  ngò lên trên. Cà chua cắt miếng xếp lên trên  bạn có thể lấy ớt tươi tỉa hình hoa trang trí cho món ăn trông hấp dẫn hơn. Từng sợi mì dai dai hòa quyện với nước xào và hải sản đậm đà lạ miệng sẽ khiến cả nhà ngất ngây ngay từ lần đầu tiên thưởng thức.,https://www.maggi.com.vn/cong-thuc/mi-xao-hai-san
Cá Tầm Xào Thơm,57 phút,5 người ăn,N/A,Cá Tầm | 1 quả Thơm (Dứa) | 1 củ Hành Tây | 2 quả Cà Chua | 1 củ Cà Rốt | Dầu Ăn | 5 g Hành Ngò | Dầu Hào Maggi | 2 muỗng cà phê MAGGI Hạt Nêm Nấm Hương | Hành tím băm | Tỏi băm | Tiêu | Cà rốt,Cá tầm sau khi mua về bạn rửa qua với nước lạnh rồi chần cá trong nước nóng để làm trắng lớp nhớt bao quanh  dùng dao cạo sạch nhớt và rửa lại nhiều lần cho cá sạch hẳn. Để cá ráo sau đó cắt thành những miếng vừa ăn. Ướp cá tầm với hành băm  hạt nêm MAGGI nấm hương và tiêu khoảng 20 phút  lật cá để các gia vị phủ đều bạn nhé. | Cà chua rửa sạch  hành tây lột vỏ  rửa qua với nước. Cắt múi cà chua và hành tây. Thơm bạn rửa sạch rồi cắt miếng hình tam giác vừa ăn. Cà rốt gọt vỏ  rửa sạch rồi tỉa hoa  cắt tròn. Hành ngò cắt bỏ gốc  rửa sạch  cắt nhỏ. | Làm nóng dầu trên chảo sau đó cho tỏi vào phi thơm  đến khi tỏi đã vàng và dậy mùi  cho cá tầm vào xào chín rồi trút ra dĩa. Bạn cho thêm dầu ăn  tiếp tục cho cà rốt  cà chua  hành tây và thơm vào xào đều tay khoảng 5 phút cho mềm. Cho cá tầm vào xào tiếp  nêm thêm dầu hào MAGGI và đảo đều thêm khoảng 2 phút nữa rồi cho hành ngò cắt nhỏ vào  tắt bếp. | Bày món ăn ra dĩa  rắc thêm chút tiêu cho thơm và kích thích mùi vị hơn. Dùng nóng với cơm rất ngon. Cá tầm béo thịt  ngon ngọt phối ngẫu với thơm chua chua rất dậy vị và lạ miệng  ngon nói không nên lời.,https://www.maggi.com.vn/cong-thuc/ca-tam-xao-thom
Cá Cơm Xào Chua Ngọt,45 phút,2 người ăn,N/A,Cá Cơm Khô | 2 muỗng canh Nước Cốt Chanh | 1 nhánh Tỏi | 1 muỗng cà phê Vừng rang | 1/2 muỗng cà phê Đường Trắng | Dầu Ăn | Dầu Hào Maggi | 1 muỗng canh MAGGI Nước Mắm | Hành lá | Nước lọc,Cá cơm khô sau khi mua về bạn rửa qua với nước lạnh sau đó ngâm trong nước vo gạo cho mềm rồi vớt ra  để ráo. Chú ý rửa kĩ cá để loại bỏ bụi cát hay các chất bẩn bạn nhé. Bóc vỏ tỏi sau đó rửa sạch rồi đập nhuyễn. | Pha nước với nước mắm MAGGI  nước cốt chanh  tỏi đã băm nhuyễn  1 muỗng dầu hào MAGGI và đường. Khuấy cho gia vị tan đều  hòa quyện vào nhau thành một hỗn hợp màu nâu đẹp mắt  có mùi thơm. | Làm nóng chảo  bạn cho nhiều dầu ăn một chút rồi cho cá vào chiên cho cá cơm săn lại. Khi thấy cá đã vàng đều  chắt bỏ bớt phần dầu ăn trong chảo ra  đổ hỗn hợp sốt đã pha vào chảo cá. Đảo đều và đun ở lửa nhỏ cho nước cạn  quyện đều vào cá cơm. | Khi chảo cá đã gần cạn nước  cho phần dầu hào MAGGI còn lại vào  đảo đều đến khi cạn hẳn. Tắt bếp rồi trình bày ra dĩa  rắc chút vừng rang  hành lá cho thơm và đẹp mắt. Nếu ăn cay  bạn có thể cho thêm ớt tươi cho có vị thơm và the the cho món ăn. Cá cơm xào chua ngọt thơm giòn  đậm đà có vị chua ngọt rất bắt cơm  ăn cùng với cơm nóng thì không chê vào đâu được.,https://www.maggi.com.vn/cong-thuc/ca-com-xao-chua-ngot
Miến Dong Xào Lươn,52 phút,3 người ăn,N/A,Lươn | Miến Dong | Giá Đỗ | 2 củ Hành Khô | Hành Lá | 3 g Rau Răm Xắt Nhuyễn | 1 muỗng canh nước cốt chanh | 1 muỗng canh dầu ăn | 10g muối hạt | Dầu Hào Maggi | 1 muỗng canh MAGGI Nước Mắm,Lươn sau khi mua về  bạn dùng muối hạt xát lên bề mặt lươn cho đến khi sạch hẳn nhớt  xả qua với nước cho sạch rồi tiếp tục dùng nước cốt chanh bóp qua thịt lươn để khử mùi. Xả lại với nước lạnh rồi đem luộc chín  vớt ra chờ lươn nguội rồi gỡ lấy thịt để riêng. Tiếp theo  bạn băm nhỏ hành khô  phi thơm trên chảo đến khi vàng rồi cho thịt lươn vào xào với nước mắm MAGGI cho săn lại. | Ngâm miến dong trong nước cho nở rồi vớt ra  dùng kéo cắt miến dong ngắn lại cho vừa ăn. Hành và rau răm bạn nhặt lấy lá  rửa sạch rồi thái nhỏ. Bắt chảo lên bếp  xào miến với chút dầu ăn ở lửa vừa. Trong quá trình xào  thỉnh thoảng cho thêm nước để sợi miến không bị khô và ngấm đủ nước để nở căng nhưng vẫn giữ được độ dai  không bị bở mềm. Sau đó  cho giá đỗ vào xào cùng. | Khi giá xào đã có độ chín tái  cho lươn và rau răm thái nhỏ vào xào đều tay  nêm nếm món miến xào với dầu hào MAGGI cho thơm và có màu sắc đẹp mắt  hấp dẫn hơn. Đảo đều cho các nguyên liệu thấm dầu hào MAGGI rồi tắt bếp. Món ăn đã hoàn thành rồi! | Trình bày món ăn ra dĩa cho cả nhà cùng thưởng thức. Phần miến dong được xào mềm  vẫn còn chút dai dai xen lẫn chút đậm đà của dầu hào MAGGI óng ánh  thêm chút ngon ngọt của thịt lươn sẽ rất lạ miệng và thú vị cho bữa tối thay cơm đấy!,https://www.maggi.com.vn/cong-thuc/mien-dong-xao-luon
Lá Xách Xào Khế Chua,40 phút,2 người ăn,N/A,Lá Xách | 1 quả Khế | Hành Tây | 1 muỗng cà phê Ớt Sừng | 2 muỗng canh Rượu Trắng | Muối | 10g gừng | 10 g Hành Lá | 10g rau răm | 1 muỗng canh dầu ăn | 2 muỗng cà phê MAGGI Hạt Nêm Nấm Hương | 2 muỗng canh MAGGI Dầu Hào,Đầu tiên  bạn rửa lá xách với nước sau đó bóp muối để khử khuẩn và làm dịu đi mùi hôi. Bạn lưu ý bóp thật kĩ trong từng kẽ lá. Bóp muối khoảng 2 lần sau đó rửa lại với nước cho sạch rồi cho rượu vào bóp 5 phút sau đó cho cho gừng băm nhỏ vào. Gừng kết hợp với rượu sẽ làm hết mùi hôi của lá xách. Sau khi sơ chế xong  luộc chín lá xách trong 10 phút. | Khế rửa sạch  cắt bỏ phần viền nâu bên ngoài rồi cắt lát mỏng hình sao. Hành tây bỏ vỏ  cắt miếng. Hành lá  rau răm bỏ gốc  rửa sạch rồi cắt nhỏ. Khi lá xách đã chín  bạn vớt ra xả qua nước lạnh  để ráo rồi thái lát mỏng vừa ăn  ướp với hạt nêm MAGGI nấm hương cho vị đậm đà hơn. | Đun nóng một ít dầu ăn trên chảo  cho hành vào phi thơm đến khi ngả vàng thì thêm hành tây vào xào khoảng 1 phút rồi bỏ khế vào xào  bạn có thể thêm ớt sa tế nếu thích ăn cay  xào khoảng 3 phút cho các nguyên liệu chín tới. | Cuối cùng  cho lá xách vào xào nhanh tay trên lửa lớn để lá xách không bị dai  nêm nếm với dầu hào MAGGI  thêm chút hành lá  rau răm thái nhỏ và ớt lát là đã hoàn thành rồi. Bạn trình bày món xào ra đĩa  dùng nóng với cơm hay làm món ăn chơi cùng bạn bè và gia đình đều rất ngon. Lá xách dai giòn đậm đà  đượm chút chua từ khế lạ miệng  càng ăn lại càng thích đấy!,https://www.maggi.com.vn/cong-thuc/la-xach-xao-khe-chua
Chân Gà Rút Xương Xào Cần,27 phút,3 người ăn,N/A,Chân Gà Rút Xương | Hành Tây | Ớt | Cần Tây | Tỏi | Dầu Hào Maggi | Hạt Nêm Maggi Vị Gà | Tiêu xay | Dầu ăn | Bột canh,Bạn rửa các nguyên liệu thật sạch trước khi chế biến. Chuẩn bị một nồi nước sôi  chần sơ chân gà rồi vớt lên xả qua nước lạnh để tăng độ giòn. Bạn bỏ rễ  lá héo của cần tây  rửa sạch rồi cắt khúc cỡ 3cm. Hành tây lột vỏ và thái múi cau mỏng. Tỏi băm nhỏ. | Bạn đun nóng chảo dầu  phi thơm tỏi rồi cho cần tây  hành tây vào xào. Trút tiếp phần chân gà rút xương vào  thêm dầu hào MAGGI óng ánh cùng hạt nêm MAGGI 3 ngọt gà và bột canh. Xào đều tay cho chân gà chín đều và có độ bóng bắt mắt. | Trước khi tắt bếp  cho ớt thái lát vào chảo  đảo qua một lần rồi bày món Chân Gà Rút Xương Xào Cần ra dĩa  rắc lên trên một chút tiêu xay. Món ăn này thưởng thức vào ngày mưa là “hết sảy” luôn bạn nha.,https://www.maggi.com.vn/cong-thuc/chan-ga-rut-xuong-xao-chua-ngot
Thịt Ba Rọi Ram Nguyên Tảng,60 phút,5 người ăn,N/A,Thịt Ba Rọi | 2 muỗng canh Dầu Điều | Đường | Giấm Gạo | 5 cây Đầu Hành Lá | Hạt Nêm Maggi | Nước Tương Maggi | Tỏi | Gừng | Muối | Ớt xắt lát,Thịt ba rọi mua về bạn rửa sạch với nước và dùng một ít muối xát lên bề mặt thịt để khử bớt mùi. Dùng giấy hay khăn thấm khô nước rồi cho thịt ba rọi vào tô và ướp với nước tương MAGGI  1 muỗng cà phê hạt nêm MAGGI nấm hương  giấm gạo  trộn thật đều cho các mặt của thịt thấm gia vị và để khoảng 20 phút. | Gừng gọt vỏ  rửa sạch rồi cắt lát. Bóc vỏ tỏi  đập hơi dập. Đây là bí quyết giúp món ăn dậy mùi thơm ngon  tỏi không bị nhũn nát trong quá trình kho hay ram thịt  nàng nhớ nhé! | Làm nóng nồi nhỏ trên bếp  cho đường và dầu điều vào rồi khuấy đều tay cho đường tan ra và có màu nâu cánh gián đẹp mắt. Khi hỗn hợp sánh lại  bạn cho gừng  tỏi vào xào thơm rồi thêm thịt ba rọi vào nồi. Chiên sơ các mặt của miếng thịt khoảng 3 phút cho bề mặt thịt thật săn rồi đổ nước xăm xắp mặt thịt và đun sôi. | Khi nước trong nồi đã sôi  bạn hạ nhỏ lửa  nêm nếm thêm hạt nêm MAGGI nấm hương  đảo đều rồi đun liu riu trên lửa nhỏ cho đến khi thịt chín mềm. Cuối cùng  bạn cho đầu hành lá vào và tắt bếp. | Gắp Tảng thịt ba rọi ra dĩa  cắt thành những lát mỏng và dùng nóng. Thịt ram chín mềm còn nguyên vị ngọt béo  bên ngoài đậm đà  trổ màu nâu bóng đẹp mắt  ăn cùng cơm trắng với nước tương MAGGI  vài lát ớt cắt thì cực ngon và lạ miệng. Cách làm ba rọi ram nguyên tảng rất đơn giản  nàng có thể vào bếp khoe khéo tài nội trợ  chiêu đãi cả nhà đấy!,https://www.maggi.com.vn/cong-thuc/thit-ba-roi-ram-nguyen-tang
Sen Xào Tam Sắc,53 phút,10 người ăn,N/A,Củ Sen Tươi | Hạt Sen | Súp Lơ Xanh | Tôm càng | Thịt ba rọi 300g | 3 củ Hành Khô | 10 g Hành Lá | Dầu ăn 1 muỗng canh | Nước 3 muỗng canh | Muối 1 muỗng cafe | Tiêu xay 1/2 muỗng cafe | Dầu Hào Maggi | Hạt Nêm Maggi,Hạt sen bạn rửa sạch  có thể tách phần tim sen ra để không bị đắng khi ăn rồi luộc sơ qua. Củ sen gọt vỏ  rửa dưới vòi nước chảy để làm sạch bùn đất bên trong các lỗ  cắt lát và luộc chín. Cà rốt gọt vỏ  tỉa hình hoa. Bông cải cắt miếng vừa ăn  ngâm trong nước muối loãng khoảng 10 phút rồi rửa sạch. | Tôm rửa sạch sau đó luộc chín rồi bóc vỏ  bạn chừa lại phần đuôi tôm cho đẹp mắt. Thịt heo rửa qua với nước và muối để loại bỏ mùi sau đó cắt miếng vừa ăn  ướp với một ít hạt nêm MAGGI nấm hương khoảng 5 phút cho đậm đà hơn. Hành ngò rửa sạch  cắt khúc. Hành khô đập dập  băm nhỏ. | Đun sôi dầu ăn trong chảo  phi hành khô đến khi dậy mùi thơm và ngả vàng thì cho thịt heo vào đảo đều tay cho săn lại. Lần lượt cho cà rốt  bông cải vào xào  cuối cùng là hạt sen  củ sen và tôm đã luộc chín. Bạn đảo đều tay cho các nguyên liệu chín đều  có thể thêm một ít nước để món xào không bị khô  cháy nhé! | Nêm nếm hạt sen xào tôm thịt với dầu hào MAGGI và hạt nêm MAGGI nấm hương cho đậm đà và dậy vị hơn. Xốc chảo thêm vài lần cho rau củ thấm dầu hào MAGGI  có độ óng ánh đẹp mắt rồi tắt bếp. Món ăn dinh dưỡng đã hoàn thành rồi đấy. Cách làm sen xào tôm thịt không hề khó chút nào đúng không chị em? | Trình bày món ăn ra dĩa  rắc thêm chút tiêu xay và thưởng thức thôi. Hạt sen bùi mềm  củ sen giòn ăn cùng tôm thịt ngọt dai  bông cải  cà rốt tươi vừa miệng  thơm lừng dầu hào MAGGI rất ngon mà còn tốt cho sức khỏe  nàng có thể thỏa sức trổ tài chăm lo cho cả nhà nhé!,https://www.maggi.com.vn/cong-thuc/sen-xao-tam-sac
Sườn Non Rim Mắm Tỏi,55 phút,2 người ăn,N/A,Sườn non | Tỏi | Dầu Ăn | Đường trắng | Tiêu | 3 muỗng canh MAGGI Nước Mắm | Nước | Muối,Đầu tiên  bạn chặt sườn non thành miếng vừa ăn  tốt nhất là độ dài miếng sườn vào khoảng 4cm đến 5cm  rửa sạch với nước. Để món ăn chất lượng hơn  bạn chuẩn bị thêm nồi nước sôi với một chút muối rồi đem sườn chần qua để loại bỏ hết chất bẩn. Vớt sườn ra và rửa sạch lại với nước lạnh  để ráo. Bóc vỏ  băm nhuyễn 2/3 số tỏi  phần còn lại cắt lát mỏng. | Làm nóng dầu ăn trong chảo  cho tỏi băm vào chảo phi vàng rồi vớt ra để riêng. Giữ nguyên chảo trên bếp sau đó cho tỏi cắt lát vào phi đến khi ngả vàng và dậy mùi thơm thì thêm vào nước mắm MAGGI  nước lọc  đường trắng và tiêu xay. Khuấy đều tay cho đường tan hết  hỗn hợp nước mắm hòa quyện với nhau  dậy mùi thơm hấp dẫn. | Khi phần nước sốt sôi lên thì bạn cho sườn vào rim trên lửa nhỏ khoảng 20 phút. Đừng quên trở mặt thường xuyên để nước sốt áo vào những miếng sườn thêm phần đậm đà hơn. Rim sườn non đến khi nước sốt keo lại  sườn chín mềm  có màu cánh gián và óng ánh đẹp mắt thì tắt bếp. Cách làm sườn non rim mắm tỏi thật đơn giản phải không các nàng? | Dọn sườn non rim ra dĩa  rắc lên trên tỏi phi vàng rồi mời cả nhà cùng thưởng thức. Những miếng sườn thơm nức lòng  áo thêm một lớp nước sốt đậm đà  ăn với cơm trắng là miễn chê. Món quen vị lạ này rất hao cơm và ngon miệng  nàng không thể bỏ qua đâu đấy!,https://www.maggi.com.vn/cong-thuc/suon-non-rim-mam-toi
Hủ Tiếu Trộn Bò Kho,60 phút,3 người ăn,N/A,Hủ Tiếu Khô | Thịt Nạm Bò | Cà Rốt | Sốt Cà Chua | Tỏi Băm | Hành Tím Băm | 2 nhánh Sả Cây | 1 cái Hoa Hồi | 1 thanh Quế | 1 1/2 muỗng canh Đường Trắng | Dầu Ăn | Hành lá | Ngò gai | Rau giá | 1 muỗng cà phê Ngũ Vị Hương | 1 muỗng canh MAGGI Hạt Nêm Nấm Hương | Dầu hào Maggi,Bạn rửa thịt bò cho sạch rồi thái thịt thành từng khối vuông cạnh 2cm. Nấu nước sôi  chần sơ hủ tiếu trong vòng 1 phút thì vớt lên xả dưới vòi nước. Đối với cà rốt  bào hết vỏ  cắt khúc hình chữ nhật dài 2cm. Sả bỏ bớt lá  đập dập rồi băm nhuyễn. | Cho thịt bò đã thái vào tô cùng lần lượt các loại gia vị như 1 muỗng canh dầu hào MAGGI  hạt nêm MAGGI nấm hương  ngũ vị hương  10gr tỏi băm  1 muỗng canh đường cát. Bạn dùng đũa trộn đều  ướp thịt tối thiểu 30 phút để thịt thấm vị. | Bạn đổ dầu ăn vào nồi  đun nóng dầu thì cho lượng  tỏi băm còn lại cùng hành tím xay vào phi  lúc hành tỏi vàng thơm thì thêm thịt bò. Bạn xào thịt đến khi vừa săn thì cho sốt cà chua vào  đảo qua lại vài lần rồi tiếp tục thêm vào nước lọc sao cho sấp mặt thịt. | Bạn đun hỗn hợp cho thật sôi và vớt hết bọt rồi đó sẽ cho sả  hoa hồi cùng quế vào nồi. Vặn lửa nhỏ  bắt đầu hầm thịt trong vòng 30 phút để thịt chín mềm. Sau đó dùng đũa gắp hoa hồi và quế ra  nêm vào nồi ít dầu hào MAGGI và đường cát. Thử lại vị và nêm nếm để điều chỉnh cho hợp ý nhé! | Bạn cho cà rốt vào nồi  đun trong vòng 10 phút để cà rốt mềm và nước hầm sệt lại là có thể tắt bếp. Lúc này  bạn cho hủ tiếu vào tô  rưới lên nước sốt bò hầm nóng hổi  có thể thêm rau giá cùng ngò gai để kích thích vị giác hơn. Vậy là món Hủ Tiếu Trộn Bò Kho đã hoàn thành rồi.,https://www.maggi.com.vn/cong-thuc/hu-tieu-tron-bo-kho
Rau Củ Luộc Chấm Kho Quẹt,53 phút,2 người ăn,N/A,Mỡ Heo | Hành Tím | Tỏi Bằm | Thịt Ba Chỉ | Tôm Khô | Ớt Hiểm | 10 g Tiêu Sọ | 2 muỗng canh Đường Trắng | 6 muỗng canh MAGGI Nước Mắm,Rửa sạch thịt ba rọi với nước  dùng muối chà xát lên bề mặt thịt rồi xả lại  để ráo. Cắt thịt thành những lát mỏng vừa ăn. Mỡ heo rửa sạch  cắt hạt lựu. Bạn lột vỏ rồi cắt lát hành tím  băm tỏi thật nhuyễn. Các loại rau củ ăn kèm  bạn gọt vỏ  rửa sạch rồi để ráo nhé! | Bắc nồi đất lên bếp và bắt tay vào làm món kho quẹt thôi nào. Đầu tiên  bạn chiên phần mỡ heo đã cắt hạt lựu từ trước. Vặn lửa vừa và đảo đều tay đến khi tóp mỡ chuyển sang màu vàng nâu  nước mỡ ra khá nhiều thì vớt ra để ráo dầu. Lúc này bạn cho ớt hiểm vào chiên sơ rồi vớt ra ngay nhé! | Sử dụng phần mỡ còn lại trong nồi để phi thơm hành tím và tỏi băm. Khi hành tỏi đã dậy mùi thì bạn cho thịt ba chỉ vào xào tới khi săn lại. Nêm nếm nước mắm MAGGI và đường trắng  khuấy đều tay đến khi đường tan hẳn  nước mắm hơi sệt lại. | Cuối cùng  để hoàn thành món mắm kho quẹt  bạn thêm tiêu sọ đập dập cùng ớt hiểm đã chiên sơ vào nồi. Trong lúc chờ cho hỗn hợp kho quẹt sôi và sệt lại  bạn chuẩn bị luộc các loại rau củ ăn kèm. Khi rau củ đã chín tới  kho quẹt đã sệt lại là có mùi thơm thì tắt bếp và dọn ra. | Xếp rau củ ra dĩa lớn  múc phần kho quẹt ra dĩa nhỏ và thưởng thức hương vị vừa quen vừa lạ này thôi. Rau củ luộc chín mềm  chấm kho quẹt đậm đà  béo ngậy từ thịt ba rọi và tóp mỡ. Cách làm mắm kho quẹt đơn giản nhưng cực hao cơm đó nha!,https://www.maggi.com.vn/cong-thuc/rau-cu-luoc-cham-kho-quet
Cá Thu Sốt Ớt Đậu Taro,45 phút,4 người ăn,N/A,Cá Thu | 1/2 quả Ớt Chuông | Khoai môn | 1/2 củ Cà Rốt | 1/2 quả Dưa Leo | Đậu Lăng | 1 nhánh Gừng | 1 muỗng cà phê Tiêu Xay | 2 cây Hành Lá | Dầu Hào Maggi | Dầu ăn,Cá thu bỏ nội tạng  rửa sạch phần bụng cá. Ở hai bên sườn cá bạn để ý sẽ thấy một sợi gân màu trắng  đây là nguyên nhân làm cá có mùi tanh. Do đó khi sơ chế  bạn nhớ cắt sát phần mang cá để sợi gân lộ ra  nhớ loại bỏ phần này để cá bớt tanh khi chế biến nhé. Dùng muối hoặc nước vo gạo ngâm cá khoảng 10 phút rồi rửa sạch lại bằng nước  để ráo. Ướp cá thu với tiêu  muối  gừng băm  hành băm cho cá thấm gia vị và thơm hơn. | Cà rốt gọt vỏ  rửa sạch rồi tỉa hình hoa cho đẹp. Ớt chuông bỏ hạt  thái lát. Khoai môn rửa sạch  nấu qua nước sôi để khử phần nhựa khoai trước khi gọt vỏ  rửa sạch rồi cắt khoai thành hình quân cờ. Gừng gọt vỏ  thái sợi. Dưa leo rửa sạch  cắt chéo  hành lá cắt thành từng khúc khoảng 3cm. Đậu lăng rửa sạch  để ráo nước trước khi chế biến. | Làm nóng chảo trên bếp với dầu ăn  cho cá thu đã ướp thấm gia vị vào chiên cho đến khi cá vàng đều hai mặt thì vớt ra ngoài  để ráo dầu. | Cho cà rốt  ớt chuông  đậu với khoai môn vào chảo xào chín cùng dầu hào MAGGI. Đảo đều tay để dầu hào MAGGI thấm vào các nguyên liệu  dậy mùi thơm và vẻ ngoài bóng bẩy cho món ăn. Sau khi xào chín các loại rau củ  cho cá thu vào lại chảo  xóc đều. rồi tắt bếp. Món ăn đã hoàn thành rồi nè! | Bày cá thu sốt ớt đậu ra đĩa  trang trí thêm với dưa leo  rắc tiêu và dùng nóng. Cá thu chiên thơm  thịt cá mềm ngọt tự nhiên  đượm chút beo béo kết hợp cùng rau củ tươi  vị cay nồng nhè nhẹ của tiêu xay  càng ăn càng mê  bạn nhất định sẽ phải xiêu lòng trước món ngon này đấy!,https://www.maggi.com.vn/cong-thuc/ca-thu-sot-ot-dau-taro
Mì Xào Hải Sản,48 phút,4 người ăn,N/A,400 g Mì Trứng | Mực Ống | Tôm | 1/2 củ Cà Rốt | 1 củ Hành Tây | 10g hành lá | 5g tỏi | 5g ngò | 1 quả Cà Chua | Cần Tây | 1/2 muỗng cafe tiêu xay | 2 trái ớt | 1 muỗng canh dầu ăn | Dầu Hào Maggi,Bạn chuẩn bị nồi nước sôi có pha thêm 1 muỗng dầu ăn rồi trụng mì qua cho mềm và không bị dính  sau đó vớt ra xả qua với nước rồi để ráo. Làm sạch tôm  bỏ đầu  vỏ  chân và đuôi rồi dùng tăm tre nhẹ nhàng rút chỉ đen sau lưng tôm ra. Lột bỏ phần da bên ngoài mực  làm sạch ruột rồi cắt miếng vừa ăn. Ướp hải sản đã sơ chế với 1 muỗng canh dầu hào MAGGI cho dậy mùi thơm khi chế biến. | Cà rốt bào vỏ  rửa sạch rồi cắt sợi dài. Hành tây lột bỏ vỏ  rửa sạch rồi cắt miếng. Hành lá  ngò  cần tây cắt bỏ gốc  rửa cho sạch hết bùn đất rồi thành cắt khúc. Giã nhuyễn hành và tỏi để xào cho thơm. Cà chua rửa sạch  cắt miếng. | Làm nóng chảo với một ít dầu ăn. Cho nửa phần hành  tỏi băm vào phi vàng cho thơm rồi thêm hải sản vào xào cho đến khi bề mặt mực hơi săn lại và tôm ngả màu cam đẹp mắt. Trút ra dĩa để riêng. | Bạn dùng tiếp phần hành tỏi còn lại  cho vào chảo phi thơm  rồi thêm cần tây vào xào chín. Lần lượt trút hỗn hợp tôm mực vào cùng với hành tây  cà rốt thái sợi đảo đều trong 30 giây. Tiếp đến bạn cho mì vào xào chung  nêm nếm thêm lượng dầu hào MAGGI còn lại cho món ăn thêm thơm ngon chuẩn vị hơn. Nhanh tay cho hành lá vào đảo đều rồi tắt bếp. | Trình bày món mì xào hải sản ra đĩa  rắc thêm ít tiêu  ngò lên trên. Cà chua cắt miếng xếp lên trên  bạn có thể lấy ớt tươi tỉa hình hoa trang trí cho món ăn trông hấp dẫn hơn. Từng sợi mì dai dai hòa quyện với nước xào và hải sản đậm đà lạ miệng sẽ khiến cả nhà ngất ngây ngay từ lần đầu tiên thưởng thức.,https://www.maggi.com.vn/cong-thuc/mi-xao-hai-san
Cá Tầm Xào Thơm,57 phút,5 người ăn,N/A,Cá Tầm | 1 quả Thơm (Dứa) | 1 củ Hành Tây | 2 quả Cà Chua | 1 củ Cà Rốt | Dầu Ăn | 5 g Hành Ngò | Dầu Hào Maggi | 2 muỗng cà phê MAGGI Hạt Nêm Nấm Hương | Hành tím băm | Tỏi băm | Tiêu | Cà rốt,Cá tầm sau khi mua về bạn rửa qua với nước lạnh rồi chần cá trong nước nóng để làm trắng lớp nhớt bao quanh  dùng dao cạo sạch nhớt và rửa lại nhiều lần cho cá sạch hẳn. Để cá ráo sau đó cắt thành những miếng vừa ăn. Ướp cá tầm với hành băm  hạt nêm MAGGI nấm hương và tiêu khoảng 20 phút  lật cá để các gia vị phủ đều bạn nhé. | Cà chua rửa sạch  hành tây lột vỏ  rửa qua với nước. Cắt múi cà chua và hành tây. Thơm bạn rửa sạch rồi cắt miếng hình tam giác vừa ăn. Cà rốt gọt vỏ  rửa sạch rồi tỉa hoa  cắt tròn. Hành ngò cắt bỏ gốc  rửa sạch  cắt nhỏ. | Làm nóng dầu trên chảo sau đó cho tỏi vào phi thơm  đến khi tỏi đã vàng và dậy mùi  cho cá tầm vào xào chín rồi trút ra dĩa. Bạn cho thêm dầu ăn  tiếp tục cho cà rốt  cà chua  hành tây và thơm vào xào đều tay khoảng 5 phút cho mềm. Cho cá tầm vào xào tiếp  nêm thêm dầu hào MAGGI và đảo đều thêm khoảng 2 phút nữa rồi cho hành ngò cắt nhỏ vào  tắt bếp. | Bày món ăn ra dĩa  rắc thêm chút tiêu cho thơm và kích thích mùi vị hơn. Dùng nóng với cơm rất ngon. Cá tầm béo thịt  ngon ngọt phối ngẫu với thơm chua chua rất dậy vị và lạ miệng  ngon nói không nên lời.,https://www.maggi.com.vn/cong-thuc/ca-tam-xao-thom
Cá Cơm Xào Chua Ngọt,45 phút,2 người ăn,N/A,Cá Cơm Khô | 2 muỗng canh Nước Cốt Chanh | 1 nhánh Tỏi | 1 muỗng cà phê Vừng rang | 1/2 muỗng cà phê Đường Trắng | Dầu Ăn | Dầu Hào Maggi | 1 muỗng canh MAGGI Nước Mắm | Hành lá | Nước lọc,Cá cơm khô sau khi mua về bạn rửa qua với nước lạnh sau đó ngâm trong nước vo gạo cho mềm rồi vớt ra  để ráo. Chú ý rửa kĩ cá để loại bỏ bụi cát hay các chất bẩn bạn nhé. Bóc vỏ tỏi sau đó rửa sạch rồi đập nhuyễn. | Pha nước với nước mắm MAGGI  nước cốt chanh  tỏi đã băm nhuyễn  1 muỗng dầu hào MAGGI và đường. Khuấy cho gia vị tan đều  hòa quyện vào nhau thành một hỗn hợp màu nâu đẹp mắt  có mùi thơm. | Làm nóng chảo  bạn cho nhiều dầu ăn một chút rồi cho cá vào chiên cho cá cơm săn lại. Khi thấy cá đã vàng đều  chắt bỏ bớt phần dầu ăn trong chảo ra  đổ hỗn hợp sốt đã pha vào chảo cá. Đảo đều và đun ở lửa nhỏ cho nước cạn  quyện đều vào cá cơm. | Khi chảo cá đã gần cạn nước  cho phần dầu hào MAGGI còn lại vào  đảo đều đến khi cạn hẳn. Tắt bếp rồi trình bày ra dĩa  rắc chút vừng rang  hành lá cho thơm và đẹp mắt. Nếu ăn cay  bạn có thể cho thêm ớt tươi cho có vị thơm và the the cho món ăn. Cá cơm xào chua ngọt thơm giòn  đậm đà có vị chua ngọt rất bắt cơm  ăn cùng với cơm nóng thì không chê vào đâu được.,https://www.maggi.com.vn/cong-thuc/ca-com-xao-chua-ngot
Miến Dong Xào Lươn,52 phút,3 người ăn,N/A,Lươn | Miến Dong | Giá Đỗ | 2 củ Hành Khô | Hành Lá | 3 g Rau Răm Xắt Nhuyễn | 1 muỗng canh nước cốt chanh | 1 muỗng canh dầu ăn | 10g muối hạt | Dầu Hào Maggi | 1 muỗng canh MAGGI Nước Mắm,Lươn sau khi mua về  bạn dùng muối hạt xát lên bề mặt lươn cho đến khi sạch hẳn nhớt  xả qua với nước cho sạch rồi tiếp tục dùng nước cốt chanh bóp qua thịt lươn để khử mùi. Xả lại với nước lạnh rồi đem luộc chín  vớt ra chờ lươn nguội rồi gỡ lấy thịt để riêng. Tiếp theo  bạn băm nhỏ hành khô  phi thơm trên chảo đến khi vàng rồi cho thịt lươn vào xào với nước mắm MAGGI cho săn lại. | Ngâm miến dong trong nước cho nở rồi vớt ra  dùng kéo cắt miến dong ngắn lại cho vừa ăn. Hành và rau răm bạn nhặt lấy lá  rửa sạch rồi thái nhỏ. Bắt chảo lên bếp  xào miến với chút dầu ăn ở lửa vừa. Trong quá trình xào  thỉnh thoảng cho thêm nước để sợi miến không bị khô và ngấm đủ nước để nở căng nhưng vẫn giữ được độ dai  không bị bở mềm. Sau đó  cho giá đỗ vào xào cùng. | Khi giá xào đã có độ chín tái  cho lươn và rau răm thái nhỏ vào xào đều tay  nêm nếm món miến xào với dầu hào MAGGI cho thơm và có màu sắc đẹp mắt  hấp dẫn hơn. Đảo đều cho các nguyên liệu thấm dầu hào MAGGI rồi tắt bếp. Món ăn đã hoàn thành rồi! | Trình bày món ăn ra dĩa cho cả nhà cùng thưởng thức. Phần miến dong được xào mềm  vẫn còn chút dai dai xen lẫn chút đậm đà của dầu hào MAGGI óng ánh  thêm chút ngon ngọt của thịt lươn sẽ rất lạ miệng và thú vị cho bữa tối thay cơm đấy!,https://www.maggi.com.vn/cong-thuc/mien-dong-xao-luon
Lá Xách Xào Khế Chua,40 phút,2 người ăn,N/A,Lá Xách | 1 quả Khế | Hành Tây | 1 muỗng cà phê Ớt Sừng | 2 muỗng canh Rượu Trắng | Muối | 10g gừng | 10 g Hành Lá | 10g rau răm | 1 muỗng canh dầu ăn | 2 muỗng cà phê MAGGI Hạt Nêm Nấm Hương | 2 muỗng canh MAGGI Dầu Hào,Đầu tiên  bạn rửa lá xách với nước sau đó bóp muối để khử khuẩn và làm dịu đi mùi hôi. Bạn lưu ý bóp thật kĩ trong từng kẽ lá. Bóp muối khoảng 2 lần sau đó rửa lại với nước cho sạch rồi cho rượu vào bóp 5 phút sau đó cho cho gừng băm nhỏ vào. Gừng kết hợp với rượu sẽ làm hết mùi hôi của lá xách. Sau khi sơ chế xong  luộc chín lá xách trong 10 phút. | Khế rửa sạch  cắt bỏ phần viền nâu bên ngoài rồi cắt lát mỏng hình sao. Hành tây bỏ vỏ  cắt miếng. Hành lá  rau răm bỏ gốc  rửa sạch rồi cắt nhỏ. Khi lá xách đã chín  bạn vớt ra xả qua nước lạnh  để ráo rồi thái lát mỏng vừa ăn  ướp với hạt nêm MAGGI nấm hương cho vị đậm đà hơn. | Đun nóng một ít dầu ăn trên chảo  cho hành vào phi thơm đến khi ngả vàng thì thêm hành tây vào xào khoảng 1 phút rồi bỏ khế vào xào  bạn có thể thêm ớt sa tế nếu thích ăn cay  xào khoảng 3 phút cho các nguyên liệu chín tới. | Cuối cùng  cho lá xách vào xào nhanh tay trên lửa lớn để lá xách không bị dai  nêm nếm với dầu hào MAGGI  thêm chút hành lá  rau răm thái nhỏ và ớt lát là đã hoàn thành rồi. Bạn trình bày món xào ra đĩa  dùng nóng với cơm hay làm món ăn chơi cùng bạn bè và gia đình đều rất ngon. Lá xách dai giòn đậm đà  đượm chút chua từ khế lạ miệng  càng ăn lại càng thích đấy!,https://www.maggi.com.vn/cong-thuc/la-xach-xao-khe-chua
Chân Gà Rút Xương Xào Cần,27 phút,3 người ăn,N/A,Chân Gà Rút Xương | Hành Tây | Ớt | Cần Tây | Tỏi | Dầu Hào Maggi | Hạt Nêm Maggi Vị Gà | Tiêu xay | Dầu ăn | Bột canh,Bạn rửa các nguyên liệu thật sạch trước khi chế biến. Chuẩn bị một nồi nước sôi  chần sơ chân gà rồi vớt lên xả qua nước lạnh để tăng độ giòn. Bạn bỏ rễ  lá héo của cần tây  rửa sạch rồi cắt khúc cỡ 3cm. Hành tây lột vỏ và thái múi cau mỏng. Tỏi băm nhỏ. | Bạn đun nóng chảo dầu  phi thơm tỏi rồi cho cần tây  hành tây vào xào. Trút tiếp phần chân gà rút xương vào  thêm dầu hào MAGGI óng ánh cùng hạt nêm MAGGI 3 ngọt gà và bột canh. Xào đều tay cho chân gà chín đều và có độ bóng bắt mắt. | Trước khi tắt bếp  cho ớt thái lát vào chảo  đảo qua một lần rồi bày món Chân Gà Rút Xương Xào Cần ra dĩa  rắc lên trên một chút tiêu xay. Món ăn này thưởng thức vào ngày mưa là “hết sảy” luôn bạn nha.,https://www.maggi.com.vn/cong-thuc/chan-ga-rut-xuong-xao-chua-ngot
Thịt Ba Rọi Ram Nguyên Tảng,60 phút,5 người ăn,N/A,Thịt Ba Rọi | 2 muỗng canh Dầu Điều | Đường | Giấm Gạo | 5 cây Đầu Hành Lá | Hạt Nêm Maggi | Nước Tương Maggi | Tỏi | Gừng | Muối | Ớt xắt lát,Thịt ba rọi mua về bạn rửa sạch với nước và dùng một ít muối xát lên bề mặt thịt để khử bớt mùi. Dùng giấy hay khăn thấm khô nước rồi cho thịt ba rọi vào tô và ướp với nước tương MAGGI  1 muỗng cà phê hạt nêm MAGGI nấm hương  giấm gạo  trộn thật đều cho các mặt của thịt thấm gia vị và để khoảng 20 phút. | Gừng gọt vỏ  rửa sạch rồi cắt lát. Bóc vỏ tỏi  đập hơi dập. Đây là bí quyết giúp món ăn dậy mùi thơm ngon  tỏi không bị nhũn nát trong quá trình kho hay ram thịt  nàng nhớ nhé! | Làm nóng nồi nhỏ trên bếp  cho đường và dầu điều vào rồi khuấy đều tay cho đường tan ra và có màu nâu cánh gián đẹp mắt. Khi hỗn hợp sánh lại  bạn cho gừng  tỏi vào xào thơm rồi thêm thịt ba rọi vào nồi. Chiên sơ các mặt của miếng thịt khoảng 3 phút cho bề mặt thịt thật săn rồi đổ nước xăm xắp mặt thịt và đun sôi. | Khi nước trong nồi đã sôi  bạn hạ nhỏ lửa  nêm nếm thêm hạt nêm MAGGI nấm hương  đảo đều rồi đun liu riu trên lửa nhỏ cho đến khi thịt chín mềm. Cuối cùng  bạn cho đầu hành lá vào và tắt bếp. | Gắp Tảng thịt ba rọi ra dĩa  cắt thành những lát mỏng và dùng nóng. Thịt ram chín mềm còn nguyên vị ngọt béo  bên ngoài đậm đà  trổ màu nâu bóng đẹp mắt  ăn cùng cơm trắng với nước tương MAGGI  vài lát ớt cắt thì cực ngon và lạ miệng. Cách làm ba rọi ram nguyên tảng rất đơn giản  nàng có thể vào bếp khoe khéo tài nội trợ  chiêu đãi cả nhà đấy!,https://www.maggi.com.vn/cong-thuc/thit-ba-roi-ram-nguyen-tang
Sen Xào Tam Sắc,53 phút,10 người ăn,N/A,Củ Sen Tươi | Hạt Sen | Súp Lơ Xanh | Tôm càng | Thịt ba rọi 300g | 3 củ Hành Khô | 10 g Hành Lá | Dầu ăn 1 muỗng canh | Nước 3 muỗng canh | Muối 1 muỗng cafe | Tiêu xay 1/2 muỗng cafe | Dầu Hào Maggi | Hạt Nêm Maggi,Hạt sen bạn rửa sạch  có thể tách phần tim sen ra để không bị đắng khi ăn rồi luộc sơ qua. Củ sen gọt vỏ  rửa dưới vòi nước chảy để làm sạch bùn đất bên trong các lỗ  cắt lát và luộc chín. Cà rốt gọt vỏ  tỉa hình hoa. Bông cải cắt miếng vừa ăn  ngâm trong nước muối loãng khoảng 10 phút rồi rửa sạch. | Tôm rửa sạch sau đó luộc chín rồi bóc vỏ  bạn chừa lại phần đuôi tôm cho đẹp mắt. Thịt heo rửa qua với nước và muối để loại bỏ mùi sau đó cắt miếng vừa ăn  ướp với một ít hạt nêm MAGGI nấm hương khoảng 5 phút cho đậm đà hơn. Hành ngò rửa sạch  cắt khúc. Hành khô đập dập  băm nhỏ. | Đun sôi dầu ăn trong chảo  phi hành khô đến khi dậy mùi thơm và ngả vàng thì cho thịt heo vào đảo đều tay cho săn lại. Lần lượt cho cà rốt  bông cải vào xào  cuối cùng là hạt sen  củ sen và tôm đã luộc chín. Bạn đảo đều tay cho các nguyên liệu chín đều  có thể thêm một ít nước để món xào không bị khô  cháy nhé! | Nêm nếm hạt sen xào tôm thịt với dầu hào MAGGI và hạt nêm MAGGI nấm hương cho đậm đà và dậy vị hơn. Xốc chảo thêm vài lần cho rau củ thấm dầu hào MAGGI  có độ óng ánh đẹp mắt rồi tắt bếp. Món ăn dinh dưỡng đã hoàn thành rồi đấy. Cách làm sen xào tôm thịt không hề khó chút nào đúng không chị em? | Trình bày món ăn ra dĩa  rắc thêm chút tiêu xay và thưởng thức thôi. Hạt sen bùi mềm  củ sen giòn ăn cùng tôm thịt ngọt dai  bông cải  cà rốt tươi vừa miệng  thơm lừng dầu hào MAGGI rất ngon mà còn tốt cho sức khỏe  nàng có thể thỏa sức trổ tài chăm lo cho cả nhà nhé!,https://www.maggi.com.vn/cong-thuc/sen-xao-tam-sac
Sườn Non Rim Mắm Tỏi,55 phút,2 người ăn,N/A,Sườn non | Tỏi | Dầu Ăn | Đường trắng | Tiêu | 3 muỗng canh MAGGI Nước Mắm | Nước | Muối,Đầu tiên  bạn chặt sườn non thành miếng vừa ăn  tốt nhất là độ dài miếng sườn vào khoảng 4cm đến 5cm  rửa sạch với nước. Để món ăn chất lượng hơn  bạn chuẩn bị thêm nồi nước sôi với một chút muối rồi đem sườn chần qua để loại bỏ hết chất bẩn. Vớt sườn ra và rửa sạch lại với nước lạnh  để ráo. Bóc vỏ  băm nhuyễn 2/3 số tỏi  phần còn lại cắt lát mỏng. | Làm nóng dầu ăn trong chảo  cho tỏi băm vào chảo phi vàng rồi vớt ra để riêng. Giữ nguyên chảo trên bếp sau đó cho tỏi cắt lát vào phi đến khi ngả vàng và dậy mùi thơm thì thêm vào nước mắm MAGGI  nước lọc  đường trắng và tiêu xay. Khuấy đều tay cho đường tan hết  hỗn hợp nước mắm hòa quyện với nhau  dậy mùi thơm hấp dẫn. | Khi phần nước sốt sôi lên thì bạn cho sườn vào rim trên lửa nhỏ khoảng 20 phút. Đừng quên trở mặt thường xuyên để nước sốt áo vào những miếng sườn thêm phần đậm đà hơn. Rim sườn non đến khi nước sốt keo lại  sườn chín mềm  có màu cánh gián và óng ánh đẹp mắt thì tắt bếp. Cách làm sườn non rim mắm tỏi thật đơn giản phải không các nàng? | Dọn sườn non rim ra dĩa  rắc lên trên tỏi phi vàng rồi mời cả nhà cùng thưởng thức. Những miếng sườn thơm nức lòng  áo thêm một lớp nước sốt đậm đà  ăn với cơm trắng là miễn chê. Món quen vị lạ này rất hao cơm và ngon miệng  nàng không thể bỏ qua đâu đấy!,https://www.maggi.com.vn/cong-thuc/suon-non-rim-mam-toi
Tôm Măng Xào Cay,30 phút,2 servings,N/A,Tôm Sú | Măng Tươi | Đậu Phộng Rang | Tỏi | Ớt Bằm | Đường Trắng | Hạt Nêm Maggi | Dầu Hào MAGGI | Dầu ăn | Rau mùi,Cách làm tôm xào măng rất đơn giản. Đầu tiên  bạn rửa sạch tôm sú  bóc bỏ vỏ tôm sau đó dùng khăn giấy thấm khô. Cho tôm vào tô ướp với hạt nêm MAGGI nấm hương  dầu hào MAGGI và đường cho thấm gia vị trong 10 phút. | Rửa  luộc măng với nước sôi và một chút muối từ 2-3 lần  xả rửa thật kĩ để loại bỏ vị đắng  mùi hăng và các độc tố trong măng. Măng tươi sau khi đã luộc  vắt cho thật ráo nước rồi cắt sợi. Tỏi và ớt băm nhỏ. | Làm nóng dầu trong chảo  phi tỏi và ớt băm đến khi vàng và dậy mùi thơm thì cho tôm sú vào chảo  bạn để lửa vừa để xào tôm săn lại và chín tới mà không bị khô  mất nước nhé! | Khi tôm bắt đầu đổi màu đỏ hồng đẹp mắt thì cho măng tươi vào đảo đều. Nêm nếm món ăn với dầu hào MAGGI  xào cho măng và tôm thấm dầu hào  có độ bóng bẩy óng ánh đẹp mắt và dậy mùi thơm. Bạn có thể nêm thêm hạt nêm MAGGI nấm hương cho vừa ăn  xào đến khi măng và tôm chín tới thì tắt bếp. Món tôm xào măng cay của cả nhà đã hoàn thành rồi đấy. | Trình bày món ăn ra đĩa  rắc thêm đậu phộng rang và một vài lá rau mùi lên trên cho đẹp mắt và hấp dẫn hơn. Món tôm măng xào cay dùng cùng cơm trắng  cảm nhận miếng măng giòn  có vị the cay nhẹ cùng thịt tôm dai ngọt lạ miệng  điểm chút béo bùi từ đậu phộng rang ngon đến ngây ngất đấy nhé!,https://www.maggi.com.vn/cong-thuc/tom-mang-xao-cay
Hàu Xào Lõi Chuối Non,55 phút,4 người ăn,N/A,Hàu | Lá lốt | Lõi Chuối Non | Tỏi/Hành Băm | Dầu Ăn | Ớt Bằm | Hạt Nêm Maggi | Dầu Hào MAGGI | Rượu trắng | Muối | Nước cốt chanh | Bánh đa nướng | Nước mắm MAGGI,Bạn ngâm hàu cho lớp bùn bên ngoài mềm ra rồi rửa thật sạch với nước. Chần hàu với nước sôi khoảng 2 phút để dễ tách phần thịt hàu. Sau khi rửa sơ hàu với rượu trắng để khử mùi tanh  bạn ướp với 1 muỗng canh tỏi hoặc hành băm  hạt nêm MAGGI nấm hương  trộn đều cho thấm gia vị. Lá lốt rửa sạch  thái nhỏ. Lõi chuối bỏ phần bẹ  chỉ lấy phần non trắng bên trong  cắt sợi rồi ngâm với nước muối pha chanh để tránh bị thâm. Vớt ra để ráo trước khi chế biến. | Làm nóng chảo trên bếp với dầu ăn  cho tỏi vào phi thơm đến khi vàng rồi trút hàu vào xào trên lửa lớn. Nêm nếm với nước mắm MAGGI  đảo nhanh tay cho hàu săn lại thì múc ra đĩa để riêng. | Thêm dầu vào chảo  cho tỏi băm vào phi thơm rồi trút phần lõi thân chuối vào xào đều tay cho chín hẳn. | Cho hàu xào vào trộn đều  nêm thêm lá lốt rồi tắt lửa. Bày món ăn ra dĩa và thưởng thức. Thử một miếng và cảm nhận sự thơm ngon của hàu  kết hợp cùng vị ngọt đặc trưng của thân cây chuối. Thêm vào đó  mùi lá lốt hấp dẫn làm món ăn thêm độc đáo  lạ miệng hơn. Món hàu xào ăn cùng cơm nóng hay bánh đa nướng đều ngon cực đấy!,https://www.maggi.com.vn/cong-thuc/hau-xao-loi-chuoi-non
"Kim Chi Xào Lạp Xưởng, Kiệu",15 phút,2 người ăn,N/A,Kim Chi | Lạp Xưởng | Kiệu tươi | Tỏi | Rau thơm | Dầu Ăn | Dầu Hào MAGGI,Hãy cắt lạp xưởng thành từng lát xéo có độ dày tầm 0.3cm. Đối với kiệu  bạn cắt đầu rễ và bỏ bớt đuôi dài phía sau  lột lớp vỏ bên ngoài rồi rửa sạch  để ráo. Lưu ý bạn có thể ngâm kiệu cùng nước muối loãng hoặc đá lạnh để tăng độ giòn. Tỏi sau khi bóc vỏ chỉ cần đập dập là được. | Đổ dầu vào chảo  khi dầu nóng thì phi vàng tỏi rồi thêm lạp xưởng vào xào thơm  tiếp đến sẽ cho củ kiệu cùng kim chi vào. Lúc nguyên liệu chín đều thì nêm dầu hào MAGGI  bạn đảo qua một lần là có thể tắt bếp. | Bạn cho món kim chi xào kiệu và lạp xưởng ra dĩa  trang trí thêm rau thơm cho đẹp mắt. Món ăn thích hợp dùng cùng cơm trắng. Lúc thưởng thức vị chua  giòn của kim chi  mùi thơm đặc trưng của kiệu và lạp xưởng sẽ quyện hòa vào nhau làm bạn nhớ mãi không quên đó nha.,https://www.maggi.com.vn/cong-thuc/kim-chi-xao-lap-xuong-cu-kieu-dau-hao
Sứa Xào Thịt Bò,37 phút,3 servings,N/A,Sứa Biển | Thịt Bò | Tỏi Tây | Hành Tây | Cần Tây | Gừng | Tỏi | Cà Rốt | Hạt Nêm Maggi | Dầu Hào MAGGI | Ớt xắt lát | Dầu ăn | Nước tương MAGGI,Gừng và tỏi bỏ vỏ  cắt lát rồi đập hơi dập cho mùi thơm hơn. Thịt bò rửa nhanh qua nước  dùng khăn giấy thấm nhẹ bề mặt thịt cho ráo nước rồi thái lát mỏng  ướp cùng với hạt nêm MAGGI nấm hương  gừng và 1/2 củ tỏi. Hành tây lột vỏ  bổ múi cau. Cần tây  tỏi tây cắt bỏ gốc  rửa sạch rồi thái khúc khoảng 5cm. Cà rốt gọt vỏ  thái lát mỏng. Sứa sau khi mua về bạn chắt hết nước cho ráo nhé! | Làm nóng 1/2 muỗng canh dầu ăn trên chảo rồi phi thơm phần tỏi còn lại đến khi ngả vàng  cho thịt bò đã ướp vào đảo nhanh tay đến khi thịt săn lại thì tắt lửa  trút ra dĩa để riêng. Bạn lưu ý không nên xào chín quá sẽ khiến thịt bò bị dai và khô. | Làm nóng chảo trở lại  thêm vào phần dầu ăn còn lại rồi lần lượt cho hành tây  cần tây  tỏi tây và cà rốt vào xào nhanh tay trên lửa lớn cho đến khi các nguyên liệu chín tái. Sau cùng  cho sứa và thịt bò xào vào đảo đều  nêm nếm món ăn với hạt nêm MAGGI nấm hương  dầu hào MAGGI. Xốc chảo đều tay cho các nguyên liệu thấm dầu hào và gia vị đậm đà  có độ óng ánh đẹp mắt đồng thời dậy mùi thơm hấp dẫn. | Trình bày món ăn ra đĩa  dùng nóng cùng cơm trắng  nếu muốn thưởng thức vị ngon đậm đà hơn  bạn có thể chuẩn bị thêm nước tương MAGGI và vài lát ớt. Sứa xào thịt bò mềm ngọt  mọng nước và thơm nhờ hương vị của các loại rau củ đi kèm. Thịt sứa xào vẫn giữ được độ giòn  ngon lạ miệng rất đặc trưng  nàng khó lòng bỏ qua đấy!,https://www.maggi.com.vn/cong-thuc/sua-xao-thit-bo
Thác Lác Nấm Xào Bó Xôi,60 phút,2 servings,N/A,Cá Thác Lác | Cải Bó Xôi | Nấm Đông Cô | Cà Rốt | Hành Lá | Dầu Ăn | Bột Bắp | Tiêu Xay | Nước | Tỏi/Hành Băm | Hạt Nêm Maggi | Dầu Hào MAGGI | Muối | Dầu mè,Nấm đông cô bạn cắt bỏ gốc  nhẹ nhàng rửa sạch với nước  chần sơ qua với nước sôi sau đó vắt ráo cho bớt mùi. Cải bó xôi cắt bỏ gốc  rửa sạch sau đó cắt thành khúc vừa ăn. Cà rốt gọt vỏ  rửa qua với nước rồi cắt hạt lựu nhỏ. | Cá thác lác sau khi rửa sạch  để thật ráo  bạn dùng dao lóc lấy phần thịt theo chiều dưới đuôi cá lên để xương không bị dính vào thịt. Để dễ thao tác hơn  bạn có thể bảo quản cá trong tủ lạnh trước khi lóc. Ướp cá thác lác với hạt nêm MAGGI nấm hương  muối. Cho thêm cà rốt và hành băm vào trộn đều rồi quết thật nhiều lần cho thịt cá thành hỗn hợp sánh dẻo. Bạn quết chả đến khi thấy hơi dai và có màu trắng đục là được. | Sau khi quết xong  bạn dùng muỗng múc một phần chả cá  vo tròn sau đó nhồi vào lòng nấm đông cô. Lặp lại thao tác đến khi hết nấm và chả cá. Chuẩn bị xửng  cho cá thác lác nấm vào hấp chín. | Làm nóng chảo trên bếp với dầu ăn  phi thơm tỏi rồi cho cải bó xôi vào xào. Trong khi đó bạn cho bột bắp vào nước  khuấy đều cho bột tan rồi đổ từ từ vào chảo xào rau. Đừng quên đảo đều chảo để bột bắp chín và phần nước xào có độ sánh trong nhé! | Cách xào rau cải ngon tất nhiên không thể thiếu dầu hào MAGGI đâu nhé. Bạn nêm thêm dầu dào MAGGI vào chảo  đảo đều rồi tắt bếp. Món ăn chỉ còn trình bày ra dĩa nữa thôi là có thể thưởng thức. | Lót cải bó xôi xuống dưới đĩa rồi cho cá thác lác nấm đã hấp chín lên trên  rưới nước sốt xào thơm lừng lên trên rồi thêm ít tiêu xay cùng dầu mè cho thơm. Vậy là món ăn thời thượng đã sẵn sàng để thưởng thức rồi. Bạn có thể dùng trực tiếp hoặc ăn cùng cơm nóng đều rất ngon  vị ngọt của cá và nấm đông cô  kết hợp cùng cả bó xôi xào cực kì hài hòa và dậy vị.,https://www.maggi.com.vn/cong-thuc/thac-lac-nhoi-nam-xao-bo-xoi
Giò Sống Xào Đọt Bí,30 phút,3 người ăn,N/A,Giò Sống | Đọt Bí Non | Tỏi Băm | 1 muỗng canh Dầu Ăn | Dầu Hào MAGGI | Tiêu xay | Ớt xắt lát | Nước tương MAGGI,Đọt bí xanh tước bỏ phần xơ bên ngoài thân của ngọn bí  phần lá bỏ riêng  vò nhẹ cho lông tơ bay bớt rồi rửa sạch  vắt nhẹ cho bớt nước rồi để ráo. Giò sống bạn cho lên nồi  hấp chín rồi cắt khúc vừa ăn. | Làm nóng dầu trên chảo  cho tỏi băm vào phi thơm cho đến khi vàng cạnh. | Tiếp theo cho giò sống vào đảo đều  sau đó cho đọt bí xanh xào chung. | Xào đến khi đọt bí mềm thì nêm nếm với dầu hào MAGGI  trộn đều cho dầu hào ngấm đều vào rau bí  mang đến vị ngon và thơm cho món rau bí xào tỏi và giò sống. | Trình bày món xào ra dĩa  rắc thêm chút tiêu xay cho món ăn thêm hấp dẫn hơn. Dùng nóng với cơm trắng  thêm một chén nước tương MAGGI và vài lát ớt thì ngon tuyệt đỉnh của đỉnh đó nàng ơi. Vừa dễ chế biến  lại vừa nhanh chóng  tiện lợi thế này thì ngại gì mà không thử.,https://www.maggi.com.vn/cong-thuc/gio-song-xao-dot-bi-non
Bò Nướng Dầu Hào Cải Bẹ Xanh,48 phút,4 người ăn,N/A,Thịt Bò Phi Lê | Dưa Leo | Cải Bẹ Xanh | Cà Rốt | Tỏi Băm | Sả Băm | Ngũ Vị Hương | Đường Trắng | MAGGI Hạt Nêm Nấm Hương | MAGGI Dầu Hào | MAGGI Nước Tương,Với công đoạn sơ chế  rửa sạch nguyên liệu trước khi cắt gọt và chế biến. Dưa leo sau khi rửa sạch  cắt thành những que dài. Bạn có thể gọt vỏ dưa leo hoặc để nguyên tùy thích  dưa leo nguyên vỏ khi ăn sẽ giòn hơn. Cải bẹ xanh cắt bỏ gốc  rửa sạch  để cho ráo nước rồi cắt dọc để lấy hai bên lá. Cà rốt gọt sạch lớp vỏ ngoài  rửa qua nước lạnh rồi thái thành sợi. | Rửa sạch thịt bò với nước  để ráo rồi ướp với sả băm  tỏi băm  bột ngũ vị hương  hạt nêm MAGGI. Đừng quên thêm dầu hào MAGGI cho thịt bò nướng tảng có màu đẹp mắt  đậm hương thơm và đặc biệt giúp thịt mềm  giữ được vị ngọt tự nhiên. Bạn để thịt bò đã ướp tủ lạnh khoảng 15 phút trước khi nướng. Với tảng thịt to hơn  bạn kéo dài thời gian ướp để thịt được ngấm gia vị đều và đậm đà hơn nhé. | Sau khi thịt bò đã ướp xong  dùng kẹp gắp thịt vào nồi chiên không dầu. Phết nước ướp thịt lên bề mặt cho món ăn thêm dậy mùi rồi nướng thịt ở 200 độ trong vòng 10 phút. Thịt bò nướng vừa chín tới tứa mỡ ra bên ngoài  có màu nâu cánh gián đẹp mắt. Bên trong thịt chín tới  mềm và ngọt vị. Bạn không nên nướng quá lâu để tránh thịt bị dai và khô nhé. | Nước sốt chấm thịt bò nướng cũng rất quan trọng góp phần tạo nên hương vị cho món ăn. Để pha nước chấm  bạn cho nước tương MAGGI  1 muỗng cà phê dầu hào MAGGI  đường  nước lọc. Đun liu riu hỗn hợp nước chấm trên lửa nhỏ  khuấy đều tay cho đường tan đều  các gia vị hòa quyện với nhau. | Thịt bò sau khi nướng xong bạn cắt thành miếng vừa ăn  cuộn với cải bẹ xanh  cà rốt  dưa leo  chấm cùng nước sốt thơm ngon. Thịt bò nướng tảng mềm  mọng nước được tẩm ướp đậm đà  cải bẹ xanh cay cay  thơm thơm lạ miệng  kích thích vị giác vô cùng. Chắc rằng món thịt bò nướng vừa quen  vừa lạ này sẽ làm xiêu lòng bạn từ lần thưởng thức đầu tiên.,https://www.maggi.com.vn/cong-thuc/bo-nuong-dau-hao-cai-be-xanh
Cá Hồi Nướng Măng Tây,77 phút,2 người ăn,N/A,Cá Hồi | Măng Tây | Khoai Tây | Tiêu Xay | MAGGI Dầu Hào | MAGGI Hạt Nêm Nấm Hương | Muối | Bột tỏi | Mùi tây khô | Chanh | Sữa tươi,Cá hồi rửa qua với nước  ngâm trong sữa tươi 10 phút để khử mùi tanh rồi rửa sạch lại lần nữa  dùng giấy thấm khô. Ướp đều cá hồi với hạt nêm MAGGI nấm hương  dầu hào MAGGI và tiêu xay. Bọc cá lại bằng màng thực phẩm rồi cho cá vào ngăn mát tủ lạnh khoảng 30 phút - 1 tiếng cho cá thật ngấm gia vị trước khi nướng. | Rửa sạch măng và cắt bỏ phần gốc già. Dùng dao bào hoặc gọt 1/3 cọng măng tính từ gốc trở lên  phần đầu măng rất non nên bạn không cần gọt. Khoai tây rửa sạch  gọt vỏ cắt miếng vừa ăn rồi ngâm trong nước muối loãng cho khoai không bị thâm. Phết một lớp dầu hào MAGGI lên măng tây để dậy mùi thơm hơn khi nướng  khoai tây sau khi ngâm bạn rút ra để ráo trước khi chế biến. | Lót giấy bạc  cho cá hồi vào  bạn lật mặt da lên trên nhé! Xếp măng tây và khoai tây vào nồi chiên không dầu  nướng ở mức 200 độ trong vòng 10 phút để cá và măng chín. Sau khi cá hồi và măng tây đã chín  bạn gắp cá và măng tây ra  chiên tiếp khoai tây ở nhiệt độ 200 độ trong 5 phút nữa. Dầu cá hồi tiết ra sẽ làm khoai giòn và ngon hơn. | Bày cá hồi nướng và măng tây  khoai tây ra dĩa. Bạn có thể rắc thêm bột tỏi  mùi tây khô và xếp vài lát chanh lên trên để món ăn thơm chuẩn vị “Tây” hơn. Thưởng thức món Cá Hồi Nướng Măng Tây béo mền  giòn ngọt cùng khoai tây chiên bùi bùi  thêm vài giọt nước chanh tươi lên bề mặt cá sẽ tăng thêm vị ngon của món ăn nữa đấy.,https://www.maggi.com.vn/cong-thuc/ca-hoi-nuong-mang-tay
Thịt Nhồi Cà Chua Dầu Hào,35 phút,6 người ăn,N/A,Thịt Heo Xay | Cà Chua | Hạt Bắp Mỹ Tươi | Nấm Đông Cô | 1 quả Trứng Gà | 20 g Hành Lá | 50 g Hành Tím Hạt Lựu | 1 muỗng cà phê Đường Cát | 1 muỗng cà phê MAGGI Hạt Nêm Nấm Hương | 1 muỗng canh MAGGI Dầu Hào,Bạn rửa sạch nấm đông cô  ngâm muối vài phút sau đó vớt ra thái hạt lựu. Hành lá cùng hành tím bỏ rễ và lớp vỏ ngoài  rửa sạch rồi cũng thái hạt lựu. Hãy cho hạt bắp vào nước sôi  luộc chín. Lúc này  bạn cho thịt xay vào tô  thêm nấm đông cô  bắp hạt  trứng gà  cùng hành lá và hành tím. Nêm nếm dầu hào MAGGI cùng hạt nêm MAGGI nấm hương với đường cát. Trộn đều để hỗn hợp thấm vị. | Bạn rửa cà chua thật sạch  cắt bỏ phần đầu  cạo hết ruột và hạt bên trong rồi cho nhân đã được tẩm ướp vào. Cà chua đã nhồi nhân sẽ được xếp vào nồi chiên không dầu. Bạn chỉnh nhiệt ở mức 200 độ C  chiên trong thời gian từ 10 - 13 phút  kiểm tra thấy thịt chín là có thể tắt nồi. | Bạn cho từng quả cà chua nhồi thịt ra dĩa  trang trí thêm rau cải xung quanh để tăng độ bắt mắt. Món ăn thích hợp dùng cùng cơm trắng khi còn nóng và có thể chấm kèm với nước tương MAGGI để thêm phần hấp dẫn.,https://www.maggi.com.vn/cong-thuc/thit-nhoi-ca-chua-dau-hao
Kimbap Hải Sản Trứng,38 phút,3 người ăn,N/A,400 g Cơm | 6 lá Rong Biển | 200 g Tôm Sú | 6 quả Trứng Gà | 6 quả Trứng Vịt Muối | 1 gói Thanh Cua | 100 g Dưa Leo | 100 g Cà Rốt | 100 g Củ Cải Vàng | 100 g Bột Chiên Xù | 2 muỗng canh Dầu Ăn | 2 muỗng canh Giấm Gạo | 0 1/3 muỗng cà phê Muối | 1 muỗng cà phê Dầu Mè | 1 muỗng cà phê Mè Rang Vàng | 3 muỗng canh Tương ớt | Maggi nước tương,Bạn vo sạch gạo rồi nấu chín  dùng muỗng trải cơm ra khay lớn  xới đều  trộn cơm với nước giấm loãng pha ít muối  thêm dầu mè và mè rang vào đảo đều. Đánh tan trứng gà  chiên chín  cắt thành sợi dài bề ngang khoảng 1cm. Luộc trứng vịt muối  tách riêng lòng đỏ  cắt thành những mẩu nhỏ. Củ cài vàng  cà rốt gọt bỏ vỏ  rửa sạch cùng dưa leo rồi cắt thành sợi dài. Tôm lột bỏ vỏ  đầu  đuôi  luộc chín rồi vớt ra xả qua nước lạnh  để ráo cho giòn và đẹp. | Khi các nguyên liệu đã sẵn sàng  bạn đặt 1 mành tre lên mặt phẳng  đặt lá rong biển khô lên  bạn để mặt nhám của rong biển bên trên để cuốn. Trải đều cơm lên mặt rong biển  dàn đều tay để độ dày đồng đều  lần lượt cho tôm  thanh cua  trứng gà  củ cải vàng  cà rốt và dưa leo vào giữa theo chiều ngang của rong biển. Cuốn chặt tay và điều chỉnh sao cho các nguyên liệu không bị xô lệch ra ngoài. | Chuẩn bị một chén trứng gà đánh tan và dĩa đựng bột chiên xù  cắt đôi cuộn kimbap rồi lần lượt nhúng qua trứng sau đó lăn qua bột sao cho áo đều lên cuộn cơm. Bạn cũng nên lăn nhanh qua trứng chứ không nên để lâu  tránh làm phần rong biển bị mềm dễ vỡ cơm nhé! | Chiên cơm cuộn ngập trong dầu nóng với chảo sâu lòng đến khi lớp bột chiên xù có màu vàng ươm đẹp mắt thì vớt ra để ráo. | Cắt kimbap hải sản thành từng miếng nhỏ vừa ăn và thưởng thức MAGGI Nước tương ngay khi còn nóng để cảm nhận vị giòn bên ngoài và nhân hải sản đầy đặn bên trong. Món ngon thời thượng là thế nhưng cách làm kimbap hải sản lại đơn giản đến không ngờ phải không nào?,https://www.maggi.com.vn/cong-thuc/kimbap-hai-san-trung-muoi-chien
Đậu Hủ Sốt Cay,27 phút,2 người ăn,N/A,5 miếng Đậu Hủ Non | 120 g Nạc Heo Dăm Xay | 1 quả Cà Chua | 10 g Đậu Hà Lan | 200 g Nấm Đông Cô | 5 g Bột Bắp | 10 g Tỏi/Hành Băm | 2 muỗng canh Dầu Ăn | 2 muỗng cà phê Đường | 1 muỗng canh MAGGI Dầu Hào | 1 muỗng cà phê MAGGI Hạt Nêm Nấm Hương | 1 muỗng canh MAGGI Nước Tương | 4 muỗng canh Tương ớt | Nước,Đậu hủ cắt miếng vuông; cà chua  đậu Hà Lan  nấm đông cô cắt hạt lựu vừa ăn. | Pha nước sốt cay gồm: tương ớt  dầu hào MAGGI  hạt nêm MAGGI nấm hương  nước tương MAGGI  đường  nước và bột bắp theo định lượng đã chuẩn bị sẵn. Cho dầu ăn vào chảo phi hành tỏi cho thơm  rồi cho thịt vào xào chín. Tiếp theo cho nấm đông cô vào xào sơ rồi cho phần nước sốt đã pha sẵn vào  nêm nếm lại cho vừa ăn. | Trình bày ra đĩa thưởng thức cùng cơm nóng là bao hao cơm đó nha. Nước sốt sền sệt  nồng cay mát  ăn cùng đậu hủ non mềm mát mang lại cảm giác cực mới lạ  vị lạ mà quen  ăn một lần là nhớ mãi.,https://www.maggi.com.vn/cong-thuc/dau-hu-sot-cay
Nem Rán,68 phút,2 người ăn,N/A,1 củ Hành Tây | 500 g Thịt Lợn Sấn Vai | Dầu ăn | 1 củ Cà Rốt | 1 muỗng cà phê Đường | 1 muỗng cà phê Giấm | 1 muỗng cà phê Tiêu Xay | 1 muỗng cà phê MAGGI Hạt Nêm Nấm Hương | Bánh đa | Hành lá  rau mùi (ngò) | Nấm hương | Mộc nhĩ | Trứng gà | Miến | Tương ớt,Thịt mua về rửa sạch băm nhỏ hoặc cho vào máy xay nhuyễn. Hành tây bóc vỏ thái nhỏ  cà rốt bào sợi hoặc thái hạt lựu. Mộc nhĩ  nấm hương ngâm nước nóng  cắt chân  rửa sạch rồi thái sợi bé. Miến ngâm nước ấm cho mềm ra rồi dùng kéo cắt nhỏ. Hành lá  ngò rửa sạch  thái nhỏ  phần củ hành còn lại đập dập  băm nhỏ. | Trộn tất cả những nguyên liệu ở bước 1 với nhau. Sau đó đập trứng bỏ vào trộn cùng nhân nem  trứng sẽ giúp cho nhân quyện vào với nhau và có độ dính nhất định  khi cuốn nem sẽ dễ dàng hơn. Bí quyết để nhân nem đậm đà lạ vị chính là dùng hạt nêm MAGGI nấm hương đấy. | Khi cuốn nem chuẩn bị thêm một tô nước để nhúng bánh đa cho bánh mềm và dễ cuốn. Pha giấm  đường và chút nước lọc sẽ được hỗn hợp nước để nhúng bánh rồi. Dùng nước lọc thôi cũng được nhưng pha nước nhúng như trên khi rán nem sẽ giòn và vàng hơn. Trải bánh đa nem ra mặt phẳng  múc 1 muỗng nhân nem vào khoảng 1/3 diện tích tấm bánh đa nem  gấp 2 mép bánh đa lại và cuốn kín đến khi hết miếng bánh đa. | Làm nóng chảo  đổ dầu ngập mặt nem hoặc bằng nửa miếng nem  thử dầu sôi lăn tăn mới cho nem vào rán. Lưu ý không để lửa quá to hoặc quá nhỏ sẽ khiến nem không ngon. Khi mặt nem bên dưới đã chín thì lật mặt trên rán đến khi vàng đều thì gắp nem ra  đặt trên rổ có lót giấy thấm dầu để hút bớt lượng dầu thừa trên nem. Để nem trông đẹp mắt  khi rán bạn nhớ hớt phần vụn nem bị cháy nhé  tránh để vụn nem bám ngược trở lại trông món ăn sẽ không được hấp dẫn. | Khi ăn cắt nem ra thành từng khúc nhỏ vừa ăn  dùng kèm nước chấm chua ngọt hoặc đặc biệt ngon hơn khi ăn kèm với tương ớt. Trang trí đĩa nem với vài cọng ngò  hoa hồng làm từ trái cà chua sẽ giúp món ăn thêm phần hấp dẫn. Chúc bạn sẽ thật ngon miệng với đĩa nem rán giòn rụm  vị lạ mà thân quen này nhé!,https://www.maggi.com.vn/cong-thuc/nem-ran
Hàu Nướng Phô Mai Dầu Hào,30 phút,6 người ăn,N/A,2 kilôgam Hàu | 120 g Phô Mai | 1 muỗng canh MAGGI Dầu Hào | Rượu trắng | Đường | Nước cốt chanh | Ớt xắt lát | Nước mắm MAGGI,Hàu sau khi mua về  bạn ngâm với nước khoảng 2 - 3 tiếng để lớp bùn đất bên ngoài mềm ra  giúp công đoạn sơ chế hàu được dễ dàng hơn. Dùng bàn chải chà rửa sạch từ phần vỏ đến miệng hàu  sau đó chần với nước nóng trong 2 phút cho dễ tách vỏ  rửa sơ qua rượu trắng khử mùi tanh rồi để ráo. | Dùng cọ phết lên thịt hàu một lớp mỏng dầu hào MAGGI rồi đặt một miếng phô mai lên mặt hàu. Bạn lặp lại thao tác này đến khi hết số lượng hàu nhé! | Bạn mở nồi chiên không dầu cho nóng khoảng 5 phút để nhiệt lượng phân bổ đều  sau đó xếp từng con hàu vào bên trong  đậy nắp lại chiên ở mức 200 độ với thời gian 5 phút. Cách để nướng hàu ngon đó là chỉ nướng đến khi hàu vừa chín tới để giữ độ ngọt và mọng nước  tránh cho hàu bị khô. | Khi hàu đã chín  bạn dọn món ăn ra dĩa và thưởng thức ngay khi còn nóng. Hàu nướng phô mai ăn kèm với một ít nước mắm đường chua cay hay ăn không đều rất ngon. Phô mai và thịt hàu béo thơm ngậy  nức lòng người thưởng thức.,https://www.maggi.com.vn/cong-thuc/hau-nuong-pho-mai-dau-hao
Sốt Chấm Gỏi Cuốn,15 phút,2 người ăn,N/A,4 muỗng canh MAGGI Nước Tương | 1 muỗng canh Tương ớt | 2 muỗng canh Nước Cốt Dừa | 1 muỗng cà phê Bơ đậu phộng | 1 muỗng cà phê Đường Trắng | 1 muỗng canh Dầu Hành Tỏi Phi | 1 muỗng canh Nước Cốt Me,Bạn cho vào 1 chén nhỏ lần lượt các loại gia vị gồm nước tương MAGGI  tương ớt  nước cốt dừa  nước cốt me  dầu hành tỏi phi  bơ đậu phộng và đường cát. Khuấy đều hỗn hợp cho hòa tan là có ngay 1 chén sốt chấm hảo hạng. | Bày chén sốt chấm cùng những cuốn gỏi đã chuẩn bị sẵn  chấm gỏi cuốn ngập sốt và từ từ cảm nhận mùi sốt thơm dịu đang lan tỏa trong vị béo của nước cốt và bơ đậu phộng thêm chút chua nhẹ của me  cay cay của tương ớt. Vị ngon đúng “đỉnh” đó bạn nha!,https://www.maggi.com.vn/cong-thuc/sot-cham-goi-cuon
Bánh Tráng Nướng Chảo,30 phút,4 người ăn,N/A,Bánh tráng | Thịt heo xay | Xúc xích | Trứng gà | Pate gan | Phô mai | Hành lá | Tép khô | Hành phi | Ớt sa tế | Tiêu xay | Dầu ăn | Hạt nêm MAGGI nấm hương | Tương ớt MAGGI,Đầu tiên  bạn làm nóng một cái chảo nhỏ với dầu ăn rồi cho thịt heo xay vào đảo đều  nêm nếm với hạt nêm MAGGI nấm hương và tiêu xay cho đậm đà. Bạn đảo khoảng 5 phút cho thịt vừa chín tới  săn lại thì múc ra để riêng. | Bắc một chiếc chảo khô lên bếp  chờ đến khi chảo đã nóng già thì cho bánh tráng vào nướng. Khi bạn thấy phần rìa bánh hơi cong lên thì cho ớt sa tế vào  dùng mặt dưới muỗng tán đều. Tiếp tục cho lên trên bề mặt bánh tráng ít hành lá  1 muỗng canh thịt heo xào  đập 1 quả trứng gà lên trên  di chuyển muỗng nhẹ nhàng để các nguyên liệu dàn đều  trứng gà không bị tràn khỏi mặt bánh. | Chờ đến khi trứng gà chín và hơi khô lại  bạn cho tiếp pate gan  1 viên phô mai  tán nhuyễn đều khắp mặt. Sau đó lần lượt rải đều lên bề mặt bánh tép khô  hành phi  xúc xích cắt xéo cho đẹp mắt. | Để món ăn thêm thơm ngon và đậm vị  bạn cho xốt mayonnaise và tương ớt MAGGI lên trên theo đường ziczac  phủ khắp mặt bánh tráng nướng. | Nhẹ nhàng dùng muỗng lớn gập bánh lại. Áp chảo giòn đều cả hai mặt bánh rồi thưởng thức. Bạn nướng đến khi hết bánh tráng và nguyên liệu  nhưng món mới thời thượng này tốt nhất là làm đến đâu ăn đến đó để cảm nhận được vị giòn rụm của bánh kèm với vị béo  mặn ngọt hài hòa từ các nguyên liệu bạn nhé! Đừng quên ăn kèm với tương ớt MAGGI cay mát  đảm bảo món nhà làm ngon như nhà hàng luôn đó nha!,https://www.maggi.com.vn/cong-thuc/banh-trang-nuong-chao
Gỏi Tôm Thịt,80 phút,2 người ăn,N/A,100 g Tôm | 200 g Củ Hũ Dừa | 100 g Cà Rốt | 20 g Rau Răm | 10 g Hành Phi Giòn | 10 g Đậu Phộng Rang | 5 g Ngò Gai | 10 g Ớt Bằm | 80 g Đường Trắng | 2 muỗng canh Nước cốt chanh | 4 muỗng canh MAGGI Nước Mắm | Tỏi băm | Muối | 100g Thịt lợn  tươi  nhiều loại thịt và phụ phẩm  gan  nấu chín  om,Đầu tiên  bạn gọt vỏ cà rốt và dưa leo  rửa sạch rồi thái thành lát mỏng vừa ăn. Độ dài khoảng 7cm là vừa đẹp. Với dưa leo  nhớ loại bỏ phần ruột bên trong để món gỏi không bị ướt và dưa được ngon  giòn hơn. Củ hủ dừa bạn nên nạo sạch lớp vỏ ngoài  rửa sạch với nước rồi thái thành những lát mỏng vừa ăn. Ngâm phần củ hũ dừa đã thái trong nước đá lạnh có hòa cùng nước cốt chanh tươi để giữ độ trắng  giòn khi thưởng thức. | Rửa thịt ba chỉ và tôm với nước và một ít muối  sau đó bắc lên bếp luộc chín thịt với nước lạnh. Lưu ý là bạn phải để phần thịt luộc ngập trong nước  như vậy thịt sẽ chín từ từ và không bị thâm. Sau khi thịt đã chín  ngâm thịt vào tô nước lạnh để giữ độ trắng. Tiếp tục luộc tôm với nước thịt vừa dùng  bạn chỉ nên luộc khoảng 3 phút để tôm vừa chín tới  có màu đỏ đẹp mắt. Đừng luộc tôm quá lâu sẽ làm tôm bị khô và mất vị ngon ngọt tự nhiên. Ngâm tôm vào nước lạnh để tôm giòn dai  dễ bóc vỏ. | Khi tôm và thịt đã nguội  vớt ra để ráo nước một chút. Bạn thái thịt ba chỉ thành những miếng mỏng vừa ăn. Không nên cắt quá dày sẽ làm thịt khó thấm gia vị trộn gỏi. Với tôm  bạn bóc vỏ và giữ lại phần đuôi cho đẹp mắt. | Nước mắm trộn gỏi chính là yếu tố quyết định và là linh hồn của các món gỏi. Bắt tay vào làm thôi! Bắc nồi hoặc chảo lên bếp  cho nước mắm MAGGI vào với 4 muỗng canh nước lọc  đường trắng rồi đun sôi liu riu. Trộn đều tay để đường tan hết và hỗn hợp nước mắm keo sệt lại thì tắt bếp  để nguội. Khi nước mắm đã nguội hẳn  bạn thêm tỏi băm  ớt băm và nước cốt chanh vào  khuấy đều cho hòa quyện. Hỗn hợp nước mắm sánh kẹo và thơm  ngọt  mặn chua chua vừa miệng là chuẩn vị. | Để ráo hẳn củ hũ dừa  dưa leo và cà rốt trước khi tiến hành trộn gỏi bạn nhé. Nếu phần nguyên liệu chưa ráo thì khi trộn gỏi tôm thịt sẽ bị ướt và kém giòn. Cho củ hũ dừa  dưa leo  cà rốt và tôm thịt vào chung một tô  rưới nước mắm lên trên rồi trộn đều tất cả cho thấm. Nên trộn thật nhẹ tay để tránh cho rau củ bị nát và làm món gỏi chảy nước  kém ngon. | Cuối cùng  bạn thêm rau răm cắt nhỏ  ngò gai  đậu phộng rang và hành phi giòn  trộn đều một lần nữa là đã có thể bày ra đĩa thưởng thức rồi. Món gỏi tôm thịt củ hũ dừa giòn giòn lạ miệng  chua ngọt hài hòa kết hợp với tôm thịt  đậu phộng rang béo bùi sẽ khiến bạn ăn mãi không ngừng. Món gỏi rất hợp ăn cùng bánh phồng tôm chiên  cả nhà sẽ gật gù khi thưởng thức đấy!,https://www.maggi.com.vn/cong-thuc/goi-tom-thit
Bồ Câu Xào Lăn,45 phút,3 người ăn,N/A,500 g Bồ Câu | 1 quả Ớt Trái | 5 g Tỏi | 100 g Lạc Rang | 1/2 muỗng cà phê Đường | 1 gói Bột Cà Ri | 1 gói Phồng Tôm | 1/2 muỗng canh MAGGI Nước Mắm | 1 muỗng canh MAGGI Dầu Hào | Sả cây | Tiêu,Bồ câu làm sạch lông và ruột  rửa sạch với nước  để ráo rồi sau đó băm nhuyễn. Sả cây bóc bỏ phần vỏ già bên ngoài  rửa sạch sau đó băm nhuyễn với hành và tỏi. Rang chín đậu phộng rồi để nguội cho lớp vỏ dễ bóc hơn. Giã nhỏ đậu phộng chứ đừng giã nát bạn nhé. Bánh phồng tôm chiên rồi vớt ra cho ráo dầu. | Làm nóng chảo rồi đun cho dầu sôi  bạn kiểm tra thấy đầu đũa gỗ khi nhúng vào dầu có bong bóng nhỏ sủi lên thì cho hành  tỏi  sả băm nhuyễn vào xào cho thơm. Tiếp đến bạn cho thịt bồ câu bằm nhuyễn vào xào  thêm bột cà ri để món ăn thơm ngon đúng điệu. | Đảo đều cho bột cà ri hòa quyện cùng thịt  nêm thêm dầu hào MAGGI  nước mắm MAGGI  tiêu  đường và điều chỉnh sao cho phù hợp với khẩu vị của bạn. | Khi thịt đã chín tới  cho đậu phộng rang giã nhỏ vào rồi bày món ăn ra đĩa. Rắc rau ngổ và ớt trái đã rửa sạch thái nhỏ lên mặt món ăn cho thơm và đượm vị cay nồng. Bồ câu xào lăn ăn kèm bánh phồng chiên hay bánh tráng nướng đều rất ngon. Thịt chim ra ràng mềm béo  thơm lừng mùi hành  sả và cà ri  bùi bùi của đậu phộng  vừa ngon vừa dinh dưỡng.,https://www.maggi.com.vn/cong-thuc/bo-cau-xao-lan
Tôm Bằm Xúc Bánh Tráng,35 phút,4 người ăn,N/A,600 g Tôm Sú | 10 g Sả Băm | 1/4 muỗng cà phê Ớt Bột | 10 g Tiêu Xanh | 5 g Ngò Rí | 1 quả Ớt Sừng | 1 quả Cà Rốt | 1 muỗng cà phê Đường Trắng | 1 muỗng canh Đậu Phộng Rang | 1 muỗng canh Dầu Hành Tỏi Phi | 1 muỗng canh MAGGI Nước Mắm | 2 muỗng canh Tương ớt | 1 muỗng cà phê MAGGI Dầu Hào | Bánh tráng | Nước cốt chanh | Hạt nêm MAGGI nấm hương,Bạn lột bỏ vỏ và đầu tôm  dùng tăm tre nhẹ nhàng rút phần chỉ đen ở lưng  lau khô rồi cắt hạt lựu nhỏ. Rau ngò rí rửa sạch  cắt nhỏ. Bánh tráng dùng kéo cắt miếng hình tam giác vừa ăn  nướng bánh tráng trên than hồng đến khi chín giòn  có màu vàng ươm đẹp mắt. Tiêu xanh bỏ cuống  rửa sạch hạt rồi băm hoặc giã nhuyễn. Ớt sừng cắt lát mỏng  đậu phộng rang xát vỏ  giã nhỏ. | Ướp tôm với các gia vị gồm nước mắm MAGGI  hạt nêm MAGGI nấm hương  dầu hào MAGGI  bột ớt  sả băm. Trộn đều và để khoảng 5 phút cho tôm thấm gia vị đậm đà hơn. | Làm nóng chảo dầu tỏi  cho tôm đã ướp vào xào cho săn lại. Khi tôm vừa chín tới  chuyển sang màu đỏ hồng thì bạn cho đậu phộng  tiêu và ngò gai vào xào đều rồi tắt lửa. Bạn xào tôm nhanh trên lửa vừa  không nên xào quá lâu để tránh tôm bị khô lại nhé! | Món tôm bằm xào ngon khi ăn cùng nước chấm. Bạn pha nước chấm gồm tương ớt  nước cốt chanh và vài lát ớt sừng. Khuấy đều cho nước chấm tan  có vị chua ngọt  cay nhẹ là được. | Xếp bánh tráng nướng ra dĩa  cho tôm bằm xào lên trên  trang trí thêm ớt sừng cắt lát và ngò rí là sẵn sàng thưởng thức rồi đấy. Tôm sú giòn ngọt  được xào chín tới vẫn còn cảm giác mọng nước trong miệng khi ăn. Bánh tráng nướng giòn tan  ăn cùng tôm bằm thời thượng và mới lạ sẽ khiến mọi người trầm trồ đó nha!,https://www.maggi.com.vn/cong-thuc/tom-bam-xuc-banh-trang
Ngan Nướng Sả Riềng Mẻ,57 phút,,N/A,50 g Dầu Hào MAGGI | 30 g Nước tương MAGGI Đậm Đặc | 10 g Hạt nêm MAGGI | 15 g Đường cát | 2 kilôgam Thịt ngan nguyên con làm sạch | 60 g Dầu Ăn | 20 g Riềng băm | 20 g Sả Băm | 30 g Hành tím băm | 20 g Tỏi băm | 30 g Cơm mẻ | 10 g Mắm tôm,Để sơ chế “nhân vật chính” của món ăn hôm nay  đầu tiên  bạn chặt thịt ngan thanh miếng vừa ăn  nếu có thời gian bạn có thể lóc phi lê thịt ngan để tránh xương nhé! Tiếp theo  bạn hãy dùng muối hoặc chanh chà xát khắp thân ngan và nhớ dùng tay bóp kỹ để các chất nhờn  chất bẩn  mùi hôi trong lỗ chân lông ngan tiết ra ngoài. Cuối cùng  bạn đem ngan rửa lại với nước cho thật sạch rồi vớt ra để ráo. | Muốn làm nên hương vị đặc trưng của món Ngan Nướng Sả Riềng Mẻ  bạn cho hết tất cả riềng  sả  hành  tỏi  nước cơm mẻ vào máy xay  xay nhuyễn thành hỗn hợp nhỏ. | Bí quyết ướp thịt để giữ được hương vị đặc trưng Hà Nội cho món Ngan Nướng Sả Riềng Mẻ  mà vẫn tạo được sự khác biệt của riêng bạn là đây. Cho thịt ngan vào một bát (tô) lớn  sau đó thêm vào các nguyên liệu gồm: dầu hào MAGGI  nước tương MAGGI đậm đặc  hạt nêm MAGGI  đường  mắm tôm  dầu ăn và hỗn hợp vừa xay nhuyễn. Bạn nhớ trộn đều tay và ướp tầm 10 phút cho thịt ngan ngấm gia vị  rồi xiên thành các xâu thịt bằng nhau hoặc kẹp thịt vào vỉ nướng nhé! | Trước khi nướng thịt  bạn hãy khởi động lò nướng khoảng 15 phút cho nóng lò. Sau đó  cho thịt ngan vào lò và bắt đầu nướng trong khoảng 15 - 20 phút. Trong lúc nướng nhớ thăm chừng và đảo mặt thịt nướng đều 2 mặt. Lưu ý  không nên nướng thịt ngan quá lâu vì như thế sẽ làm thịt ngan cháy hoặc bị nhão. | Thịt sau khi đã nướng chín  bạn lấy ra cho vào dĩa  trang trí cùng ít rau ngò cho đẹp mắt. Vậy là món Ngan Nướng Sả Riềng Mẻ thơm lừng  đậm vị với công thức khác biệt từ MAGGI đã hoàn thành rồi. Và đừng quên chuẩn bị thêm chén cơm nóng để ăn cùng là hết sảy đấy nhé!,https://www.maggi.com.vn/cong-thuc/ngan-nuong-sa-rieng-me
Miến Lươn Trộn,60 phút,,N/A,400 g Lươn con to | 200 g Miến | 15 g Muối | 60 g Bột Chiên Giòn | 10 g Gừng tươi | 5 g Rau thơm | 5 g Đậu Phộng Rang | 2 g Hành phi | 20 g Dưa giá cà rốt chua ngọt | 30 g Nước nóng | 30 g Giấm Gạo | 15 g Dầu Hào MAGGI | 13 g Hạt nêm MAGGI | 30 g Nước tương MAGGI | 60 g Đường cát | 1 gam Ớt Bột | 2 g Tiêu Sọ,Lươn sau khi mua về  bạn cho muối vào xóc đều để lươn tự quẫy nhả nhớt. Tiếp theo  bạn dùng nước nóng 50-70°C dội xả 1 lượt nữa cho lươn sạch hết nhớt  rồi rửa lại bằng nước lạnh nhiều lần. Sau khi lươn đã sạch  bạn tiến hành phi lê lươn  để riêng phần xương với phần thịt. Với thịt  bạn tiếp tục cắt sợi vừa ăn. | Ăn Miến Lươn Trộn thì không thể nào thiếu phần nước súp ngọt thanh ăn kèm. Để chế biến  bạn cho phần xương lươn vừa lóc ở trên  hầm với gừng cắt lát trong lửa nhỏ tầm 15 phút. Sau đó  vớt xương ra và nêm 10gr hạt nêm MAGGI cho 500ml nước dùng. | Phần thịt lươn đã cắt sợi bạn cho vào tô  nêm thêm lượng hạt nêm MAGGI còn lại  10gr dầu hào và tiêu  rồi dùng muỗng trộn đều cho gia vị thấm vào thịt. Tiếp theo  cho tiếp bột chiên giòn vào tô lươn  trộn đều lần nữa để từng miếng thịt lươn được lớp áo bột mỏng bên ngoài. Để hoàn thành phần thịt lươn giòn tan  đậm đà ăn cùng miến  bạn đun nóng chảo dầu  cho lươn vào chiên đến khi vàng giòn  vớt lươn ra để ráo dầu là được nhé! | Muốn món Miến Lươn Trộn vừa giữ được nét đặc trưng của món ăn Bắc Trung Bộ  mà vẫn tạo được sự khác biệt tích cực thì phải lưu ngay công thức nước sốt trộn đặc biệt này nhé  bạn ơi! Cho tất cả nguyên liệu gồm: Nước nóng  dấm gạo  dầu hào MAGGI  nước tương MAGGI  đường cát  ớt bột  tiêu sọ vào chén (bát) khuấy đều tay đền khi tan  hòa quyện hết vào nhau. | Vậy là món Miến Lươn Trộn sắp “ra lò” rồi  chỉ còn thiếu mỗi phần miến thôi. Bạn nhanh tay cho nước vào nồi  đun sôi và thêm vào 1 muỗng canh dầu ăn. Tiếp đến  bạn cho miến vào nồi trụng khoảng 3 phút  vớt ra để ráo. Mách bạn mẹo nhỏ để món miến trộn không bị dính nhau là thêm 1 ít nước dùng vào miến sau khi trụng và nhớ trộn đều với nhau nhé! | Đây  món Miến Lươn Trộn bắt miệng đã sẵn sàng phục vụ cả nhà bạn rồi đây. Hãy xếp miến vừa được chế biến vào tô  thêm lươn chiên giòn  rau thơm  dưa giá cà rốt chua ngọt  đậu phộng rang  hành phi và chan nước sốt công thức “bí truyền” từ MAGGI vào là đảm bảo cả nhà phải trầm trồ về tài nấu nướng của bạn đấy. Và đừng quên thêm 1 chén nước súp thanh nhẹ được hầm lúc nãy để ăn cùng nữa nhé!,https://www.maggi.com.vn/cong-thuc/mien-luon-tron
Cua Rang Sốt Tía Tô,28 phút,,N/A,500 g Cua sống | 5 g Rượu hoa hồi | 20 g Đường | 5 g Dầu Mè | 10 g Nước gia vị cô đặc MAGGI | 15 g Dầu Hào MAGGI | 48 g Sốt tương ngọt (hoisin) | 15 g Chao đỏ | 135 g Chao trắng loại | 1.5 g Bột cam thảo | 10 g Ngũ Vị Hương | 30 g Hành tím | 30 g Tỏi băm | 30 g Gừng | 10 g Lá tía tô,Cua sống mua về bạn chà và rửa sạch với nước  rồi chặt mỗi con thành 4 phần đều nhau. Với tía tô  bạn lặt lấy lá  rửa với nước sạch  vớt ra để ráo nước  su đó cắt thành sợi mỏng. | Để chế biến phần nước sốt vừa giữ được hương vị đặc trưng vùng Đông Bắc  vừa tạo được sự khác biệt cho món Cua Rang Sốt Tía Tô bạn hãy ghi chú ngay lại công thức sau! Bắc chảo lên bếp  cho vào 1 ít dầu ăn  đợi dầu nóng nhanh tay bỏ vào 1/2 hành  tỏi  gừng xào cho thơm. Tiếp theo  cho hết các gia vị còn lại gồm: rượu hoa hồi  đường  dầu mè  nước gia vị MAGGI  dầu hào MAGGI  sốt tương ngọt (hoisin)  chao đỏ  chao trắng  bột cam thảo  ngũ vị hương vào đảo đều tay để hỗn hợp hòa quyện vào nhau. Lúc này  bạn có thể gia giảm phần gia vị sao cho vừa ăn  rồi tắt bếp cho ra bát (chén) nhé! | Sau khi đã chuẩn bị xong phần nước sốt xào  bạn bắt lên bếp 1 chảo khác  đổ ngập dầu  chờ dầu nóng thì thả từ từ phần cua đã sơ chế lúc nãy nào chiên với lửa lớn. Cua chiên đã chín và thơm lừng thì bạn nhanh tay vớt cua ra để ráo nhé! | Đến phần chế biến quan trọng nhất của món Cua Rang Sốt Tía Tô đây. Bạn hãy tiếp tục bắt chảo dầu lên bếp  phi thơm 1/2 hành  tỏi  gừng còn lại  rôi cho cua và nước sốt chế biến phía trên vào vừa đủ. Ở bước này  bạn nhớ đảo đều tay để cua thấm đều phần nước sốt “bí truyền”. Sau đó  cho lá tía tô vào xào sơ lại  nêm nếm lần nữa để vừa ăn là bạn có thể tắt bếp rồi đấy. | Để món ăn thêm phần hấp dẫn  bạn xếp cua ra dĩa  rưới nước sốt đều xung quanh và trang trí thêm với là tía tô. Bạn có thể ăn món Cua Rang Sốt Tía Tô với cơm và nhớ thưởng thức ngay khi còn nóng để cảm nhận trọn vị tươi  ngọt  săn chắc của thịt cua hòa quyện nước sốt sánh đặc  đậm đà và hương thơm nhẹ từ lá tía tô nhé!,https://www.maggi.com.vn/cong-thuc/cua-rang-sot-tia-to
Sườn Kho Nước Tương Quả Vả,40 phút,,N/A,4 muỗng canh Nước tương MAGGI | 1 Muỗng cà phê Dầu Hào MAGGI | 500 g Sườn non heo | 1 muỗng canh Tỏi băm | 1 muỗng canh Sả băm | 2 muỗng canh Dầu Ăn | 2 muỗng canh Đường | 1 gam Tiêu xay | 1 gam Tiêu xay | 500 ml Nước lọc | 200 g Quả vả,Sườn non mua về bạn chặt thành miếng vừa ăn. Tiếp theo  rửa qua nước muối rồi rửa lại lần nữa bằng nước sạch  vớt ra rổ cho ráo nước hẳn. Trái vả gọt vỏ  rửa sạch  cắt thành làm 4  nếu quả lớn bạn có thể cắt làm 8 nhé! | Để pha phần nước gia vị cho món kho ngon đúng vị mà vẫn khác biệt  MAGGI bật mí công thức sau đây. Bạn cho tất cả nguyên liệu gồm: nước tương MAGGI  dầu hào MAGGI  1 muỗng canh đường  tiêu xay và nước lọc vào chén  rồi dùng muỗng khuấy đều để các gia vị hòa quyện đều vào nhau. | Món Sườn Kho Nước Tương Quả Vả sẽ là thiếu sót nếu thiếu màu nâu sậm óng ánh từ nước màu. Bạn bắc chảo nhỏ lên bếp cho nóng  rồi cho vào 1 muỗng đường  khuấy đều tay đến khi đường chuyển thành màu nâu cánh gián thì cho ngay 1 ít nước lọc vào. | Bước quan trọng làm nên Sườn Kho Nước Tương Quả Vả đậm đà  lạ miệng đây. Bạn đun nóng dầu ăn trong chảo  sau đó thêm sả băm  tỏi băm vào phi thơm cùng với sườn. Tiếp theo  cho nước màu và chén gia vị bên trên vào mở lửa lớn  vớt bọt bỏ  rồi vặn nhỏ lửa nấu đến khi nước kho còn 1/2 thì cho quả vả vào kho tiếp đến khi thịt chín và phần nước kho sệt lại thì tắt bếp. | Cho Sườn Kho Nước Tương Quả Vả ra dĩa  rắc thêm một ít tiêu lên trên cho dậy mùi. Món này hãy ăn khi còn nóng và dùng với cơm trắng  có thêm chén nước tương MAGGI chấm cùng thì tuyệt vời luôn nhé.,https://www.maggi.com.vn/cong-thuc/suon-kho-nuoc-tuong-qua-va
Thịt đà điểu làm món gì ngon? Công thức đà điểu xào sả lá chanh,30 phút,3 người ăn,N/A,Thịt Đà Điểu | Hành Tây | Sả Cây | Dầu Ăn | Tỏi Băm | Ớt Băm | Tiêu | Dầu Hào Maggi | Hạt Nêm Maggi | Nước Mắm Maggi | 6 lá Lá chanh,Bạn rửa thịt đà điểu rồi cắt lát mỏng vừa. Lưu ý  để cắt thịt dễ hơn  hãy làm lạnh thịt trước khi cắt. Tiếp đó  cần ướp thịt đà điểu với 1 muỗng canh dầu hào MAGGI  hạt nêm MAGGI nấm hương  nước mắm MAGGI  1/2 muỗng tỏi băm  cùng 1 muỗng cà phê sả và ớt đã băm nhỏ  thêm chút tiêu. Trộn đều và ướp trong 15 phút. Đối với hành tây  bạn lột vỏ  rửa sạch rồi thái múi cau. Riêng lá chanh sau khi rửa nước sẽ thái sợi chỉ nhuyễn. | Đổ dầu vào chảo  đun sôi thì phi thơm phần tỏi băm cùng sả băm còn lại. Tiếp đến sẽ cho thịt đà điểu vào  xào liên tục trong khoảng 3 phút thì nêm thêm phần dầu hào MAGGI còn lại  đảo đều  thử vị thấy vừa thì thêm hành tây vào  xào hành cho vừa chín tới. | Bạn cho lá chanh vừa thái vào chảo  đảo qua một lần là có thể tắt bếp. Cho món ăn ra dĩa  trang trí thêm ớt thái lát lên trên bề mặt. Món ngon dùng kèm với cơm nóng và có thể chấm cùng nước tương MAGGI. Thịt đà điểu đậm vị hài hòa cùng lá chanh thơm nồng  sẽ làm hài lòng đến cả những vị khách khó tính nhất.,https://www.maggi.com.vn/cong-thuc/thit-da-dieu-xao-ot-sa-la-chanh
Su hào xào cà rốt thập cẩm,42 phút,2 người ăn,N/A,Dầu hào Maggi | 1 muỗng cà phê MAGGI Hạt Nêm Nấm Hương | Thịt thăn xay | 1 củ Su Hào | 1/2 củ Cà Rốt | Miến | Hành lá | Hành khô | Tiêu xay | Dầu ăn | 10 g Rau mùi,Để làm món su hào xào cà rốt thập cẩm  trước tiên bạn rửa sạch thịt thăn  vớt ra để ráo. Sau đó  xay nhỏ thịt và ướp với 1 muỗng dầu hào MAGGI để tăng vị đậm đà. | Su hào và cà rốt gọt vỏ  rửa sạch  bào sợi nhỏ hoặc thái bằng dao. Miến ngâm mềm  cắt khúc. Nấm hương  hành lá  rau mùi bỏ gốc  cắt nhỏ. Hành khô thái lát mỏng. | Phi thơm hành  xào nấm và thịt thăn rồi để riêng. Tiếp đến  xào su hào  cà rốt với hạt nêm MAGGI nấm hương  rồi cho miến và dầu hào MAGGI vào đảo đến khi chín. | Cho thịt  nấm vào chảo  thêm dầu hào MAGGI xào thêm 2 phút để thấm đều gia vị. Rắc hành lá  rau mùi  hạt tiêu. Su hào xào cà rốt thập cẩm thơm ngon đã sẵn sàng! | Trình bày ra dĩa và thưởng thức. Món su hào xào cà rốt thập cẩm thơm lừng  tốt cho sức khỏe và vóc dáng  thích hợp cho những ai yêu thích món ăn thanh đạm.,https://www.maggi.com.vn/cong-thuc/su-hao-xao-thap-cam
Mứt dừa,115 phút,1 người ăn,N/A,500 g Cơm dừa (Cắt sợi) | 200 g Đường | 20 ml Sữa đặc | 20 g Chanh xanh,Ngâm cơm dừa với nước chanh pha loãng | Vớt cơm dừa ra  để ráo | Ướp đường (đến khi đường tan hoàn toàn) | Cho hỗn hợp lên chảo  sên đến khi đường kết tinh,https://www.maggi.com.vn/cong-thuc/mut-dua
Bò lúc lắc,27 phút,2 người ăn,N/A,50 g Hành Tây | 50 g Ớt Chuông | 50 g Cà Chua | 5 g Tỏi xay | 10 ml Dầu Ăn | 10 g Bơ | 30 ml Nước | 150 g Thịt bò | 25 g Maggi Dầu hào bào ngư | 10 g MAGGI Tương Ớt | 400 mg Tiêu xay,Ướp thịt bò với dầu hào bào ngư  tiêu xay 15 phút cho thấm gia vị | Xào tỏi với dầu ăn 30 giây cho thơm | Thêm thịt bò vào xào 1 phút | Thêm hành tây  ớt chuông vào  tiếp tục xào 1 phút | Nêm với dầu hào bào ngư  tương ớt  tiêu xay  nước lọc cho vừa ăn | Thêm cà chua  bơ vào. Tiếp tục xào 30 giây nữa là được | Để bò lúc lác vào dĩa  dùng nóng.,https://www.maggi.com.vn/cong-thuc/bo-luc-lac
Mực xào chua ngọt,27 phút,2 người ăn,N/A,50 g Cà Chua | 50 g Hành Tây | 50 g Thơm (Dứa) | 5 g Cần Ta | 5 g Tỏi xay | 10 ml Dầu Ăn | 150 g Mực Ống | 15 g Maggi Dầu hào bào ngư | 10 g MAGGI Tương Ớt | 10 g Tương Cà | 10 ml Giấm | 40 ml Nước | 15 g Đường | 10 g Cà chua | 7 g Ớt Chuông | 1 gam Gừng | 100 mg Tiêu xay,Làm sốt chua ngọt: Đun sôi các nguyên liệu sốt chua ngọt. Xay nhuyễn  lược nước sốt lại cho mịn | Ướp mực với dầu hào bào ngư  tiêu xay 15 phút cho thấm gia vị | Xào tỏi với dầu ăn cho thơm | Thêm mực vào xào sơ 1 phút | Thêm rau củ vào xào tiếp 1 phút | Thêm xốt chua ngọt vào  xào cho thấm gia vị 1 phút | Để mực xào vào dĩa. Dùng nóng,https://www.maggi.com.vn/cong-thuc/muc-xao-chua-ngot
Cá Điêu Hồng Singapore,60 phút,2 người ăn,N/A,Cá Diêu Hồng | Gừng | Đường Trắng | Dầu Mè | Rượu Gạo | Màu Điều | Sốt Hoisin | Tiêu Xay | Ớt xắt lát | Đầu hành | 1 muỗng canh Dầu Ăn | Nước tương MAGGI | Dầu hào MAGGI | Hạt nêm MAGGI nấm hương | Hành ngò | Muối | Giấm | 1 muỗng canh Giấm đen,Cá diêu hồng sau khi mua về  bạn làm sạch rồi rửa qua với giấm và muối để khử mùi tanh. Rửa lại với nước rồi để ráo nước. Dùng dao khứa xéo lên 2 mặt của thân cá rồi ướp cá với 1 muỗng canh nước tương MAGGI  tiêu xay trong 15 phút cho cá được thấm gia vị  nhớ ướp cả trong bụng cá nhé. Tỏi và gừng bạn bỏ vỏ  rửa sạch sau đó cắt lát. | Trong khi chờ ướp cá  chúng ta tiến hành pha hỗn hợp gia vị gồm nước tương MAGGI và dầu hào MAGGI  giấm đen  sốt Hoisin  rượu gạo  đường trắng  dầu mè  màu điều và hạt nêm MAGGI nấm hương. Khuấy đều cho hỗn hợp tan đều và hòa quyện với nhau. | Làm nóng chảo trên bếp  thêm vào dầu ăn rồi đổ ớt khô  tỏi và gừng cắt lát vào xào cho thơm. Sau đó đổ hỗn hợp gia vị vừa pha vào. Đun cho hỗn hợp sôi lên  dậy mùi thơm thì bắt đầu cho cá diêu hồng vào chảo kho. | Trong lúc kho  bạn nhớ dùng muỗng tưới nước sốt lên mặt cá thường xuyên để thịt cá thấm gia vị hơn. Cá kho tộ hạn chế lật mặt để tránh thịt cá bị nát  không được đẹp mắt. Khi kho  nên đậy nắp để cá chín đều và thơm. Sau 15 phút kho trên bếp  phần nước kho đã sệt và có màu nâu bóng đẹp mắt thì rắc thêm đầu hành trắng vào chảo  kho thêm một lúc thì tắt bếp. | Khi cá đã kho xong  bày ra dĩa và trang trí với hành lá cắt nhỏ  ngò hoặc thêm vài lát ớt cho thơm. Phần nước kho cá dùng để chấm rau luộc thì ngon lắm luôn. Cá diêu hồng kho thơm mềm  thấm gia vị sốt Singapore đậm đà ăn cùng cơm trắng vừa ngon  vừa mới lạ thì còn gì bằng.,https://www.maggi.com.vn/cong-thuc/ca-dieu-hong-kho-sot-singapore
Ghẹ Xào Sữa Hạnh Nhân,30 phút,1 người ăn,N/A,Dầu hào Maggi | Hạnh nhân | Ghẹ | Sữa bò | Bột năng | Đường trắng | Nước | Ngò | Dầu ăn,Bạn làm nóng chảo  cho hạnh nhân vào rang thơm rồi đổ ra dĩa. Với ghẹ  bạn rửa sạch sau đó đặt vào nồi  thêm nước và bắt đầu luộc  khi ghẹ chín hãy để nguội rồi bóc lấy thịt. Bạn cho từ từ sữa bò vào bột năng  khuấy đều cho bột tan hoàn toàn  nếu muốn vị đậm hơn  bạn có thể nêm thêm gia vị. | Đổ dầu vào chảo  đun nóng rồi cho hỗn hợp sữa cùng bột năng vào. Khuấy đều đến khi hỗn hợp sôi lăn tăn thì thêm hạnh nhân cùng thịt ghẹ. Xào đến khi hỗn hợp sệt dần hãy thêm dầu hào MAGGI  đảo đều trong 2 phút là có thể tắt bếp. | Cho món ghẹ xào sữa hạnh nhân vào dĩa  trang trí thêm ít rau ngò cho bắt mắt. Món ngon có thể kết hợp cùng cơm trắng và ăn khi còn nóng. Vị béo của sữa ngấm vào thịt cua ngọt thanh cùng với hạt hạnh nhân bùi thơm sẽ đem đến một trải nghiệm vị giác thật tuyệt vời đó nha!,https://www.maggi.com.vn/cong-thuc/thit-ghe-xao-hanh-nhan-sua-bo
Ức Gà Phi Lê Sốt Nho,57 phút,6 người ăn,N/A,Ức gà | Nho xanh | Nước dừa | Hành tím | Hành lá | Tỏi | 4 muỗng canh Dầu Ăn | 3 g Tiêu Xay | 1 muỗng cà phê Đường Trắng | 2 muỗng canh Mật Ong | 1 muỗng canh Tương Cà | 2 muỗng cà phê MAGGI Hạt Nêm Nấm Hương | 2 muỗng canh MAGGI Nước Tương,Nho rửa sạch và cắt đôi theo chiều dọc. Ức gà chà xát muối rồi rửa kĩ với nước để khử mùi tanh  rửa xong dùng khăn sạch thấm khô nước và cắt ức gà thành các miếng dày khoảng 2cm  rộng khoảng 5-6cm. Thịt gà sau khi sơ chế xong thì đem ướp với 1 muỗng cà phê hạt nêm MAGGI nấm hương  1 muỗng canh nước tương MAGGI  mật ong và tiêu xay. Trộn đều ức gà cùng các nguyên liệu  thịt ướp ít nhất 15 phút cho thấm gia vị. | Bắc chảo lên bếp  chờ chảo nóng thêm vào dầu ăn. Khi dầu ăn đã nóng thì bạn cho ức gà vào áp chảo các mặt cho dậy mùi thơm  xém vàng các mặt thì gắp ức gà ra dĩa. Cách làm ức gà phi lên áp chảo không chỉ giúp miếng thịt có được màu vàng đẹp mắt mà còn giúp thịt được săn lại  giữ trọn độ ẩm. Ức gà càng tươi áp chảo sẽ càng ngon. | Dùng 1 chiếc chảo sâu lòng hoặc nồi chống dính bắc lên bếp chờ nóng thì cho dầu ăn vào  phi thơm hành và tỏi băm để món ăn dậy mùi và thơm ngon hơn. Tránh để lửa quá lớn sẽ mau khét hành tỏi. Khi tỏi và hành vừa vàng tới thì cho vào nước dừa  tương cà  đường trắng  phần nước tương MAGGI và hạt nêm MAGGI nấm hương còn lại vào  khuấy đều cho toàn bộ gia vị hòa quyện với nhau. | Đun hỗn hợp nước sốt đến khi sôi lên thì cho ức gà đã áp chảo và nho đã sơ chế vào. Trộn nhẹ lên rồi chỉnh lửa nhỏ  đậy nắp lại rim ức gà trong khoảng 15 phút. Lúc này nho sẽ mềm ra và hòa quyện hương vị ngọt thanh từ trái cây tươi vào nước sốt. Rim đến khi nước sốt keo lại  gà áo lên màu nâu đỏ đẹp mắt của nước sốt thì rắc thêm hành lá cắt nhỏ lên trên rồi tắt bếp. | Trình bày ức gà phi lê sốt nho ra dĩa và thưởng thức thôi. Ức gà rim lâu trong nước sốt nhưng không hề bị mất đi vị ngọt vốn có mà càng đậm đà cuốn hút hơn. Miếng ức gà vừa ăn  xém cạnh vừa thơm vừa hòa quyện cùng sốt nho mặn mặn ngọt ngọt sẽ cho bạn trải nghiệm món ăn ngon trên cả tưởng tượng.,https://www.maggi.com.vn/cong-thuc/uc-ga-phi-le-sot-trai-nho
Canh măng gà nấm hương,70 phút,4 người ăn,N/A,13 g MAGGI Hạt Nêm Nấm Hương | 500 g Thịt Gà Ta | 250 g Măng Khô Đã Ngăm | 100 g Nấm Hương | 2 Muỗng cà phê Bột ngọt | 2 củ Hành tím | 4 muỗng cà phê Dầu Ăn | 5 lít Nước lọc | 5 nhánh Hành Lá | 2 nhánh Ngò Rí,Đầu tiên bạn sơ chế măng khô. Trước khi nấu cần ngâm măng trong 3 giờ với nước sôi  hoặc 8 giờ với nước lạnh. Sau khi ngâm  bạn rửa măng nhiều lần với nước sạch  và luộc 20 phút để măng được mềm. | Để chuẩn bị gà  bạn rửa sạch cắt miếng vừa ăn  ướp 10 phút hạt nêm nấm hương. Sau đó  bạn phi thơm hành tím trong dầu ăn  xào gà cho thơm.Khi gà đã hơi ngả vàng  bạn cho thêm nước vào nồi  đến khi nước sôi thì nấu 10 phút để gà chín mềm. | Tiếp theo  bạn phi thơm hành tím với dầu ăn  sau đó xào sơ măng khoảng 10 phút cho đến khi măng thơm và mềm hơn. | Cuối cùng  bạn cho măng vào nồi gà đang nấu  nêm hết các gia vị đã chuẩn bị  rồi nấu thêm 2-5 phút nữa với lửa nhỏ.Bạn múc ra tô lớn  thêm hành và ngò rí cho thơm và trang trí đẹp mắt  là đã có thể thưởng thức rồi.,https://www.maggi.com.vn/cong-thuc/canh-mang-ga-nam-huong
Gà Xào Hạt Điều,30 phút,2 người ăn,N/A,Đùi gà | Hạt điều rang | Tỏi băm | Ớt | Bột mì | Hành tây cắt vuông 3cm | Tương cà | Dầu ăn | Hành lá | Tương ớt | Dầu Hào Maggi | Hạt Nêm Maggi | Nước Tương Maggi | Muối,Làm nóng dầu trong chảo đến khi dầu sôi thì đổ ớt bằm vào xào đều tay. Bạn xào ớt trên lửa nhỏ để ớt có mùi thơm  không bị cháy. Sau đó tắt bếp và đổ ớt ra đĩa. | Rửa sạch đùi gà với nước  xát chút muối để khử mùi sau đó xả lại  cắt miếng vừa ăn. Bạn cho thịt gà và bột mì đa dụng vào tô rồi trộn đều để bột phủ một lớp mỏng lên gà. Cho dầu vào chảo  đun nóng ở lửa vừa  thêm thịt gà đã lăn bột vào xào chín  vàng đều các mặt rồi vớt ra để riêng. | Tranh thủ lúc chảo xào gà còn nóng  bạn cho thêm dầu ăn  phi tỏi đến khi dậy mùi thơm và hơi cháy cạnh  trút thịt gà và hành tây vào xào thêm khoảng 1 phút. | Lần lượt thêm các nguyên liệu còn lại gồm: hạt điều  dầu ớt bằm  tương ớt  tương cà  dầu hào MAGGI  nước tương MAGGI  đường và hạt nêm MAGGI nấm hương vào chảo  xào trong khoảng 2 đến 3 phút với lửa nhỏ cho các nguyên liệu thấm đều gia vị rồi tắt bếp. Bày món gà xào ra đĩa  trang trí với hành lá rồi thưởng thức hương vị Thái đặc trưng ngay tại nhà thôi!,https://www.maggi.com.vn/cong-thuc/ga-xao-hat-dieu
Măng Tây Xào Thịt Gà,27 phút,3 người ăn,N/A,Măng tây | Ức gà | Gừng | Bơ thơm | Bột năng | Dầu ăn | Muối | Ngò rí | Tiêu xay | Hạt nêm Maggi Nấm hương | Nước tương Maggi,Măng tây cắt bỏ phần già  rửa sạch rồi cắt khúc khoảng 4cm. Trụng măng trong nước sôi thêm một chút muối và dầu ăn  vớt ra ngâm ngay vào nước đá lạnh để giữ độ giòn và xanh của măng. Bạn nhớ để ráo măng tây trước khi chế biến. Thịt gà rửa sạch  cắt thành miếng mỏng vừa ăn  ướp với gừng  1/2 muỗng canh hạt nêm MAGGI nấm hương  bột năng và một chút tiêu  trộn đều rồi để 10 phút cho thịt ngấm gia vị. | Bạn làm nóng chảo với một ít dầu ăn  mở lửa to rồi cho thịt gà đã ướp vào xào nhanh đến khi chín tái  bên ngoài thịt chuyển màu trắng thì trút ra dĩa. | Bạn làm nóng chảo trở lại  cho bơ lạt vào nấu đến khi tan chảy thì thêm măng tây  thịt gà xào nhanh tay trên lửa to cho chín đều là được. Nêm nếm măng tây xào với 1/2 muỗng canh hạt nêm MAGGI nấm hương  nước tương MAGGI cho vừa ăn  đảo đều rồi tắt bếp. | Món xào đã hoàn thành thì trình bày ra dĩa và cùng thưởng thức. Măng tây xào giòn ngọt với thịt gà dai dai ăn cùng cơm nóng sẽ rất ngon và tốt cho sức khỏe. Cách làm măng tây xào đơn giản nhưng đảm bảo nàng sẽ thích mê!,https://www.maggi.com.vn/cong-thuc/mang-tay-xao-thit-ga
Bò Kho Mật Mía,80 phút,4 servings,N/A,Tương Ớt | Gừng | Củ Sả | Quế | Mật Mía | Hạt nêm Maggi | Nước mắm Maggi | Bắp bò | Ớt bột | Mật ong | Nước cốt chanh | Sa tế | Nước tương MAGGI,Chuẩn bị: Bắp bò rửa sạch  để ráo nước. Sả đập dập  cắt khúc khoảng 5cm. Quế bẻ vụn. Gừng giã dập. Ở công đoạn này bạn nên dùng cối đá hoặc cối bằng gốm  tránh dùng cối gỗ sẽ làm thất thoát phần nước cốt của gừng. | Khâu tẩm ướp gia vị chính là bước thực hiện quan trọng nhất của món này. Trộn đều quế  gừng  sả  ớt bột  nước mắm MAGGI và hạt nêm MAGGI nấm hương. Thêm mật mía vào trộn đều. Ướp thịt bò cùng hỗn hợp vừa trộn tối thiểu trong 1 tiếng. Bí quyết để món Bò kho mật mía mang hương vị mới lạ  đậm đà  dậy vị chính là sử dụng nước mắm và hạt nêm nấm hương nhà MAGGI đấy! | Đặt nồi thịt bò đã ướp lên bếp  đậy vung đun với lửa to đến khi nồi thịt sôi khoảng 10 phút thì bạn tắt bếp  để thịt nguội. | Tiếp tục đun lần 2  trong quá trình đun bạn nhớ đậy vung  thỉnh thoảng lật miếng thịt cho ngấm và đều màu. Đun đến khi cạn nước là được. | Khi ăn  bạn có thể dùng kèm với cơm nóng cùng nước chấm theo công thức sau: nước tương MAGGI  mật ong  sa tế  nước cốt chanh  tương ớt. Tất cả trộn đều là bạn đã có 1 bát nước chấm chuẩn vị rồi đấy. Rưới thêm nước bò kho lên trên món ăn cho thêm phần đậm đà nhé!,https://www.maggi.com.vn/cong-thuc/bo-kho-mat-mia
Bạch Tuộc Xào Ớt Sừng,32 phút,2 người ăn,N/A,Bạch Tuộc | Ớt sừng | Sả Xay | Dầu Ăn | Đường | Muối | Dầu hào Maggi | Hạt nêm Maggi | Nước cốt chanh,Bỏ sạch phần mắt  phần ruột bạch tuộc  dùng nước cốt chanh rửa sạch bạch tuộc rồi ngâm nước muối lạnh khoảng 15 phút để loại bỏ bớt mùi và nhớt. Bạn nên chần sơ bạch tuộc qua nước sôi trước khi xào để loại bỏ lớp nhớt và giúp món xào được ngon hơn. Ớt sừng trâu rửa sạch  bỏ hạt và cắt lát mỏng. Bạch tuộc để nguyên đầu hoặc chẻ đôi. | Làm nóng dầu trên chảo  phi thơm sả rồi cho bạch tuộc vào xào săn  nêm thêm dầu hào MAGGI  hạt nêm MAGGI nấm hương  muối và đường. Xào với lửa lớn và đảo nhanh tay để bạch tuộc không bị mất nước và giữ được độ giòn  không nên xào quá lâu sẽ khiến bạch tuộc bị dai. | Khi bạch tuộc đã săn chín  các gia vị thấm đều và dậy mùi thơm  bạn cho thêm ớt sừng vào xào nhanh rồi tắt bếp. Món ăn giữ được vị giòn ngon của bạch tuộc và cay nhẹ của ớt  không bị mềm quá hay dai quá là đạt bạn nhé. | Bày món ăn ra đĩa  dùng nóng với cơm trắng sẽ rất ngon. Bạn có thể trang trí món ăn với tiêu xay và vài lá ngò cho bắt mắt nhé. Món ăn có vị ngon và ngọt tự nhiên từ bạch tuộc  cay nhẹ từ ớt và thơm mùi sả  lạ miệng và kích thích vị giác  cứ muốn ăn mãi không thôi.,https://www.maggi.com.vn/cong-thuc/bach-tuoc-xao-ot-sung
Chả Lươn Cuộn Dứa Xào,80 phút,5 người ăn,N/A,Lươn | Giò Sống | Thơm | Bột Năng | Tỏi | Hành Khô | Rau Răm | Đường Trắng | Sốt Cà Chua | Dầu Hào MAGGI | Hành lá | Muối hạt | Nước cốt chanh | Dầu ăn | Bột nghệ,Lươn cần được làm sạch  tách thịt và xương riêng. Bạn băm nhỏ phần thịt rồi đem ướp cùng bột nghệ  tiêu xay  rau răm cùng 2 muỗng canh dầu hào MAGGI. Đối với xương và đầu  hãy ninh lấy nước dùng. Lưu ý để giảm đi độ nhớt của lươn  bạn có thể chà lươn với muối hạt rồi rửa qua nước cốt chanh và rửa thêm một lần nước. Bạn không dùng giấm để rửa vì sẽ mất đi mùi thơm đặc trưng của thịt lươn. | Khi thịt lươn thấm vị  cho vào tô cùng giò sống  thêm lượng còn lại dầu hào MAGGI vào cùng. Lúc này hãy gọt vỏ và loại bỏ mắt dứa  chọn phần lõi cứng ở giữa quả  cắt thành từng thanh vuông dài tầm 10cm. | Bạn đeo bao tay vào  lấy lượng giò sống cùng thịt lươn vừa trộn lúc nảy đem bao bọc xung quanh từng thanh dứa để được những cuộn chả lươn bắt mắt. Lưu ý chừa một đoạn dứa trống để dễ cầm hơn và hãy nắn chả theo hình giọt nước cho món ăn thêm độc đáo. | Đổ dầu vào chảo  đun sôi thì cho hành vào  đợi hành vàng thơm thì cho chả lươn bọc dứa vào chiên  nhớ trở đều các mặt chả. Khi thấy chả lươn chín vàng đều thì múc bớt lượng dầu trong chảo ra  thêm vào sốt cà chua cùng tỏi và nước ninh xương. Lưu ý hãy hòa tan bột năng cùng đường vào nước dùng trước đó. Đảo đều để sốt áo toàn bộ phần chả lươn bạn nhé! | Bạn nấu sốt đến khi sệt lại thì tắt bếp  cho Chả Lươn Cuộn Dứa Xào ra dĩa  rải lên bề mặt chút hành. Món này dùng kèm cơm nóng thì ngon quên lối về đấy. Vị chua ngọt của nước sốt bao trọn lấy từng xiên chả lươn giòn thơm lại thêm hương dứa đặc trưng sẽ khó chối từ lắm nhen.,https://www.maggi.com.vn/cong-thuc/cha-luon-cuon-dua-xao-chua-ngot
Hàu Nướng Phô Mai Dầu Hào,30 phút,6 người ăn,N/A,2 kilôgam Hàu | 120 g Phô Mai | 1 muỗng canh MAGGI Dầu Hào | Rượu trắng | Đường | Nước cốt chanh | Ớt xắt lát | Nước mắm MAGGI,Hàu sau khi mua về  bạn ngâm với nước khoảng 2 - 3 tiếng để lớp bùn đất bên ngoài mềm ra  giúp công đoạn sơ chế hàu được dễ dàng hơn. Dùng bàn chải chà rửa sạch từ phần vỏ đến miệng hàu  sau đó chần với nước nóng trong 2 phút cho dễ tách vỏ  rửa sơ qua rượu trắng khử mùi tanh rồi để ráo. | Dùng cọ phết lên thịt hàu một lớp mỏng dầu hào MAGGI rồi đặt một miếng phô mai lên mặt hàu. Bạn lặp lại thao tác này đến khi hết số lượng hàu nhé! | Bạn mở nồi chiên không dầu cho nóng khoảng 5 phút để nhiệt lượng phân bổ đều  sau đó xếp từng con hàu vào bên trong  đậy nắp lại chiên ở mức 200 độ với thời gian 5 phút. Cách để nướng hàu ngon đó là chỉ nướng đến khi hàu vừa chín tới để giữ độ ngọt và mọng nước  tránh cho hàu bị khô. | Khi hàu đã chín  bạn dọn món ăn ra dĩa và thưởng thức ngay khi còn nóng. Hàu nướng phô mai ăn kèm với một ít nước mắm đường chua cay hay ăn không đều rất ngon. Phô mai và thịt hàu béo thơm ngậy  nức lòng người thưởng thức.,https://www.maggi.com.vn/cong-thuc/hau-nuong-pho-mai-dau-hao
Sốt Chấm Gỏi Cuốn,15 phút,2 người ăn,N/A,4 muỗng canh MAGGI Nước Tương | 1 muỗng canh Tương ớt | 2 muỗng canh Nước Cốt Dừa | 1 muỗng cà phê Bơ đậu phộng | 1 muỗng cà phê Đường Trắng | 1 muỗng canh Dầu Hành Tỏi Phi | 1 muỗng canh Nước Cốt Me,Bạn cho vào 1 chén nhỏ lần lượt các loại gia vị gồm nước tương MAGGI  tương ớt  nước cốt dừa  nước cốt me  dầu hành tỏi phi  bơ đậu phộng và đường cát. Khuấy đều hỗn hợp cho hòa tan là có ngay 1 chén sốt chấm hảo hạng. | Bày chén sốt chấm cùng những cuốn gỏi đã chuẩn bị sẵn  chấm gỏi cuốn ngập sốt và từ từ cảm nhận mùi sốt thơm dịu đang lan tỏa trong vị béo của nước cốt và bơ đậu phộng thêm chút chua nhẹ của me  cay cay của tương ớt. Vị ngon đúng “đỉnh” đó bạn nha!,https://www.maggi.com.vn/cong-thuc/sot-cham-goi-cuon
Bánh Tráng Nướng Chảo,30 phút,4 người ăn,N/A,Bánh tráng | Thịt heo xay | Xúc xích | Trứng gà | Pate gan | Phô mai | Hành lá | Tép khô | Hành phi | Ớt sa tế | Tiêu xay | Dầu ăn | Hạt nêm MAGGI nấm hương | Tương ớt MAGGI,Đầu tiên  bạn làm nóng một cái chảo nhỏ với dầu ăn rồi cho thịt heo xay vào đảo đều  nêm nếm với hạt nêm MAGGI nấm hương và tiêu xay cho đậm đà. Bạn đảo khoảng 5 phút cho thịt vừa chín tới  săn lại thì múc ra để riêng. | Bắc một chiếc chảo khô lên bếp  chờ đến khi chảo đã nóng già thì cho bánh tráng vào nướng. Khi bạn thấy phần rìa bánh hơi cong lên thì cho ớt sa tế vào  dùng mặt dưới muỗng tán đều. Tiếp tục cho lên trên bề mặt bánh tráng ít hành lá  1 muỗng canh thịt heo xào  đập 1 quả trứng gà lên trên  di chuyển muỗng nhẹ nhàng để các nguyên liệu dàn đều  trứng gà không bị tràn khỏi mặt bánh. | Chờ đến khi trứng gà chín và hơi khô lại  bạn cho tiếp pate gan  1 viên phô mai  tán nhuyễn đều khắp mặt. Sau đó lần lượt rải đều lên bề mặt bánh tép khô  hành phi  xúc xích cắt xéo cho đẹp mắt. | Để món ăn thêm thơm ngon và đậm vị  bạn cho xốt mayonnaise và tương ớt MAGGI lên trên theo đường ziczac  phủ khắp mặt bánh tráng nướng. | Nhẹ nhàng dùng muỗng lớn gập bánh lại. Áp chảo giòn đều cả hai mặt bánh rồi thưởng thức. Bạn nướng đến khi hết bánh tráng và nguyên liệu  nhưng món mới thời thượng này tốt nhất là làm đến đâu ăn đến đó để cảm nhận được vị giòn rụm của bánh kèm với vị béo  mặn ngọt hài hòa từ các nguyên liệu bạn nhé! Đừng quên ăn kèm với tương ớt MAGGI cay mát  đảm bảo món nhà làm ngon như nhà hàng luôn đó nha!,https://www.maggi.com.vn/cong-thuc/banh-trang-nuong-chao
Gỏi Tôm Thịt,80 phút,2 người ăn,N/A,100 g Tôm | 200 g Củ Hũ Dừa | 100 g Cà Rốt | 20 g Rau Răm | 10 g Hành Phi Giòn | 10 g Đậu Phộng Rang | 5 g Ngò Gai | 10 g Ớt Bằm | 80 g Đường Trắng | 2 muỗng canh Nước cốt chanh | 4 muỗng canh MAGGI Nước Mắm | Tỏi băm | Muối | 100g Thịt lợn  tươi  nhiều loại thịt và phụ phẩm  gan  nấu chín  om,Đầu tiên  bạn gọt vỏ cà rốt và dưa leo  rửa sạch rồi thái thành lát mỏng vừa ăn. Độ dài khoảng 7cm là vừa đẹp. Với dưa leo  nhớ loại bỏ phần ruột bên trong để món gỏi không bị ướt và dưa được ngon  giòn hơn. Củ hủ dừa bạn nên nạo sạch lớp vỏ ngoài  rửa sạch với nước rồi thái thành những lát mỏng vừa ăn. Ngâm phần củ hũ dừa đã thái trong nước đá lạnh có hòa cùng nước cốt chanh tươi để giữ độ trắng  giòn khi thưởng thức. | Rửa thịt ba chỉ và tôm với nước và một ít muối  sau đó bắc lên bếp luộc chín thịt với nước lạnh. Lưu ý là bạn phải để phần thịt luộc ngập trong nước  như vậy thịt sẽ chín từ từ và không bị thâm. Sau khi thịt đã chín  ngâm thịt vào tô nước lạnh để giữ độ trắng. Tiếp tục luộc tôm với nước thịt vừa dùng  bạn chỉ nên luộc khoảng 3 phút để tôm vừa chín tới  có màu đỏ đẹp mắt. Đừng luộc tôm quá lâu sẽ làm tôm bị khô và mất vị ngon ngọt tự nhiên. Ngâm tôm vào nước lạnh để tôm giòn dai  dễ bóc vỏ. | Khi tôm và thịt đã nguội  vớt ra để ráo nước một chút. Bạn thái thịt ba chỉ thành những miếng mỏng vừa ăn. Không nên cắt quá dày sẽ làm thịt khó thấm gia vị trộn gỏi. Với tôm  bạn bóc vỏ và giữ lại phần đuôi cho đẹp mắt. | Nước mắm trộn gỏi chính là yếu tố quyết định và là linh hồn của các món gỏi. Bắt tay vào làm thôi! Bắc nồi hoặc chảo lên bếp  cho nước mắm MAGGI vào với 4 muỗng canh nước lọc  đường trắng rồi đun sôi liu riu. Trộn đều tay để đường tan hết và hỗn hợp nước mắm keo sệt lại thì tắt bếp  để nguội. Khi nước mắm đã nguội hẳn  bạn thêm tỏi băm  ớt băm và nước cốt chanh vào  khuấy đều cho hòa quyện. Hỗn hợp nước mắm sánh kẹo và thơm  ngọt  mặn chua chua vừa miệng là chuẩn vị. | Để ráo hẳn củ hũ dừa  dưa leo và cà rốt trước khi tiến hành trộn gỏi bạn nhé. Nếu phần nguyên liệu chưa ráo thì khi trộn gỏi tôm thịt sẽ bị ướt và kém giòn. Cho củ hũ dừa  dưa leo  cà rốt và tôm thịt vào chung một tô  rưới nước mắm lên trên rồi trộn đều tất cả cho thấm. Nên trộn thật nhẹ tay để tránh cho rau củ bị nát và làm món gỏi chảy nước  kém ngon. | Cuối cùng  bạn thêm rau răm cắt nhỏ  ngò gai  đậu phộng rang và hành phi giòn  trộn đều một lần nữa là đã có thể bày ra đĩa thưởng thức rồi. Món gỏi tôm thịt củ hũ dừa giòn giòn lạ miệng  chua ngọt hài hòa kết hợp với tôm thịt  đậu phộng rang béo bùi sẽ khiến bạn ăn mãi không ngừng. Món gỏi rất hợp ăn cùng bánh phồng tôm chiên  cả nhà sẽ gật gù khi thưởng thức đấy!,https://www.maggi.com.vn/cong-thuc/goi-tom-thit
Bồ Câu Xào Lăn,45 phút,3 người ăn,N/A,500 g Bồ Câu | 1 quả Ớt Trái | 5 g Tỏi | 100 g Lạc Rang | 1/2 muỗng cà phê Đường | 1 gói Bột Cà Ri | 1 gói Phồng Tôm | 1/2 muỗng canh MAGGI Nước Mắm | 1 muỗng canh MAGGI Dầu Hào | Sả cây | Tiêu,Bồ câu làm sạch lông và ruột  rửa sạch với nước  để ráo rồi sau đó băm nhuyễn. Sả cây bóc bỏ phần vỏ già bên ngoài  rửa sạch sau đó băm nhuyễn với hành và tỏi. Rang chín đậu phộng rồi để nguội cho lớp vỏ dễ bóc hơn. Giã nhỏ đậu phộng chứ đừng giã nát bạn nhé. Bánh phồng tôm chiên rồi vớt ra cho ráo dầu. | Làm nóng chảo rồi đun cho dầu sôi  bạn kiểm tra thấy đầu đũa gỗ khi nhúng vào dầu có bong bóng nhỏ sủi lên thì cho hành  tỏi  sả băm nhuyễn vào xào cho thơm. Tiếp đến bạn cho thịt bồ câu bằm nhuyễn vào xào  thêm bột cà ri để món ăn thơm ngon đúng điệu. | Đảo đều cho bột cà ri hòa quyện cùng thịt  nêm thêm dầu hào MAGGI  nước mắm MAGGI  tiêu  đường và điều chỉnh sao cho phù hợp với khẩu vị của bạn. | Khi thịt đã chín tới  cho đậu phộng rang giã nhỏ vào rồi bày món ăn ra đĩa. Rắc rau ngổ và ớt trái đã rửa sạch thái nhỏ lên mặt món ăn cho thơm và đượm vị cay nồng. Bồ câu xào lăn ăn kèm bánh phồng chiên hay bánh tráng nướng đều rất ngon. Thịt chim ra ràng mềm béo  thơm lừng mùi hành  sả và cà ri  bùi bùi của đậu phộng  vừa ngon vừa dinh dưỡng.,https://www.maggi.com.vn/cong-thuc/bo-cau-xao-lan
Tôm Bằm Xúc Bánh Tráng,35 phút,4 người ăn,N/A,600 g Tôm Sú | 10 g Sả Băm | 1/4 muỗng cà phê Ớt Bột | 10 g Tiêu Xanh | 5 g Ngò Rí | 1 quả Ớt Sừng | 1 quả Cà Rốt | 1 muỗng cà phê Đường Trắng | 1 muỗng canh Đậu Phộng Rang | 1 muỗng canh Dầu Hành Tỏi Phi | 1 muỗng canh MAGGI Nước Mắm | 2 muỗng canh Tương ớt | 1 muỗng cà phê MAGGI Dầu Hào | Bánh tráng | Nước cốt chanh | Hạt nêm MAGGI nấm hương,Bạn lột bỏ vỏ và đầu tôm  dùng tăm tre nhẹ nhàng rút phần chỉ đen ở lưng  lau khô rồi cắt hạt lựu nhỏ. Rau ngò rí rửa sạch  cắt nhỏ. Bánh tráng dùng kéo cắt miếng hình tam giác vừa ăn  nướng bánh tráng trên than hồng đến khi chín giòn  có màu vàng ươm đẹp mắt. Tiêu xanh bỏ cuống  rửa sạch hạt rồi băm hoặc giã nhuyễn. Ớt sừng cắt lát mỏng  đậu phộng rang xát vỏ  giã nhỏ. | Ướp tôm với các gia vị gồm nước mắm MAGGI  hạt nêm MAGGI nấm hương  dầu hào MAGGI  bột ớt  sả băm. Trộn đều và để khoảng 5 phút cho tôm thấm gia vị đậm đà hơn. | Làm nóng chảo dầu tỏi  cho tôm đã ướp vào xào cho săn lại. Khi tôm vừa chín tới  chuyển sang màu đỏ hồng thì bạn cho đậu phộng  tiêu và ngò gai vào xào đều rồi tắt lửa. Bạn xào tôm nhanh trên lửa vừa  không nên xào quá lâu để tránh tôm bị khô lại nhé! | Món tôm bằm xào ngon khi ăn cùng nước chấm. Bạn pha nước chấm gồm tương ớt  nước cốt chanh và vài lát ớt sừng. Khuấy đều cho nước chấm tan  có vị chua ngọt  cay nhẹ là được. | Xếp bánh tráng nướng ra dĩa  cho tôm bằm xào lên trên  trang trí thêm ớt sừng cắt lát và ngò rí là sẵn sàng thưởng thức rồi đấy. Tôm sú giòn ngọt  được xào chín tới vẫn còn cảm giác mọng nước trong miệng khi ăn. Bánh tráng nướng giòn tan  ăn cùng tôm bằm thời thượng và mới lạ sẽ khiến mọi người trầm trồ đó nha!,https://www.maggi.com.vn/cong-thuc/tom-bam-xuc-banh-trang
Ngan Nướng Sả Riềng Mẻ,57 phút,,N/A,50 g Dầu Hào MAGGI | 30 g Nước tương MAGGI Đậm Đặc | 10 g Hạt nêm MAGGI | 15 g Đường cát | 2 kilôgam Thịt ngan nguyên con làm sạch | 60 g Dầu Ăn | 20 g Riềng băm | 20 g Sả Băm | 30 g Hành tím băm | 20 g Tỏi băm | 30 g Cơm mẻ | 10 g Mắm tôm,Để sơ chế “nhân vật chính” của món ăn hôm nay  đầu tiên  bạn chặt thịt ngan thanh miếng vừa ăn  nếu có thời gian bạn có thể lóc phi lê thịt ngan để tránh xương nhé! Tiếp theo  bạn hãy dùng muối hoặc chanh chà xát khắp thân ngan và nhớ dùng tay bóp kỹ để các chất nhờn  chất bẩn  mùi hôi trong lỗ chân lông ngan tiết ra ngoài. Cuối cùng  bạn đem ngan rửa lại với nước cho thật sạch rồi vớt ra để ráo. | Muốn làm nên hương vị đặc trưng của món Ngan Nướng Sả Riềng Mẻ  bạn cho hết tất cả riềng  sả  hành  tỏi  nước cơm mẻ vào máy xay  xay nhuyễn thành hỗn hợp nhỏ. | Bí quyết ướp thịt để giữ được hương vị đặc trưng Hà Nội cho món Ngan Nướng Sả Riềng Mẻ  mà vẫn tạo được sự khác biệt của riêng bạn là đây. Cho thịt ngan vào một bát (tô) lớn  sau đó thêm vào các nguyên liệu gồm: dầu hào MAGGI  nước tương MAGGI đậm đặc  hạt nêm MAGGI  đường  mắm tôm  dầu ăn và hỗn hợp vừa xay nhuyễn. Bạn nhớ trộn đều tay và ướp tầm 10 phút cho thịt ngan ngấm gia vị  rồi xiên thành các xâu thịt bằng nhau hoặc kẹp thịt vào vỉ nướng nhé! | Trước khi nướng thịt  bạn hãy khởi động lò nướng khoảng 15 phút cho nóng lò. Sau đó  cho thịt ngan vào lò và bắt đầu nướng trong khoảng 15 - 20 phút. Trong lúc nướng nhớ thăm chừng và đảo mặt thịt nướng đều 2 mặt. Lưu ý  không nên nướng thịt ngan quá lâu vì như thế sẽ làm thịt ngan cháy hoặc bị nhão. | Thịt sau khi đã nướng chín  bạn lấy ra cho vào dĩa  trang trí cùng ít rau ngò cho đẹp mắt. Vậy là món Ngan Nướng Sả Riềng Mẻ thơm lừng  đậm vị với công thức khác biệt từ MAGGI đã hoàn thành rồi. Và đừng quên chuẩn bị thêm chén cơm nóng để ăn cùng là hết sảy đấy nhé!,https://www.maggi.com.vn/cong-thuc/ngan-nuong-sa-rieng-me
Miến Lươn Trộn,60 phút,,N/A,400 g Lươn con to | 200 g Miến | 15 g Muối | 60 g Bột Chiên Giòn | 10 g Gừng tươi | 5 g Rau thơm | 5 g Đậu Phộng Rang | 2 g Hành phi | 20 g Dưa giá cà rốt chua ngọt | 30 g Nước nóng | 30 g Giấm Gạo | 15 g Dầu Hào MAGGI | 13 g Hạt nêm MAGGI | 30 g Nước tương MAGGI | 60 g Đường cát | 1 gam Ớt Bột | 2 g Tiêu Sọ,Lươn sau khi mua về  bạn cho muối vào xóc đều để lươn tự quẫy nhả nhớt. Tiếp theo  bạn dùng nước nóng 50-70°C dội xả 1 lượt nữa cho lươn sạch hết nhớt  rồi rửa lại bằng nước lạnh nhiều lần. Sau khi lươn đã sạch  bạn tiến hành phi lê lươn  để riêng phần xương với phần thịt. Với thịt  bạn tiếp tục cắt sợi vừa ăn. | Ăn Miến Lươn Trộn thì không thể nào thiếu phần nước súp ngọt thanh ăn kèm. Để chế biến  bạn cho phần xương lươn vừa lóc ở trên  hầm với gừng cắt lát trong lửa nhỏ tầm 15 phút. Sau đó  vớt xương ra và nêm 10gr hạt nêm MAGGI cho 500ml nước dùng. | Phần thịt lươn đã cắt sợi bạn cho vào tô  nêm thêm lượng hạt nêm MAGGI còn lại  10gr dầu hào và tiêu  rồi dùng muỗng trộn đều cho gia vị thấm vào thịt. Tiếp theo  cho tiếp bột chiên giòn vào tô lươn  trộn đều lần nữa để từng miếng thịt lươn được lớp áo bột mỏng bên ngoài. Để hoàn thành phần thịt lươn giòn tan  đậm đà ăn cùng miến  bạn đun nóng chảo dầu  cho lươn vào chiên đến khi vàng giòn  vớt lươn ra để ráo dầu là được nhé! | Muốn món Miến Lươn Trộn vừa giữ được nét đặc trưng của món ăn Bắc Trung Bộ  mà vẫn tạo được sự khác biệt tích cực thì phải lưu ngay công thức nước sốt trộn đặc biệt này nhé  bạn ơi! Cho tất cả nguyên liệu gồm: Nước nóng  dấm gạo  dầu hào MAGGI  nước tương MAGGI  đường cát  ớt bột  tiêu sọ vào chén (bát) khuấy đều tay đền khi tan  hòa quyện hết vào nhau. | Vậy là món Miến Lươn Trộn sắp “ra lò” rồi  chỉ còn thiếu mỗi phần miến thôi. Bạn nhanh tay cho nước vào nồi  đun sôi và thêm vào 1 muỗng canh dầu ăn. Tiếp đến  bạn cho miến vào nồi trụng khoảng 3 phút  vớt ra để ráo. Mách bạn mẹo nhỏ để món miến trộn không bị dính nhau là thêm 1 ít nước dùng vào miến sau khi trụng và nhớ trộn đều với nhau nhé! | Đây  món Miến Lươn Trộn bắt miệng đã sẵn sàng phục vụ cả nhà bạn rồi đây. Hãy xếp miến vừa được chế biến vào tô  thêm lươn chiên giòn  rau thơm  dưa giá cà rốt chua ngọt  đậu phộng rang  hành phi và chan nước sốt công thức “bí truyền” từ MAGGI vào là đảm bảo cả nhà phải trầm trồ về tài nấu nướng của bạn đấy. Và đừng quên thêm 1 chén nước súp thanh nhẹ được hầm lúc nãy để ăn cùng nữa nhé!,https://www.maggi.com.vn/cong-thuc/mien-luon-tron
Cua Rang Sốt Tía Tô,28 phút,,N/A,500 g Cua sống | 5 g Rượu hoa hồi | 20 g Đường | 5 g Dầu Mè | 10 g Nước gia vị cô đặc MAGGI | 15 g Dầu Hào MAGGI | 48 g Sốt tương ngọt (hoisin) | 15 g Chao đỏ | 135 g Chao trắng loại | 1.5 g Bột cam thảo | 10 g Ngũ Vị Hương | 30 g Hành tím | 30 g Tỏi băm | 30 g Gừng | 10 g Lá tía tô,Cua sống mua về bạn chà và rửa sạch với nước  rồi chặt mỗi con thành 4 phần đều nhau. Với tía tô  bạn lặt lấy lá  rửa với nước sạch  vớt ra để ráo nước  su đó cắt thành sợi mỏng. | Để chế biến phần nước sốt vừa giữ được hương vị đặc trưng vùng Đông Bắc  vừa tạo được sự khác biệt cho món Cua Rang Sốt Tía Tô bạn hãy ghi chú ngay lại công thức sau! Bắc chảo lên bếp  cho vào 1 ít dầu ăn  đợi dầu nóng nhanh tay bỏ vào 1/2 hành  tỏi  gừng xào cho thơm. Tiếp theo  cho hết các gia vị còn lại gồm: rượu hoa hồi  đường  dầu mè  nước gia vị MAGGI  dầu hào MAGGI  sốt tương ngọt (hoisin)  chao đỏ  chao trắng  bột cam thảo  ngũ vị hương vào đảo đều tay để hỗn hợp hòa quyện vào nhau. Lúc này  bạn có thể gia giảm phần gia vị sao cho vừa ăn  rồi tắt bếp cho ra bát (chén) nhé! | Sau khi đã chuẩn bị xong phần nước sốt xào  bạn bắt lên bếp 1 chảo khác  đổ ngập dầu  chờ dầu nóng thì thả từ từ phần cua đã sơ chế lúc nãy nào chiên với lửa lớn. Cua chiên đã chín và thơm lừng thì bạn nhanh tay vớt cua ra để ráo nhé! | Đến phần chế biến quan trọng nhất của món Cua Rang Sốt Tía Tô đây. Bạn hãy tiếp tục bắt chảo dầu lên bếp  phi thơm 1/2 hành  tỏi  gừng còn lại  rôi cho cua và nước sốt chế biến phía trên vào vừa đủ. Ở bước này  bạn nhớ đảo đều tay để cua thấm đều phần nước sốt “bí truyền”. Sau đó  cho lá tía tô vào xào sơ lại  nêm nếm lần nữa để vừa ăn là bạn có thể tắt bếp rồi đấy. | Để món ăn thêm phần hấp dẫn  bạn xếp cua ra dĩa  rưới nước sốt đều xung quanh và trang trí thêm với là tía tô. Bạn có thể ăn món Cua Rang Sốt Tía Tô với cơm và nhớ thưởng thức ngay khi còn nóng để cảm nhận trọn vị tươi  ngọt  săn chắc của thịt cua hòa quyện nước sốt sánh đặc  đậm đà và hương thơm nhẹ từ lá tía tô nhé!,https://www.maggi.com.vn/cong-thuc/cua-rang-sot-tia-to
Sườn Kho Nước Tương Quả Vả,40 phút,,N/A,4 muỗng canh Nước tương MAGGI | 1 Muỗng cà phê Dầu Hào MAGGI | 500 g Sườn non heo | 1 muỗng canh Tỏi băm | 1 muỗng canh Sả băm | 2 muỗng canh Dầu Ăn | 2 muỗng canh Đường | 1 gam Tiêu xay | 1 gam Tiêu xay | 500 ml Nước lọc | 200 g Quả vả,Sườn non mua về bạn chặt thành miếng vừa ăn. Tiếp theo  rửa qua nước muối rồi rửa lại lần nữa bằng nước sạch  vớt ra rổ cho ráo nước hẳn. Trái vả gọt vỏ  rửa sạch  cắt thành làm 4  nếu quả lớn bạn có thể cắt làm 8 nhé! | Để pha phần nước gia vị cho món kho ngon đúng vị mà vẫn khác biệt  MAGGI bật mí công thức sau đây. Bạn cho tất cả nguyên liệu gồm: nước tương MAGGI  dầu hào MAGGI  1 muỗng canh đường  tiêu xay và nước lọc vào chén  rồi dùng muỗng khuấy đều để các gia vị hòa quyện đều vào nhau. | Món Sườn Kho Nước Tương Quả Vả sẽ là thiếu sót nếu thiếu màu nâu sậm óng ánh từ nước màu. Bạn bắc chảo nhỏ lên bếp cho nóng  rồi cho vào 1 muỗng đường  khuấy đều tay đến khi đường chuyển thành màu nâu cánh gián thì cho ngay 1 ít nước lọc vào. | Bước quan trọng làm nên Sườn Kho Nước Tương Quả Vả đậm đà  lạ miệng đây. Bạn đun nóng dầu ăn trong chảo  sau đó thêm sả băm  tỏi băm vào phi thơm cùng với sườn. Tiếp theo  cho nước màu và chén gia vị bên trên vào mở lửa lớn  vớt bọt bỏ  rồi vặn nhỏ lửa nấu đến khi nước kho còn 1/2 thì cho quả vả vào kho tiếp đến khi thịt chín và phần nước kho sệt lại thì tắt bếp. | Cho Sườn Kho Nước Tương Quả Vả ra dĩa  rắc thêm một ít tiêu lên trên cho dậy mùi. Món này hãy ăn khi còn nóng và dùng với cơm trắng  có thêm chén nước tương MAGGI chấm cùng thì tuyệt vời luôn nhé.,https://www.maggi.com.vn/cong-thuc/suon-kho-nuoc-tuong-qua-va
Thịt đà điểu làm món gì ngon? Công thức đà điểu xào sả lá chanh,30 phút,3 người ăn,N/A,Thịt Đà Điểu | Hành Tây | Sả Cây | Dầu Ăn | Tỏi Băm | Ớt Băm | Tiêu | Dầu Hào Maggi | Hạt Nêm Maggi | Nước Mắm Maggi | 6 lá Lá chanh,Bạn rửa thịt đà điểu rồi cắt lát mỏng vừa. Lưu ý  để cắt thịt dễ hơn  hãy làm lạnh thịt trước khi cắt. Tiếp đó  cần ướp thịt đà điểu với 1 muỗng canh dầu hào MAGGI  hạt nêm MAGGI nấm hương  nước mắm MAGGI  1/2 muỗng tỏi băm  cùng 1 muỗng cà phê sả và ớt đã băm nhỏ  thêm chút tiêu. Trộn đều và ướp trong 15 phút. Đối với hành tây  bạn lột vỏ  rửa sạch rồi thái múi cau. Riêng lá chanh sau khi rửa nước sẽ thái sợi chỉ nhuyễn. | Đổ dầu vào chảo  đun sôi thì phi thơm phần tỏi băm cùng sả băm còn lại. Tiếp đến sẽ cho thịt đà điểu vào  xào liên tục trong khoảng 3 phút thì nêm thêm phần dầu hào MAGGI còn lại  đảo đều  thử vị thấy vừa thì thêm hành tây vào  xào hành cho vừa chín tới. | Bạn cho lá chanh vừa thái vào chảo  đảo qua một lần là có thể tắt bếp. Cho món ăn ra dĩa  trang trí thêm ớt thái lát lên trên bề mặt. Món ngon dùng kèm với cơm nóng và có thể chấm cùng nước tương MAGGI. Thịt đà điểu đậm vị hài hòa cùng lá chanh thơm nồng  sẽ làm hài lòng đến cả những vị khách khó tính nhất.,https://www.maggi.com.vn/cong-thuc/thit-da-dieu-xao-ot-sa-la-chanh
Su hào xào cà rốt thập cẩm,42 phút,2 người ăn,N/A,Dầu hào Maggi | 1 muỗng cà phê MAGGI Hạt Nêm Nấm Hương | Thịt thăn xay | 1 củ Su Hào | 1/2 củ Cà Rốt | Miến | Hành lá | Hành khô | Tiêu xay | Dầu ăn | 10 g Rau mùi,Để làm món su hào xào cà rốt thập cẩm  trước tiên bạn rửa sạch thịt thăn  vớt ra để ráo. Sau đó  xay nhỏ thịt và ướp với 1 muỗng dầu hào MAGGI để tăng vị đậm đà. | Su hào và cà rốt gọt vỏ  rửa sạch  bào sợi nhỏ hoặc thái bằng dao. Miến ngâm mềm  cắt khúc. Nấm hương  hành lá  rau mùi bỏ gốc  cắt nhỏ. Hành khô thái lát mỏng. | Phi thơm hành  xào nấm và thịt thăn rồi để riêng. Tiếp đến  xào su hào  cà rốt với hạt nêm MAGGI nấm hương  rồi cho miến và dầu hào MAGGI vào đảo đến khi chín. | Cho thịt  nấm vào chảo  thêm dầu hào MAGGI xào thêm 2 phút để thấm đều gia vị. Rắc hành lá  rau mùi  hạt tiêu. Su hào xào cà rốt thập cẩm thơm ngon đã sẵn sàng! | Trình bày ra dĩa và thưởng thức. Món su hào xào cà rốt thập cẩm thơm lừng  tốt cho sức khỏe và vóc dáng  thích hợp cho những ai yêu thích món ăn thanh đạm.,https://www.maggi.com.vn/cong-thuc/su-hao-xao-thap-cam
Hàu Nướng Phô Mai Dầu Hào,30 phút,6 người ăn,N/A,2 kilôgam Hàu | 120 g Phô Mai | 1 muỗng canh MAGGI Dầu Hào | Rượu trắng | Đường | Nước cốt chanh | Ớt xắt lát | Nước mắm MAGGI,Hàu sau khi mua về  bạn ngâm với nước khoảng 2 - 3 tiếng để lớp bùn đất bên ngoài mềm ra  giúp công đoạn sơ chế hàu được dễ dàng hơn. Dùng bàn chải chà rửa sạch từ phần vỏ đến miệng hàu  sau đó chần với nước nóng trong 2 phút cho dễ tách vỏ  rửa sơ qua rượu trắng khử mùi tanh rồi để ráo. | Dùng cọ phết lên thịt hàu một lớp mỏng dầu hào MAGGI rồi đặt một miếng phô mai lên mặt hàu. Bạn lặp lại thao tác này đến khi hết số lượng hàu nhé! | Bạn mở nồi chiên không dầu cho nóng khoảng 5 phút để nhiệt lượng phân bổ đều  sau đó xếp từng con hàu vào bên trong  đậy nắp lại chiên ở mức 200 độ với thời gian 5 phút. Cách để nướng hàu ngon đó là chỉ nướng đến khi hàu vừa chín tới để giữ độ ngọt và mọng nước  tránh cho hàu bị khô. | Khi hàu đã chín  bạn dọn món ăn ra dĩa và thưởng thức ngay khi còn nóng. Hàu nướng phô mai ăn kèm với một ít nước mắm đường chua cay hay ăn không đều rất ngon. Phô mai và thịt hàu béo thơm ngậy  nức lòng người thưởng thức.,https://www.maggi.com.vn/cong-thuc/hau-nuong-pho-mai-dau-hao
Sốt Chấm Gỏi Cuốn,15 phút,2 người ăn,N/A,4 muỗng canh MAGGI Nước Tương | 1 muỗng canh Tương ớt | 2 muỗng canh Nước Cốt Dừa | 1 muỗng cà phê Bơ đậu phộng | 1 muỗng cà phê Đường Trắng | 1 muỗng canh Dầu Hành Tỏi Phi | 1 muỗng canh Nước Cốt Me,Bạn cho vào 1 chén nhỏ lần lượt các loại gia vị gồm nước tương MAGGI  tương ớt  nước cốt dừa  nước cốt me  dầu hành tỏi phi  bơ đậu phộng và đường cát. Khuấy đều hỗn hợp cho hòa tan là có ngay 1 chén sốt chấm hảo hạng. | Bày chén sốt chấm cùng những cuốn gỏi đã chuẩn bị sẵn  chấm gỏi cuốn ngập sốt và từ từ cảm nhận mùi sốt thơm dịu đang lan tỏa trong vị béo của nước cốt và bơ đậu phộng thêm chút chua nhẹ của me  cay cay của tương ớt. Vị ngon đúng “đỉnh” đó bạn nha!,https://www.maggi.com.vn/cong-thuc/sot-cham-goi-cuon
Bánh Tráng Nướng Chảo,30 phút,4 người ăn,N/A,Bánh tráng | Thịt heo xay | Xúc xích | Trứng gà | Pate gan | Phô mai | Hành lá | Tép khô | Hành phi | Ớt sa tế | Tiêu xay | Dầu ăn | Hạt nêm MAGGI nấm hương | Tương ớt MAGGI,Đầu tiên  bạn làm nóng một cái chảo nhỏ với dầu ăn rồi cho thịt heo xay vào đảo đều  nêm nếm với hạt nêm MAGGI nấm hương và tiêu xay cho đậm đà. Bạn đảo khoảng 5 phút cho thịt vừa chín tới  săn lại thì múc ra để riêng. | Bắc một chiếc chảo khô lên bếp  chờ đến khi chảo đã nóng già thì cho bánh tráng vào nướng. Khi bạn thấy phần rìa bánh hơi cong lên thì cho ớt sa tế vào  dùng mặt dưới muỗng tán đều. Tiếp tục cho lên trên bề mặt bánh tráng ít hành lá  1 muỗng canh thịt heo xào  đập 1 quả trứng gà lên trên  di chuyển muỗng nhẹ nhàng để các nguyên liệu dàn đều  trứng gà không bị tràn khỏi mặt bánh. | Chờ đến khi trứng gà chín và hơi khô lại  bạn cho tiếp pate gan  1 viên phô mai  tán nhuyễn đều khắp mặt. Sau đó lần lượt rải đều lên bề mặt bánh tép khô  hành phi  xúc xích cắt xéo cho đẹp mắt. | Để món ăn thêm thơm ngon và đậm vị  bạn cho xốt mayonnaise và tương ớt MAGGI lên trên theo đường ziczac  phủ khắp mặt bánh tráng nướng. | Nhẹ nhàng dùng muỗng lớn gập bánh lại. Áp chảo giòn đều cả hai mặt bánh rồi thưởng thức. Bạn nướng đến khi hết bánh tráng và nguyên liệu  nhưng món mới thời thượng này tốt nhất là làm đến đâu ăn đến đó để cảm nhận được vị giòn rụm của bánh kèm với vị béo  mặn ngọt hài hòa từ các nguyên liệu bạn nhé! Đừng quên ăn kèm với tương ớt MAGGI cay mát  đảm bảo món nhà làm ngon như nhà hàng luôn đó nha!,https://www.maggi.com.vn/cong-thuc/banh-trang-nuong-chao
Gỏi Tôm Thịt,80 phút,2 người ăn,N/A,100 g Tôm | 200 g Củ Hũ Dừa | 100 g Cà Rốt | 20 g Rau Răm | 10 g Hành Phi Giòn | 10 g Đậu Phộng Rang | 5 g Ngò Gai | 10 g Ớt Bằm | 80 g Đường Trắng | 2 muỗng canh Nước cốt chanh | 4 muỗng canh MAGGI Nước Mắm | Tỏi băm | Muối | 100g Thịt lợn  tươi  nhiều loại thịt và phụ phẩm  gan  nấu chín  om,Đầu tiên  bạn gọt vỏ cà rốt và dưa leo  rửa sạch rồi thái thành lát mỏng vừa ăn. Độ dài khoảng 7cm là vừa đẹp. Với dưa leo  nhớ loại bỏ phần ruột bên trong để món gỏi không bị ướt và dưa được ngon  giòn hơn. Củ hủ dừa bạn nên nạo sạch lớp vỏ ngoài  rửa sạch với nước rồi thái thành những lát mỏng vừa ăn. Ngâm phần củ hũ dừa đã thái trong nước đá lạnh có hòa cùng nước cốt chanh tươi để giữ độ trắng  giòn khi thưởng thức. | Rửa thịt ba chỉ và tôm với nước và một ít muối  sau đó bắc lên bếp luộc chín thịt với nước lạnh. Lưu ý là bạn phải để phần thịt luộc ngập trong nước  như vậy thịt sẽ chín từ từ và không bị thâm. Sau khi thịt đã chín  ngâm thịt vào tô nước lạnh để giữ độ trắng. Tiếp tục luộc tôm với nước thịt vừa dùng  bạn chỉ nên luộc khoảng 3 phút để tôm vừa chín tới  có màu đỏ đẹp mắt. Đừng luộc tôm quá lâu sẽ làm tôm bị khô và mất vị ngon ngọt tự nhiên. Ngâm tôm vào nước lạnh để tôm giòn dai  dễ bóc vỏ. | Khi tôm và thịt đã nguội  vớt ra để ráo nước một chút. Bạn thái thịt ba chỉ thành những miếng mỏng vừa ăn. Không nên cắt quá dày sẽ làm thịt khó thấm gia vị trộn gỏi. Với tôm  bạn bóc vỏ và giữ lại phần đuôi cho đẹp mắt. | Nước mắm trộn gỏi chính là yếu tố quyết định và là linh hồn của các món gỏi. Bắt tay vào làm thôi! Bắc nồi hoặc chảo lên bếp  cho nước mắm MAGGI vào với 4 muỗng canh nước lọc  đường trắng rồi đun sôi liu riu. Trộn đều tay để đường tan hết và hỗn hợp nước mắm keo sệt lại thì tắt bếp  để nguội. Khi nước mắm đã nguội hẳn  bạn thêm tỏi băm  ớt băm và nước cốt chanh vào  khuấy đều cho hòa quyện. Hỗn hợp nước mắm sánh kẹo và thơm  ngọt  mặn chua chua vừa miệng là chuẩn vị. | Để ráo hẳn củ hũ dừa  dưa leo và cà rốt trước khi tiến hành trộn gỏi bạn nhé. Nếu phần nguyên liệu chưa ráo thì khi trộn gỏi tôm thịt sẽ bị ướt và kém giòn. Cho củ hũ dừa  dưa leo  cà rốt và tôm thịt vào chung một tô  rưới nước mắm lên trên rồi trộn đều tất cả cho thấm. Nên trộn thật nhẹ tay để tránh cho rau củ bị nát và làm món gỏi chảy nước  kém ngon. | Cuối cùng  bạn thêm rau răm cắt nhỏ  ngò gai  đậu phộng rang và hành phi giòn  trộn đều một lần nữa là đã có thể bày ra đĩa thưởng thức rồi. Món gỏi tôm thịt củ hũ dừa giòn giòn lạ miệng  chua ngọt hài hòa kết hợp với tôm thịt  đậu phộng rang béo bùi sẽ khiến bạn ăn mãi không ngừng. Món gỏi rất hợp ăn cùng bánh phồng tôm chiên  cả nhà sẽ gật gù khi thưởng thức đấy!,https://www.maggi.com.vn/cong-thuc/goi-tom-thit
Bồ Câu Xào Lăn,45 phút,3 người ăn,N/A,500 g Bồ Câu | 1 quả Ớt Trái | 5 g Tỏi | 100 g Lạc Rang | 1/2 muỗng cà phê Đường | 1 gói Bột Cà Ri | 1 gói Phồng Tôm | 1/2 muỗng canh MAGGI Nước Mắm | 1 muỗng canh MAGGI Dầu Hào | Sả cây | Tiêu,Bồ câu làm sạch lông và ruột  rửa sạch với nước  để ráo rồi sau đó băm nhuyễn. Sả cây bóc bỏ phần vỏ già bên ngoài  rửa sạch sau đó băm nhuyễn với hành và tỏi. Rang chín đậu phộng rồi để nguội cho lớp vỏ dễ bóc hơn. Giã nhỏ đậu phộng chứ đừng giã nát bạn nhé. Bánh phồng tôm chiên rồi vớt ra cho ráo dầu. | Làm nóng chảo rồi đun cho dầu sôi  bạn kiểm tra thấy đầu đũa gỗ khi nhúng vào dầu có bong bóng nhỏ sủi lên thì cho hành  tỏi  sả băm nhuyễn vào xào cho thơm. Tiếp đến bạn cho thịt bồ câu bằm nhuyễn vào xào  thêm bột cà ri để món ăn thơm ngon đúng điệu. | Đảo đều cho bột cà ri hòa quyện cùng thịt  nêm thêm dầu hào MAGGI  nước mắm MAGGI  tiêu  đường và điều chỉnh sao cho phù hợp với khẩu vị của bạn. | Khi thịt đã chín tới  cho đậu phộng rang giã nhỏ vào rồi bày món ăn ra đĩa. Rắc rau ngổ và ớt trái đã rửa sạch thái nhỏ lên mặt món ăn cho thơm và đượm vị cay nồng. Bồ câu xào lăn ăn kèm bánh phồng chiên hay bánh tráng nướng đều rất ngon. Thịt chim ra ràng mềm béo  thơm lừng mùi hành  sả và cà ri  bùi bùi của đậu phộng  vừa ngon vừa dinh dưỡng.,https://www.maggi.com.vn/cong-thuc/bo-cau-xao-lan
Tôm Bằm Xúc Bánh Tráng,35 phút,4 người ăn,N/A,600 g Tôm Sú | 10 g Sả Băm | 1/4 muỗng cà phê Ớt Bột | 10 g Tiêu Xanh | 5 g Ngò Rí | 1 quả Ớt Sừng | 1 quả Cà Rốt | 1 muỗng cà phê Đường Trắng | 1 muỗng canh Đậu Phộng Rang | 1 muỗng canh Dầu Hành Tỏi Phi | 1 muỗng canh MAGGI Nước Mắm | 2 muỗng canh Tương ớt | 1 muỗng cà phê MAGGI Dầu Hào | Bánh tráng | Nước cốt chanh | Hạt nêm MAGGI nấm hương,Bạn lột bỏ vỏ và đầu tôm  dùng tăm tre nhẹ nhàng rút phần chỉ đen ở lưng  lau khô rồi cắt hạt lựu nhỏ. Rau ngò rí rửa sạch  cắt nhỏ. Bánh tráng dùng kéo cắt miếng hình tam giác vừa ăn  nướng bánh tráng trên than hồng đến khi chín giòn  có màu vàng ươm đẹp mắt. Tiêu xanh bỏ cuống  rửa sạch hạt rồi băm hoặc giã nhuyễn. Ớt sừng cắt lát mỏng  đậu phộng rang xát vỏ  giã nhỏ. | Ướp tôm với các gia vị gồm nước mắm MAGGI  hạt nêm MAGGI nấm hương  dầu hào MAGGI  bột ớt  sả băm. Trộn đều và để khoảng 5 phút cho tôm thấm gia vị đậm đà hơn. | Làm nóng chảo dầu tỏi  cho tôm đã ướp vào xào cho săn lại. Khi tôm vừa chín tới  chuyển sang màu đỏ hồng thì bạn cho đậu phộng  tiêu và ngò gai vào xào đều rồi tắt lửa. Bạn xào tôm nhanh trên lửa vừa  không nên xào quá lâu để tránh tôm bị khô lại nhé! | Món tôm bằm xào ngon khi ăn cùng nước chấm. Bạn pha nước chấm gồm tương ớt  nước cốt chanh và vài lát ớt sừng. Khuấy đều cho nước chấm tan  có vị chua ngọt  cay nhẹ là được. | Xếp bánh tráng nướng ra dĩa  cho tôm bằm xào lên trên  trang trí thêm ớt sừng cắt lát và ngò rí là sẵn sàng thưởng thức rồi đấy. Tôm sú giòn ngọt  được xào chín tới vẫn còn cảm giác mọng nước trong miệng khi ăn. Bánh tráng nướng giòn tan  ăn cùng tôm bằm thời thượng và mới lạ sẽ khiến mọi người trầm trồ đó nha!,https://www.maggi.com.vn/cong-thuc/tom-bam-xuc-banh-trang
Ngan Nướng Sả Riềng Mẻ,57 phút,,N/A,50 g Dầu Hào MAGGI | 30 g Nước tương MAGGI Đậm Đặc | 10 g Hạt nêm MAGGI | 15 g Đường cát | 2 kilôgam Thịt ngan nguyên con làm sạch | 60 g Dầu Ăn | 20 g Riềng băm | 20 g Sả Băm | 30 g Hành tím băm | 20 g Tỏi băm | 30 g Cơm mẻ | 10 g Mắm tôm,Để sơ chế “nhân vật chính” của món ăn hôm nay  đầu tiên  bạn chặt thịt ngan thanh miếng vừa ăn  nếu có thời gian bạn có thể lóc phi lê thịt ngan để tránh xương nhé! Tiếp theo  bạn hãy dùng muối hoặc chanh chà xát khắp thân ngan và nhớ dùng tay bóp kỹ để các chất nhờn  chất bẩn  mùi hôi trong lỗ chân lông ngan tiết ra ngoài. Cuối cùng  bạn đem ngan rửa lại với nước cho thật sạch rồi vớt ra để ráo. | Muốn làm nên hương vị đặc trưng của món Ngan Nướng Sả Riềng Mẻ  bạn cho hết tất cả riềng  sả  hành  tỏi  nước cơm mẻ vào máy xay  xay nhuyễn thành hỗn hợp nhỏ. | Bí quyết ướp thịt để giữ được hương vị đặc trưng Hà Nội cho món Ngan Nướng Sả Riềng Mẻ  mà vẫn tạo được sự khác biệt của riêng bạn là đây. Cho thịt ngan vào một bát (tô) lớn  sau đó thêm vào các nguyên liệu gồm: dầu hào MAGGI  nước tương MAGGI đậm đặc  hạt nêm MAGGI  đường  mắm tôm  dầu ăn và hỗn hợp vừa xay nhuyễn. Bạn nhớ trộn đều tay và ướp tầm 10 phút cho thịt ngan ngấm gia vị  rồi xiên thành các xâu thịt bằng nhau hoặc kẹp thịt vào vỉ nướng nhé! | Trước khi nướng thịt  bạn hãy khởi động lò nướng khoảng 15 phút cho nóng lò. Sau đó  cho thịt ngan vào lò và bắt đầu nướng trong khoảng 15 - 20 phút. Trong lúc nướng nhớ thăm chừng và đảo mặt thịt nướng đều 2 mặt. Lưu ý  không nên nướng thịt ngan quá lâu vì như thế sẽ làm thịt ngan cháy hoặc bị nhão. | Thịt sau khi đã nướng chín  bạn lấy ra cho vào dĩa  trang trí cùng ít rau ngò cho đẹp mắt. Vậy là món Ngan Nướng Sả Riềng Mẻ thơm lừng  đậm vị với công thức khác biệt từ MAGGI đã hoàn thành rồi. Và đừng quên chuẩn bị thêm chén cơm nóng để ăn cùng là hết sảy đấy nhé!,https://www.maggi.com.vn/cong-thuc/ngan-nuong-sa-rieng-me
Miến Lươn Trộn,60 phút,,N/A,400 g Lươn con to | 200 g Miến | 15 g Muối | 60 g Bột Chiên Giòn | 10 g Gừng tươi | 5 g Rau thơm | 5 g Đậu Phộng Rang | 2 g Hành phi | 20 g Dưa giá cà rốt chua ngọt | 30 g Nước nóng | 30 g Giấm Gạo | 15 g Dầu Hào MAGGI | 13 g Hạt nêm MAGGI | 30 g Nước tương MAGGI | 60 g Đường cát | 1 gam Ớt Bột | 2 g Tiêu Sọ,Lươn sau khi mua về  bạn cho muối vào xóc đều để lươn tự quẫy nhả nhớt. Tiếp theo  bạn dùng nước nóng 50-70°C dội xả 1 lượt nữa cho lươn sạch hết nhớt  rồi rửa lại bằng nước lạnh nhiều lần. Sau khi lươn đã sạch  bạn tiến hành phi lê lươn  để riêng phần xương với phần thịt. Với thịt  bạn tiếp tục cắt sợi vừa ăn. | Ăn Miến Lươn Trộn thì không thể nào thiếu phần nước súp ngọt thanh ăn kèm. Để chế biến  bạn cho phần xương lươn vừa lóc ở trên  hầm với gừng cắt lát trong lửa nhỏ tầm 15 phút. Sau đó  vớt xương ra và nêm 10gr hạt nêm MAGGI cho 500ml nước dùng. | Phần thịt lươn đã cắt sợi bạn cho vào tô  nêm thêm lượng hạt nêm MAGGI còn lại  10gr dầu hào và tiêu  rồi dùng muỗng trộn đều cho gia vị thấm vào thịt. Tiếp theo  cho tiếp bột chiên giòn vào tô lươn  trộn đều lần nữa để từng miếng thịt lươn được lớp áo bột mỏng bên ngoài. Để hoàn thành phần thịt lươn giòn tan  đậm đà ăn cùng miến  bạn đun nóng chảo dầu  cho lươn vào chiên đến khi vàng giòn  vớt lươn ra để ráo dầu là được nhé! | Muốn món Miến Lươn Trộn vừa giữ được nét đặc trưng của món ăn Bắc Trung Bộ  mà vẫn tạo được sự khác biệt tích cực thì phải lưu ngay công thức nước sốt trộn đặc biệt này nhé  bạn ơi! Cho tất cả nguyên liệu gồm: Nước nóng  dấm gạo  dầu hào MAGGI  nước tương MAGGI  đường cát  ớt bột  tiêu sọ vào chén (bát) khuấy đều tay đền khi tan  hòa quyện hết vào nhau. | Vậy là món Miến Lươn Trộn sắp “ra lò” rồi  chỉ còn thiếu mỗi phần miến thôi. Bạn nhanh tay cho nước vào nồi  đun sôi và thêm vào 1 muỗng canh dầu ăn. Tiếp đến  bạn cho miến vào nồi trụng khoảng 3 phút  vớt ra để ráo. Mách bạn mẹo nhỏ để món miến trộn không bị dính nhau là thêm 1 ít nước dùng vào miến sau khi trụng và nhớ trộn đều với nhau nhé! | Đây  món Miến Lươn Trộn bắt miệng đã sẵn sàng phục vụ cả nhà bạn rồi đây. Hãy xếp miến vừa được chế biến vào tô  thêm lươn chiên giòn  rau thơm  dưa giá cà rốt chua ngọt  đậu phộng rang  hành phi và chan nước sốt công thức “bí truyền” từ MAGGI vào là đảm bảo cả nhà phải trầm trồ về tài nấu nướng của bạn đấy. Và đừng quên thêm 1 chén nước súp thanh nhẹ được hầm lúc nãy để ăn cùng nữa nhé!,https://www.maggi.com.vn/cong-thuc/mien-luon-tron
Cua Rang Sốt Tía Tô,28 phút,,N/A,500 g Cua sống | 5 g Rượu hoa hồi | 20 g Đường | 5 g Dầu Mè | 10 g Nước gia vị cô đặc MAGGI | 15 g Dầu Hào MAGGI | 48 g Sốt tương ngọt (hoisin) | 15 g Chao đỏ | 135 g Chao trắng loại | 1.5 g Bột cam thảo | 10 g Ngũ Vị Hương | 30 g Hành tím | 30 g Tỏi băm | 30 g Gừng | 10 g Lá tía tô,Cua sống mua về bạn chà và rửa sạch với nước  rồi chặt mỗi con thành 4 phần đều nhau. Với tía tô  bạn lặt lấy lá  rửa với nước sạch  vớt ra để ráo nước  su đó cắt thành sợi mỏng. | Để chế biến phần nước sốt vừa giữ được hương vị đặc trưng vùng Đông Bắc  vừa tạo được sự khác biệt cho món Cua Rang Sốt Tía Tô bạn hãy ghi chú ngay lại công thức sau! Bắc chảo lên bếp  cho vào 1 ít dầu ăn  đợi dầu nóng nhanh tay bỏ vào 1/2 hành  tỏi  gừng xào cho thơm. Tiếp theo  cho hết các gia vị còn lại gồm: rượu hoa hồi  đường  dầu mè  nước gia vị MAGGI  dầu hào MAGGI  sốt tương ngọt (hoisin)  chao đỏ  chao trắng  bột cam thảo  ngũ vị hương vào đảo đều tay để hỗn hợp hòa quyện vào nhau. Lúc này  bạn có thể gia giảm phần gia vị sao cho vừa ăn  rồi tắt bếp cho ra bát (chén) nhé! | Sau khi đã chuẩn bị xong phần nước sốt xào  bạn bắt lên bếp 1 chảo khác  đổ ngập dầu  chờ dầu nóng thì thả từ từ phần cua đã sơ chế lúc nãy nào chiên với lửa lớn. Cua chiên đã chín và thơm lừng thì bạn nhanh tay vớt cua ra để ráo nhé! | Đến phần chế biến quan trọng nhất của món Cua Rang Sốt Tía Tô đây. Bạn hãy tiếp tục bắt chảo dầu lên bếp  phi thơm 1/2 hành  tỏi  gừng còn lại  rôi cho cua và nước sốt chế biến phía trên vào vừa đủ. Ở bước này  bạn nhớ đảo đều tay để cua thấm đều phần nước sốt “bí truyền”. Sau đó  cho lá tía tô vào xào sơ lại  nêm nếm lần nữa để vừa ăn là bạn có thể tắt bếp rồi đấy. | Để món ăn thêm phần hấp dẫn  bạn xếp cua ra dĩa  rưới nước sốt đều xung quanh và trang trí thêm với là tía tô. Bạn có thể ăn món Cua Rang Sốt Tía Tô với cơm và nhớ thưởng thức ngay khi còn nóng để cảm nhận trọn vị tươi  ngọt  săn chắc của thịt cua hòa quyện nước sốt sánh đặc  đậm đà và hương thơm nhẹ từ lá tía tô nhé!,https://www.maggi.com.vn/cong-thuc/cua-rang-sot-tia-to
Sườn Kho Nước Tương Quả Vả,40 phút,,N/A,4 muỗng canh Nước tương MAGGI | 1 Muỗng cà phê Dầu Hào MAGGI | 500 g Sườn non heo | 1 muỗng canh Tỏi băm | 1 muỗng canh Sả băm | 2 muỗng canh Dầu Ăn | 2 muỗng canh Đường | 1 gam Tiêu xay | 1 gam Tiêu xay | 500 ml Nước lọc | 200 g Quả vả,Sườn non mua về bạn chặt thành miếng vừa ăn. Tiếp theo  rửa qua nước muối rồi rửa lại lần nữa bằng nước sạch  vớt ra rổ cho ráo nước hẳn. Trái vả gọt vỏ  rửa sạch  cắt thành làm 4  nếu quả lớn bạn có thể cắt làm 8 nhé! | Để pha phần nước gia vị cho món kho ngon đúng vị mà vẫn khác biệt  MAGGI bật mí công thức sau đây. Bạn cho tất cả nguyên liệu gồm: nước tương MAGGI  dầu hào MAGGI  1 muỗng canh đường  tiêu xay và nước lọc vào chén  rồi dùng muỗng khuấy đều để các gia vị hòa quyện đều vào nhau. | Món Sườn Kho Nước Tương Quả Vả sẽ là thiếu sót nếu thiếu màu nâu sậm óng ánh từ nước màu. Bạn bắc chảo nhỏ lên bếp cho nóng  rồi cho vào 1 muỗng đường  khuấy đều tay đến khi đường chuyển thành màu nâu cánh gián thì cho ngay 1 ít nước lọc vào. | Bước quan trọng làm nên Sườn Kho Nước Tương Quả Vả đậm đà  lạ miệng đây. Bạn đun nóng dầu ăn trong chảo  sau đó thêm sả băm  tỏi băm vào phi thơm cùng với sườn. Tiếp theo  cho nước màu và chén gia vị bên trên vào mở lửa lớn  vớt bọt bỏ  rồi vặn nhỏ lửa nấu đến khi nước kho còn 1/2 thì cho quả vả vào kho tiếp đến khi thịt chín và phần nước kho sệt lại thì tắt bếp. | Cho Sườn Kho Nước Tương Quả Vả ra dĩa  rắc thêm một ít tiêu lên trên cho dậy mùi. Món này hãy ăn khi còn nóng và dùng với cơm trắng  có thêm chén nước tương MAGGI chấm cùng thì tuyệt vời luôn nhé.,https://www.maggi.com.vn/cong-thuc/suon-kho-nuoc-tuong-qua-va
Thịt đà điểu làm món gì ngon? Công thức đà điểu xào sả lá chanh,30 phút,3 người ăn,N/A,Thịt Đà Điểu | Hành Tây | Sả Cây | Dầu Ăn | Tỏi Băm | Ớt Băm | Tiêu | Dầu Hào Maggi | Hạt Nêm Maggi | Nước Mắm Maggi | 6 lá Lá chanh,Bạn rửa thịt đà điểu rồi cắt lát mỏng vừa. Lưu ý  để cắt thịt dễ hơn  hãy làm lạnh thịt trước khi cắt. Tiếp đó  cần ướp thịt đà điểu với 1 muỗng canh dầu hào MAGGI  hạt nêm MAGGI nấm hương  nước mắm MAGGI  1/2 muỗng tỏi băm  cùng 1 muỗng cà phê sả và ớt đã băm nhỏ  thêm chút tiêu. Trộn đều và ướp trong 15 phút. Đối với hành tây  bạn lột vỏ  rửa sạch rồi thái múi cau. Riêng lá chanh sau khi rửa nước sẽ thái sợi chỉ nhuyễn. | Đổ dầu vào chảo  đun sôi thì phi thơm phần tỏi băm cùng sả băm còn lại. Tiếp đến sẽ cho thịt đà điểu vào  xào liên tục trong khoảng 3 phút thì nêm thêm phần dầu hào MAGGI còn lại  đảo đều  thử vị thấy vừa thì thêm hành tây vào  xào hành cho vừa chín tới. | Bạn cho lá chanh vừa thái vào chảo  đảo qua một lần là có thể tắt bếp. Cho món ăn ra dĩa  trang trí thêm ớt thái lát lên trên bề mặt. Món ngon dùng kèm với cơm nóng và có thể chấm cùng nước tương MAGGI. Thịt đà điểu đậm vị hài hòa cùng lá chanh thơm nồng  sẽ làm hài lòng đến cả những vị khách khó tính nhất.,https://www.maggi.com.vn/cong-thuc/thit-da-dieu-xao-ot-sa-la-chanh
Su hào xào cà rốt thập cẩm,42 phút,2 người ăn,N/A,Dầu hào Maggi | 1 muỗng cà phê MAGGI Hạt Nêm Nấm Hương | Thịt thăn xay | 1 củ Su Hào | 1/2 củ Cà Rốt | Miến | Hành lá | Hành khô | Tiêu xay | Dầu ăn | 10 g Rau mùi,Để làm món su hào xào cà rốt thập cẩm  trước tiên bạn rửa sạch thịt thăn  vớt ra để ráo. Sau đó  xay nhỏ thịt và ướp với 1 muỗng dầu hào MAGGI để tăng vị đậm đà. | Su hào và cà rốt gọt vỏ  rửa sạch  bào sợi nhỏ hoặc thái bằng dao. Miến ngâm mềm  cắt khúc. Nấm hương  hành lá  rau mùi bỏ gốc  cắt nhỏ. Hành khô thái lát mỏng. | Phi thơm hành  xào nấm và thịt thăn rồi để riêng. Tiếp đến  xào su hào  cà rốt với hạt nêm MAGGI nấm hương  rồi cho miến và dầu hào MAGGI vào đảo đến khi chín. | Cho thịt  nấm vào chảo  thêm dầu hào MAGGI xào thêm 2 phút để thấm đều gia vị. Rắc hành lá  rau mùi  hạt tiêu. Su hào xào cà rốt thập cẩm thơm ngon đã sẵn sàng! | Trình bày ra dĩa và thưởng thức. Món su hào xào cà rốt thập cẩm thơm lừng  tốt cho sức khỏe và vóc dáng  thích hợp cho những ai yêu thích món ăn thanh đạm.,https://www.maggi.com.vn/cong-thuc/su-hao-xao-thap-cam
Hàu Nướng Phô Mai Dầu Hào,30 phút,6 người ăn,N/A,2 kilôgam Hàu | 120 g Phô Mai | 1 muỗng canh MAGGI Dầu Hào | Rượu trắng | Đường | Nước cốt chanh | Ớt xắt lát | Nước mắm MAGGI,Hàu sau khi mua về  bạn ngâm với nước khoảng 2 - 3 tiếng để lớp bùn đất bên ngoài mềm ra  giúp công đoạn sơ chế hàu được dễ dàng hơn. Dùng bàn chải chà rửa sạch từ phần vỏ đến miệng hàu  sau đó chần với nước nóng trong 2 phút cho dễ tách vỏ  rửa sơ qua rượu trắng khử mùi tanh rồi để ráo. | Dùng cọ phết lên thịt hàu một lớp mỏng dầu hào MAGGI rồi đặt một miếng phô mai lên mặt hàu. Bạn lặp lại thao tác này đến khi hết số lượng hàu nhé! | Bạn mở nồi chiên không dầu cho nóng khoảng 5 phút để nhiệt lượng phân bổ đều  sau đó xếp từng con hàu vào bên trong  đậy nắp lại chiên ở mức 200 độ với thời gian 5 phút. Cách để nướng hàu ngon đó là chỉ nướng đến khi hàu vừa chín tới để giữ độ ngọt và mọng nước  tránh cho hàu bị khô. | Khi hàu đã chín  bạn dọn món ăn ra dĩa và thưởng thức ngay khi còn nóng. Hàu nướng phô mai ăn kèm với một ít nước mắm đường chua cay hay ăn không đều rất ngon. Phô mai và thịt hàu béo thơm ngậy  nức lòng người thưởng thức.,https://www.maggi.com.vn/cong-thuc/hau-nuong-pho-mai-dau-hao
Sốt Chấm Gỏi Cuốn,15 phút,2 người ăn,N/A,4 muỗng canh MAGGI Nước Tương | 1 muỗng canh Tương ớt | 2 muỗng canh Nước Cốt Dừa | 1 muỗng cà phê Bơ đậu phộng | 1 muỗng cà phê Đường Trắng | 1 muỗng canh Dầu Hành Tỏi Phi | 1 muỗng canh Nước Cốt Me,Bạn cho vào 1 chén nhỏ lần lượt các loại gia vị gồm nước tương MAGGI  tương ớt  nước cốt dừa  nước cốt me  dầu hành tỏi phi  bơ đậu phộng và đường cát. Khuấy đều hỗn hợp cho hòa tan là có ngay 1 chén sốt chấm hảo hạng. | Bày chén sốt chấm cùng những cuốn gỏi đã chuẩn bị sẵn  chấm gỏi cuốn ngập sốt và từ từ cảm nhận mùi sốt thơm dịu đang lan tỏa trong vị béo của nước cốt và bơ đậu phộng thêm chút chua nhẹ của me  cay cay của tương ớt. Vị ngon đúng “đỉnh” đó bạn nha!,https://www.maggi.com.vn/cong-thuc/sot-cham-goi-cuon
Bánh Tráng Nướng Chảo,30 phút,4 người ăn,N/A,Bánh tráng | Thịt heo xay | Xúc xích | Trứng gà | Pate gan | Phô mai | Hành lá | Tép khô | Hành phi | Ớt sa tế | Tiêu xay | Dầu ăn | Hạt nêm MAGGI nấm hương | Tương ớt MAGGI,Đầu tiên  bạn làm nóng một cái chảo nhỏ với dầu ăn rồi cho thịt heo xay vào đảo đều  nêm nếm với hạt nêm MAGGI nấm hương và tiêu xay cho đậm đà. Bạn đảo khoảng 5 phút cho thịt vừa chín tới  săn lại thì múc ra để riêng. | Bắc một chiếc chảo khô lên bếp  chờ đến khi chảo đã nóng già thì cho bánh tráng vào nướng. Khi bạn thấy phần rìa bánh hơi cong lên thì cho ớt sa tế vào  dùng mặt dưới muỗng tán đều. Tiếp tục cho lên trên bề mặt bánh tráng ít hành lá  1 muỗng canh thịt heo xào  đập 1 quả trứng gà lên trên  di chuyển muỗng nhẹ nhàng để các nguyên liệu dàn đều  trứng gà không bị tràn khỏi mặt bánh. | Chờ đến khi trứng gà chín và hơi khô lại  bạn cho tiếp pate gan  1 viên phô mai  tán nhuyễn đều khắp mặt. Sau đó lần lượt rải đều lên bề mặt bánh tép khô  hành phi  xúc xích cắt xéo cho đẹp mắt. | Để món ăn thêm thơm ngon và đậm vị  bạn cho xốt mayonnaise và tương ớt MAGGI lên trên theo đường ziczac  phủ khắp mặt bánh tráng nướng. | Nhẹ nhàng dùng muỗng lớn gập bánh lại. Áp chảo giòn đều cả hai mặt bánh rồi thưởng thức. Bạn nướng đến khi hết bánh tráng và nguyên liệu  nhưng món mới thời thượng này tốt nhất là làm đến đâu ăn đến đó để cảm nhận được vị giòn rụm của bánh kèm với vị béo  mặn ngọt hài hòa từ các nguyên liệu bạn nhé! Đừng quên ăn kèm với tương ớt MAGGI cay mát  đảm bảo món nhà làm ngon như nhà hàng luôn đó nha!,https://www.maggi.com.vn/cong-thuc/banh-trang-nuong-chao
Gỏi Tôm Thịt,80 phút,2 người ăn,N/A,100 g Tôm | 200 g Củ Hũ Dừa | 100 g Cà Rốt | 20 g Rau Răm | 10 g Hành Phi Giòn | 10 g Đậu Phộng Rang | 5 g Ngò Gai | 10 g Ớt Bằm | 80 g Đường Trắng | 2 muỗng canh Nước cốt chanh | 4 muỗng canh MAGGI Nước Mắm | Tỏi băm | Muối | 100g Thịt lợn  tươi  nhiều loại thịt và phụ phẩm  gan  nấu chín  om,Đầu tiên  bạn gọt vỏ cà rốt và dưa leo  rửa sạch rồi thái thành lát mỏng vừa ăn. Độ dài khoảng 7cm là vừa đẹp. Với dưa leo  nhớ loại bỏ phần ruột bên trong để món gỏi không bị ướt và dưa được ngon  giòn hơn. Củ hủ dừa bạn nên nạo sạch lớp vỏ ngoài  rửa sạch với nước rồi thái thành những lát mỏng vừa ăn. Ngâm phần củ hũ dừa đã thái trong nước đá lạnh có hòa cùng nước cốt chanh tươi để giữ độ trắng  giòn khi thưởng thức. | Rửa thịt ba chỉ và tôm với nước và một ít muối  sau đó bắc lên bếp luộc chín thịt với nước lạnh. Lưu ý là bạn phải để phần thịt luộc ngập trong nước  như vậy thịt sẽ chín từ từ và không bị thâm. Sau khi thịt đã chín  ngâm thịt vào tô nước lạnh để giữ độ trắng. Tiếp tục luộc tôm với nước thịt vừa dùng  bạn chỉ nên luộc khoảng 3 phút để tôm vừa chín tới  có màu đỏ đẹp mắt. Đừng luộc tôm quá lâu sẽ làm tôm bị khô và mất vị ngon ngọt tự nhiên. Ngâm tôm vào nước lạnh để tôm giòn dai  dễ bóc vỏ. | Khi tôm và thịt đã nguội  vớt ra để ráo nước một chút. Bạn thái thịt ba chỉ thành những miếng mỏng vừa ăn. Không nên cắt quá dày sẽ làm thịt khó thấm gia vị trộn gỏi. Với tôm  bạn bóc vỏ và giữ lại phần đuôi cho đẹp mắt. | Nước mắm trộn gỏi chính là yếu tố quyết định và là linh hồn của các món gỏi. Bắt tay vào làm thôi! Bắc nồi hoặc chảo lên bếp  cho nước mắm MAGGI vào với 4 muỗng canh nước lọc  đường trắng rồi đun sôi liu riu. Trộn đều tay để đường tan hết và hỗn hợp nước mắm keo sệt lại thì tắt bếp  để nguội. Khi nước mắm đã nguội hẳn  bạn thêm tỏi băm  ớt băm và nước cốt chanh vào  khuấy đều cho hòa quyện. Hỗn hợp nước mắm sánh kẹo và thơm  ngọt  mặn chua chua vừa miệng là chuẩn vị. | Để ráo hẳn củ hũ dừa  dưa leo và cà rốt trước khi tiến hành trộn gỏi bạn nhé. Nếu phần nguyên liệu chưa ráo thì khi trộn gỏi tôm thịt sẽ bị ướt và kém giòn. Cho củ hũ dừa  dưa leo  cà rốt và tôm thịt vào chung một tô  rưới nước mắm lên trên rồi trộn đều tất cả cho thấm. Nên trộn thật nhẹ tay để tránh cho rau củ bị nát và làm món gỏi chảy nước  kém ngon. | Cuối cùng  bạn thêm rau răm cắt nhỏ  ngò gai  đậu phộng rang và hành phi giòn  trộn đều một lần nữa là đã có thể bày ra đĩa thưởng thức rồi. Món gỏi tôm thịt củ hũ dừa giòn giòn lạ miệng  chua ngọt hài hòa kết hợp với tôm thịt  đậu phộng rang béo bùi sẽ khiến bạn ăn mãi không ngừng. Món gỏi rất hợp ăn cùng bánh phồng tôm chiên  cả nhà sẽ gật gù khi thưởng thức đấy!,https://www.maggi.com.vn/cong-thuc/goi-tom-thit
Bồ Câu Xào Lăn,45 phút,3 người ăn,N/A,500 g Bồ Câu | 1 quả Ớt Trái | 5 g Tỏi | 100 g Lạc Rang | 1/2 muỗng cà phê Đường | 1 gói Bột Cà Ri | 1 gói Phồng Tôm | 1/2 muỗng canh MAGGI Nước Mắm | 1 muỗng canh MAGGI Dầu Hào | Sả cây | Tiêu,Bồ câu làm sạch lông và ruột  rửa sạch với nước  để ráo rồi sau đó băm nhuyễn. Sả cây bóc bỏ phần vỏ già bên ngoài  rửa sạch sau đó băm nhuyễn với hành và tỏi. Rang chín đậu phộng rồi để nguội cho lớp vỏ dễ bóc hơn. Giã nhỏ đậu phộng chứ đừng giã nát bạn nhé. Bánh phồng tôm chiên rồi vớt ra cho ráo dầu. | Làm nóng chảo rồi đun cho dầu sôi  bạn kiểm tra thấy đầu đũa gỗ khi nhúng vào dầu có bong bóng nhỏ sủi lên thì cho hành  tỏi  sả băm nhuyễn vào xào cho thơm. Tiếp đến bạn cho thịt bồ câu bằm nhuyễn vào xào  thêm bột cà ri để món ăn thơm ngon đúng điệu. | Đảo đều cho bột cà ri hòa quyện cùng thịt  nêm thêm dầu hào MAGGI  nước mắm MAGGI  tiêu  đường và điều chỉnh sao cho phù hợp với khẩu vị của bạn. | Khi thịt đã chín tới  cho đậu phộng rang giã nhỏ vào rồi bày món ăn ra đĩa. Rắc rau ngổ và ớt trái đã rửa sạch thái nhỏ lên mặt món ăn cho thơm và đượm vị cay nồng. Bồ câu xào lăn ăn kèm bánh phồng chiên hay bánh tráng nướng đều rất ngon. Thịt chim ra ràng mềm béo  thơm lừng mùi hành  sả và cà ri  bùi bùi của đậu phộng  vừa ngon vừa dinh dưỡng.,https://www.maggi.com.vn/cong-thuc/bo-cau-xao-lan
Tôm Bằm Xúc Bánh Tráng,35 phút,4 người ăn,N/A,600 g Tôm Sú | 10 g Sả Băm | 1/4 muỗng cà phê Ớt Bột | 10 g Tiêu Xanh | 5 g Ngò Rí | 1 quả Ớt Sừng | 1 quả Cà Rốt | 1 muỗng cà phê Đường Trắng | 1 muỗng canh Đậu Phộng Rang | 1 muỗng canh Dầu Hành Tỏi Phi | 1 muỗng canh MAGGI Nước Mắm | 2 muỗng canh Tương ớt | 1 muỗng cà phê MAGGI Dầu Hào | Bánh tráng | Nước cốt chanh | Hạt nêm MAGGI nấm hương,Bạn lột bỏ vỏ và đầu tôm  dùng tăm tre nhẹ nhàng rút phần chỉ đen ở lưng  lau khô rồi cắt hạt lựu nhỏ. Rau ngò rí rửa sạch  cắt nhỏ. Bánh tráng dùng kéo cắt miếng hình tam giác vừa ăn  nướng bánh tráng trên than hồng đến khi chín giòn  có màu vàng ươm đẹp mắt. Tiêu xanh bỏ cuống  rửa sạch hạt rồi băm hoặc giã nhuyễn. Ớt sừng cắt lát mỏng  đậu phộng rang xát vỏ  giã nhỏ. | Ướp tôm với các gia vị gồm nước mắm MAGGI  hạt nêm MAGGI nấm hương  dầu hào MAGGI  bột ớt  sả băm. Trộn đều và để khoảng 5 phút cho tôm thấm gia vị đậm đà hơn. | Làm nóng chảo dầu tỏi  cho tôm đã ướp vào xào cho săn lại. Khi tôm vừa chín tới  chuyển sang màu đỏ hồng thì bạn cho đậu phộng  tiêu và ngò gai vào xào đều rồi tắt lửa. Bạn xào tôm nhanh trên lửa vừa  không nên xào quá lâu để tránh tôm bị khô lại nhé! | Món tôm bằm xào ngon khi ăn cùng nước chấm. Bạn pha nước chấm gồm tương ớt  nước cốt chanh và vài lát ớt sừng. Khuấy đều cho nước chấm tan  có vị chua ngọt  cay nhẹ là được. | Xếp bánh tráng nướng ra dĩa  cho tôm bằm xào lên trên  trang trí thêm ớt sừng cắt lát và ngò rí là sẵn sàng thưởng thức rồi đấy. Tôm sú giòn ngọt  được xào chín tới vẫn còn cảm giác mọng nước trong miệng khi ăn. Bánh tráng nướng giòn tan  ăn cùng tôm bằm thời thượng và mới lạ sẽ khiến mọi người trầm trồ đó nha!,https://www.maggi.com.vn/cong-thuc/tom-bam-xuc-banh-trang
Ngan Nướng Sả Riềng Mẻ,57 phút,,N/A,50 g Dầu Hào MAGGI | 30 g Nước tương MAGGI Đậm Đặc | 10 g Hạt nêm MAGGI | 15 g Đường cát | 2 kilôgam Thịt ngan nguyên con làm sạch | 60 g Dầu Ăn | 20 g Riềng băm | 20 g Sả Băm | 30 g Hành tím băm | 20 g Tỏi băm | 30 g Cơm mẻ | 10 g Mắm tôm,Để sơ chế “nhân vật chính” của món ăn hôm nay  đầu tiên  bạn chặt thịt ngan thanh miếng vừa ăn  nếu có thời gian bạn có thể lóc phi lê thịt ngan để tránh xương nhé! Tiếp theo  bạn hãy dùng muối hoặc chanh chà xát khắp thân ngan và nhớ dùng tay bóp kỹ để các chất nhờn  chất bẩn  mùi hôi trong lỗ chân lông ngan tiết ra ngoài. Cuối cùng  bạn đem ngan rửa lại với nước cho thật sạch rồi vớt ra để ráo. | Muốn làm nên hương vị đặc trưng của món Ngan Nướng Sả Riềng Mẻ  bạn cho hết tất cả riềng  sả  hành  tỏi  nước cơm mẻ vào máy xay  xay nhuyễn thành hỗn hợp nhỏ. | Bí quyết ướp thịt để giữ được hương vị đặc trưng Hà Nội cho món Ngan Nướng Sả Riềng Mẻ  mà vẫn tạo được sự khác biệt của riêng bạn là đây. Cho thịt ngan vào một bát (tô) lớn  sau đó thêm vào các nguyên liệu gồm: dầu hào MAGGI  nước tương MAGGI đậm đặc  hạt nêm MAGGI  đường  mắm tôm  dầu ăn và hỗn hợp vừa xay nhuyễn. Bạn nhớ trộn đều tay và ướp tầm 10 phút cho thịt ngan ngấm gia vị  rồi xiên thành các xâu thịt bằng nhau hoặc kẹp thịt vào vỉ nướng nhé! | Trước khi nướng thịt  bạn hãy khởi động lò nướng khoảng 15 phút cho nóng lò. Sau đó  cho thịt ngan vào lò và bắt đầu nướng trong khoảng 15 - 20 phút. Trong lúc nướng nhớ thăm chừng và đảo mặt thịt nướng đều 2 mặt. Lưu ý  không nên nướng thịt ngan quá lâu vì như thế sẽ làm thịt ngan cháy hoặc bị nhão. | Thịt sau khi đã nướng chín  bạn lấy ra cho vào dĩa  trang trí cùng ít rau ngò cho đẹp mắt. Vậy là món Ngan Nướng Sả Riềng Mẻ thơm lừng  đậm vị với công thức khác biệt từ MAGGI đã hoàn thành rồi. Và đừng quên chuẩn bị thêm chén cơm nóng để ăn cùng là hết sảy đấy nhé!,https://www.maggi.com.vn/cong-thuc/ngan-nuong-sa-rieng-me
Miến Lươn Trộn,60 phút,,N/A,400 g Lươn con to | 200 g Miến | 15 g Muối | 60 g Bột Chiên Giòn | 10 g Gừng tươi | 5 g Rau thơm | 5 g Đậu Phộng Rang | 2 g Hành phi | 20 g Dưa giá cà rốt chua ngọt | 30 g Nước nóng | 30 g Giấm Gạo | 15 g Dầu Hào MAGGI | 13 g Hạt nêm MAGGI | 30 g Nước tương MAGGI | 60 g Đường cát | 1 gam Ớt Bột | 2 g Tiêu Sọ,Lươn sau khi mua về  bạn cho muối vào xóc đều để lươn tự quẫy nhả nhớt. Tiếp theo  bạn dùng nước nóng 50-70°C dội xả 1 lượt nữa cho lươn sạch hết nhớt  rồi rửa lại bằng nước lạnh nhiều lần. Sau khi lươn đã sạch  bạn tiến hành phi lê lươn  để riêng phần xương với phần thịt. Với thịt  bạn tiếp tục cắt sợi vừa ăn. | Ăn Miến Lươn Trộn thì không thể nào thiếu phần nước súp ngọt thanh ăn kèm. Để chế biến  bạn cho phần xương lươn vừa lóc ở trên  hầm với gừng cắt lát trong lửa nhỏ tầm 15 phút. Sau đó  vớt xương ra và nêm 10gr hạt nêm MAGGI cho 500ml nước dùng. | Phần thịt lươn đã cắt sợi bạn cho vào tô  nêm thêm lượng hạt nêm MAGGI còn lại  10gr dầu hào và tiêu  rồi dùng muỗng trộn đều cho gia vị thấm vào thịt. Tiếp theo  cho tiếp bột chiên giòn vào tô lươn  trộn đều lần nữa để từng miếng thịt lươn được lớp áo bột mỏng bên ngoài. Để hoàn thành phần thịt lươn giòn tan  đậm đà ăn cùng miến  bạn đun nóng chảo dầu  cho lươn vào chiên đến khi vàng giòn  vớt lươn ra để ráo dầu là được nhé! | Muốn món Miến Lươn Trộn vừa giữ được nét đặc trưng của món ăn Bắc Trung Bộ  mà vẫn tạo được sự khác biệt tích cực thì phải lưu ngay công thức nước sốt trộn đặc biệt này nhé  bạn ơi! Cho tất cả nguyên liệu gồm: Nước nóng  dấm gạo  dầu hào MAGGI  nước tương MAGGI  đường cát  ớt bột  tiêu sọ vào chén (bát) khuấy đều tay đền khi tan  hòa quyện hết vào nhau. | Vậy là món Miến Lươn Trộn sắp “ra lò” rồi  chỉ còn thiếu mỗi phần miến thôi. Bạn nhanh tay cho nước vào nồi  đun sôi và thêm vào 1 muỗng canh dầu ăn. Tiếp đến  bạn cho miến vào nồi trụng khoảng 3 phút  vớt ra để ráo. Mách bạn mẹo nhỏ để món miến trộn không bị dính nhau là thêm 1 ít nước dùng vào miến sau khi trụng và nhớ trộn đều với nhau nhé! | Đây  món Miến Lươn Trộn bắt miệng đã sẵn sàng phục vụ cả nhà bạn rồi đây. Hãy xếp miến vừa được chế biến vào tô  thêm lươn chiên giòn  rau thơm  dưa giá cà rốt chua ngọt  đậu phộng rang  hành phi và chan nước sốt công thức “bí truyền” từ MAGGI vào là đảm bảo cả nhà phải trầm trồ về tài nấu nướng của bạn đấy. Và đừng quên thêm 1 chén nước súp thanh nhẹ được hầm lúc nãy để ăn cùng nữa nhé!,https://www.maggi.com.vn/cong-thuc/mien-luon-tron
Cua Rang Sốt Tía Tô,28 phút,,N/A,500 g Cua sống | 5 g Rượu hoa hồi | 20 g Đường | 5 g Dầu Mè | 10 g Nước gia vị cô đặc MAGGI | 15 g Dầu Hào MAGGI | 48 g Sốt tương ngọt (hoisin) | 15 g Chao đỏ | 135 g Chao trắng loại | 1.5 g Bột cam thảo | 10 g Ngũ Vị Hương | 30 g Hành tím | 30 g Tỏi băm | 30 g Gừng | 10 g Lá tía tô,Cua sống mua về bạn chà và rửa sạch với nước  rồi chặt mỗi con thành 4 phần đều nhau. Với tía tô  bạn lặt lấy lá  rửa với nước sạch  vớt ra để ráo nước  su đó cắt thành sợi mỏng. | Để chế biến phần nước sốt vừa giữ được hương vị đặc trưng vùng Đông Bắc  vừa tạo được sự khác biệt cho món Cua Rang Sốt Tía Tô bạn hãy ghi chú ngay lại công thức sau! Bắc chảo lên bếp  cho vào 1 ít dầu ăn  đợi dầu nóng nhanh tay bỏ vào 1/2 hành  tỏi  gừng xào cho thơm. Tiếp theo  cho hết các gia vị còn lại gồm: rượu hoa hồi  đường  dầu mè  nước gia vị MAGGI  dầu hào MAGGI  sốt tương ngọt (hoisin)  chao đỏ  chao trắng  bột cam thảo  ngũ vị hương vào đảo đều tay để hỗn hợp hòa quyện vào nhau. Lúc này  bạn có thể gia giảm phần gia vị sao cho vừa ăn  rồi tắt bếp cho ra bát (chén) nhé! | Sau khi đã chuẩn bị xong phần nước sốt xào  bạn bắt lên bếp 1 chảo khác  đổ ngập dầu  chờ dầu nóng thì thả từ từ phần cua đã sơ chế lúc nãy nào chiên với lửa lớn. Cua chiên đã chín và thơm lừng thì bạn nhanh tay vớt cua ra để ráo nhé! | Đến phần chế biến quan trọng nhất của món Cua Rang Sốt Tía Tô đây. Bạn hãy tiếp tục bắt chảo dầu lên bếp  phi thơm 1/2 hành  tỏi  gừng còn lại  rôi cho cua và nước sốt chế biến phía trên vào vừa đủ. Ở bước này  bạn nhớ đảo đều tay để cua thấm đều phần nước sốt “bí truyền”. Sau đó  cho lá tía tô vào xào sơ lại  nêm nếm lần nữa để vừa ăn là bạn có thể tắt bếp rồi đấy. | Để món ăn thêm phần hấp dẫn  bạn xếp cua ra dĩa  rưới nước sốt đều xung quanh và trang trí thêm với là tía tô. Bạn có thể ăn món Cua Rang Sốt Tía Tô với cơm và nhớ thưởng thức ngay khi còn nóng để cảm nhận trọn vị tươi  ngọt  săn chắc của thịt cua hòa quyện nước sốt sánh đặc  đậm đà và hương thơm nhẹ từ lá tía tô nhé!,https://www.maggi.com.vn/cong-thuc/cua-rang-sot-tia-to
Sườn Kho Nước Tương Quả Vả,40 phút,,N/A,4 muỗng canh Nước tương MAGGI | 1 Muỗng cà phê Dầu Hào MAGGI | 500 g Sườn non heo | 1 muỗng canh Tỏi băm | 1 muỗng canh Sả băm | 2 muỗng canh Dầu Ăn | 2 muỗng canh Đường | 1 gam Tiêu xay | 1 gam Tiêu xay | 500 ml Nước lọc | 200 g Quả vả,Sườn non mua về bạn chặt thành miếng vừa ăn. Tiếp theo  rửa qua nước muối rồi rửa lại lần nữa bằng nước sạch  vớt ra rổ cho ráo nước hẳn. Trái vả gọt vỏ  rửa sạch  cắt thành làm 4  nếu quả lớn bạn có thể cắt làm 8 nhé! | Để pha phần nước gia vị cho món kho ngon đúng vị mà vẫn khác biệt  MAGGI bật mí công thức sau đây. Bạn cho tất cả nguyên liệu gồm: nước tương MAGGI  dầu hào MAGGI  1 muỗng canh đường  tiêu xay và nước lọc vào chén  rồi dùng muỗng khuấy đều để các gia vị hòa quyện đều vào nhau. | Món Sườn Kho Nước Tương Quả Vả sẽ là thiếu sót nếu thiếu màu nâu sậm óng ánh từ nước màu. Bạn bắc chảo nhỏ lên bếp cho nóng  rồi cho vào 1 muỗng đường  khuấy đều tay đến khi đường chuyển thành màu nâu cánh gián thì cho ngay 1 ít nước lọc vào. | Bước quan trọng làm nên Sườn Kho Nước Tương Quả Vả đậm đà  lạ miệng đây. Bạn đun nóng dầu ăn trong chảo  sau đó thêm sả băm  tỏi băm vào phi thơm cùng với sườn. Tiếp theo  cho nước màu và chén gia vị bên trên vào mở lửa lớn  vớt bọt bỏ  rồi vặn nhỏ lửa nấu đến khi nước kho còn 1/2 thì cho quả vả vào kho tiếp đến khi thịt chín và phần nước kho sệt lại thì tắt bếp. | Cho Sườn Kho Nước Tương Quả Vả ra dĩa  rắc thêm một ít tiêu lên trên cho dậy mùi. Món này hãy ăn khi còn nóng và dùng với cơm trắng  có thêm chén nước tương MAGGI chấm cùng thì tuyệt vời luôn nhé.,https://www.maggi.com.vn/cong-thuc/suon-kho-nuoc-tuong-qua-va
Thịt đà điểu làm món gì ngon? Công thức đà điểu xào sả lá chanh,30 phút,3 người ăn,N/A,Thịt Đà Điểu | Hành Tây | Sả Cây | Dầu Ăn | Tỏi Băm | Ớt Băm | Tiêu | Dầu Hào Maggi | Hạt Nêm Maggi | Nước Mắm Maggi | 6 lá Lá chanh,Bạn rửa thịt đà điểu rồi cắt lát mỏng vừa. Lưu ý  để cắt thịt dễ hơn  hãy làm lạnh thịt trước khi cắt. Tiếp đó  cần ướp thịt đà điểu với 1 muỗng canh dầu hào MAGGI  hạt nêm MAGGI nấm hương  nước mắm MAGGI  1/2 muỗng tỏi băm  cùng 1 muỗng cà phê sả và ớt đã băm nhỏ  thêm chút tiêu. Trộn đều và ướp trong 15 phút. Đối với hành tây  bạn lột vỏ  rửa sạch rồi thái múi cau. Riêng lá chanh sau khi rửa nước sẽ thái sợi chỉ nhuyễn. | Đổ dầu vào chảo  đun sôi thì phi thơm phần tỏi băm cùng sả băm còn lại. Tiếp đến sẽ cho thịt đà điểu vào  xào liên tục trong khoảng 3 phút thì nêm thêm phần dầu hào MAGGI còn lại  đảo đều  thử vị thấy vừa thì thêm hành tây vào  xào hành cho vừa chín tới. | Bạn cho lá chanh vừa thái vào chảo  đảo qua một lần là có thể tắt bếp. Cho món ăn ra dĩa  trang trí thêm ớt thái lát lên trên bề mặt. Món ngon dùng kèm với cơm nóng và có thể chấm cùng nước tương MAGGI. Thịt đà điểu đậm vị hài hòa cùng lá chanh thơm nồng  sẽ làm hài lòng đến cả những vị khách khó tính nhất.,https://www.maggi.com.vn/cong-thuc/thit-da-dieu-xao-ot-sa-la-chanh
Su hào xào cà rốt thập cẩm,42 phút,2 người ăn,N/A,Dầu hào Maggi | 1 muỗng cà phê MAGGI Hạt Nêm Nấm Hương | Thịt thăn xay | 1 củ Su Hào | 1/2 củ Cà Rốt | Miến | Hành lá | Hành khô | Tiêu xay | Dầu ăn | 10 g Rau mùi,Để làm món su hào xào cà rốt thập cẩm  trước tiên bạn rửa sạch thịt thăn  vớt ra để ráo. Sau đó  xay nhỏ thịt và ướp với 1 muỗng dầu hào MAGGI để tăng vị đậm đà. | Su hào và cà rốt gọt vỏ  rửa sạch  bào sợi nhỏ hoặc thái bằng dao. Miến ngâm mềm  cắt khúc. Nấm hương  hành lá  rau mùi bỏ gốc  cắt nhỏ. Hành khô thái lát mỏng. | Phi thơm hành  xào nấm và thịt thăn rồi để riêng. Tiếp đến  xào su hào  cà rốt với hạt nêm MAGGI nấm hương  rồi cho miến và dầu hào MAGGI vào đảo đến khi chín. | Cho thịt  nấm vào chảo  thêm dầu hào MAGGI xào thêm 2 phút để thấm đều gia vị. Rắc hành lá  rau mùi  hạt tiêu. Su hào xào cà rốt thập cẩm thơm ngon đã sẵn sàng! | Trình bày ra dĩa và thưởng thức. Món su hào xào cà rốt thập cẩm thơm lừng  tốt cho sức khỏe và vóc dáng  thích hợp cho những ai yêu thích món ăn thanh đạm.,https://www.maggi.com.vn/cong-thuc/su-hao-xao-thap-cam
Mứt dừa,115 phút,1 người ăn,N/A,500 g Cơm dừa (Cắt sợi) | 200 g Đường | 20 ml Sữa đặc | 20 g Chanh xanh,Ngâm cơm dừa với nước chanh pha loãng | Vớt cơm dừa ra  để ráo | Ướp đường (đến khi đường tan hoàn toàn) | Cho hỗn hợp lên chảo  sên đến khi đường kết tinh,https://www.maggi.com.vn/cong-thuc/mut-dua
Bò lúc lắc,27 phút,2 người ăn,N/A,50 g Hành Tây | 50 g Ớt Chuông | 50 g Cà Chua | 5 g Tỏi xay | 10 ml Dầu Ăn | 10 g Bơ | 30 ml Nước | 150 g Thịt bò | 25 g Maggi Dầu hào bào ngư | 10 g MAGGI Tương Ớt | 400 mg Tiêu xay,Ướp thịt bò với dầu hào bào ngư  tiêu xay 15 phút cho thấm gia vị | Xào tỏi với dầu ăn 30 giây cho thơm | Thêm thịt bò vào xào 1 phút | Thêm hành tây  ớt chuông vào  tiếp tục xào 1 phút | Nêm với dầu hào bào ngư  tương ớt  tiêu xay  nước lọc cho vừa ăn | Thêm cà chua  bơ vào. Tiếp tục xào 30 giây nữa là được | Để bò lúc lác vào dĩa  dùng nóng.,https://www.maggi.com.vn/cong-thuc/bo-luc-lac
Mực xào chua ngọt,27 phút,2 người ăn,N/A,50 g Cà Chua | 50 g Hành Tây | 50 g Thơm (Dứa) | 5 g Cần Ta | 5 g Tỏi xay | 10 ml Dầu Ăn | 150 g Mực Ống | 15 g Maggi Dầu hào bào ngư | 10 g MAGGI Tương Ớt | 10 g Tương Cà | 10 ml Giấm | 40 ml Nước | 15 g Đường | 10 g Cà chua | 7 g Ớt Chuông | 1 gam Gừng | 100 mg Tiêu xay,Làm sốt chua ngọt: Đun sôi các nguyên liệu sốt chua ngọt. Xay nhuyễn  lược nước sốt lại cho mịn | Ướp mực với dầu hào bào ngư  tiêu xay 15 phút cho thấm gia vị | Xào tỏi với dầu ăn cho thơm | Thêm mực vào xào sơ 1 phút | Thêm rau củ vào xào tiếp 1 phút | Thêm xốt chua ngọt vào  xào cho thấm gia vị 1 phút | Để mực xào vào dĩa. Dùng nóng,https://www.maggi.com.vn/cong-thuc/muc-xao-chua-ngot
Cá Điêu Hồng Singapore,60 phút,2 người ăn,N/A,Cá Diêu Hồng | Gừng | Đường Trắng | Dầu Mè | Rượu Gạo | Màu Điều | Sốt Hoisin | Tiêu Xay | Ớt xắt lát | Đầu hành | 1 muỗng canh Dầu Ăn | Nước tương MAGGI | Dầu hào MAGGI | Hạt nêm MAGGI nấm hương | Hành ngò | Muối | Giấm | 1 muỗng canh Giấm đen,Cá diêu hồng sau khi mua về  bạn làm sạch rồi rửa qua với giấm và muối để khử mùi tanh. Rửa lại với nước rồi để ráo nước. Dùng dao khứa xéo lên 2 mặt của thân cá rồi ướp cá với 1 muỗng canh nước tương MAGGI  tiêu xay trong 15 phút cho cá được thấm gia vị  nhớ ướp cả trong bụng cá nhé. Tỏi và gừng bạn bỏ vỏ  rửa sạch sau đó cắt lát. | Trong khi chờ ướp cá  chúng ta tiến hành pha hỗn hợp gia vị gồm nước tương MAGGI và dầu hào MAGGI  giấm đen  sốt Hoisin  rượu gạo  đường trắng  dầu mè  màu điều và hạt nêm MAGGI nấm hương. Khuấy đều cho hỗn hợp tan đều và hòa quyện với nhau. | Làm nóng chảo trên bếp  thêm vào dầu ăn rồi đổ ớt khô  tỏi và gừng cắt lát vào xào cho thơm. Sau đó đổ hỗn hợp gia vị vừa pha vào. Đun cho hỗn hợp sôi lên  dậy mùi thơm thì bắt đầu cho cá diêu hồng vào chảo kho. | Trong lúc kho  bạn nhớ dùng muỗng tưới nước sốt lên mặt cá thường xuyên để thịt cá thấm gia vị hơn. Cá kho tộ hạn chế lật mặt để tránh thịt cá bị nát  không được đẹp mắt. Khi kho  nên đậy nắp để cá chín đều và thơm. Sau 15 phút kho trên bếp  phần nước kho đã sệt và có màu nâu bóng đẹp mắt thì rắc thêm đầu hành trắng vào chảo  kho thêm một lúc thì tắt bếp. | Khi cá đã kho xong  bày ra dĩa và trang trí với hành lá cắt nhỏ  ngò hoặc thêm vài lát ớt cho thơm. Phần nước kho cá dùng để chấm rau luộc thì ngon lắm luôn. Cá diêu hồng kho thơm mềm  thấm gia vị sốt Singapore đậm đà ăn cùng cơm trắng vừa ngon  vừa mới lạ thì còn gì bằng.,https://www.maggi.com.vn/cong-thuc/ca-dieu-hong-kho-sot-singapore
Ghẹ Xào Sữa Hạnh Nhân,30 phút,1 người ăn,N/A,Dầu hào Maggi | Hạnh nhân | Ghẹ | Sữa bò | Bột năng | Đường trắng | Nước | Ngò | Dầu ăn,Bạn làm nóng chảo  cho hạnh nhân vào rang thơm rồi đổ ra dĩa. Với ghẹ  bạn rửa sạch sau đó đặt vào nồi  thêm nước và bắt đầu luộc  khi ghẹ chín hãy để nguội rồi bóc lấy thịt. Bạn cho từ từ sữa bò vào bột năng  khuấy đều cho bột tan hoàn toàn  nếu muốn vị đậm hơn  bạn có thể nêm thêm gia vị. | Đổ dầu vào chảo  đun nóng rồi cho hỗn hợp sữa cùng bột năng vào. Khuấy đều đến khi hỗn hợp sôi lăn tăn thì thêm hạnh nhân cùng thịt ghẹ. Xào đến khi hỗn hợp sệt dần hãy thêm dầu hào MAGGI  đảo đều trong 2 phút là có thể tắt bếp. | Cho món ghẹ xào sữa hạnh nhân vào dĩa  trang trí thêm ít rau ngò cho bắt mắt. Món ngon có thể kết hợp cùng cơm trắng và ăn khi còn nóng. Vị béo của sữa ngấm vào thịt cua ngọt thanh cùng với hạt hạnh nhân bùi thơm sẽ đem đến một trải nghiệm vị giác thật tuyệt vời đó nha!,https://www.maggi.com.vn/cong-thuc/thit-ghe-xao-hanh-nhan-sua-bo
Ức Gà Phi Lê Sốt Nho,57 phút,6 người ăn,N/A,Ức gà | Nho xanh | Nước dừa | Hành tím | Hành lá | Tỏi | 4 muỗng canh Dầu Ăn | 3 g Tiêu Xay | 1 muỗng cà phê Đường Trắng | 2 muỗng canh Mật Ong | 1 muỗng canh Tương Cà | 2 muỗng cà phê MAGGI Hạt Nêm Nấm Hương | 2 muỗng canh MAGGI Nước Tương,Nho rửa sạch và cắt đôi theo chiều dọc. Ức gà chà xát muối rồi rửa kĩ với nước để khử mùi tanh  rửa xong dùng khăn sạch thấm khô nước và cắt ức gà thành các miếng dày khoảng 2cm  rộng khoảng 5-6cm. Thịt gà sau khi sơ chế xong thì đem ướp với 1 muỗng cà phê hạt nêm MAGGI nấm hương  1 muỗng canh nước tương MAGGI  mật ong và tiêu xay. Trộn đều ức gà cùng các nguyên liệu  thịt ướp ít nhất 15 phút cho thấm gia vị. | Bắc chảo lên bếp  chờ chảo nóng thêm vào dầu ăn. Khi dầu ăn đã nóng thì bạn cho ức gà vào áp chảo các mặt cho dậy mùi thơm  xém vàng các mặt thì gắp ức gà ra dĩa. Cách làm ức gà phi lên áp chảo không chỉ giúp miếng thịt có được màu vàng đẹp mắt mà còn giúp thịt được săn lại  giữ trọn độ ẩm. Ức gà càng tươi áp chảo sẽ càng ngon. | Dùng 1 chiếc chảo sâu lòng hoặc nồi chống dính bắc lên bếp chờ nóng thì cho dầu ăn vào  phi thơm hành và tỏi băm để món ăn dậy mùi và thơm ngon hơn. Tránh để lửa quá lớn sẽ mau khét hành tỏi. Khi tỏi và hành vừa vàng tới thì cho vào nước dừa  tương cà  đường trắng  phần nước tương MAGGI và hạt nêm MAGGI nấm hương còn lại vào  khuấy đều cho toàn bộ gia vị hòa quyện với nhau. | Đun hỗn hợp nước sốt đến khi sôi lên thì cho ức gà đã áp chảo và nho đã sơ chế vào. Trộn nhẹ lên rồi chỉnh lửa nhỏ  đậy nắp lại rim ức gà trong khoảng 15 phút. Lúc này nho sẽ mềm ra và hòa quyện hương vị ngọt thanh từ trái cây tươi vào nước sốt. Rim đến khi nước sốt keo lại  gà áo lên màu nâu đỏ đẹp mắt của nước sốt thì rắc thêm hành lá cắt nhỏ lên trên rồi tắt bếp. | Trình bày ức gà phi lê sốt nho ra dĩa và thưởng thức thôi. Ức gà rim lâu trong nước sốt nhưng không hề bị mất đi vị ngọt vốn có mà càng đậm đà cuốn hút hơn. Miếng ức gà vừa ăn  xém cạnh vừa thơm vừa hòa quyện cùng sốt nho mặn mặn ngọt ngọt sẽ cho bạn trải nghiệm món ăn ngon trên cả tưởng tượng.,https://www.maggi.com.vn/cong-thuc/uc-ga-phi-le-sot-trai-nho
Canh măng gà nấm hương,70 phút,4 người ăn,N/A,13 g MAGGI Hạt Nêm Nấm Hương | 500 g Thịt Gà Ta | 250 g Măng Khô Đã Ngăm | 100 g Nấm Hương | 2 Muỗng cà phê Bột ngọt | 2 củ Hành tím | 4 muỗng cà phê Dầu Ăn | 5 lít Nước lọc | 5 nhánh Hành Lá | 2 nhánh Ngò Rí,Đầu tiên bạn sơ chế măng khô. Trước khi nấu cần ngâm măng trong 3 giờ với nước sôi  hoặc 8 giờ với nước lạnh. Sau khi ngâm  bạn rửa măng nhiều lần với nước sạch  và luộc 20 phút để măng được mềm. | Để chuẩn bị gà  bạn rửa sạch cắt miếng vừa ăn  ướp 10 phút hạt nêm nấm hương. Sau đó  bạn phi thơm hành tím trong dầu ăn  xào gà cho thơm.Khi gà đã hơi ngả vàng  bạn cho thêm nước vào nồi  đến khi nước sôi thì nấu 10 phút để gà chín mềm. | Tiếp theo  bạn phi thơm hành tím với dầu ăn  sau đó xào sơ măng khoảng 10 phút cho đến khi măng thơm và mềm hơn. | Cuối cùng  bạn cho măng vào nồi gà đang nấu  nêm hết các gia vị đã chuẩn bị  rồi nấu thêm 2-5 phút nữa với lửa nhỏ.Bạn múc ra tô lớn  thêm hành và ngò rí cho thơm và trang trí đẹp mắt  là đã có thể thưởng thức rồi.,https://www.maggi.com.vn/cong-thuc/canh-mang-ga-nam-huong
Gà Xào Hạt Điều,30 phút,2 người ăn,N/A,Đùi gà | Hạt điều rang | Tỏi băm | Ớt | Bột mì | Hành tây cắt vuông 3cm | Tương cà | Dầu ăn | Hành lá | Tương ớt | Dầu Hào Maggi | Hạt Nêm Maggi | Nước Tương Maggi | Muối,Làm nóng dầu trong chảo đến khi dầu sôi thì đổ ớt bằm vào xào đều tay. Bạn xào ớt trên lửa nhỏ để ớt có mùi thơm  không bị cháy. Sau đó tắt bếp và đổ ớt ra đĩa. | Rửa sạch đùi gà với nước  xát chút muối để khử mùi sau đó xả lại  cắt miếng vừa ăn. Bạn cho thịt gà và bột mì đa dụng vào tô rồi trộn đều để bột phủ một lớp mỏng lên gà. Cho dầu vào chảo  đun nóng ở lửa vừa  thêm thịt gà đã lăn bột vào xào chín  vàng đều các mặt rồi vớt ra để riêng. | Tranh thủ lúc chảo xào gà còn nóng  bạn cho thêm dầu ăn  phi tỏi đến khi dậy mùi thơm và hơi cháy cạnh  trút thịt gà và hành tây vào xào thêm khoảng 1 phút. | Lần lượt thêm các nguyên liệu còn lại gồm: hạt điều  dầu ớt bằm  tương ớt  tương cà  dầu hào MAGGI  nước tương MAGGI  đường và hạt nêm MAGGI nấm hương vào chảo  xào trong khoảng 2 đến 3 phút với lửa nhỏ cho các nguyên liệu thấm đều gia vị rồi tắt bếp. Bày món gà xào ra đĩa  trang trí với hành lá rồi thưởng thức hương vị Thái đặc trưng ngay tại nhà thôi!,https://www.maggi.com.vn/cong-thuc/ga-xao-hat-dieu
Măng Tây Xào Thịt Gà,27 phút,3 người ăn,N/A,Măng tây | Ức gà | Gừng | Bơ thơm | Bột năng | Dầu ăn | Muối | Ngò rí | Tiêu xay | Hạt nêm Maggi Nấm hương | Nước tương Maggi,Măng tây cắt bỏ phần già  rửa sạch rồi cắt khúc khoảng 4cm. Trụng măng trong nước sôi thêm một chút muối và dầu ăn  vớt ra ngâm ngay vào nước đá lạnh để giữ độ giòn và xanh của măng. Bạn nhớ để ráo măng tây trước khi chế biến. Thịt gà rửa sạch  cắt thành miếng mỏng vừa ăn  ướp với gừng  1/2 muỗng canh hạt nêm MAGGI nấm hương  bột năng và một chút tiêu  trộn đều rồi để 10 phút cho thịt ngấm gia vị. | Bạn làm nóng chảo với một ít dầu ăn  mở lửa to rồi cho thịt gà đã ướp vào xào nhanh đến khi chín tái  bên ngoài thịt chuyển màu trắng thì trút ra dĩa. | Bạn làm nóng chảo trở lại  cho bơ lạt vào nấu đến khi tan chảy thì thêm măng tây  thịt gà xào nhanh tay trên lửa to cho chín đều là được. Nêm nếm măng tây xào với 1/2 muỗng canh hạt nêm MAGGI nấm hương  nước tương MAGGI cho vừa ăn  đảo đều rồi tắt bếp. | Món xào đã hoàn thành thì trình bày ra dĩa và cùng thưởng thức. Măng tây xào giòn ngọt với thịt gà dai dai ăn cùng cơm nóng sẽ rất ngon và tốt cho sức khỏe. Cách làm măng tây xào đơn giản nhưng đảm bảo nàng sẽ thích mê!,https://www.maggi.com.vn/cong-thuc/mang-tay-xao-thit-ga
Bò Kho Mật Mía,80 phút,4 servings,N/A,Tương Ớt | Gừng | Củ Sả | Quế | Mật Mía | Hạt nêm Maggi | Nước mắm Maggi | Bắp bò | Ớt bột | Mật ong | Nước cốt chanh | Sa tế | Nước tương MAGGI,Chuẩn bị: Bắp bò rửa sạch  để ráo nước. Sả đập dập  cắt khúc khoảng 5cm. Quế bẻ vụn. Gừng giã dập. Ở công đoạn này bạn nên dùng cối đá hoặc cối bằng gốm  tránh dùng cối gỗ sẽ làm thất thoát phần nước cốt của gừng. | Khâu tẩm ướp gia vị chính là bước thực hiện quan trọng nhất của món này. Trộn đều quế  gừng  sả  ớt bột  nước mắm MAGGI và hạt nêm MAGGI nấm hương. Thêm mật mía vào trộn đều. Ướp thịt bò cùng hỗn hợp vừa trộn tối thiểu trong 1 tiếng. Bí quyết để món Bò kho mật mía mang hương vị mới lạ  đậm đà  dậy vị chính là sử dụng nước mắm và hạt nêm nấm hương nhà MAGGI đấy! | Đặt nồi thịt bò đã ướp lên bếp  đậy vung đun với lửa to đến khi nồi thịt sôi khoảng 10 phút thì bạn tắt bếp  để thịt nguội. | Tiếp tục đun lần 2  trong quá trình đun bạn nhớ đậy vung  thỉnh thoảng lật miếng thịt cho ngấm và đều màu. Đun đến khi cạn nước là được. | Khi ăn  bạn có thể dùng kèm với cơm nóng cùng nước chấm theo công thức sau: nước tương MAGGI  mật ong  sa tế  nước cốt chanh  tương ớt. Tất cả trộn đều là bạn đã có 1 bát nước chấm chuẩn vị rồi đấy. Rưới thêm nước bò kho lên trên món ăn cho thêm phần đậm đà nhé!,https://www.maggi.com.vn/cong-thuc/bo-kho-mat-mia
Bạch Tuộc Xào Ớt Sừng,32 phút,2 người ăn,N/A,Bạch Tuộc | Ớt sừng | Sả Xay | Dầu Ăn | Đường | Muối | Dầu hào Maggi | Hạt nêm Maggi | Nước cốt chanh,Bỏ sạch phần mắt  phần ruột bạch tuộc  dùng nước cốt chanh rửa sạch bạch tuộc rồi ngâm nước muối lạnh khoảng 15 phút để loại bỏ bớt mùi và nhớt. Bạn nên chần sơ bạch tuộc qua nước sôi trước khi xào để loại bỏ lớp nhớt và giúp món xào được ngon hơn. Ớt sừng trâu rửa sạch  bỏ hạt và cắt lát mỏng. Bạch tuộc để nguyên đầu hoặc chẻ đôi. | Làm nóng dầu trên chảo  phi thơm sả rồi cho bạch tuộc vào xào săn  nêm thêm dầu hào MAGGI  hạt nêm MAGGI nấm hương  muối và đường. Xào với lửa lớn và đảo nhanh tay để bạch tuộc không bị mất nước và giữ được độ giòn  không nên xào quá lâu sẽ khiến bạch tuộc bị dai. | Khi bạch tuộc đã săn chín  các gia vị thấm đều và dậy mùi thơm  bạn cho thêm ớt sừng vào xào nhanh rồi tắt bếp. Món ăn giữ được vị giòn ngon của bạch tuộc và cay nhẹ của ớt  không bị mềm quá hay dai quá là đạt bạn nhé. | Bày món ăn ra đĩa  dùng nóng với cơm trắng sẽ rất ngon. Bạn có thể trang trí món ăn với tiêu xay và vài lá ngò cho bắt mắt nhé. Món ăn có vị ngon và ngọt tự nhiên từ bạch tuộc  cay nhẹ từ ớt và thơm mùi sả  lạ miệng và kích thích vị giác  cứ muốn ăn mãi không thôi.,https://www.maggi.com.vn/cong-thuc/bach-tuoc-xao-ot-sung
Chả Lươn Cuộn Dứa Xào,80 phút,5 người ăn,N/A,Lươn | Giò Sống | Thơm | Bột Năng | Tỏi | Hành Khô | Rau Răm | Đường Trắng | Sốt Cà Chua | Dầu Hào MAGGI | Hành lá | Muối hạt | Nước cốt chanh | Dầu ăn | Bột nghệ,Lươn cần được làm sạch  tách thịt và xương riêng. Bạn băm nhỏ phần thịt rồi đem ướp cùng bột nghệ  tiêu xay  rau răm cùng 2 muỗng canh dầu hào MAGGI. Đối với xương và đầu  hãy ninh lấy nước dùng. Lưu ý để giảm đi độ nhớt của lươn  bạn có thể chà lươn với muối hạt rồi rửa qua nước cốt chanh và rửa thêm một lần nước. Bạn không dùng giấm để rửa vì sẽ mất đi mùi thơm đặc trưng của thịt lươn. | Khi thịt lươn thấm vị  cho vào tô cùng giò sống  thêm lượng còn lại dầu hào MAGGI vào cùng. Lúc này hãy gọt vỏ và loại bỏ mắt dứa  chọn phần lõi cứng ở giữa quả  cắt thành từng thanh vuông dài tầm 10cm. | Bạn đeo bao tay vào  lấy lượng giò sống cùng thịt lươn vừa trộn lúc nảy đem bao bọc xung quanh từng thanh dứa để được những cuộn chả lươn bắt mắt. Lưu ý chừa một đoạn dứa trống để dễ cầm hơn và hãy nắn chả theo hình giọt nước cho món ăn thêm độc đáo. | Đổ dầu vào chảo  đun sôi thì cho hành vào  đợi hành vàng thơm thì cho chả lươn bọc dứa vào chiên  nhớ trở đều các mặt chả. Khi thấy chả lươn chín vàng đều thì múc bớt lượng dầu trong chảo ra  thêm vào sốt cà chua cùng tỏi và nước ninh xương. Lưu ý hãy hòa tan bột năng cùng đường vào nước dùng trước đó. Đảo đều để sốt áo toàn bộ phần chả lươn bạn nhé! | Bạn nấu sốt đến khi sệt lại thì tắt bếp  cho Chả Lươn Cuộn Dứa Xào ra dĩa  rải lên bề mặt chút hành. Món này dùng kèm cơm nóng thì ngon quên lối về đấy. Vị chua ngọt của nước sốt bao trọn lấy từng xiên chả lươn giòn thơm lại thêm hương dứa đặc trưng sẽ khó chối từ lắm nhen.,https://www.maggi.com.vn/cong-thuc/cha-luon-cuon-dua-xao-chua-ngot
Canh Cá Cải Chua,30 phút,5 servings,N/A,Cá Điêu Hồng | Cải Chua | Cà Chua | Rau Cần | Hành Lá | Rượu Gừng | Nước | Riềng Non Xắt Sợi | Ớt | Dầu Ăn | MAGGI Hạt Nêm Nấm Hương | MAGGI Nước Mắm,Cá đánh vảy  cắt bỏ vây mang và nội tạng rồi chà cùng rượu gừng. Sau khi rửa lại bạn lau khô cá  cắt đôi cá đem ướp cùng 1 muỗng hạt nêm MAGGI nấm hương. Cải chua cắt khúc vừa ăn. Cà chua thái thành 6 múi cau/ quả. Tiếp đến rửa rau cần rồi cắt đoạn 5cm. Đối với hành lá  cắt đầu trắng cho vào cối giã nhuyễn cùng ớt bỏ hạt rồi pha vào nước mắm MAGGI  phần lá xanh thái cỡ 5cm là xong. | Cho dầu vào chảo  đun đến khi dầu sôi thì lần lượt cho từng khứa cá vào chiên. Bạn trở đều hai mặt cá  chiên cho cá chín tái thì gắp ra  để lên giấy thấm dầu cho ráo. Lưu ý  để tránh tình trạng văng dầu lúc chiên cá  khi dầu sôi bạn có thể cho xíu muối hoặc vài giọt chanh vào chảo. | Bạn bắc nồi nước  nấu thật sôi thì thả cá cùng riềng thái sợi vào  cho luôn nước mắm hành ớt đã giã. Đợi khi cá chín  bạn cho tiếp cải chua vào nồi  tiếp tục nấu sôi thêm lần nữa rồi mới thả vào cà chua cùng rau cần  nêm 1 muỗng hạt nêm MAGGI nấm hương. Lưu ý nếu có phần bọt canh bạn hãy vớt sạch để nước trong và ngon hơn. | Nếu thấy vị vừa ăn  cho hành lá vào  khuấy đều một lần rồi tắt bếp. Lưu ý độ chua của cải có thể chưa đạt mức lý tưởng với khẩu vị của bạn  nếu cần tăng vị hãy thêm nước tắc cùng đường và nước mắm MAGGI vào. Tắt bếp và múc vào tô  có thể thêm ngò rí cùng vài lát ớt  món ăn sẽ được dùng khi còn nóng cùng bún hoặc cơm. Thêm chén nước mắm MAGGI bên cạnh cho những ai thích vị “mặn mòi” hơn nhé!,https://www.maggi.com.vn/cong-thuc/canh-ca-cai-chua
Canh Sườn Nấu Măng Chua Tươi,40 phút,2 servings,N/A,Sườn non | Măng tươi | Hành lá | Nước lọc | Hạt Nêm Maggi 3 Ngọt Heo | Nước mắm MAGGI,Bạn cần rửa sườn non thật sạch sau đó đun nước sôi để chần sơ sườn trong 5 phút. Lúc vớt sườn ra hãy xả lại nước lạnh một lần. Tiếp đến  đổ nước lọc vào nồi  cho sườn vào nấu từ 20 - 30 phút. Lưu ý trong quá trình nấu  không quên vớt bọt để nước dùng được trong. | Rửa măng tươi nhiều lần với nước để giảm bớt độ chua. Cùng lúc đó  đun sôi nồi nước  luộc măng trong khoảng 10 phút để loại bỏ vị đắng. Cuối cùng bạn rửa măng một lần nữa với nước lạnh rồi vớt ra để ráo. | Bạn cần ninh sườn đến khi chín mềm thì mới thả măng vào nồi. Đun sôi canh thêm 10 - 15 phút rồi cho hạt nêm MAGGI 3 ngọt Heo vào. Nếm thử vị  thấy vừa miệng là có thể tắt bếp. | Cho món Canh sườn nấu măng chua tươi ra tô  rắc hành lá thái nhỏ lên trên bề mặt. Món ăn có thể dùng kèm với cơm và chấm nước mắm MAGGI để tăng vị đậm đà. Vị chua dịu từ măng tươi hòa cùng sườn non beo béo chắc hẳn sẽ kích thích cảm giác thèm ăn lắm đấy.,https://www.maggi.com.vn/cong-thuc/canh-suon-nau-mang-tuoi
Canh Măng Chua,18 phút,4 servings,N/A,Măng tươi | Nấm | Cà chua chín | Đậu hũ chiên xắt miếng | Đường | Ngò gai | Ớt Xắt Lát | Hạt nêm Maggi nấm hương,Măng tươi sau khi mua về  bạn bóc vỏ  thái măng thành những miếng mỏng miếng vừa ăn rồi ngâm qua với nước muối loãng khoảng 15 phút rồi xả sạch. Ngâm măng trong nước vo gạo từ 1 đến 2 đêm thì măng sẽ chua. Vớt măng ra để ráo nước trước khi chế biến. Cà chua rửa sạch  cắt múi cau mỏng. Nấm rơm cắt bỏ gốc rồi ngâm với nước vo gạo có pha chút muối cho nấm sạch và trắng  vớt ra rửa lại với nước rồi để ráo. Ngò gai rửa sạch  cắt nhỏ. | Làm nóng dầu trong nồi rồi cho cà chua vào xào mềm  cho măng vào tiếp rồi nêm thêm hạt nêm MAGGI nấm hương và đường vào xào cùng. Khi cà chua và măng đã mềm  thêm nước rồi đun sôi. Khi nước canh đã sôi  măng chín tới thì thả nấm rơm vào sau cùng  nấu thêm 5 phút rồi tắt bếp. | Món canh măng chua đã hoàn thành rồi! Bạn múc canh ra tô  rắc thêm ngò gai và vài lát ớt lên trên cho thơm  đẹp mắt. Canh chua măng có vị chua ngọt dịu nhẹ  giải ngán rất hiệu quả và tốt cho sức khỏe nữa. Đặc biệt lại còn ăn mãi mà không sợ béo  thích quá phải không nào các chị em!,https://www.maggi.com.vn/cong-thuc/canh-mang-chua
Canh Sườn Nấu Măng,30 phút,4 người ăn,N/A,Măng Tươi | Sườn Thăn | Dầu Hành Tỏi Phi | Dầu Ăn | Nước Cốt Chanh | Tiêu Xay | Tương Ớt | Hạt Nêm Maggi | Nước Tương Maggi | Nước lọc | Hành lá,Bạn lột bỏ phần vỏ măng già bên ngoài  rửa sạch  cắt thành từng miếng hình chữ nhật có độ dày cỡ 0 2cm. Bắc nước sôi  luộc măng cho giảm vị đắng rồi xả lại với nước lạnh. Với sườn thăn  chặt khúc vừa  chần sườn qua nước sôi để loại bỏ bụi bẩn và mùi hôi  rửa sườn một lần nữa với nước rồi mới để ráo. Lưu ý  cả nước luộc măng và chần sườn đều cần bỏ đi  không thể sử dụng tiếp  bạn nhé! | Đun nóng dầu ăn trong nồi rồi thả sườn cùng măng vào  xào đều tay cho măng và sườn chín sơ rồi cho thêm 2 muỗng cà phê hạt nêm MAGGI nấm hương đã được chuẩn bị. Tiếp tục đảo đều hỗn hợp để nguyên liệu được thấm vị. Lưu ý lúc này cần chỉnh lửa lớn để thịt được vàng thơm hơn. | Hãy đổ nước lọc vào nồi xào thịt và măng  lượng nước chuẩn bị có thể tăng giảm tùy vào sở thích của bạn. Trong lúc canh sôi bạn cũng đừng quên vớt hết phần bọt trên bề mặt để nước dùng trong hơn. | Bạn chỉnh lửa ở mức thấp  đun sôi trong khoảng 20 phút để sườn được chín mềm. Thêm vào 1 muỗng cà phê hạt nêm MAGGI nấm hương  thử vị vừa miệng thì cho hành thái nhỏ vào và tắt bếp. Múc canh ra tô  để lên một ít ngò. Bạn có thể pha nước chấm với gia vị lần lượt là nước tương MAGGI  tương ớt  dầu tỏi phi  nước cốt chanh và tiêu xay  khuấy đều để có một chén nước chấm đúng điệu. Chấm một miếng là cảm nhận được vị ngon cực đỉnh.,https://www.maggi.com.vn/cong-thuc/canh-suon-nau-mang
Cải Bó Xôi Xào Chay,28 phút,2 người ăn,N/A,Cải Bó Xôi | Tàu Hũ Chiên | Dầu Ăn | 10 g Kiệu Chua | 10 g Bột Năng | 1 muỗng cà phê MAGGI Hạt Nêm Nấm Hương | Nước Tương Maggi | Tiêu | Ngò | Ớt xắt lát | Nước lọc | Tương ớt,Cải bó xôi cắt bỏ gốc  lặt để riêng phần cọng và lá  rửa thật sạch qua nước rồi cắt thành khúc vừa ăn. Bột năng hòa cùng với nước  khuấy đều để bột tan  không bị đóng bên dưới. | Làm nóng chảo với dầu ăn rồi cho kiệu chua vào phi vàng thơm  cho cọng cải bó xôi vào xào trước khoảng 2 phút. Thêm đậu hủ chiên  lá cải bó xôi  nước bột năng  nước tương MAGGI và hạt nêm MAGGI nấm hương vào xào cùng  khuấy đều để làm chín phần xốt. Bạn nên xào rau chín tái để không làm mất chất dinh dưỡng nhé! | Bày món ăn vào dĩa  rắc thêm chút tiêu và ngò lên trên cho thơm và đẹp mắt. Cải bó xôi xào chay sẽ rất ngon khi dùng nóng với cơm trắng và nước tương MAGGI  thêm vài lát ớt xắt lát hoặc tương ớt lại càng tuyệt hảo. Rau xào xanh mướt  tươi ngon ẩn dưới lớp dầu hào nâu nhạt  sánh trong. Cọng rau giòn  khi ăn cảm giác rất đã miệng luôn đó các nàng ơi!,https://www.maggi.com.vn/cong-thuc/cai-bo-xoi-xao-chay
Salad Nấm,40 phút,3 servings,N/A,Xà Lách Cứng (Carol) | Cà Chua | Nấm Rơm | Nấm Bào Ngư | Giấm | Đường Trắng | Dầu Oliu | Tiêu Xay | Ngò Gai | Hạt Nêm Maggi Nấm Hương | Mè rang,Sơ chế nguyên liệu: xà lách rửa sạch  để ráo  cắt khúc vừa ăn  cà chua thái lát mỏng  nấm rơm sau khi rửa sạch thái lát mỏng  nấm bào ngư xé nhỏ. Nấm là nguyên liệu siêu hút nước nên để nấm giữ được độ tươi ngọt tự nhiên  bạn nên tránh ngâm nấm trong nước quá lâu nhé  chỉ cần rửa sơ dưới vòi nước là được. | Trải xà lách ra đĩa  sắp xếp các lát cà chua lên trên cho đẹp mắt rồi rưới hỗn hợp dầu giấm lên trên thật đều. | Trải xà lách ra dĩa. Trên sắp xếp các lát cà chua. Rưới dầu giấm lên trên cho đều. | Làm nóng chảo  thêm chút dầu ăn rồi cho cả hai loại nấm vào chảo xào với 1/4 muỗng cà phê hạt nêm  nấm hương MAGGI. Xào nhanh với lửa lớn để nấm không bị chín quá. Bạn cũng chú ý không nên dùng nồi hoặc chảo nhôm để xào nấm vì nấm sẽ bị ngả màu thâm đen  không đẹp mắt. | Nấm xào xong múc ra và rải đều lên đĩa rau đã chuẩn bị trước đó  thêm chút mè rang  trang trí thêm vài cọng ngò để món salad thêm bắt mắt  dậy vị. Món salad này cực thanh mát  giúp bạn giải nhiệt cơ thể  đổi vị bữa ăn mà cũng giàu dinh dưỡng  rất tốt cho sức khỏe. Bạn cũng có thể biến tấu thêm với các loại rau  nấm và gia vị bạn yêu thích nếu muốn nhé.,https://www.maggi.com.vn/cong-thuc/salad-nam
Canh Lagim Ngọt Thanh,40 phút,4 người ăn,N/A,Thịt Nạc Thăn | Quả Su Su | Cà Rốt | Khoai Tây | Hành Ngò | Tiêu Xay | Hạt Nêm Maggi Nấm Hương,Bạn rửa sạch  gọt vỏ khoai tây  cà rốt và su su rồi cắt khúc khoảng 1cm. Tiếp theo  bạn ngâm khoai tây trong nước lạnh để khoai không bị thâm đen  rồi vớt ra rổ để ráo trước khi chế biến. Đối với thịt nạc thăn  bạn rửa sạch với nước  để ráo rồi cắt thành khối vừa ăn. Còn hành ngò  bạn cắt bỏ gốc  rửa sạch rồi cắt nhỏ. | Nấu sôi nước canh lagim bằng cách cho thịt heo vào luộc chín  rồi lần lượt thêm rau củ và vào nấu đến khi tất cả nguyên liệu chín mềm. Trong quá trình nấu  bạn nhớ vớt bọt thường xuyên để nước canh trong  đẹp mắt hơn nhé. | Khi các nguyên liệu đã chín  bạn nêm thêm hạt nêm MAGGI nấm hương cho món canh lagim thêm thơm hơn và có vị đậm đà vừa ăn. Lưu ý rằng bạn hãy canh lửa nhỏ riu riu để thịt và các loại rau củ chín mềm vừa tới  nhưng không chín quá hay bở rục. Vì như vậy sẽ mất ngon. | Khi canh lagim đã chín  bạn tắt bếp rồi thêm hành ngò và tiêu vào cho thơm. Bạn nên thưởng thức canh lagim khi còn nóng để cảm nhận trọn vẹn hương vị tươi ngon của rau củ và thịt cũng như chút thơm nồng từ tiêu. Quả thực đây là một món canh ngon với cách chế biến rất đơn giản  nhưng lại rất tốt cho sức khỏe.,https://www.maggi.com.vn/cong-thuc/canh-laghim-ngot-thanh
Gà Xào Chuối Sốt Me,40 phút,3 servings,N/A,Cánh gà | Chuối sáp | Nước dừa tươi | Me vắt | Đường Trắng | Hành tỏi băm | Dầu hào Maggi | Muối | Ớt xắt lát | Ngò | Cà chua | Rau xà lách,Cánh gà rửa sạch  dùng muối chà xát lên mặt thịt để khử mùi rồi xả lại để ráo  dùng nĩa xăm đều lên cánh gà sau đó ướp sơ với một ít muối cho đậm đà. Chuối sáp bạn lột bỏ vỏ  thái lát dài hoặc bổ dọc cho vừa ăn. | Làm nóng dầu trong chảo  cho phần cánh gà vào chiên cho đến khi vàng đều 2 mặt sau đó vớt ra để riêng. Tiếp đến bạn phi thơm hành tỏi đến khi hơi cháy cạnh thì cho chuối sáp vào đảo đều. | Ngâm me với một ít nước ấm cho me nở mềm và ra nước chua sau đó vớt hạt và bã me ra  thêm dầu hào MAGGI  nước dừa tươi và đường vào khuấy đều. Đun hỗn hợp nước sốt trên bếp đến khi sôi  vặn nhỏ lửa để trong 5 phút rồi cho cánh gà đã chiên vàng và chuối sáp vào  múc từ từ nước sốt dầu hào MAGGI và me rưới đều lên cánh gà cho đến khi món ăn thấm đều  có màu nâu óng đẹp mắt thì tắt lửa. | Bạn xếp cánh gà và chuối sáp vào đĩa  rưới nước sốt me dầu hào MAGGI nâu óng ánh lên trên  thêm vài lát ớt đỏ  và ngò cho sinh động. Món ăn thời thượng này bạn có thể dùng nóng với cơm hoặc chấm với bánh mì kèm theo ít rau xà lách và cà chua đều ngon tuyệt. Cánh gà mềm  mọng nước  chuối sáp dẻo ngọt hòa cùng nước sốt me chua chua  ăn mãi không thể ngừng.,https://www.maggi.com.vn/cong-thuc/ga-xao-chuoi-sot-me
Gà Xào Bí Đỏ Nấm Rơm,30 phút,2 người ăn,N/A,Thịt gà | Bí đỏ | Nấm rơm | Hành lá | Dầu hào Cao cấp Maggi Bào Ngư | Tiêu xay | Dầu ăn | Bột gạo,Dùng dao cắt bỏ phần gốc nấm  ngâm với hỗn hợp nước và bột gạo khoảng 5 phút rồi rửa lại với nước sạch  để ráo và cắt đôi nấm rơm. Gọt vỏ bí đỏ  rửa sạch với nước rồi cắt thành miếng nhỏ vừa ăn. Thịt gà rửa qua  dùng muối chà xát lên thịt gà để khử mùi gia cầm rồi xả sạch với nước lạnh  cắt miếng. Bạn canh luộc gà trong 10 phút kể từ khi nước sôi cho gà gần chín  sau đó vớt ra để nguội. Hành lá rửa sạch  cắt nhỏ. | Làm nóng chảo với dầu ăn rồi chiên thịt gà cho vàng đều 2 mặt  sau đó chỉ cần thêm dầu hào cao cấp Maggi Bào Ngư vào đảo đều tay. Chỉ với một bước nêm nếm  gà giờ đã dậy mùi thơm và óng ánh chuẩn nhà hàng. Vặn nhỏ lửa  đổ từ từ 2 đến 3 chén nước dùng gà vào  nấu khoảng 15 phút thì thêm bí đỏ vào nấu tiếp. | Khi nước đã cạn bớt và bí đỏ đã mềm  bạn cho nấm rơm và nêm nếm lại với dầu hào cao cấp Maggi Bào Ngư.  Đảo đều 3 phút là món xào đã vừa vị rồi! | Trình bày món ra dĩa  rắc thêm tiêu xay và hành lá cắt nhỏ lên trên cho đẹp mắt rồi dùng nóng cùng cơm. Món gà xào nấm rơm chỉ cần một bước nêm nếm cùng Maggi Bào Ngư đã rất trọn vị  đưa cơm  ngon như nhà hàng. Thịt gà mềm ngọt  bí đỏ bùi béo và nấm rơm giòn tươi ngon mang đến hương vị rất thanh đạm  vừa miệng và tốt cho sức khỏe. Các nàng nhất định phải thử đấy nhé!,https://www.maggi.com.vn/cong-thuc/ga-xao-bi-do-nam-rom
Canh Ngũ Quả,55 phút,3 người ăn,N/A,Hạt Sen | Tiêu Xay | Thịt Nạc Gà | 50 g Cà Rốt | Nấm Linh Chi Nâu | 50 g Quả Su Su | Nước Dùng Gà | 50 g Củ Dền | 50 g Đậu Hà Lan | 10 quả Trứng Cút | 50 g Tôm | 100 g Giò Sống | 100 g Cải Thảo | Hạt Nêm Maggi | Gừng thái lát | Ngò rí | Nước mắm MAGGI,Gọt vỏ cà rốt  su su  củ dền  cắt miếng vừa ăn. Cải thảo tách lá  thái bản to  tỉa cọng cho đẹp. Đậu Hà Lan tước xơ  cắt chéo. Rửa sạch. Luộc trứng cút  bóc vỏ. | Làm sạch tôm  lột vỏ  rút chỉ và băm nhỏ. Thịt gà và nấm linh chi băm nhỏ. Trộn tôm  gà  nấm với giò sống  ướp hạt nêm MAGGI nấm hương rồi vo thành viên nhỏ. | Đun sôi nước dùng với gừng rồi cho rau củ quả vào nấu chín tới. Thả tiếp thịt vo viên vào cùng và nấu đến khi viên thịt chín đều  nổi lên mặt nước thì tắt bếp. | Múc phần rau củ quả và thịt viên vào tô  rải đều hành rồi rưới nước dùng lên. Thêm chút tiêu và ngò rí cho hấp dẫn. Món canh ngũ quả dùng nóng cùng cơm trắng.,https://www.maggi.com.vn/cong-thuc/canh-ngu-qua
Canh nấm đậu phụ rong biển,30 phút,5 người ăn,N/A,Rong Biển | Đậu Hủ Non | Nấm Rơm | Nấm Kim Châm | Cà Rốt | Củ Cải Trắng | Hành Boaro | Ngò Rí | Hạt Nêm Maggi Nấm Hương,Cà rốt  củ cải gọt vỏ  cắt lát. Nấm rơm  nấm kim châm  hành Boaro bỏ gốc  cắt nhỏ đầu hành. Đậu hủ non cắt lát. Rong biển ngâm nước muối gừng để khử mùi tanh. | Làm nóng dầu trong nồi rồi cho đầu hành Boaro vào phi thơm  sau đó cho củ cải trắng  cà rốt xào đều đến khi chín tái. | Thêm nước lọc vào nồi nấu đến khi rau củ mềm rồi lần lượt cho nấm rơm  rong biển  nấm kim châm vào nấu tiếp đến khi chín hẳn. | Khi nước canh đã sôi  cho đậu hủ non vào và nêm nếm món ăn với hạt nêm MAGGI nấm hương cho vừa ăn thì tắt bếp. Không nên khuấy canh để tránh làm nát đậu hủ. | Cho lá hành Boaro cắt nhỏ và ít tiêu xay cho thơm. Múc canh nấm đậu phụ rong biển ra tô  dùng nóng với nước tương MAGGI và vài lát ớt  rất đậm đà và thanh mát.,https://www.maggi.com.vn/cong-thuc/canh-nam-dau-hu-non-rong-bien
Củ Đậu Xào Thịt,42 phút,2 người ăn,N/A,Nạc dăm | Củ đậu | Hành tỏi băm nhỏ | Tiêu xay | Nước | 10 g Hành Lá | 1 muỗng canh Dầu Ăn | 2 1/2 muỗng canh Dầu hào MAGGI | 1 muỗng cà phê Hạt nêm MAGGI 3 ngọt vị heo,Thịt nạc thăn rửa sạch với nước lạnh rồi cắt lát mỏng  bạn ướp thịt với 1/2 muỗng cà phê hạt nêm MAGGI 3 ngọt Heo  1/2 muỗng cà phê dầu hào MAGGI sốt sóng sánh  tiêu xay và hành tỏi băm  dùng đũa trộn đều rồi để khoảng 5 phút cho gia vị thấm vào thịt. Rửa sạch củ đậu dưới vòi nước chảy mạnh  gọt vỏ hoặc dùng dao cắt một đoạn ở đầu củ rồi tước vỏ ra. Bạn để ráo rồi cắt củ đậu thành những khúc vừa ăn. | Đun nóng dầu ăn trong chảo  cho hành và tỏi băm vào phi thơm đến khi chuyển sang màu hơi vàng  bạn thêm thịt vào xào. Đảo đều tay cho đến khi bề mặt thịt săn lại  bạn cho tiếp củ đậu cắt khúc vào xào chung. Nêm nếm món ăn với hạt nêm MAGGI 3 ngọt Heo  thêm một ít nước vào xào cho củ sắn dễ chín hơn. | Bạn nêm thêm 2 thìa dầu hào MAGGI để món ăn thơm và có độ bóng  sóng sánh hấp dẫn hơn. Đảo đều  rắc thêm hành lá  rau mùi tùy theo khẩu vị và sở thích của bạn rồi tắt bếp. Món xào ngon lành đã sẵn sàng! | Trình bày món ăn ra dĩa  cắt thêm vài lát ớt cho đẹp mắt rồi dùng ngay cùng cơm nóng thôi. Củ đậu xào xào mềm thơm  thấm gia vị ngon ngọt càng ăn càng mê. Ghi chú ngay vào sổ tay các món xào ngon mỗi ngày để đổi vị cho bữa cơm thôi chị em ơi!,https://www.maggi.com.vn/cong-thuc/cu-dau-xao-thit
Hàu Nướng Phô Mai Dầu Hào,30 phút,6 người ăn,N/A,2 kilôgam Hàu | 120 g Phô Mai | 1 muỗng canh MAGGI Dầu Hào | Rượu trắng | Đường | Nước cốt chanh | Ớt xắt lát | Nước mắm MAGGI,Hàu sau khi mua về  bạn ngâm với nước khoảng 2 - 3 tiếng để lớp bùn đất bên ngoài mềm ra  giúp công đoạn sơ chế hàu được dễ dàng hơn. Dùng bàn chải chà rửa sạch từ phần vỏ đến miệng hàu  sau đó chần với nước nóng trong 2 phút cho dễ tách vỏ  rửa sơ qua rượu trắng khử mùi tanh rồi để ráo. | Dùng cọ phết lên thịt hàu một lớp mỏng dầu hào MAGGI rồi đặt một miếng phô mai lên mặt hàu. Bạn lặp lại thao tác này đến khi hết số lượng hàu nhé! | Bạn mở nồi chiên không dầu cho nóng khoảng 5 phút để nhiệt lượng phân bổ đều  sau đó xếp từng con hàu vào bên trong  đậy nắp lại chiên ở mức 200 độ với thời gian 5 phút. Cách để nướng hàu ngon đó là chỉ nướng đến khi hàu vừa chín tới để giữ độ ngọt và mọng nước  tránh cho hàu bị khô. | Khi hàu đã chín  bạn dọn món ăn ra dĩa và thưởng thức ngay khi còn nóng. Hàu nướng phô mai ăn kèm với một ít nước mắm đường chua cay hay ăn không đều rất ngon. Phô mai và thịt hàu béo thơm ngậy  nức lòng người thưởng thức.,https://www.maggi.com.vn/cong-thuc/hau-nuong-pho-mai-dau-hao
Sốt Chấm Gỏi Cuốn,15 phút,2 người ăn,N/A,4 muỗng canh MAGGI Nước Tương | 1 muỗng canh Tương ớt | 2 muỗng canh Nước Cốt Dừa | 1 muỗng cà phê Bơ đậu phộng | 1 muỗng cà phê Đường Trắng | 1 muỗng canh Dầu Hành Tỏi Phi | 1 muỗng canh Nước Cốt Me,Bạn cho vào 1 chén nhỏ lần lượt các loại gia vị gồm nước tương MAGGI  tương ớt  nước cốt dừa  nước cốt me  dầu hành tỏi phi  bơ đậu phộng và đường cát. Khuấy đều hỗn hợp cho hòa tan là có ngay 1 chén sốt chấm hảo hạng. | Bày chén sốt chấm cùng những cuốn gỏi đã chuẩn bị sẵn  chấm gỏi cuốn ngập sốt và từ từ cảm nhận mùi sốt thơm dịu đang lan tỏa trong vị béo của nước cốt và bơ đậu phộng thêm chút chua nhẹ của me  cay cay của tương ớt. Vị ngon đúng “đỉnh” đó bạn nha!,https://www.maggi.com.vn/cong-thuc/sot-cham-goi-cuon
Bánh Tráng Nướng Chảo,30 phút,4 người ăn,N/A,Bánh tráng | Thịt heo xay | Xúc xích | Trứng gà | Pate gan | Phô mai | Hành lá | Tép khô | Hành phi | Ớt sa tế | Tiêu xay | Dầu ăn | Hạt nêm MAGGI nấm hương | Tương ớt MAGGI,Đầu tiên  bạn làm nóng một cái chảo nhỏ với dầu ăn rồi cho thịt heo xay vào đảo đều  nêm nếm với hạt nêm MAGGI nấm hương và tiêu xay cho đậm đà. Bạn đảo khoảng 5 phút cho thịt vừa chín tới  săn lại thì múc ra để riêng. | Bắc một chiếc chảo khô lên bếp  chờ đến khi chảo đã nóng già thì cho bánh tráng vào nướng. Khi bạn thấy phần rìa bánh hơi cong lên thì cho ớt sa tế vào  dùng mặt dưới muỗng tán đều. Tiếp tục cho lên trên bề mặt bánh tráng ít hành lá  1 muỗng canh thịt heo xào  đập 1 quả trứng gà lên trên  di chuyển muỗng nhẹ nhàng để các nguyên liệu dàn đều  trứng gà không bị tràn khỏi mặt bánh. | Chờ đến khi trứng gà chín và hơi khô lại  bạn cho tiếp pate gan  1 viên phô mai  tán nhuyễn đều khắp mặt. Sau đó lần lượt rải đều lên bề mặt bánh tép khô  hành phi  xúc xích cắt xéo cho đẹp mắt. | Để món ăn thêm thơm ngon và đậm vị  bạn cho xốt mayonnaise và tương ớt MAGGI lên trên theo đường ziczac  phủ khắp mặt bánh tráng nướng. | Nhẹ nhàng dùng muỗng lớn gập bánh lại. Áp chảo giòn đều cả hai mặt bánh rồi thưởng thức. Bạn nướng đến khi hết bánh tráng và nguyên liệu  nhưng món mới thời thượng này tốt nhất là làm đến đâu ăn đến đó để cảm nhận được vị giòn rụm của bánh kèm với vị béo  mặn ngọt hài hòa từ các nguyên liệu bạn nhé! Đừng quên ăn kèm với tương ớt MAGGI cay mát  đảm bảo món nhà làm ngon như nhà hàng luôn đó nha!,https://www.maggi.com.vn/cong-thuc/banh-trang-nuong-chao
Gỏi Tôm Thịt,80 phút,2 người ăn,N/A,100 g Tôm | 200 g Củ Hũ Dừa | 100 g Cà Rốt | 20 g Rau Răm | 10 g Hành Phi Giòn | 10 g Đậu Phộng Rang | 5 g Ngò Gai | 10 g Ớt Bằm | 80 g Đường Trắng | 2 muỗng canh Nước cốt chanh | 4 muỗng canh MAGGI Nước Mắm | Tỏi băm | Muối | 100g Thịt lợn  tươi  nhiều loại thịt và phụ phẩm  gan  nấu chín  om,Đầu tiên  bạn gọt vỏ cà rốt và dưa leo  rửa sạch rồi thái thành lát mỏng vừa ăn. Độ dài khoảng 7cm là vừa đẹp. Với dưa leo  nhớ loại bỏ phần ruột bên trong để món gỏi không bị ướt và dưa được ngon  giòn hơn. Củ hủ dừa bạn nên nạo sạch lớp vỏ ngoài  rửa sạch với nước rồi thái thành những lát mỏng vừa ăn. Ngâm phần củ hũ dừa đã thái trong nước đá lạnh có hòa cùng nước cốt chanh tươi để giữ độ trắng  giòn khi thưởng thức. | Rửa thịt ba chỉ và tôm với nước và một ít muối  sau đó bắc lên bếp luộc chín thịt với nước lạnh. Lưu ý là bạn phải để phần thịt luộc ngập trong nước  như vậy thịt sẽ chín từ từ và không bị thâm. Sau khi thịt đã chín  ngâm thịt vào tô nước lạnh để giữ độ trắng. Tiếp tục luộc tôm với nước thịt vừa dùng  bạn chỉ nên luộc khoảng 3 phút để tôm vừa chín tới  có màu đỏ đẹp mắt. Đừng luộc tôm quá lâu sẽ làm tôm bị khô và mất vị ngon ngọt tự nhiên. Ngâm tôm vào nước lạnh để tôm giòn dai  dễ bóc vỏ. | Khi tôm và thịt đã nguội  vớt ra để ráo nước một chút. Bạn thái thịt ba chỉ thành những miếng mỏng vừa ăn. Không nên cắt quá dày sẽ làm thịt khó thấm gia vị trộn gỏi. Với tôm  bạn bóc vỏ và giữ lại phần đuôi cho đẹp mắt. | Nước mắm trộn gỏi chính là yếu tố quyết định và là linh hồn của các món gỏi. Bắt tay vào làm thôi! Bắc nồi hoặc chảo lên bếp  cho nước mắm MAGGI vào với 4 muỗng canh nước lọc  đường trắng rồi đun sôi liu riu. Trộn đều tay để đường tan hết và hỗn hợp nước mắm keo sệt lại thì tắt bếp  để nguội. Khi nước mắm đã nguội hẳn  bạn thêm tỏi băm  ớt băm và nước cốt chanh vào  khuấy đều cho hòa quyện. Hỗn hợp nước mắm sánh kẹo và thơm  ngọt  mặn chua chua vừa miệng là chuẩn vị. | Để ráo hẳn củ hũ dừa  dưa leo và cà rốt trước khi tiến hành trộn gỏi bạn nhé. Nếu phần nguyên liệu chưa ráo thì khi trộn gỏi tôm thịt sẽ bị ướt và kém giòn. Cho củ hũ dừa  dưa leo  cà rốt và tôm thịt vào chung một tô  rưới nước mắm lên trên rồi trộn đều tất cả cho thấm. Nên trộn thật nhẹ tay để tránh cho rau củ bị nát và làm món gỏi chảy nước  kém ngon. | Cuối cùng  bạn thêm rau răm cắt nhỏ  ngò gai  đậu phộng rang và hành phi giòn  trộn đều một lần nữa là đã có thể bày ra đĩa thưởng thức rồi. Món gỏi tôm thịt củ hũ dừa giòn giòn lạ miệng  chua ngọt hài hòa kết hợp với tôm thịt  đậu phộng rang béo bùi sẽ khiến bạn ăn mãi không ngừng. Món gỏi rất hợp ăn cùng bánh phồng tôm chiên  cả nhà sẽ gật gù khi thưởng thức đấy!,https://www.maggi.com.vn/cong-thuc/goi-tom-thit
Bồ Câu Xào Lăn,45 phút,3 người ăn,N/A,500 g Bồ Câu | 1 quả Ớt Trái | 5 g Tỏi | 100 g Lạc Rang | 1/2 muỗng cà phê Đường | 1 gói Bột Cà Ri | 1 gói Phồng Tôm | 1/2 muỗng canh MAGGI Nước Mắm | 1 muỗng canh MAGGI Dầu Hào | Sả cây | Tiêu,Bồ câu làm sạch lông và ruột  rửa sạch với nước  để ráo rồi sau đó băm nhuyễn. Sả cây bóc bỏ phần vỏ già bên ngoài  rửa sạch sau đó băm nhuyễn với hành và tỏi. Rang chín đậu phộng rồi để nguội cho lớp vỏ dễ bóc hơn. Giã nhỏ đậu phộng chứ đừng giã nát bạn nhé. Bánh phồng tôm chiên rồi vớt ra cho ráo dầu. | Làm nóng chảo rồi đun cho dầu sôi  bạn kiểm tra thấy đầu đũa gỗ khi nhúng vào dầu có bong bóng nhỏ sủi lên thì cho hành  tỏi  sả băm nhuyễn vào xào cho thơm. Tiếp đến bạn cho thịt bồ câu bằm nhuyễn vào xào  thêm bột cà ri để món ăn thơm ngon đúng điệu. | Đảo đều cho bột cà ri hòa quyện cùng thịt  nêm thêm dầu hào MAGGI  nước mắm MAGGI  tiêu  đường và điều chỉnh sao cho phù hợp với khẩu vị của bạn. | Khi thịt đã chín tới  cho đậu phộng rang giã nhỏ vào rồi bày món ăn ra đĩa. Rắc rau ngổ và ớt trái đã rửa sạch thái nhỏ lên mặt món ăn cho thơm và đượm vị cay nồng. Bồ câu xào lăn ăn kèm bánh phồng chiên hay bánh tráng nướng đều rất ngon. Thịt chim ra ràng mềm béo  thơm lừng mùi hành  sả và cà ri  bùi bùi của đậu phộng  vừa ngon vừa dinh dưỡng.,https://www.maggi.com.vn/cong-thuc/bo-cau-xao-lan
Tôm Bằm Xúc Bánh Tráng,35 phút,4 người ăn,N/A,600 g Tôm Sú | 10 g Sả Băm | 1/4 muỗng cà phê Ớt Bột | 10 g Tiêu Xanh | 5 g Ngò Rí | 1 quả Ớt Sừng | 1 quả Cà Rốt | 1 muỗng cà phê Đường Trắng | 1 muỗng canh Đậu Phộng Rang | 1 muỗng canh Dầu Hành Tỏi Phi | 1 muỗng canh MAGGI Nước Mắm | 2 muỗng canh Tương ớt | 1 muỗng cà phê MAGGI Dầu Hào | Bánh tráng | Nước cốt chanh | Hạt nêm MAGGI nấm hương,Bạn lột bỏ vỏ và đầu tôm  dùng tăm tre nhẹ nhàng rút phần chỉ đen ở lưng  lau khô rồi cắt hạt lựu nhỏ. Rau ngò rí rửa sạch  cắt nhỏ. Bánh tráng dùng kéo cắt miếng hình tam giác vừa ăn  nướng bánh tráng trên than hồng đến khi chín giòn  có màu vàng ươm đẹp mắt. Tiêu xanh bỏ cuống  rửa sạch hạt rồi băm hoặc giã nhuyễn. Ớt sừng cắt lát mỏng  đậu phộng rang xát vỏ  giã nhỏ. | Ướp tôm với các gia vị gồm nước mắm MAGGI  hạt nêm MAGGI nấm hương  dầu hào MAGGI  bột ớt  sả băm. Trộn đều và để khoảng 5 phút cho tôm thấm gia vị đậm đà hơn. | Làm nóng chảo dầu tỏi  cho tôm đã ướp vào xào cho săn lại. Khi tôm vừa chín tới  chuyển sang màu đỏ hồng thì bạn cho đậu phộng  tiêu và ngò gai vào xào đều rồi tắt lửa. Bạn xào tôm nhanh trên lửa vừa  không nên xào quá lâu để tránh tôm bị khô lại nhé! | Món tôm bằm xào ngon khi ăn cùng nước chấm. Bạn pha nước chấm gồm tương ớt  nước cốt chanh và vài lát ớt sừng. Khuấy đều cho nước chấm tan  có vị chua ngọt  cay nhẹ là được. | Xếp bánh tráng nướng ra dĩa  cho tôm bằm xào lên trên  trang trí thêm ớt sừng cắt lát và ngò rí là sẵn sàng thưởng thức rồi đấy. Tôm sú giòn ngọt  được xào chín tới vẫn còn cảm giác mọng nước trong miệng khi ăn. Bánh tráng nướng giòn tan  ăn cùng tôm bằm thời thượng và mới lạ sẽ khiến mọi người trầm trồ đó nha!,https://www.maggi.com.vn/cong-thuc/tom-bam-xuc-banh-trang
Ngan Nướng Sả Riềng Mẻ,57 phút,,N/A,50 g Dầu Hào MAGGI | 30 g Nước tương MAGGI Đậm Đặc | 10 g Hạt nêm MAGGI | 15 g Đường cát | 2 kilôgam Thịt ngan nguyên con làm sạch | 60 g Dầu Ăn | 20 g Riềng băm | 20 g Sả Băm | 30 g Hành tím băm | 20 g Tỏi băm | 30 g Cơm mẻ | 10 g Mắm tôm,Để sơ chế “nhân vật chính” của món ăn hôm nay  đầu tiên  bạn chặt thịt ngan thanh miếng vừa ăn  nếu có thời gian bạn có thể lóc phi lê thịt ngan để tránh xương nhé! Tiếp theo  bạn hãy dùng muối hoặc chanh chà xát khắp thân ngan và nhớ dùng tay bóp kỹ để các chất nhờn  chất bẩn  mùi hôi trong lỗ chân lông ngan tiết ra ngoài. Cuối cùng  bạn đem ngan rửa lại với nước cho thật sạch rồi vớt ra để ráo. | Muốn làm nên hương vị đặc trưng của món Ngan Nướng Sả Riềng Mẻ  bạn cho hết tất cả riềng  sả  hành  tỏi  nước cơm mẻ vào máy xay  xay nhuyễn thành hỗn hợp nhỏ. | Bí quyết ướp thịt để giữ được hương vị đặc trưng Hà Nội cho món Ngan Nướng Sả Riềng Mẻ  mà vẫn tạo được sự khác biệt của riêng bạn là đây. Cho thịt ngan vào một bát (tô) lớn  sau đó thêm vào các nguyên liệu gồm: dầu hào MAGGI  nước tương MAGGI đậm đặc  hạt nêm MAGGI  đường  mắm tôm  dầu ăn và hỗn hợp vừa xay nhuyễn. Bạn nhớ trộn đều tay và ướp tầm 10 phút cho thịt ngan ngấm gia vị  rồi xiên thành các xâu thịt bằng nhau hoặc kẹp thịt vào vỉ nướng nhé! | Trước khi nướng thịt  bạn hãy khởi động lò nướng khoảng 15 phút cho nóng lò. Sau đó  cho thịt ngan vào lò và bắt đầu nướng trong khoảng 15 - 20 phút. Trong lúc nướng nhớ thăm chừng và đảo mặt thịt nướng đều 2 mặt. Lưu ý  không nên nướng thịt ngan quá lâu vì như thế sẽ làm thịt ngan cháy hoặc bị nhão. | Thịt sau khi đã nướng chín  bạn lấy ra cho vào dĩa  trang trí cùng ít rau ngò cho đẹp mắt. Vậy là món Ngan Nướng Sả Riềng Mẻ thơm lừng  đậm vị với công thức khác biệt từ MAGGI đã hoàn thành rồi. Và đừng quên chuẩn bị thêm chén cơm nóng để ăn cùng là hết sảy đấy nhé!,https://www.maggi.com.vn/cong-thuc/ngan-nuong-sa-rieng-me
Miến Lươn Trộn,60 phút,,N/A,400 g Lươn con to | 200 g Miến | 15 g Muối | 60 g Bột Chiên Giòn | 10 g Gừng tươi | 5 g Rau thơm | 5 g Đậu Phộng Rang | 2 g Hành phi | 20 g Dưa giá cà rốt chua ngọt | 30 g Nước nóng | 30 g Giấm Gạo | 15 g Dầu Hào MAGGI | 13 g Hạt nêm MAGGI | 30 g Nước tương MAGGI | 60 g Đường cát | 1 gam Ớt Bột | 2 g Tiêu Sọ,Lươn sau khi mua về  bạn cho muối vào xóc đều để lươn tự quẫy nhả nhớt. Tiếp theo  bạn dùng nước nóng 50-70°C dội xả 1 lượt nữa cho lươn sạch hết nhớt  rồi rửa lại bằng nước lạnh nhiều lần. Sau khi lươn đã sạch  bạn tiến hành phi lê lươn  để riêng phần xương với phần thịt. Với thịt  bạn tiếp tục cắt sợi vừa ăn. | Ăn Miến Lươn Trộn thì không thể nào thiếu phần nước súp ngọt thanh ăn kèm. Để chế biến  bạn cho phần xương lươn vừa lóc ở trên  hầm với gừng cắt lát trong lửa nhỏ tầm 15 phút. Sau đó  vớt xương ra và nêm 10gr hạt nêm MAGGI cho 500ml nước dùng. | Phần thịt lươn đã cắt sợi bạn cho vào tô  nêm thêm lượng hạt nêm MAGGI còn lại  10gr dầu hào và tiêu  rồi dùng muỗng trộn đều cho gia vị thấm vào thịt. Tiếp theo  cho tiếp bột chiên giòn vào tô lươn  trộn đều lần nữa để từng miếng thịt lươn được lớp áo bột mỏng bên ngoài. Để hoàn thành phần thịt lươn giòn tan  đậm đà ăn cùng miến  bạn đun nóng chảo dầu  cho lươn vào chiên đến khi vàng giòn  vớt lươn ra để ráo dầu là được nhé! | Muốn món Miến Lươn Trộn vừa giữ được nét đặc trưng của món ăn Bắc Trung Bộ  mà vẫn tạo được sự khác biệt tích cực thì phải lưu ngay công thức nước sốt trộn đặc biệt này nhé  bạn ơi! Cho tất cả nguyên liệu gồm: Nước nóng  dấm gạo  dầu hào MAGGI  nước tương MAGGI  đường cát  ớt bột  tiêu sọ vào chén (bát) khuấy đều tay đền khi tan  hòa quyện hết vào nhau. | Vậy là món Miến Lươn Trộn sắp “ra lò” rồi  chỉ còn thiếu mỗi phần miến thôi. Bạn nhanh tay cho nước vào nồi  đun sôi và thêm vào 1 muỗng canh dầu ăn. Tiếp đến  bạn cho miến vào nồi trụng khoảng 3 phút  vớt ra để ráo. Mách bạn mẹo nhỏ để món miến trộn không bị dính nhau là thêm 1 ít nước dùng vào miến sau khi trụng và nhớ trộn đều với nhau nhé! | Đây  món Miến Lươn Trộn bắt miệng đã sẵn sàng phục vụ cả nhà bạn rồi đây. Hãy xếp miến vừa được chế biến vào tô  thêm lươn chiên giòn  rau thơm  dưa giá cà rốt chua ngọt  đậu phộng rang  hành phi và chan nước sốt công thức “bí truyền” từ MAGGI vào là đảm bảo cả nhà phải trầm trồ về tài nấu nướng của bạn đấy. Và đừng quên thêm 1 chén nước súp thanh nhẹ được hầm lúc nãy để ăn cùng nữa nhé!,https://www.maggi.com.vn/cong-thuc/mien-luon-tron
Cua Rang Sốt Tía Tô,28 phút,,N/A,500 g Cua sống | 5 g Rượu hoa hồi | 20 g Đường | 5 g Dầu Mè | 10 g Nước gia vị cô đặc MAGGI | 15 g Dầu Hào MAGGI | 48 g Sốt tương ngọt (hoisin) | 15 g Chao đỏ | 135 g Chao trắng loại | 1.5 g Bột cam thảo | 10 g Ngũ Vị Hương | 30 g Hành tím | 30 g Tỏi băm | 30 g Gừng | 10 g Lá tía tô,Cua sống mua về bạn chà và rửa sạch với nước  rồi chặt mỗi con thành 4 phần đều nhau. Với tía tô  bạn lặt lấy lá  rửa với nước sạch  vớt ra để ráo nước  su đó cắt thành sợi mỏng. | Để chế biến phần nước sốt vừa giữ được hương vị đặc trưng vùng Đông Bắc  vừa tạo được sự khác biệt cho món Cua Rang Sốt Tía Tô bạn hãy ghi chú ngay lại công thức sau! Bắc chảo lên bếp  cho vào 1 ít dầu ăn  đợi dầu nóng nhanh tay bỏ vào 1/2 hành  tỏi  gừng xào cho thơm. Tiếp theo  cho hết các gia vị còn lại gồm: rượu hoa hồi  đường  dầu mè  nước gia vị MAGGI  dầu hào MAGGI  sốt tương ngọt (hoisin)  chao đỏ  chao trắng  bột cam thảo  ngũ vị hương vào đảo đều tay để hỗn hợp hòa quyện vào nhau. Lúc này  bạn có thể gia giảm phần gia vị sao cho vừa ăn  rồi tắt bếp cho ra bát (chén) nhé! | Sau khi đã chuẩn bị xong phần nước sốt xào  bạn bắt lên bếp 1 chảo khác  đổ ngập dầu  chờ dầu nóng thì thả từ từ phần cua đã sơ chế lúc nãy nào chiên với lửa lớn. Cua chiên đã chín và thơm lừng thì bạn nhanh tay vớt cua ra để ráo nhé! | Đến phần chế biến quan trọng nhất của món Cua Rang Sốt Tía Tô đây. Bạn hãy tiếp tục bắt chảo dầu lên bếp  phi thơm 1/2 hành  tỏi  gừng còn lại  rôi cho cua và nước sốt chế biến phía trên vào vừa đủ. Ở bước này  bạn nhớ đảo đều tay để cua thấm đều phần nước sốt “bí truyền”. Sau đó  cho lá tía tô vào xào sơ lại  nêm nếm lần nữa để vừa ăn là bạn có thể tắt bếp rồi đấy. | Để món ăn thêm phần hấp dẫn  bạn xếp cua ra dĩa  rưới nước sốt đều xung quanh và trang trí thêm với là tía tô. Bạn có thể ăn món Cua Rang Sốt Tía Tô với cơm và nhớ thưởng thức ngay khi còn nóng để cảm nhận trọn vị tươi  ngọt  săn chắc của thịt cua hòa quyện nước sốt sánh đặc  đậm đà và hương thơm nhẹ từ lá tía tô nhé!,https://www.maggi.com.vn/cong-thuc/cua-rang-sot-tia-to
Sườn Kho Nước Tương Quả Vả,40 phút,,N/A,4 muỗng canh Nước tương MAGGI | 1 Muỗng cà phê Dầu Hào MAGGI | 500 g Sườn non heo | 1 muỗng canh Tỏi băm | 1 muỗng canh Sả băm | 2 muỗng canh Dầu Ăn | 2 muỗng canh Đường | 1 gam Tiêu xay | 1 gam Tiêu xay | 500 ml Nước lọc | 200 g Quả vả,Sườn non mua về bạn chặt thành miếng vừa ăn. Tiếp theo  rửa qua nước muối rồi rửa lại lần nữa bằng nước sạch  vớt ra rổ cho ráo nước hẳn. Trái vả gọt vỏ  rửa sạch  cắt thành làm 4  nếu quả lớn bạn có thể cắt làm 8 nhé! | Để pha phần nước gia vị cho món kho ngon đúng vị mà vẫn khác biệt  MAGGI bật mí công thức sau đây. Bạn cho tất cả nguyên liệu gồm: nước tương MAGGI  dầu hào MAGGI  1 muỗng canh đường  tiêu xay và nước lọc vào chén  rồi dùng muỗng khuấy đều để các gia vị hòa quyện đều vào nhau. | Món Sườn Kho Nước Tương Quả Vả sẽ là thiếu sót nếu thiếu màu nâu sậm óng ánh từ nước màu. Bạn bắc chảo nhỏ lên bếp cho nóng  rồi cho vào 1 muỗng đường  khuấy đều tay đến khi đường chuyển thành màu nâu cánh gián thì cho ngay 1 ít nước lọc vào. | Bước quan trọng làm nên Sườn Kho Nước Tương Quả Vả đậm đà  lạ miệng đây. Bạn đun nóng dầu ăn trong chảo  sau đó thêm sả băm  tỏi băm vào phi thơm cùng với sườn. Tiếp theo  cho nước màu và chén gia vị bên trên vào mở lửa lớn  vớt bọt bỏ  rồi vặn nhỏ lửa nấu đến khi nước kho còn 1/2 thì cho quả vả vào kho tiếp đến khi thịt chín và phần nước kho sệt lại thì tắt bếp. | Cho Sườn Kho Nước Tương Quả Vả ra dĩa  rắc thêm một ít tiêu lên trên cho dậy mùi. Món này hãy ăn khi còn nóng và dùng với cơm trắng  có thêm chén nước tương MAGGI chấm cùng thì tuyệt vời luôn nhé.,https://www.maggi.com.vn/cong-thuc/suon-kho-nuoc-tuong-qua-va
Thịt đà điểu làm món gì ngon? Công thức đà điểu xào sả lá chanh,30 phút,3 người ăn,N/A,Thịt Đà Điểu | Hành Tây | Sả Cây | Dầu Ăn | Tỏi Băm | Ớt Băm | Tiêu | Dầu Hào Maggi | Hạt Nêm Maggi | Nước Mắm Maggi | 6 lá Lá chanh,Bạn rửa thịt đà điểu rồi cắt lát mỏng vừa. Lưu ý  để cắt thịt dễ hơn  hãy làm lạnh thịt trước khi cắt. Tiếp đó  cần ướp thịt đà điểu với 1 muỗng canh dầu hào MAGGI  hạt nêm MAGGI nấm hương  nước mắm MAGGI  1/2 muỗng tỏi băm  cùng 1 muỗng cà phê sả và ớt đã băm nhỏ  thêm chút tiêu. Trộn đều và ướp trong 15 phút. Đối với hành tây  bạn lột vỏ  rửa sạch rồi thái múi cau. Riêng lá chanh sau khi rửa nước sẽ thái sợi chỉ nhuyễn. | Đổ dầu vào chảo  đun sôi thì phi thơm phần tỏi băm cùng sả băm còn lại. Tiếp đến sẽ cho thịt đà điểu vào  xào liên tục trong khoảng 3 phút thì nêm thêm phần dầu hào MAGGI còn lại  đảo đều  thử vị thấy vừa thì thêm hành tây vào  xào hành cho vừa chín tới. | Bạn cho lá chanh vừa thái vào chảo  đảo qua một lần là có thể tắt bếp. Cho món ăn ra dĩa  trang trí thêm ớt thái lát lên trên bề mặt. Món ngon dùng kèm với cơm nóng và có thể chấm cùng nước tương MAGGI. Thịt đà điểu đậm vị hài hòa cùng lá chanh thơm nồng  sẽ làm hài lòng đến cả những vị khách khó tính nhất.,https://www.maggi.com.vn/cong-thuc/thit-da-dieu-xao-ot-sa-la-chanh
Su hào xào cà rốt thập cẩm,42 phút,2 người ăn,N/A,Dầu hào Maggi | 1 muỗng cà phê MAGGI Hạt Nêm Nấm Hương | Thịt thăn xay | 1 củ Su Hào | 1/2 củ Cà Rốt | Miến | Hành lá | Hành khô | Tiêu xay | Dầu ăn | 10 g Rau mùi,Để làm món su hào xào cà rốt thập cẩm  trước tiên bạn rửa sạch thịt thăn  vớt ra để ráo. Sau đó  xay nhỏ thịt và ướp với 1 muỗng dầu hào MAGGI để tăng vị đậm đà. | Su hào và cà rốt gọt vỏ  rửa sạch  bào sợi nhỏ hoặc thái bằng dao. Miến ngâm mềm  cắt khúc. Nấm hương  hành lá  rau mùi bỏ gốc  cắt nhỏ. Hành khô thái lát mỏng. | Phi thơm hành  xào nấm và thịt thăn rồi để riêng. Tiếp đến  xào su hào  cà rốt với hạt nêm MAGGI nấm hương  rồi cho miến và dầu hào MAGGI vào đảo đến khi chín. | Cho thịt  nấm vào chảo  thêm dầu hào MAGGI xào thêm 2 phút để thấm đều gia vị. Rắc hành lá  rau mùi  hạt tiêu. Su hào xào cà rốt thập cẩm thơm ngon đã sẵn sàng! | Trình bày ra dĩa và thưởng thức. Món su hào xào cà rốt thập cẩm thơm lừng  tốt cho sức khỏe và vóc dáng  thích hợp cho những ai yêu thích món ăn thanh đạm.,https://www.maggi.com.vn/cong-thuc/su-hao-xao-thap-cam
Hàu Nướng Phô Mai Dầu Hào,30 phút,6 người ăn,N/A,2 kilôgam Hàu | 120 g Phô Mai | 1 muỗng canh MAGGI Dầu Hào | Rượu trắng | Đường | Nước cốt chanh | Ớt xắt lát | Nước mắm MAGGI,Hàu sau khi mua về  bạn ngâm với nước khoảng 2 - 3 tiếng để lớp bùn đất bên ngoài mềm ra  giúp công đoạn sơ chế hàu được dễ dàng hơn. Dùng bàn chải chà rửa sạch từ phần vỏ đến miệng hàu  sau đó chần với nước nóng trong 2 phút cho dễ tách vỏ  rửa sơ qua rượu trắng khử mùi tanh rồi để ráo. | Dùng cọ phết lên thịt hàu một lớp mỏng dầu hào MAGGI rồi đặt một miếng phô mai lên mặt hàu. Bạn lặp lại thao tác này đến khi hết số lượng hàu nhé! | Bạn mở nồi chiên không dầu cho nóng khoảng 5 phút để nhiệt lượng phân bổ đều  sau đó xếp từng con hàu vào bên trong  đậy nắp lại chiên ở mức 200 độ với thời gian 5 phút. Cách để nướng hàu ngon đó là chỉ nướng đến khi hàu vừa chín tới để giữ độ ngọt và mọng nước  tránh cho hàu bị khô. | Khi hàu đã chín  bạn dọn món ăn ra dĩa và thưởng thức ngay khi còn nóng. Hàu nướng phô mai ăn kèm với một ít nước mắm đường chua cay hay ăn không đều rất ngon. Phô mai và thịt hàu béo thơm ngậy  nức lòng người thưởng thức.,https://www.maggi.com.vn/cong-thuc/hau-nuong-pho-mai-dau-hao
Sốt Chấm Gỏi Cuốn,15 phút,2 người ăn,N/A,4 muỗng canh MAGGI Nước Tương | 1 muỗng canh Tương ớt | 2 muỗng canh Nước Cốt Dừa | 1 muỗng cà phê Bơ đậu phộng | 1 muỗng cà phê Đường Trắng | 1 muỗng canh Dầu Hành Tỏi Phi | 1 muỗng canh Nước Cốt Me,Bạn cho vào 1 chén nhỏ lần lượt các loại gia vị gồm nước tương MAGGI  tương ớt  nước cốt dừa  nước cốt me  dầu hành tỏi phi  bơ đậu phộng và đường cát. Khuấy đều hỗn hợp cho hòa tan là có ngay 1 chén sốt chấm hảo hạng. | Bày chén sốt chấm cùng những cuốn gỏi đã chuẩn bị sẵn  chấm gỏi cuốn ngập sốt và từ từ cảm nhận mùi sốt thơm dịu đang lan tỏa trong vị béo của nước cốt và bơ đậu phộng thêm chút chua nhẹ của me  cay cay của tương ớt. Vị ngon đúng “đỉnh” đó bạn nha!,https://www.maggi.com.vn/cong-thuc/sot-cham-goi-cuon
Bánh Tráng Nướng Chảo,30 phút,4 người ăn,N/A,Bánh tráng | Thịt heo xay | Xúc xích | Trứng gà | Pate gan | Phô mai | Hành lá | Tép khô | Hành phi | Ớt sa tế | Tiêu xay | Dầu ăn | Hạt nêm MAGGI nấm hương | Tương ớt MAGGI,Đầu tiên  bạn làm nóng một cái chảo nhỏ với dầu ăn rồi cho thịt heo xay vào đảo đều  nêm nếm với hạt nêm MAGGI nấm hương và tiêu xay cho đậm đà. Bạn đảo khoảng 5 phút cho thịt vừa chín tới  săn lại thì múc ra để riêng. | Bắc một chiếc chảo khô lên bếp  chờ đến khi chảo đã nóng già thì cho bánh tráng vào nướng. Khi bạn thấy phần rìa bánh hơi cong lên thì cho ớt sa tế vào  dùng mặt dưới muỗng tán đều. Tiếp tục cho lên trên bề mặt bánh tráng ít hành lá  1 muỗng canh thịt heo xào  đập 1 quả trứng gà lên trên  di chuyển muỗng nhẹ nhàng để các nguyên liệu dàn đều  trứng gà không bị tràn khỏi mặt bánh. | Chờ đến khi trứng gà chín và hơi khô lại  bạn cho tiếp pate gan  1 viên phô mai  tán nhuyễn đều khắp mặt. Sau đó lần lượt rải đều lên bề mặt bánh tép khô  hành phi  xúc xích cắt xéo cho đẹp mắt. | Để món ăn thêm thơm ngon và đậm vị  bạn cho xốt mayonnaise và tương ớt MAGGI lên trên theo đường ziczac  phủ khắp mặt bánh tráng nướng. | Nhẹ nhàng dùng muỗng lớn gập bánh lại. Áp chảo giòn đều cả hai mặt bánh rồi thưởng thức. Bạn nướng đến khi hết bánh tráng và nguyên liệu  nhưng món mới thời thượng này tốt nhất là làm đến đâu ăn đến đó để cảm nhận được vị giòn rụm của bánh kèm với vị béo  mặn ngọt hài hòa từ các nguyên liệu bạn nhé! Đừng quên ăn kèm với tương ớt MAGGI cay mát  đảm bảo món nhà làm ngon như nhà hàng luôn đó nha!,https://www.maggi.com.vn/cong-thuc/banh-trang-nuong-chao
Gỏi Tôm Thịt,80 phút,2 người ăn,N/A,100 g Tôm | 200 g Củ Hũ Dừa | 100 g Cà Rốt | 20 g Rau Răm | 10 g Hành Phi Giòn | 10 g Đậu Phộng Rang | 5 g Ngò Gai | 10 g Ớt Bằm | 80 g Đường Trắng | 2 muỗng canh Nước cốt chanh | 4 muỗng canh MAGGI Nước Mắm | Tỏi băm | Muối | 100g Thịt lợn  tươi  nhiều loại thịt và phụ phẩm  gan  nấu chín  om,Đầu tiên  bạn gọt vỏ cà rốt và dưa leo  rửa sạch rồi thái thành lát mỏng vừa ăn. Độ dài khoảng 7cm là vừa đẹp. Với dưa leo  nhớ loại bỏ phần ruột bên trong để món gỏi không bị ướt và dưa được ngon  giòn hơn. Củ hủ dừa bạn nên nạo sạch lớp vỏ ngoài  rửa sạch với nước rồi thái thành những lát mỏng vừa ăn. Ngâm phần củ hũ dừa đã thái trong nước đá lạnh có hòa cùng nước cốt chanh tươi để giữ độ trắng  giòn khi thưởng thức. | Rửa thịt ba chỉ và tôm với nước và một ít muối  sau đó bắc lên bếp luộc chín thịt với nước lạnh. Lưu ý là bạn phải để phần thịt luộc ngập trong nước  như vậy thịt sẽ chín từ từ và không bị thâm. Sau khi thịt đã chín  ngâm thịt vào tô nước lạnh để giữ độ trắng. Tiếp tục luộc tôm với nước thịt vừa dùng  bạn chỉ nên luộc khoảng 3 phút để tôm vừa chín tới  có màu đỏ đẹp mắt. Đừng luộc tôm quá lâu sẽ làm tôm bị khô và mất vị ngon ngọt tự nhiên. Ngâm tôm vào nước lạnh để tôm giòn dai  dễ bóc vỏ. | Khi tôm và thịt đã nguội  vớt ra để ráo nước một chút. Bạn thái thịt ba chỉ thành những miếng mỏng vừa ăn. Không nên cắt quá dày sẽ làm thịt khó thấm gia vị trộn gỏi. Với tôm  bạn bóc vỏ và giữ lại phần đuôi cho đẹp mắt. | Nước mắm trộn gỏi chính là yếu tố quyết định và là linh hồn của các món gỏi. Bắt tay vào làm thôi! Bắc nồi hoặc chảo lên bếp  cho nước mắm MAGGI vào với 4 muỗng canh nước lọc  đường trắng rồi đun sôi liu riu. Trộn đều tay để đường tan hết và hỗn hợp nước mắm keo sệt lại thì tắt bếp  để nguội. Khi nước mắm đã nguội hẳn  bạn thêm tỏi băm  ớt băm và nước cốt chanh vào  khuấy đều cho hòa quyện. Hỗn hợp nước mắm sánh kẹo và thơm  ngọt  mặn chua chua vừa miệng là chuẩn vị. | Để ráo hẳn củ hũ dừa  dưa leo và cà rốt trước khi tiến hành trộn gỏi bạn nhé. Nếu phần nguyên liệu chưa ráo thì khi trộn gỏi tôm thịt sẽ bị ướt và kém giòn. Cho củ hũ dừa  dưa leo  cà rốt và tôm thịt vào chung một tô  rưới nước mắm lên trên rồi trộn đều tất cả cho thấm. Nên trộn thật nhẹ tay để tránh cho rau củ bị nát và làm món gỏi chảy nước  kém ngon. | Cuối cùng  bạn thêm rau răm cắt nhỏ  ngò gai  đậu phộng rang và hành phi giòn  trộn đều một lần nữa là đã có thể bày ra đĩa thưởng thức rồi. Món gỏi tôm thịt củ hũ dừa giòn giòn lạ miệng  chua ngọt hài hòa kết hợp với tôm thịt  đậu phộng rang béo bùi sẽ khiến bạn ăn mãi không ngừng. Món gỏi rất hợp ăn cùng bánh phồng tôm chiên  cả nhà sẽ gật gù khi thưởng thức đấy!,https://www.maggi.com.vn/cong-thuc/goi-tom-thit
Bồ Câu Xào Lăn,45 phút,3 người ăn,N/A,500 g Bồ Câu | 1 quả Ớt Trái | 5 g Tỏi | 100 g Lạc Rang | 1/2 muỗng cà phê Đường | 1 gói Bột Cà Ri | 1 gói Phồng Tôm | 1/2 muỗng canh MAGGI Nước Mắm | 1 muỗng canh MAGGI Dầu Hào | Sả cây | Tiêu,Bồ câu làm sạch lông và ruột  rửa sạch với nước  để ráo rồi sau đó băm nhuyễn. Sả cây bóc bỏ phần vỏ già bên ngoài  rửa sạch sau đó băm nhuyễn với hành và tỏi. Rang chín đậu phộng rồi để nguội cho lớp vỏ dễ bóc hơn. Giã nhỏ đậu phộng chứ đừng giã nát bạn nhé. Bánh phồng tôm chiên rồi vớt ra cho ráo dầu. | Làm nóng chảo rồi đun cho dầu sôi  bạn kiểm tra thấy đầu đũa gỗ khi nhúng vào dầu có bong bóng nhỏ sủi lên thì cho hành  tỏi  sả băm nhuyễn vào xào cho thơm. Tiếp đến bạn cho thịt bồ câu bằm nhuyễn vào xào  thêm bột cà ri để món ăn thơm ngon đúng điệu. | Đảo đều cho bột cà ri hòa quyện cùng thịt  nêm thêm dầu hào MAGGI  nước mắm MAGGI  tiêu  đường và điều chỉnh sao cho phù hợp với khẩu vị của bạn. | Khi thịt đã chín tới  cho đậu phộng rang giã nhỏ vào rồi bày món ăn ra đĩa. Rắc rau ngổ và ớt trái đã rửa sạch thái nhỏ lên mặt món ăn cho thơm và đượm vị cay nồng. Bồ câu xào lăn ăn kèm bánh phồng chiên hay bánh tráng nướng đều rất ngon. Thịt chim ra ràng mềm béo  thơm lừng mùi hành  sả và cà ri  bùi bùi của đậu phộng  vừa ngon vừa dinh dưỡng.,https://www.maggi.com.vn/cong-thuc/bo-cau-xao-lan
Tôm Bằm Xúc Bánh Tráng,35 phút,4 người ăn,N/A,600 g Tôm Sú | 10 g Sả Băm | 1/4 muỗng cà phê Ớt Bột | 10 g Tiêu Xanh | 5 g Ngò Rí | 1 quả Ớt Sừng | 1 quả Cà Rốt | 1 muỗng cà phê Đường Trắng | 1 muỗng canh Đậu Phộng Rang | 1 muỗng canh Dầu Hành Tỏi Phi | 1 muỗng canh MAGGI Nước Mắm | 2 muỗng canh Tương ớt | 1 muỗng cà phê MAGGI Dầu Hào | Bánh tráng | Nước cốt chanh | Hạt nêm MAGGI nấm hương,Bạn lột bỏ vỏ và đầu tôm  dùng tăm tre nhẹ nhàng rút phần chỉ đen ở lưng  lau khô rồi cắt hạt lựu nhỏ. Rau ngò rí rửa sạch  cắt nhỏ. Bánh tráng dùng kéo cắt miếng hình tam giác vừa ăn  nướng bánh tráng trên than hồng đến khi chín giòn  có màu vàng ươm đẹp mắt. Tiêu xanh bỏ cuống  rửa sạch hạt rồi băm hoặc giã nhuyễn. Ớt sừng cắt lát mỏng  đậu phộng rang xát vỏ  giã nhỏ. | Ướp tôm với các gia vị gồm nước mắm MAGGI  hạt nêm MAGGI nấm hương  dầu hào MAGGI  bột ớt  sả băm. Trộn đều và để khoảng 5 phút cho tôm thấm gia vị đậm đà hơn. | Làm nóng chảo dầu tỏi  cho tôm đã ướp vào xào cho săn lại. Khi tôm vừa chín tới  chuyển sang màu đỏ hồng thì bạn cho đậu phộng  tiêu và ngò gai vào xào đều rồi tắt lửa. Bạn xào tôm nhanh trên lửa vừa  không nên xào quá lâu để tránh tôm bị khô lại nhé! | Món tôm bằm xào ngon khi ăn cùng nước chấm. Bạn pha nước chấm gồm tương ớt  nước cốt chanh và vài lát ớt sừng. Khuấy đều cho nước chấm tan  có vị chua ngọt  cay nhẹ là được. | Xếp bánh tráng nướng ra dĩa  cho tôm bằm xào lên trên  trang trí thêm ớt sừng cắt lát và ngò rí là sẵn sàng thưởng thức rồi đấy. Tôm sú giòn ngọt  được xào chín tới vẫn còn cảm giác mọng nước trong miệng khi ăn. Bánh tráng nướng giòn tan  ăn cùng tôm bằm thời thượng và mới lạ sẽ khiến mọi người trầm trồ đó nha!,https://www.maggi.com.vn/cong-thuc/tom-bam-xuc-banh-trang
Ngan Nướng Sả Riềng Mẻ,57 phút,,N/A,50 g Dầu Hào MAGGI | 30 g Nước tương MAGGI Đậm Đặc | 10 g Hạt nêm MAGGI | 15 g Đường cát | 2 kilôgam Thịt ngan nguyên con làm sạch | 60 g Dầu Ăn | 20 g Riềng băm | 20 g Sả Băm | 30 g Hành tím băm | 20 g Tỏi băm | 30 g Cơm mẻ | 10 g Mắm tôm,Để sơ chế “nhân vật chính” của món ăn hôm nay  đầu tiên  bạn chặt thịt ngan thanh miếng vừa ăn  nếu có thời gian bạn có thể lóc phi lê thịt ngan để tránh xương nhé! Tiếp theo  bạn hãy dùng muối hoặc chanh chà xát khắp thân ngan và nhớ dùng tay bóp kỹ để các chất nhờn  chất bẩn  mùi hôi trong lỗ chân lông ngan tiết ra ngoài. Cuối cùng  bạn đem ngan rửa lại với nước cho thật sạch rồi vớt ra để ráo. | Muốn làm nên hương vị đặc trưng của món Ngan Nướng Sả Riềng Mẻ  bạn cho hết tất cả riềng  sả  hành  tỏi  nước cơm mẻ vào máy xay  xay nhuyễn thành hỗn hợp nhỏ. | Bí quyết ướp thịt để giữ được hương vị đặc trưng Hà Nội cho món Ngan Nướng Sả Riềng Mẻ  mà vẫn tạo được sự khác biệt của riêng bạn là đây. Cho thịt ngan vào một bát (tô) lớn  sau đó thêm vào các nguyên liệu gồm: dầu hào MAGGI  nước tương MAGGI đậm đặc  hạt nêm MAGGI  đường  mắm tôm  dầu ăn và hỗn hợp vừa xay nhuyễn. Bạn nhớ trộn đều tay và ướp tầm 10 phút cho thịt ngan ngấm gia vị  rồi xiên thành các xâu thịt bằng nhau hoặc kẹp thịt vào vỉ nướng nhé! | Trước khi nướng thịt  bạn hãy khởi động lò nướng khoảng 15 phút cho nóng lò. Sau đó  cho thịt ngan vào lò và bắt đầu nướng trong khoảng 15 - 20 phút. Trong lúc nướng nhớ thăm chừng và đảo mặt thịt nướng đều 2 mặt. Lưu ý  không nên nướng thịt ngan quá lâu vì như thế sẽ làm thịt ngan cháy hoặc bị nhão. | Thịt sau khi đã nướng chín  bạn lấy ra cho vào dĩa  trang trí cùng ít rau ngò cho đẹp mắt. Vậy là món Ngan Nướng Sả Riềng Mẻ thơm lừng  đậm vị với công thức khác biệt từ MAGGI đã hoàn thành rồi. Và đừng quên chuẩn bị thêm chén cơm nóng để ăn cùng là hết sảy đấy nhé!,https://www.maggi.com.vn/cong-thuc/ngan-nuong-sa-rieng-me
Miến Lươn Trộn,60 phút,,N/A,400 g Lươn con to | 200 g Miến | 15 g Muối | 60 g Bột Chiên Giòn | 10 g Gừng tươi | 5 g Rau thơm | 5 g Đậu Phộng Rang | 2 g Hành phi | 20 g Dưa giá cà rốt chua ngọt | 30 g Nước nóng | 30 g Giấm Gạo | 15 g Dầu Hào MAGGI | 13 g Hạt nêm MAGGI | 30 g Nước tương MAGGI | 60 g Đường cát | 1 gam Ớt Bột | 2 g Tiêu Sọ,Lươn sau khi mua về  bạn cho muối vào xóc đều để lươn tự quẫy nhả nhớt. Tiếp theo  bạn dùng nước nóng 50-70°C dội xả 1 lượt nữa cho lươn sạch hết nhớt  rồi rửa lại bằng nước lạnh nhiều lần. Sau khi lươn đã sạch  bạn tiến hành phi lê lươn  để riêng phần xương với phần thịt. Với thịt  bạn tiếp tục cắt sợi vừa ăn. | Ăn Miến Lươn Trộn thì không thể nào thiếu phần nước súp ngọt thanh ăn kèm. Để chế biến  bạn cho phần xương lươn vừa lóc ở trên  hầm với gừng cắt lát trong lửa nhỏ tầm 15 phút. Sau đó  vớt xương ra và nêm 10gr hạt nêm MAGGI cho 500ml nước dùng. | Phần thịt lươn đã cắt sợi bạn cho vào tô  nêm thêm lượng hạt nêm MAGGI còn lại  10gr dầu hào và tiêu  rồi dùng muỗng trộn đều cho gia vị thấm vào thịt. Tiếp theo  cho tiếp bột chiên giòn vào tô lươn  trộn đều lần nữa để từng miếng thịt lươn được lớp áo bột mỏng bên ngoài. Để hoàn thành phần thịt lươn giòn tan  đậm đà ăn cùng miến  bạn đun nóng chảo dầu  cho lươn vào chiên đến khi vàng giòn  vớt lươn ra để ráo dầu là được nhé! | Muốn món Miến Lươn Trộn vừa giữ được nét đặc trưng của món ăn Bắc Trung Bộ  mà vẫn tạo được sự khác biệt tích cực thì phải lưu ngay công thức nước sốt trộn đặc biệt này nhé  bạn ơi! Cho tất cả nguyên liệu gồm: Nước nóng  dấm gạo  dầu hào MAGGI  nước tương MAGGI  đường cát  ớt bột  tiêu sọ vào chén (bát) khuấy đều tay đền khi tan  hòa quyện hết vào nhau. | Vậy là món Miến Lươn Trộn sắp “ra lò” rồi  chỉ còn thiếu mỗi phần miến thôi. Bạn nhanh tay cho nước vào nồi  đun sôi và thêm vào 1 muỗng canh dầu ăn. Tiếp đến  bạn cho miến vào nồi trụng khoảng 3 phút  vớt ra để ráo. Mách bạn mẹo nhỏ để món miến trộn không bị dính nhau là thêm 1 ít nước dùng vào miến sau khi trụng và nhớ trộn đều với nhau nhé! | Đây  món Miến Lươn Trộn bắt miệng đã sẵn sàng phục vụ cả nhà bạn rồi đây. Hãy xếp miến vừa được chế biến vào tô  thêm lươn chiên giòn  rau thơm  dưa giá cà rốt chua ngọt  đậu phộng rang  hành phi và chan nước sốt công thức “bí truyền” từ MAGGI vào là đảm bảo cả nhà phải trầm trồ về tài nấu nướng của bạn đấy. Và đừng quên thêm 1 chén nước súp thanh nhẹ được hầm lúc nãy để ăn cùng nữa nhé!,https://www.maggi.com.vn/cong-thuc/mien-luon-tron
Cua Rang Sốt Tía Tô,28 phút,,N/A,500 g Cua sống | 5 g Rượu hoa hồi | 20 g Đường | 5 g Dầu Mè | 10 g Nước gia vị cô đặc MAGGI | 15 g Dầu Hào MAGGI | 48 g Sốt tương ngọt (hoisin) | 15 g Chao đỏ | 135 g Chao trắng loại | 1.5 g Bột cam thảo | 10 g Ngũ Vị Hương | 30 g Hành tím | 30 g Tỏi băm | 30 g Gừng | 10 g Lá tía tô,Cua sống mua về bạn chà và rửa sạch với nước  rồi chặt mỗi con thành 4 phần đều nhau. Với tía tô  bạn lặt lấy lá  rửa với nước sạch  vớt ra để ráo nước  su đó cắt thành sợi mỏng. | Để chế biến phần nước sốt vừa giữ được hương vị đặc trưng vùng Đông Bắc  vừa tạo được sự khác biệt cho món Cua Rang Sốt Tía Tô bạn hãy ghi chú ngay lại công thức sau! Bắc chảo lên bếp  cho vào 1 ít dầu ăn  đợi dầu nóng nhanh tay bỏ vào 1/2 hành  tỏi  gừng xào cho thơm. Tiếp theo  cho hết các gia vị còn lại gồm: rượu hoa hồi  đường  dầu mè  nước gia vị MAGGI  dầu hào MAGGI  sốt tương ngọt (hoisin)  chao đỏ  chao trắng  bột cam thảo  ngũ vị hương vào đảo đều tay để hỗn hợp hòa quyện vào nhau. Lúc này  bạn có thể gia giảm phần gia vị sao cho vừa ăn  rồi tắt bếp cho ra bát (chén) nhé! | Sau khi đã chuẩn bị xong phần nước sốt xào  bạn bắt lên bếp 1 chảo khác  đổ ngập dầu  chờ dầu nóng thì thả từ từ phần cua đã sơ chế lúc nãy nào chiên với lửa lớn. Cua chiên đã chín và thơm lừng thì bạn nhanh tay vớt cua ra để ráo nhé! | Đến phần chế biến quan trọng nhất của món Cua Rang Sốt Tía Tô đây. Bạn hãy tiếp tục bắt chảo dầu lên bếp  phi thơm 1/2 hành  tỏi  gừng còn lại  rôi cho cua và nước sốt chế biến phía trên vào vừa đủ. Ở bước này  bạn nhớ đảo đều tay để cua thấm đều phần nước sốt “bí truyền”. Sau đó  cho lá tía tô vào xào sơ lại  nêm nếm lần nữa để vừa ăn là bạn có thể tắt bếp rồi đấy. | Để món ăn thêm phần hấp dẫn  bạn xếp cua ra dĩa  rưới nước sốt đều xung quanh và trang trí thêm với là tía tô. Bạn có thể ăn món Cua Rang Sốt Tía Tô với cơm và nhớ thưởng thức ngay khi còn nóng để cảm nhận trọn vị tươi  ngọt  săn chắc của thịt cua hòa quyện nước sốt sánh đặc  đậm đà và hương thơm nhẹ từ lá tía tô nhé!,https://www.maggi.com.vn/cong-thuc/cua-rang-sot-tia-to
Sườn Kho Nước Tương Quả Vả,40 phút,,N/A,4 muỗng canh Nước tương MAGGI | 1 Muỗng cà phê Dầu Hào MAGGI | 500 g Sườn non heo | 1 muỗng canh Tỏi băm | 1 muỗng canh Sả băm | 2 muỗng canh Dầu Ăn | 2 muỗng canh Đường | 1 gam Tiêu xay | 1 gam Tiêu xay | 500 ml Nước lọc | 200 g Quả vả,Sườn non mua về bạn chặt thành miếng vừa ăn. Tiếp theo  rửa qua nước muối rồi rửa lại lần nữa bằng nước sạch  vớt ra rổ cho ráo nước hẳn. Trái vả gọt vỏ  rửa sạch  cắt thành làm 4  nếu quả lớn bạn có thể cắt làm 8 nhé! | Để pha phần nước gia vị cho món kho ngon đúng vị mà vẫn khác biệt  MAGGI bật mí công thức sau đây. Bạn cho tất cả nguyên liệu gồm: nước tương MAGGI  dầu hào MAGGI  1 muỗng canh đường  tiêu xay và nước lọc vào chén  rồi dùng muỗng khuấy đều để các gia vị hòa quyện đều vào nhau. | Món Sườn Kho Nước Tương Quả Vả sẽ là thiếu sót nếu thiếu màu nâu sậm óng ánh từ nước màu. Bạn bắc chảo nhỏ lên bếp cho nóng  rồi cho vào 1 muỗng đường  khuấy đều tay đến khi đường chuyển thành màu nâu cánh gián thì cho ngay 1 ít nước lọc vào. | Bước quan trọng làm nên Sườn Kho Nước Tương Quả Vả đậm đà  lạ miệng đây. Bạn đun nóng dầu ăn trong chảo  sau đó thêm sả băm  tỏi băm vào phi thơm cùng với sườn. Tiếp theo  cho nước màu và chén gia vị bên trên vào mở lửa lớn  vớt bọt bỏ  rồi vặn nhỏ lửa nấu đến khi nước kho còn 1/2 thì cho quả vả vào kho tiếp đến khi thịt chín và phần nước kho sệt lại thì tắt bếp. | Cho Sườn Kho Nước Tương Quả Vả ra dĩa  rắc thêm một ít tiêu lên trên cho dậy mùi. Món này hãy ăn khi còn nóng và dùng với cơm trắng  có thêm chén nước tương MAGGI chấm cùng thì tuyệt vời luôn nhé.,https://www.maggi.com.vn/cong-thuc/suon-kho-nuoc-tuong-qua-va
Thịt đà điểu làm món gì ngon? Công thức đà điểu xào sả lá chanh,30 phút,3 người ăn,N/A,Thịt Đà Điểu | Hành Tây | Sả Cây | Dầu Ăn | Tỏi Băm | Ớt Băm | Tiêu | Dầu Hào Maggi | Hạt Nêm Maggi | Nước Mắm Maggi | 6 lá Lá chanh,Bạn rửa thịt đà điểu rồi cắt lát mỏng vừa. Lưu ý  để cắt thịt dễ hơn  hãy làm lạnh thịt trước khi cắt. Tiếp đó  cần ướp thịt đà điểu với 1 muỗng canh dầu hào MAGGI  hạt nêm MAGGI nấm hương  nước mắm MAGGI  1/2 muỗng tỏi băm  cùng 1 muỗng cà phê sả và ớt đã băm nhỏ  thêm chút tiêu. Trộn đều và ướp trong 15 phút. Đối với hành tây  bạn lột vỏ  rửa sạch rồi thái múi cau. Riêng lá chanh sau khi rửa nước sẽ thái sợi chỉ nhuyễn. | Đổ dầu vào chảo  đun sôi thì phi thơm phần tỏi băm cùng sả băm còn lại. Tiếp đến sẽ cho thịt đà điểu vào  xào liên tục trong khoảng 3 phút thì nêm thêm phần dầu hào MAGGI còn lại  đảo đều  thử vị thấy vừa thì thêm hành tây vào  xào hành cho vừa chín tới. | Bạn cho lá chanh vừa thái vào chảo  đảo qua một lần là có thể tắt bếp. Cho món ăn ra dĩa  trang trí thêm ớt thái lát lên trên bề mặt. Món ngon dùng kèm với cơm nóng và có thể chấm cùng nước tương MAGGI. Thịt đà điểu đậm vị hài hòa cùng lá chanh thơm nồng  sẽ làm hài lòng đến cả những vị khách khó tính nhất.,https://www.maggi.com.vn/cong-thuc/thit-da-dieu-xao-ot-sa-la-chanh
Su hào xào cà rốt thập cẩm,42 phút,2 người ăn,N/A,Dầu hào Maggi | 1 muỗng cà phê MAGGI Hạt Nêm Nấm Hương | Thịt thăn xay | 1 củ Su Hào | 1/2 củ Cà Rốt | Miến | Hành lá | Hành khô | Tiêu xay | Dầu ăn | 10 g Rau mùi,Để làm món su hào xào cà rốt thập cẩm  trước tiên bạn rửa sạch thịt thăn  vớt ra để ráo. Sau đó  xay nhỏ thịt và ướp với 1 muỗng dầu hào MAGGI để tăng vị đậm đà. | Su hào và cà rốt gọt vỏ  rửa sạch  bào sợi nhỏ hoặc thái bằng dao. Miến ngâm mềm  cắt khúc. Nấm hương  hành lá  rau mùi bỏ gốc  cắt nhỏ. Hành khô thái lát mỏng. | Phi thơm hành  xào nấm và thịt thăn rồi để riêng. Tiếp đến  xào su hào  cà rốt với hạt nêm MAGGI nấm hương  rồi cho miến và dầu hào MAGGI vào đảo đến khi chín. | Cho thịt  nấm vào chảo  thêm dầu hào MAGGI xào thêm 2 phút để thấm đều gia vị. Rắc hành lá  rau mùi  hạt tiêu. Su hào xào cà rốt thập cẩm thơm ngon đã sẵn sàng! | Trình bày ra dĩa và thưởng thức. Món su hào xào cà rốt thập cẩm thơm lừng  tốt cho sức khỏe và vóc dáng  thích hợp cho những ai yêu thích món ăn thanh đạm.,https://www.maggi.com.vn/cong-thuc/su-hao-xao-thap-cam
Xiên Bò Rau Củ Nướng,40 phút,4 người ăn,N/A,Thịt bò | Khoai tây bi | Cà chua bi | Ớt chuông | Hành tây | Hành tím băm | Tỏi băm | Dầu hào Maggi | Mật ong | Dầu oliu | Tiêu xay,Thịt bò rửa qua với nước  thấm khô rồi cắt thành những miếng vuông khoảng 2.5cm. Với món bò xiên bạn không nên cắt miếng bò lớn vì khi nướng sẽ khiến phần thịt bò và các phần rau củ khác chín không đều. Ớt chuông xanh rửa sạch  bỏ hạt. Cà chua bi rửa sạch. Hành tây lột vỏ bỏ gốc. Sau đó cắt ớt chuông và hành tây thành những miếng vuông có kích thước tương tự miếng thịt bò. Khoai tây bi rửa sạch rồi đun nước sôi già  cho khoai tây vào luộc khoảng 10 phút sau đó cắt làm đôi. | Ướp thịt bò với hỗn hợp sốt gồm dầu hào MAGGI  mật ong  dầu Oliu  tiêu  hành tím xay và tỏi băm. Trộn đều để từng miếng bò được phủ đều gia vị. Dùng màng bọc thực phẩm đậy kín  cho thịt vào tủ lạnh ướp ít nhất 30 phút cho thấm gia vị thật kĩ. Nếu dùng que tre để nướng  bạn nên ngâm que trong nước lạnh 2 tiếng để khi nướng không bị cháy nhé! | Xếp xen kẽ thịt bò và các loại rau củ vào xiên nướng  chừa một đoạn trống ở cuối xiên để tiện cầm ăn. Bạn có thể dùng xiên nướng chuyên dụng hoặc thay thế bằng các xiên gỗ dùng 1 lần. Khi bếp nướng đã nóng thì đặt que xiên lên bếp. Trong lúc nướng hãy phết thêm sốt ướp trước đó lên những xiên thịt để hấp dẫn  đậm đà hơn và không bị khô. Nướng nhanh  trở đều thịt trên bếp từ 7-10 phút cho thịt bò và rau củ chín đều ngon miệng là hoàn thành. | Trình bày thịt nướng ra dĩa và thưởng thức ngay thôi. Thịt bò mềm mọng  đậm đà gia vị ăn cùng ớt chuông và hành tây thơm lừng  giòn ngọt cực thời thượng và phù hợp để thổi cùng cuộc vui của cả nhà vào cuối tuần đấy!,https://www.maggi.com.vn/cong-thuc/xien-bo-rau-cu-nuong
Bò Một Nắng Cuộn Cải,53 phút,2 servings,N/A,Thịt Bò | Cải bẹ xanh | Sả băm nhuyễn | Dầu Ăn | Nước cốt chanh | Tỏi | Ngò Rí | Ớt Xắt Lát | Tương ớt | Hạt nêm Maggi | Hành lá | Bột ngũ vị hương | Mù tạt,Cách chế biến món Bò Một Nắng Cuộn Cải sẽ bắt đầu bằng việc sơ chế bò một nắng trước các bạn nhé. Rửa sạch thịt bò  để ráo rồi cắt thành lát dày khoảng 0 5cm  dùng búa chuyên dụng dần sơ cho thịt được mềm và thớ thịt tơi hơn. Nếu không có sẵn búa  các bạn có thể dùng phần sống dao đập nhẹ  khi thấy thịt tơi và mỏng hơn một chút là được. | Thịt bò khi đã mềm  ướp cùng sả băm  tỏi  bột ngũ vị hương  hạt nêm nấm hương MAGGI và dầu ăn. Trộn đều tay để hai mặt thịt bò thấm đều gia vị. Sau đó  đem thịt trải ra khay và phơi nắng trong một ngày cho bề mặt thịt bò săn lại  thoát bớt nước. Thịt bò một nắng sau khi hoàn thành  bạn nướng nhanh trên lửa than hồng hoặc áp chảo với ít dầu để thịt vừa chín tới và rám vàng đều 2 mặt. Tuyệt đối không nướng thịt trên lửa lớn để tránh bị cháy bên ngoài và sống bên trong. | Công đoạn tiếp theo là sơ chế cải bẹ xanh và hành lá. Sau khi cắt gốc và rửa sạch từng lá cải với nước lạnh  bạn cắt dọc bỏ cọng để lấy hai bên lá. Trụng cải trong nước sôi có pha muối loãng và dầu ăn rồi vớt ra ướp vào nước đá cho rau giữ được màu xanh tươi bắt mắt và độ giòn. Khi rau đã nguội hẳn  vớt ra và để ráo nước. Hành lá sau khi rửa sạch  bạn cũng tiến hành tương tự như rau cải để hành có độ dai  dễ buộc hơn. | Thịt bò nướng sau khi chín  cắt thành sợi vừa ăn rồi dùng lá cải bẹ xanh cuộn lại  sau đó buộc lại bằng hành lá thành từng cuốn nhỏ. Pha nước chấm ăn kèm với nước cốt chanh  tương ớt và mù tạt  khuấy đều tay cho nước chấm hòa quyện thật đều  sánh đặc và có màu cam đẹp mắt. | Cho thành phẩm ra dĩa và trang trí với ngò rí và ớt lát  bên cạnh chén nước chấm thơm ngon. Nếu không quen ăn mù tạt  bạn có thể chấm cùng muối ớt xanh vắt thêm chanh hay tương ớt mayonaise cũng rất ngon và lạ miệng. Thịt bò nướng vừa chín tới  khô mềm  đậm mùi thơm từ tỏi  sả và ngũ vị hương. Rau cải cuộn bên ngoài xanh mướt  giòn và đượm mùi cay nồng  hòa với vị ngọt từ thịt. Đây là món mới thời thượng rất phù hợp để đãi bạn bè đấy nhé!,https://www.maggi.com.vn/cong-thuc/bo-1-nang-nuong-cuon-cai-be-xanh
Canh Khổ Qua Nhồi Thịt,85 phút,5 người ăn,N/A,Khổ Qua | Nấm Rơm | 1 quả Trứng Gà | Thịt Nạc Thăn | Xương Hầm | Hành Lá | Ngò Rí | Tiêu xay | Dầu Ăn | Hành Tỏi Băm Nhuyễn | Muối | 2 muỗng cà phê MAGGI Hạt Nêm Nấm Hương | Hành khô | Hành/ Tỏi băm nhuyễn | Ớt bột | Nước,Việc làm sạch và khử mùi hôi của xương heo trước khi chế biến rất quan trọng. Bạn rửa thật sạch xương với nước muối pha loãng  chặt nhỏ sau đó chần sơ với nước sôi để mùi hôi và các tạp chất được khử hoàn toàn. Hầm xương trong nước lạnh với một chút muối để lấy 1 5 lít nước dùng. Lưu ý trong khi hầm  bạn hãy vớt hết phần bọt nổi phía trên để nước dùng được trong. | Rửa sạch khổ qua  cắt bỏ phần cuống ở hai đầu  dùng dao rạch một đường dọc giữa thân trái. Bạn chỉ nên rạch khoảng nửa độ dài của trái để không bị đứt  dùng muỗng nạo sạch hạt và phần ruột trắng bên trong để giảm vị đắng. Bạn có thể ngâm khổ qua đã làm sạch ruột trong nước muối loãng khoảng 5 phút rồi chần sơ qua nước sôi  sau đó xả lại bằng nước lạnh để khổ qua bớt đắng và có màu xanh bắt mắt. Nếu thích ăn đắng thì bạn bỏ qua bước này nhé. Khổ qua được sơ chế xong  để ráo. | Chúng ta tiếp tục làm phần nhân cho món canh khổ qua dồn thịt. Rửa sạch nấm rơm với nước muối loãng  cắt bỏ đuôi  để ráo rồi thái nhỏ. Thịt nạc thăn sau khi rửa sạch  thái lát mỏng rồi ướp với 1 muỗng hành khô và tỏi băm nhuyễn  1 muỗng cà phê hạt nêm nấm hương MAGGI  nửa muỗng cafe tiêu trong 15 phút để nhân thịt ngấm đều gia vị và đậm đà hơn. | Trộn thịt đã ướp với nấm rơm rồi tiến hành băm nhuyễn. Khi thịt đã được băm nhỏ đều và mịn  thêm lòng trắng trứng gà để phần nhân được kết dính và thơm ngon hơn. Bạn có thể dùng bao tay nhồi nhân thịt để các nguyên liệu được trộn đều. | Cắt đôi khổ qua  dùng dao nhọn khoét lại một lần nữa để khổ qua sạch ruột sau đó nhồi hỗn hợp thịt  nấm và trứng vào. Bạn có thể ước lượng và tùy ý gia giảm phần nhân sao cho phù hợp với phần ruột bên trong trái. Phần còn dư có thể vo viên và thả vào canh khi nước đã sôi. Khổ qua càng ráo nước và khô thì nhân thịt sẽ dễ kết dính hơn vào trái  không bị rơi ra khi nấu  thành phẩm sẽ đẹp mắt hơn đấy. | Sau khi đã nhồi xong khổ qua  phi thơm 2 muỗng dầu ăn với hành tỏi băm nhuyễn và ít ớt bột để món ăn thêm màu sắc đẹp mắt. Cho nước dùng từ xương hầm vào  nêm 1 muỗng hạt nêm MAGGI nấm hương và nửa muỗng muối. Khi nước dùng sôi  thả khổ qua vào hầm với lửa nhỏ  thỉnh thoảng vớt bọt để canh khổ qua dồn thịt được trong và ngon hơn. Khi đun  bạn không nên đậy nắp để tránh khổ qua bị vàng  mất đi màu xanh bắt mắt nhé. | Bạn dùng tăm xiên qua trái khổ qua  nếu thấy phần vỏ đã mềm  tăm rút ra dễ dàng là canh khổ qua nhồi thịt đã hoàn thành rồi. Cắt nhỏ hành lá và ngò rí lên tô canh nóng  thêm nửa muỗng tiêu cho thơm là món ăn đã sẵn sàng để thưởng thức. Món canh khổ qua nhồi thịt quen thuộc sẽ trở nên lạ miệng và thơm ngon hơn với phần nhân thịt băm nhuyễn với nấm rơm thanh ngọt. Đây là món ăn dinh dưỡng và tốt cho sức khỏe  giúp cơ thể giải nhiệt hiệu quả mà bạn nên trổ tài chiêu đãi cả nhà!,https://www.maggi.com.vn/cong-thuc/canh-kho-qua-don-thit
Mực Xào Bông Cải,41 phút,5 người ăn,N/A,Mực Tươi | Bông Cải Xanh/Trắng | Đậu Hà Lan | Dầu Ăn | Tiêu Xay | 2 muỗng canh rượu trắng | 10g gừng | Hành băm | Ngò Gai | Ớt Sừng | Hạt Nêm Maggi | Nước Tương MAGGI | 2 muỗng canh dầu hào Maggi,Mực làm sạch ruột  bóc da  rửa với rượu và gừng rồi xả với nước. Cắt miếng vừa ăn  khía chéo  ướp hành  ớt  hạt nêm MAGGI nấm hương và nước tương MAGGI 20 phút. | Bông cải tách búp nhỏ vừa ăn; đậu Hà Lan tước bỏ xơ; ớt sừng bỏ cuống và hạt cay  cắt nhỏ; hành ngò cắt bỏ gốc. Rửa sạch rau củ và để ráo trước khi chế biến. | Làm nóng dầu  phi hành thơm vàng rồi trút mực vào xào. Khi mực chín tới  phần da ngoài săn lại  các khía mực hiện ra rõ nét và đẹp mắt thì bạn múc mực ra dĩa. | Xào rau củ với dầu hào  hạt nêm  nước tương MAGGI. Khi bông cải chín tới  cho mực vào  thêm ớt sừng  nêm nếm món mực xào bông cải vừa miệng  đảo đều và tắt bếp. | Trình bày món ăn ra dĩa  rắc tiêu và hành ngò. Món mực xào bông cải giòn ngọt  đậm đà  thơm lừng  dùng nóng cùng cơm trắng thì ngon chuẩn không cần chỉnh.,https://www.maggi.com.vn/cong-thuc/muc-xao-bong-cai
Bông Cải Xào Gạch Cua,42 phút,2 người ăn,N/A,Gạch Cua | Trứng Cút | Bông Cải Xanh/Trắng | Bột Năng | Rượu Trắng | Đường Trắng | Hạt Nêm Maggi | Dầu hào MAGGI,Bạn bắc nồi nước sôi  luộc trứng cút chín rồi với ra  lột sạch vỏ sau đó cắt trứng thành hai nửa. Lưu ý để trứng nhanh nguội dễ lột vỏ hơn  bạn nên ngâm và lột trứng trực tiếp trong nước lạnh. Tiếp đến hãy rửa bông cải xanh thật sạch  tách nhỏ  cho vào chảo dầu xào chín mới trút ra dĩa. | Cho một ít nước dùng cùng rượu trắng vào chảo  đun sôi thì cho thêm hạt nêm MAGGI nấm hương với gạch cua vào. Khuấy đều cho gạch cua tan cùng nước dùng rồi nếm xem vị đã vừa miệng chưa. Lưu ý bạn cần nấu gạch cua cho chín kĩ để tránh gặp vấn đề về đường ruột nhé! | Pha bột năng cùng một ít nước lọc sau đó từ từ đổ hỗn hợp vào chảo gạch cua. Bạn dùng đũa khuấy nhẹ cho đến khi thấy nước trong chảo dần sệt lại thì bỏ vào phần bông cải đã xào. Đảo đều tay cho bông cải áo đều nước sốt gạch cua. | Để món ăn được dậy hương  không quên cho dầu hào MAGGI vào chảo đang xào bông cải xanh và gạch cua bạn nhé. Đừng vội tắt bếp mà hãy đảo nguyên liệu trong khoảng 2 phút nữa cho nước sốt được đậm vị hơn. | Sau khi cho bông cải xanh đã sốt gạch cua ra dĩa  lúc này bạn mới để lên mặt món ăn phần trứng cút cắt đôi  trang trí thêm vài lát ớt mỏng để tăng màu sắc hấp dẫn cho món ăn. Bạn lưu ý dùng món khi còn nóng để gạch cua không bị tanh. Món Bông cải xào trứng cút gạch cua có thể ăn cùng cơm nóng và chấm nước tương MAGGI cho thêm phần đậm đà bạn nhé!,https://www.maggi.com.vn/cong-thuc/bong-cai-xao-trung-cut-gach-cua
Chả Gà Bọc Sả Sốt Tương,40 phút,3 người ăn,N/A,Giò sống | Hành lá | Sả cây | Tỏi | Tiêu xay | Hành lá cắt nhỏ | Bánh hỏi | Hành tím | Dầu Ăn | Tương ớt | Hạt nêm Maggi | Thịt gà | Nước dừa | Xà lách | Rau thơm | Nước tương MAGGI,Bạn hãy tách bỏ phần xương và da gà  giữ lại thịt cho vào máy xay nhuyễn mịn. Cho tiêu xanh vào cối  dùng chày giã nhỏ. Đối với sả cây  cắt lấy đoạn 10cm. Hành tím lột vỏ  băm nhuyễn cùng với đầu hành lá  riêng phần lá hành thì thái nhỏ. Cuối cùng  rửa sạch rau thơm và xà lách rồi vớt ra để ráo. | Cho thịt gà  giò sống  hành tím cùng đầu hành băm vào tô  thêm tiêu xay và 1 muỗng canh hạt nêm MAGGI nấm hương. Trộn đều nguyên liệu cho thấm vị  không quên quết chả gà vài lần để tăng thêm độ dai cho món ăn. | Bạn dùng dao đập dập một đầu sả. Mang bao tay vào  lấy một lượng chả gà vừa phải bó vào cây sả. Chuẩn bị lửa than  đặt vỉ nướng lên rồi xếp từng xiên chả gà lên vỉ. Trong lúc nướng cần trở chả liên tục để các mặt được chín vàng. | Nấu sôi dầu ăn rồi rót vào chén có đựng lá hành thái nhỏ cùng 1 muỗng canh hạt nêm MAGGI nấm hương. Trộn đều hỗn hợp để được chén mỡ hành thơm phức. Lúc này  bạn đừng quên đun nóng chút dầu để phi tỏi  tỏi thơm sẽ đổ nước dừa cùng tương ớt và hạt tiêu xanh vào. Khuấy đến khi thấy nước sệt thì thêm nước tương MAGGI  phần hạt nêm MAGGI nấm hương còn lại. Đảo thêm lần nữa rồi thử vị  thấy vừa miệng thì tắt bếp. | Bạn đặt từng xiên chả gà ra dĩa  bày thêm rau sống cùng bánh hỏi đã rưới mỡ hành. Múc thêm chén nước sốt tương cay nồng nàn. Khi ăn gắp một miếng bánh hỏi  đặt rau sống và chả gà lên  cuộn tròn bánh rồi chấm sốt  bạn sẽ cảm nhận ngay vị chả gà ẩm mềm ngọt thơm tan dần trong miệng  mùi sả thoang thoảng càng làm cho món ăn thêm bội phần hấp dẫn.,https://www.maggi.com.vn/cong-thuc/cha-ga-boc-sa-sot-tuong
Cà Tím Xào Hành,12 phút,3 người ăn,N/A,Cà tím | Tỏi băm | 1 muỗng cà phê Đường Trắng | Dầu hào Maggi | Hạt nêm Maggi | Dầu ăn | Hành lá | Muối | Nước mắm MAGGI,Cà tím cắt bỏ cuống  rửa sạch rồi thái lát  luộc sơ cà trong nước sôi và một ít muối để cà tím không bị thâm đen đồng thời bớt đi mùi hăng. Vớt cà tím ra rồi dội sơ qua nước lạnh nhé. | Làm nóng chảo với dầu ăn  phi thơm hành và tỏi băm cho đến khi xém vàng thì cho cà tím đảo đều cho chín. Nêm thêm hạt nêm MAGGI nấm hương  nước mắm MAGGI  đường và dầu hào MAGGI vào xào cùng cà tím thêm một chút là được. Lúc này cà tím đã mềm nên xào nhẹ tay thôi để món ăn được đẹp mắt  gia vị phủ đều cà nhé! | Bày cà tím xào hành ra đĩa  trang trí thêm với hành lá và thưởng thức ngay với cơm trắng. Bạn có thể thêm vài lát ớt cho có vị cay cay  kích thích vị giác. Món ngon lại dễ làm này rất phù hợp cho những ngày bận rộn  mà vẫn đảm bảo dinh dưỡng trọn vẹn cho cơ thể đấy!,https://www.maggi.com.vn/cong-thuc/ca-tim-xao-hanh
Gỏi Măng Tôm Thịt,60 phút,6 người ăn,N/A,500 g Măng Tươi | 300 g Tôm Sú | 200 g Mỡ Thịt | 100 g Cà Rốt | 130 g Đường Trắng | 2 muỗng cà phê Nước Cốt Chanh | 1 muỗng cà phê Tỏi Băm | 1 muỗng canh MAGGI Nước Tương | 2 muỗng cà phê MAGGI Hạt Nêm Nấm Hương | Đậu phộng rang | Muối,Đầu tiên  sơ chế măng tươi bằng cách rửa  luộc măng với nước sôi và một chút muối từ 2-3 lần  xả rửa thật kỹ để loại bỏ vị đắng và các độc tố trong măng. Khi luộc  bạn mở nắp nồi để độc tố bay theo hơi nước ra ngoài. Măng tươi sau khi đã luộc  vắt cho thật ráo nước. Cà rốt rửa sạch và gọt vỏ ngoài  sau đó bào thành lát hơi dày một chút rồi cắt dợn sóng. Bạn bóp sơ cà rốt đã thái với muối rồi xả lại với nước lạnh. Vắt ráo nước trong cà rốt trước khi tiến hành bước kế tiếp. | Pha nước dấm đường theo công thức giấm  100gr đường và 1/2 muỗng muối  khuấy đều cho tan rồi ngâm măng chua và cà rốt đã sơ chế 1 buổi cho thấm chua. Trong thời gian ngâm  bảo quản măng và cà rốt trong tủ lạnh bạn nhé. | Rửa sạch thịt đùi và tôm với nước sạch và muối loãng. Luộc sơ thịt đùi bằng nước sôi một lần để thịt được sạch  sau đó chờ nước sôi trở lại mới thả thịt vào luộc chín với 1 ít muối. Luộc thịt trong nước sôi sẽ giúp thịt giữ được vị ngọt. Sau khi thịt chín  thả vào tô nước lạnh để thịt trắng. Hấp chín tôm trong 5 phút rồi bỏ ra tô nước lạnh để tôm dai  giòn  dễ bóc vỏ. Bạn bỏ đầu và chỉ đen cho tôm đẹp và bắt mắt hơn. Lặt và sửa sạch rau thơm  để cho ráo nước rồi cắt nhỏ. | Công đoạn pha nước trộn gỏi là bước tạo nên linh hồn của món ăn này. Bạn cho 1 muỗng cà phê Hạt nêm MAGGI  1 muỗng nước sôi  1 muỗng nước cốt chanh và 2 muỗng cà phê đường  khuấy cho đường tan đều  nước trộn cho vị ngọt chua nhẹ. Với phần nước chấm  bạn pha 1 muỗng cà phê Hạt nêm MAGGI với 3 muỗng nước sôi  3 muỗng cà phê đường  1 muỗng nước tương Maggi  1 muỗng nước cốt chanh và tỏi ớt bằm  khuấy đều cho các gia vị hòa quyện với nhau  dậy mùi thơm đặc trưng của hành  tỏi  nước tương và thoảng mùi chanh tươi mát. | Vắt khô măng và cà rốt đã ngâm chua  vắt nhẹ và vẩy đều tay để không làm nát măng bạn nhé. Trộn tôm  thịt với măng và cà rốt  nửa phần rau thơm  dầu hành tỏi phi với nước trộn gỏi. Bạn có thể thêm ớt sừng thái sợi mỏng cho đẹp mắt và đượm mùi thơm nồng. Trộn đều cho thấm gia vị  khi nếm thử có vị chua ngọt là hoàn thành rồi đấy. | Bày gỏi ra dĩa  rắc phần rau thơm còn lại lên trên cho đẹp mắt. Bạn có thể tỉa hoa cà rốt hoặc ớt để trang trí cho phần ăn. Gỏi tôm thịt măng tươi rất ngon khi dùng chung với bánh phồng chiên và nước chấm gỏi thơm lừng. Rắc thêm một ít đậu phộng rang béo bùi cũng làm món ăn lạ miệng thêm phần đặc sắc  ăn mãi vẫn nghiện đấy!,https://www.maggi.com.vn/cong-thuc/goi-mang-tom-thit
Cá Chẽm Chay Chua Ngọt,30 phút,2 người ăn,N/A,Hoa chuối hột bào dày | Bột Chiên Giòn | Cà Chua | Kiệu Chua | Gừng | Củ Hành Tây | Tiêu | Tương Cà | Tương Ớt | Hạt Nêm Maggi | Nước cốt chanh/ giấm | Cần tây | Ngò | Ớt xắt lát | Dầu ăn | Nước tương MAGGI,Hoa chuối lột bớt lớp vỏ ngoài  lấy lớp nõn bên trong  chẻ ra ngâm vào nước lạnh có pha chút chanh hay giấm để hoa chuối không bị thâm đen  cho vào nồi nước sôi  luộc chín. Nhớ dùng đũa dìm hoa chuối ngập trong nước sôi để khi chín không bị thâm đen. Khi hoa chuối mềm  bạn vớt ra cho ngay vào nước lạnh  để nguội rồi vắt ráo. Ướp gia vị vào hoa chuối gồm hạt nêm MAGGI nấm hương  kiệu chua bằm và  nêm nếm cho vừa ăn. | Cắt nhỏ kiệu chua và gừng. Cần tây cắt bỏ gốc  rửa sạch để ráo sau đó cắt khúc dài 5cm. Hành tây lột bỏ vỏ  rửa sạch rồi cắt thành hình múi cam. Với cà chua  bạn rửa sạch rồi cắt hình múi cam  khoảng 6 miếng một trái. Tiếp đến  chúng ta sẽ pha chế phần nước sốt cà chua cho món ăn. Hòa bột năng với 1/3 chén nước  tương ớt  tương cà  tiêu rồi khuấy đều cho các gia vị tan đều và hòa quyện vào nhau chua chua  cay cay. | Đến công đoạn làm cá chẽm chay rồi đây. Hòa bột chiên giòn với nước lọc rồi khuấy đều cho sánh và sệt lại. Bạn cho hoa chuối vào bột chiên giòn đã trộn  khuấy đều để lớp bột áo phủ đều từng miếng hoa chuối. Làm nóng dầu ăn  múc từng muỗng canh hoa chuối lẫn bột thả vào chảo chiên ngập dầu nóng  thấy chín vàng là bạn đã có cá chẽm chay rồi. Vớt ra dĩa có lót giấy thấm dầu cho ráo nhé! | Tiếp theo  bạn phi thơm kiệu bằm với dầu ăn  xào cà chua  cần tây  gừng và kiệu chua cắt nhỏ  củ hành tây và hỗn hợp sốt cà chua  khuấy đều trên lửa nhỏ đến sốt sánh trong  nếm vị chua ngọt vừa ăn  mùi thơm hấp dẫn. | Xếp cá chẽm chay vào dĩa  chan nước sốt lên trên rồi rắc tiêu và ngò cho thêm đẹp mắt và hấp dẫn. Món Cá chẽm chay xào chua ngọt được dùng nóng với cơm trắng và nước tương MAGGI thêm vài lát ớt xắt rất ngon miệng. Nước sốt màu cam nâu nhạt  sánh và trong phủ đều lên cá chẽm chay giòn tan. Hoa chuối đậm đà vừa ăn  có xen lẫn vị chát nhẹ đặc trưng hòa quyện với nước sốt chua ngọt  cay cay cho món xào chay càng thêm ngon và độc đáo.,https://www.maggi.com.vn/cong-thuc/ca-chem-chay-xao-chua-ngot
Cải Chua Xào Thịt Ba Chỉ,30 phút,4 người ăn,N/A,Thịt Ba Chỉ | Cải chua | Ớt sừng | Đầu hành lá | Hành tím | Tiêu xay | Đường Trắng | Hạt nêm Maggi | Nước mắm Maggi | Nước lọc | Dầu ăn,Bạn đem thịt ba chỉ rửa với nước cho sạch rồi dùng dao cắt từng miếng có độ dày cỡ 0 5cm. Cho thịt vào tô  ướp thêm 1 muỗng hạt nêm MAGGI nấm hương  1 muỗng nước mắm MAGGI  1 muỗng đường cùng tiêu xay và hành tím băm. Trộn đều rồi ướp tầm 15 phút. Rửa và cắt cải chua thành đoạn ngắn cỡ 3cm. Còn ớt sừng bỏ cuống  tách hạt rồi thái sợi nhỏ theo chiều dọc. | Đổ dầu vào chảo  đun đến khi sôi thì thêm 1 muỗng đường vào  tiến hành thắng nước màu. Lúc đường tan và chuyển sang màu nâu cánh gián thì phi hành tím thái lát. Hành vàng thơm là lúc đổ ba chỉ vào chảo  dùng đũa xào đều ta từ 5 - 7 phút để thịt được săn. Lưu ý  bạn có thể dùng nước màu pha sẵn để tiết kiệm thời gian chế biến hơn. | Cho cải chua đã chuẩn bị vào chảo  dùng lượng hạt nêm MAGGI nấm hương  nước mắm MAGGI cùng đường còn lại nêm nếm thêm  không quên thêm phần nước lọc đã chuẩn bị. Lúc này  bạn chỉnh lửa ở mức thấp  nấu sôi cải chua cùng thịt tầm 15 phút để cải mềm và nguyên liệu ngấm vị. Nước bắt đầu khô lại thì hãy bỏ thêm đầu hành lá cùng ớt thái lát vào và tắt bếp. | Bày món Cải chua xào thịt ba rọi ra dĩa  bạn có thể rắc thêm chút tiêu xay lên trên. Món này ăn nóng cùng cơm trắng  có thêm chén nước tương MAGGI chấm thì “bá cháy” luôn nhé!,https://www.maggi.com.vn/cong-thuc/cai-chua-xao-thit-ba-chi
Canh Rau Bồ Ngót Nấu Nấm,25 phút,4 người ăn,N/A,2 bó Rau Bồ Ngót | 50 g Nấm Rơm Trắng | 1 quả Bắp | 1 muỗng cà phê Tiêu Xay | 1 muỗng cà phê MAGGI Hạt Nêm Nấm Hương | Nước lọc,Tuốt lá rau ngót  nhặt bỏ lá sâu  héo vàng  bóp lá cho dập rồi rửa qua 3 lần nước. Bắp Mỹ lột vỏ  bỏ râu  bào thành từng lát mỏng dọc theo thân bắp. Nấm rơm sẽ gọt đi những chỗ bẩn rồi dùng dao thái mỏng. Lúc này  bạn cũng chuẩn bị sẵn sàng một nồi nước  nấu sôi thì thả nấm rơm vào. | Thêm vào nồi canh 1/2 muỗng cà phê hạt nêm MAGGI nấm hương. Chờ nước sôi trở lại thì cho bắp bào vào  nấu tầm 5 phút để bắp chín rồi cho tiếp rau ngót. Bạn dùng vá đảo nhẹ cho rau hòa quyện cùng bắp và nấm. | Khi canh sôi lại lần nữa  bạn nếm thử vị nước dùng  nếu hơi nhạt  hãy cho phần hạt nêm MAGGI nấm hương còn lại vào. Món ăn vừa miệng là có thể tắt bếp  múc Canh Rau Bồ Ngót Nấu Nấm vào tô  thưởng thức cùng cơm nóng. Món ăn thích hợp dùng cả chay và mặn đó nha! | - Nước sôi lại  nêm nếm kĩ lại. Lúc này  nếu thấy nhạt  cho thêm ½ muỗng café Hạt Nêm Nấm Hương nữa cho vừa khẩu vị. | Múc canh ra tô thưởng thức,https://www.maggi.com.vn/cong-thuc/canh-rau-bo-ngot-nau-nam
Gỏi Cà Tím,45 phút,2 người ăn,N/A,Cà Tím | Hành Tây | Bột Chiên Giòn | 100 g Khô Nấm Bào Ngư | Đậu Phộng Rang | Đường Trắng | Rau Răm Xắt Nhuyễn | Nước Cốt Me | Ớt Bằm | Nước Tương MAGGI | Hạt Nêm Maggi Nấm Hương | Bánh phồng chiên,Cà tím cắt bỏ cuống  rửa sạch. Hành tây lột bỏ vỏ  cắt miếng. Để hành bớt hăng  bạn ngâm trong nước có pha nước cốt chanh hoặc giấm khoảng 15 phút. Nếu thích hành giòn hơn  bạn có thể thêm vài viên đá lạnh vào ngâm cùng. Khô nấm bào ngư ngâm nở  rửa sạch rồi cắt miếng vừa ăn. | Pha bột chiên giòn pha với nước rồi khuấy đều cho bột tan. Bạn nên thêm nước vào từ từ để cân chỉnh sao cho bột không quá đặc hay quá loãng nước. Cà tím xắt lát  nhúng qua với bột rồi chiên giòn trên chảo đến khi cà chín  lớp bột bên ngoài vàng đều. Vớt ra để ráo dầu để giữ độ giòn lâu hơn. | Cách trộn gỏi ngon phụ thuộc nhiều vào nước sốt trộn gỏi. Với món gỏi cà tím  bạn cho nước sôi vào me  dùng muỗng tán nhuyễn để lấy chất chua sau đó lọc bỏ hạt và bã me. Thêm đường  hạt nêm MAGGI nấm hương và nước tương MAGGI vào khuấy đều cho tan  nêm nếm cho nước sốt trộn có vị chua ngọt vừa ăn. | Cho cà tím  hành tây  nấm bào ngư  rau răm xắt nhuyễn  đậu phộng rang và ớt bằm vào thau  từ từ đổ nước sốt vào rồi trộn đều cho các nguyên liệu thấm đều. Trình bày món ăn ra dĩa  dùng chung với bánh phồng chiên thì ngon phải biết. Món gỏi chua ngọt  tươi mát rất bắt vị lại tốt cho sức khỏe  nàng thử qua một lần sẽ nhớ mãi không quên!,https://www.maggi.com.vn/cong-thuc/goi-ca-tim
Hàu Nướng Phô Mai Dầu Hào,30 phút,6 người ăn,N/A,2 kilôgam Hàu | 120 g Phô Mai | 1 muỗng canh MAGGI Dầu Hào | Rượu trắng | Đường | Nước cốt chanh | Ớt xắt lát | Nước mắm MAGGI,Hàu sau khi mua về  bạn ngâm với nước khoảng 2 - 3 tiếng để lớp bùn đất bên ngoài mềm ra  giúp công đoạn sơ chế hàu được dễ dàng hơn. Dùng bàn chải chà rửa sạch từ phần vỏ đến miệng hàu  sau đó chần với nước nóng trong 2 phút cho dễ tách vỏ  rửa sơ qua rượu trắng khử mùi tanh rồi để ráo. | Dùng cọ phết lên thịt hàu một lớp mỏng dầu hào MAGGI rồi đặt một miếng phô mai lên mặt hàu. Bạn lặp lại thao tác này đến khi hết số lượng hàu nhé! | Bạn mở nồi chiên không dầu cho nóng khoảng 5 phút để nhiệt lượng phân bổ đều  sau đó xếp từng con hàu vào bên trong  đậy nắp lại chiên ở mức 200 độ với thời gian 5 phút. Cách để nướng hàu ngon đó là chỉ nướng đến khi hàu vừa chín tới để giữ độ ngọt và mọng nước  tránh cho hàu bị khô. | Khi hàu đã chín  bạn dọn món ăn ra dĩa và thưởng thức ngay khi còn nóng. Hàu nướng phô mai ăn kèm với một ít nước mắm đường chua cay hay ăn không đều rất ngon. Phô mai và thịt hàu béo thơm ngậy  nức lòng người thưởng thức.,https://www.maggi.com.vn/cong-thuc/hau-nuong-pho-mai-dau-hao
Sốt Chấm Gỏi Cuốn,15 phút,2 người ăn,N/A,4 muỗng canh MAGGI Nước Tương | 1 muỗng canh Tương ớt | 2 muỗng canh Nước Cốt Dừa | 1 muỗng cà phê Bơ đậu phộng | 1 muỗng cà phê Đường Trắng | 1 muỗng canh Dầu Hành Tỏi Phi | 1 muỗng canh Nước Cốt Me,Bạn cho vào 1 chén nhỏ lần lượt các loại gia vị gồm nước tương MAGGI  tương ớt  nước cốt dừa  nước cốt me  dầu hành tỏi phi  bơ đậu phộng và đường cát. Khuấy đều hỗn hợp cho hòa tan là có ngay 1 chén sốt chấm hảo hạng. | Bày chén sốt chấm cùng những cuốn gỏi đã chuẩn bị sẵn  chấm gỏi cuốn ngập sốt và từ từ cảm nhận mùi sốt thơm dịu đang lan tỏa trong vị béo của nước cốt và bơ đậu phộng thêm chút chua nhẹ của me  cay cay của tương ớt. Vị ngon đúng “đỉnh” đó bạn nha!,https://www.maggi.com.vn/cong-thuc/sot-cham-goi-cuon
Bánh Tráng Nướng Chảo,30 phút,4 người ăn,N/A,Bánh tráng | Thịt heo xay | Xúc xích | Trứng gà | Pate gan | Phô mai | Hành lá | Tép khô | Hành phi | Ớt sa tế | Tiêu xay | Dầu ăn | Hạt nêm MAGGI nấm hương | Tương ớt MAGGI,Đầu tiên  bạn làm nóng một cái chảo nhỏ với dầu ăn rồi cho thịt heo xay vào đảo đều  nêm nếm với hạt nêm MAGGI nấm hương và tiêu xay cho đậm đà. Bạn đảo khoảng 5 phút cho thịt vừa chín tới  săn lại thì múc ra để riêng. | Bắc một chiếc chảo khô lên bếp  chờ đến khi chảo đã nóng già thì cho bánh tráng vào nướng. Khi bạn thấy phần rìa bánh hơi cong lên thì cho ớt sa tế vào  dùng mặt dưới muỗng tán đều. Tiếp tục cho lên trên bề mặt bánh tráng ít hành lá  1 muỗng canh thịt heo xào  đập 1 quả trứng gà lên trên  di chuyển muỗng nhẹ nhàng để các nguyên liệu dàn đều  trứng gà không bị tràn khỏi mặt bánh. | Chờ đến khi trứng gà chín và hơi khô lại  bạn cho tiếp pate gan  1 viên phô mai  tán nhuyễn đều khắp mặt. Sau đó lần lượt rải đều lên bề mặt bánh tép khô  hành phi  xúc xích cắt xéo cho đẹp mắt. | Để món ăn thêm thơm ngon và đậm vị  bạn cho xốt mayonnaise và tương ớt MAGGI lên trên theo đường ziczac  phủ khắp mặt bánh tráng nướng. | Nhẹ nhàng dùng muỗng lớn gập bánh lại. Áp chảo giòn đều cả hai mặt bánh rồi thưởng thức. Bạn nướng đến khi hết bánh tráng và nguyên liệu  nhưng món mới thời thượng này tốt nhất là làm đến đâu ăn đến đó để cảm nhận được vị giòn rụm của bánh kèm với vị béo  mặn ngọt hài hòa từ các nguyên liệu bạn nhé! Đừng quên ăn kèm với tương ớt MAGGI cay mát  đảm bảo món nhà làm ngon như nhà hàng luôn đó nha!,https://www.maggi.com.vn/cong-thuc/banh-trang-nuong-chao
Gỏi Tôm Thịt,80 phút,2 người ăn,N/A,100 g Tôm | 200 g Củ Hũ Dừa | 100 g Cà Rốt | 20 g Rau Răm | 10 g Hành Phi Giòn | 10 g Đậu Phộng Rang | 5 g Ngò Gai | 10 g Ớt Bằm | 80 g Đường Trắng | 2 muỗng canh Nước cốt chanh | 4 muỗng canh MAGGI Nước Mắm | Tỏi băm | Muối | 100g Thịt lợn  tươi  nhiều loại thịt và phụ phẩm  gan  nấu chín  om,Đầu tiên  bạn gọt vỏ cà rốt và dưa leo  rửa sạch rồi thái thành lát mỏng vừa ăn. Độ dài khoảng 7cm là vừa đẹp. Với dưa leo  nhớ loại bỏ phần ruột bên trong để món gỏi không bị ướt và dưa được ngon  giòn hơn. Củ hủ dừa bạn nên nạo sạch lớp vỏ ngoài  rửa sạch với nước rồi thái thành những lát mỏng vừa ăn. Ngâm phần củ hũ dừa đã thái trong nước đá lạnh có hòa cùng nước cốt chanh tươi để giữ độ trắng  giòn khi thưởng thức. | Rửa thịt ba chỉ và tôm với nước và một ít muối  sau đó bắc lên bếp luộc chín thịt với nước lạnh. Lưu ý là bạn phải để phần thịt luộc ngập trong nước  như vậy thịt sẽ chín từ từ và không bị thâm. Sau khi thịt đã chín  ngâm thịt vào tô nước lạnh để giữ độ trắng. Tiếp tục luộc tôm với nước thịt vừa dùng  bạn chỉ nên luộc khoảng 3 phút để tôm vừa chín tới  có màu đỏ đẹp mắt. Đừng luộc tôm quá lâu sẽ làm tôm bị khô và mất vị ngon ngọt tự nhiên. Ngâm tôm vào nước lạnh để tôm giòn dai  dễ bóc vỏ. | Khi tôm và thịt đã nguội  vớt ra để ráo nước một chút. Bạn thái thịt ba chỉ thành những miếng mỏng vừa ăn. Không nên cắt quá dày sẽ làm thịt khó thấm gia vị trộn gỏi. Với tôm  bạn bóc vỏ và giữ lại phần đuôi cho đẹp mắt. | Nước mắm trộn gỏi chính là yếu tố quyết định và là linh hồn của các món gỏi. Bắt tay vào làm thôi! Bắc nồi hoặc chảo lên bếp  cho nước mắm MAGGI vào với 4 muỗng canh nước lọc  đường trắng rồi đun sôi liu riu. Trộn đều tay để đường tan hết và hỗn hợp nước mắm keo sệt lại thì tắt bếp  để nguội. Khi nước mắm đã nguội hẳn  bạn thêm tỏi băm  ớt băm và nước cốt chanh vào  khuấy đều cho hòa quyện. Hỗn hợp nước mắm sánh kẹo và thơm  ngọt  mặn chua chua vừa miệng là chuẩn vị. | Để ráo hẳn củ hũ dừa  dưa leo và cà rốt trước khi tiến hành trộn gỏi bạn nhé. Nếu phần nguyên liệu chưa ráo thì khi trộn gỏi tôm thịt sẽ bị ướt và kém giòn. Cho củ hũ dừa  dưa leo  cà rốt và tôm thịt vào chung một tô  rưới nước mắm lên trên rồi trộn đều tất cả cho thấm. Nên trộn thật nhẹ tay để tránh cho rau củ bị nát và làm món gỏi chảy nước  kém ngon. | Cuối cùng  bạn thêm rau răm cắt nhỏ  ngò gai  đậu phộng rang và hành phi giòn  trộn đều một lần nữa là đã có thể bày ra đĩa thưởng thức rồi. Món gỏi tôm thịt củ hũ dừa giòn giòn lạ miệng  chua ngọt hài hòa kết hợp với tôm thịt  đậu phộng rang béo bùi sẽ khiến bạn ăn mãi không ngừng. Món gỏi rất hợp ăn cùng bánh phồng tôm chiên  cả nhà sẽ gật gù khi thưởng thức đấy!,https://www.maggi.com.vn/cong-thuc/goi-tom-thit
Bồ Câu Xào Lăn,45 phút,3 người ăn,N/A,500 g Bồ Câu | 1 quả Ớt Trái | 5 g Tỏi | 100 g Lạc Rang | 1/2 muỗng cà phê Đường | 1 gói Bột Cà Ri | 1 gói Phồng Tôm | 1/2 muỗng canh MAGGI Nước Mắm | 1 muỗng canh MAGGI Dầu Hào | Sả cây | Tiêu,Bồ câu làm sạch lông và ruột  rửa sạch với nước  để ráo rồi sau đó băm nhuyễn. Sả cây bóc bỏ phần vỏ già bên ngoài  rửa sạch sau đó băm nhuyễn với hành và tỏi. Rang chín đậu phộng rồi để nguội cho lớp vỏ dễ bóc hơn. Giã nhỏ đậu phộng chứ đừng giã nát bạn nhé. Bánh phồng tôm chiên rồi vớt ra cho ráo dầu. | Làm nóng chảo rồi đun cho dầu sôi  bạn kiểm tra thấy đầu đũa gỗ khi nhúng vào dầu có bong bóng nhỏ sủi lên thì cho hành  tỏi  sả băm nhuyễn vào xào cho thơm. Tiếp đến bạn cho thịt bồ câu bằm nhuyễn vào xào  thêm bột cà ri để món ăn thơm ngon đúng điệu. | Đảo đều cho bột cà ri hòa quyện cùng thịt  nêm thêm dầu hào MAGGI  nước mắm MAGGI  tiêu  đường và điều chỉnh sao cho phù hợp với khẩu vị của bạn. | Khi thịt đã chín tới  cho đậu phộng rang giã nhỏ vào rồi bày món ăn ra đĩa. Rắc rau ngổ và ớt trái đã rửa sạch thái nhỏ lên mặt món ăn cho thơm và đượm vị cay nồng. Bồ câu xào lăn ăn kèm bánh phồng chiên hay bánh tráng nướng đều rất ngon. Thịt chim ra ràng mềm béo  thơm lừng mùi hành  sả và cà ri  bùi bùi của đậu phộng  vừa ngon vừa dinh dưỡng.,https://www.maggi.com.vn/cong-thuc/bo-cau-xao-lan
Tôm Bằm Xúc Bánh Tráng,35 phút,4 người ăn,N/A,600 g Tôm Sú | 10 g Sả Băm | 1/4 muỗng cà phê Ớt Bột | 10 g Tiêu Xanh | 5 g Ngò Rí | 1 quả Ớt Sừng | 1 quả Cà Rốt | 1 muỗng cà phê Đường Trắng | 1 muỗng canh Đậu Phộng Rang | 1 muỗng canh Dầu Hành Tỏi Phi | 1 muỗng canh MAGGI Nước Mắm | 2 muỗng canh Tương ớt | 1 muỗng cà phê MAGGI Dầu Hào | Bánh tráng | Nước cốt chanh | Hạt nêm MAGGI nấm hương,Bạn lột bỏ vỏ và đầu tôm  dùng tăm tre nhẹ nhàng rút phần chỉ đen ở lưng  lau khô rồi cắt hạt lựu nhỏ. Rau ngò rí rửa sạch  cắt nhỏ. Bánh tráng dùng kéo cắt miếng hình tam giác vừa ăn  nướng bánh tráng trên than hồng đến khi chín giòn  có màu vàng ươm đẹp mắt. Tiêu xanh bỏ cuống  rửa sạch hạt rồi băm hoặc giã nhuyễn. Ớt sừng cắt lát mỏng  đậu phộng rang xát vỏ  giã nhỏ. | Ướp tôm với các gia vị gồm nước mắm MAGGI  hạt nêm MAGGI nấm hương  dầu hào MAGGI  bột ớt  sả băm. Trộn đều và để khoảng 5 phút cho tôm thấm gia vị đậm đà hơn. | Làm nóng chảo dầu tỏi  cho tôm đã ướp vào xào cho săn lại. Khi tôm vừa chín tới  chuyển sang màu đỏ hồng thì bạn cho đậu phộng  tiêu và ngò gai vào xào đều rồi tắt lửa. Bạn xào tôm nhanh trên lửa vừa  không nên xào quá lâu để tránh tôm bị khô lại nhé! | Món tôm bằm xào ngon khi ăn cùng nước chấm. Bạn pha nước chấm gồm tương ớt  nước cốt chanh và vài lát ớt sừng. Khuấy đều cho nước chấm tan  có vị chua ngọt  cay nhẹ là được. | Xếp bánh tráng nướng ra dĩa  cho tôm bằm xào lên trên  trang trí thêm ớt sừng cắt lát và ngò rí là sẵn sàng thưởng thức rồi đấy. Tôm sú giòn ngọt  được xào chín tới vẫn còn cảm giác mọng nước trong miệng khi ăn. Bánh tráng nướng giòn tan  ăn cùng tôm bằm thời thượng và mới lạ sẽ khiến mọi người trầm trồ đó nha!,https://www.maggi.com.vn/cong-thuc/tom-bam-xuc-banh-trang
Ngan Nướng Sả Riềng Mẻ,57 phút,,N/A,50 g Dầu Hào MAGGI | 30 g Nước tương MAGGI Đậm Đặc | 10 g Hạt nêm MAGGI | 15 g Đường cát | 2 kilôgam Thịt ngan nguyên con làm sạch | 60 g Dầu Ăn | 20 g Riềng băm | 20 g Sả Băm | 30 g Hành tím băm | 20 g Tỏi băm | 30 g Cơm mẻ | 10 g Mắm tôm,Để sơ chế “nhân vật chính” của món ăn hôm nay  đầu tiên  bạn chặt thịt ngan thanh miếng vừa ăn  nếu có thời gian bạn có thể lóc phi lê thịt ngan để tránh xương nhé! Tiếp theo  bạn hãy dùng muối hoặc chanh chà xát khắp thân ngan và nhớ dùng tay bóp kỹ để các chất nhờn  chất bẩn  mùi hôi trong lỗ chân lông ngan tiết ra ngoài. Cuối cùng  bạn đem ngan rửa lại với nước cho thật sạch rồi vớt ra để ráo. | Muốn làm nên hương vị đặc trưng của món Ngan Nướng Sả Riềng Mẻ  bạn cho hết tất cả riềng  sả  hành  tỏi  nước cơm mẻ vào máy xay  xay nhuyễn thành hỗn hợp nhỏ. | Bí quyết ướp thịt để giữ được hương vị đặc trưng Hà Nội cho món Ngan Nướng Sả Riềng Mẻ  mà vẫn tạo được sự khác biệt của riêng bạn là đây. Cho thịt ngan vào một bát (tô) lớn  sau đó thêm vào các nguyên liệu gồm: dầu hào MAGGI  nước tương MAGGI đậm đặc  hạt nêm MAGGI  đường  mắm tôm  dầu ăn và hỗn hợp vừa xay nhuyễn. Bạn nhớ trộn đều tay và ướp tầm 10 phút cho thịt ngan ngấm gia vị  rồi xiên thành các xâu thịt bằng nhau hoặc kẹp thịt vào vỉ nướng nhé! | Trước khi nướng thịt  bạn hãy khởi động lò nướng khoảng 15 phút cho nóng lò. Sau đó  cho thịt ngan vào lò và bắt đầu nướng trong khoảng 15 - 20 phút. Trong lúc nướng nhớ thăm chừng và đảo mặt thịt nướng đều 2 mặt. Lưu ý  không nên nướng thịt ngan quá lâu vì như thế sẽ làm thịt ngan cháy hoặc bị nhão. | Thịt sau khi đã nướng chín  bạn lấy ra cho vào dĩa  trang trí cùng ít rau ngò cho đẹp mắt. Vậy là món Ngan Nướng Sả Riềng Mẻ thơm lừng  đậm vị với công thức khác biệt từ MAGGI đã hoàn thành rồi. Và đừng quên chuẩn bị thêm chén cơm nóng để ăn cùng là hết sảy đấy nhé!,https://www.maggi.com.vn/cong-thuc/ngan-nuong-sa-rieng-me
Miến Lươn Trộn,60 phút,,N/A,400 g Lươn con to | 200 g Miến | 15 g Muối | 60 g Bột Chiên Giòn | 10 g Gừng tươi | 5 g Rau thơm | 5 g Đậu Phộng Rang | 2 g Hành phi | 20 g Dưa giá cà rốt chua ngọt | 30 g Nước nóng | 30 g Giấm Gạo | 15 g Dầu Hào MAGGI | 13 g Hạt nêm MAGGI | 30 g Nước tương MAGGI | 60 g Đường cát | 1 gam Ớt Bột | 2 g Tiêu Sọ,Lươn sau khi mua về  bạn cho muối vào xóc đều để lươn tự quẫy nhả nhớt. Tiếp theo  bạn dùng nước nóng 50-70°C dội xả 1 lượt nữa cho lươn sạch hết nhớt  rồi rửa lại bằng nước lạnh nhiều lần. Sau khi lươn đã sạch  bạn tiến hành phi lê lươn  để riêng phần xương với phần thịt. Với thịt  bạn tiếp tục cắt sợi vừa ăn. | Ăn Miến Lươn Trộn thì không thể nào thiếu phần nước súp ngọt thanh ăn kèm. Để chế biến  bạn cho phần xương lươn vừa lóc ở trên  hầm với gừng cắt lát trong lửa nhỏ tầm 15 phút. Sau đó  vớt xương ra và nêm 10gr hạt nêm MAGGI cho 500ml nước dùng. | Phần thịt lươn đã cắt sợi bạn cho vào tô  nêm thêm lượng hạt nêm MAGGI còn lại  10gr dầu hào và tiêu  rồi dùng muỗng trộn đều cho gia vị thấm vào thịt. Tiếp theo  cho tiếp bột chiên giòn vào tô lươn  trộn đều lần nữa để từng miếng thịt lươn được lớp áo bột mỏng bên ngoài. Để hoàn thành phần thịt lươn giòn tan  đậm đà ăn cùng miến  bạn đun nóng chảo dầu  cho lươn vào chiên đến khi vàng giòn  vớt lươn ra để ráo dầu là được nhé! | Muốn món Miến Lươn Trộn vừa giữ được nét đặc trưng của món ăn Bắc Trung Bộ  mà vẫn tạo được sự khác biệt tích cực thì phải lưu ngay công thức nước sốt trộn đặc biệt này nhé  bạn ơi! Cho tất cả nguyên liệu gồm: Nước nóng  dấm gạo  dầu hào MAGGI  nước tương MAGGI  đường cát  ớt bột  tiêu sọ vào chén (bát) khuấy đều tay đền khi tan  hòa quyện hết vào nhau. | Vậy là món Miến Lươn Trộn sắp “ra lò” rồi  chỉ còn thiếu mỗi phần miến thôi. Bạn nhanh tay cho nước vào nồi  đun sôi và thêm vào 1 muỗng canh dầu ăn. Tiếp đến  bạn cho miến vào nồi trụng khoảng 3 phút  vớt ra để ráo. Mách bạn mẹo nhỏ để món miến trộn không bị dính nhau là thêm 1 ít nước dùng vào miến sau khi trụng và nhớ trộn đều với nhau nhé! | Đây  món Miến Lươn Trộn bắt miệng đã sẵn sàng phục vụ cả nhà bạn rồi đây. Hãy xếp miến vừa được chế biến vào tô  thêm lươn chiên giòn  rau thơm  dưa giá cà rốt chua ngọt  đậu phộng rang  hành phi và chan nước sốt công thức “bí truyền” từ MAGGI vào là đảm bảo cả nhà phải trầm trồ về tài nấu nướng của bạn đấy. Và đừng quên thêm 1 chén nước súp thanh nhẹ được hầm lúc nãy để ăn cùng nữa nhé!,https://www.maggi.com.vn/cong-thuc/mien-luon-tron
Cua Rang Sốt Tía Tô,28 phút,,N/A,500 g Cua sống | 5 g Rượu hoa hồi | 20 g Đường | 5 g Dầu Mè | 10 g Nước gia vị cô đặc MAGGI | 15 g Dầu Hào MAGGI | 48 g Sốt tương ngọt (hoisin) | 15 g Chao đỏ | 135 g Chao trắng loại | 1.5 g Bột cam thảo | 10 g Ngũ Vị Hương | 30 g Hành tím | 30 g Tỏi băm | 30 g Gừng | 10 g Lá tía tô,Cua sống mua về bạn chà và rửa sạch với nước  rồi chặt mỗi con thành 4 phần đều nhau. Với tía tô  bạn lặt lấy lá  rửa với nước sạch  vớt ra để ráo nước  su đó cắt thành sợi mỏng. | Để chế biến phần nước sốt vừa giữ được hương vị đặc trưng vùng Đông Bắc  vừa tạo được sự khác biệt cho món Cua Rang Sốt Tía Tô bạn hãy ghi chú ngay lại công thức sau! Bắc chảo lên bếp  cho vào 1 ít dầu ăn  đợi dầu nóng nhanh tay bỏ vào 1/2 hành  tỏi  gừng xào cho thơm. Tiếp theo  cho hết các gia vị còn lại gồm: rượu hoa hồi  đường  dầu mè  nước gia vị MAGGI  dầu hào MAGGI  sốt tương ngọt (hoisin)  chao đỏ  chao trắng  bột cam thảo  ngũ vị hương vào đảo đều tay để hỗn hợp hòa quyện vào nhau. Lúc này  bạn có thể gia giảm phần gia vị sao cho vừa ăn  rồi tắt bếp cho ra bát (chén) nhé! | Sau khi đã chuẩn bị xong phần nước sốt xào  bạn bắt lên bếp 1 chảo khác  đổ ngập dầu  chờ dầu nóng thì thả từ từ phần cua đã sơ chế lúc nãy nào chiên với lửa lớn. Cua chiên đã chín và thơm lừng thì bạn nhanh tay vớt cua ra để ráo nhé! | Đến phần chế biến quan trọng nhất của món Cua Rang Sốt Tía Tô đây. Bạn hãy tiếp tục bắt chảo dầu lên bếp  phi thơm 1/2 hành  tỏi  gừng còn lại  rôi cho cua và nước sốt chế biến phía trên vào vừa đủ. Ở bước này  bạn nhớ đảo đều tay để cua thấm đều phần nước sốt “bí truyền”. Sau đó  cho lá tía tô vào xào sơ lại  nêm nếm lần nữa để vừa ăn là bạn có thể tắt bếp rồi đấy. | Để món ăn thêm phần hấp dẫn  bạn xếp cua ra dĩa  rưới nước sốt đều xung quanh và trang trí thêm với là tía tô. Bạn có thể ăn món Cua Rang Sốt Tía Tô với cơm và nhớ thưởng thức ngay khi còn nóng để cảm nhận trọn vị tươi  ngọt  săn chắc của thịt cua hòa quyện nước sốt sánh đặc  đậm đà và hương thơm nhẹ từ lá tía tô nhé!,https://www.maggi.com.vn/cong-thuc/cua-rang-sot-tia-to
Sườn Kho Nước Tương Quả Vả,40 phút,,N/A,4 muỗng canh Nước tương MAGGI | 1 Muỗng cà phê Dầu Hào MAGGI | 500 g Sườn non heo | 1 muỗng canh Tỏi băm | 1 muỗng canh Sả băm | 2 muỗng canh Dầu Ăn | 2 muỗng canh Đường | 1 gam Tiêu xay | 1 gam Tiêu xay | 500 ml Nước lọc | 200 g Quả vả,Sườn non mua về bạn chặt thành miếng vừa ăn. Tiếp theo  rửa qua nước muối rồi rửa lại lần nữa bằng nước sạch  vớt ra rổ cho ráo nước hẳn. Trái vả gọt vỏ  rửa sạch  cắt thành làm 4  nếu quả lớn bạn có thể cắt làm 8 nhé! | Để pha phần nước gia vị cho món kho ngon đúng vị mà vẫn khác biệt  MAGGI bật mí công thức sau đây. Bạn cho tất cả nguyên liệu gồm: nước tương MAGGI  dầu hào MAGGI  1 muỗng canh đường  tiêu xay và nước lọc vào chén  rồi dùng muỗng khuấy đều để các gia vị hòa quyện đều vào nhau. | Món Sườn Kho Nước Tương Quả Vả sẽ là thiếu sót nếu thiếu màu nâu sậm óng ánh từ nước màu. Bạn bắc chảo nhỏ lên bếp cho nóng  rồi cho vào 1 muỗng đường  khuấy đều tay đến khi đường chuyển thành màu nâu cánh gián thì cho ngay 1 ít nước lọc vào. | Bước quan trọng làm nên Sườn Kho Nước Tương Quả Vả đậm đà  lạ miệng đây. Bạn đun nóng dầu ăn trong chảo  sau đó thêm sả băm  tỏi băm vào phi thơm cùng với sườn. Tiếp theo  cho nước màu và chén gia vị bên trên vào mở lửa lớn  vớt bọt bỏ  rồi vặn nhỏ lửa nấu đến khi nước kho còn 1/2 thì cho quả vả vào kho tiếp đến khi thịt chín và phần nước kho sệt lại thì tắt bếp. | Cho Sườn Kho Nước Tương Quả Vả ra dĩa  rắc thêm một ít tiêu lên trên cho dậy mùi. Món này hãy ăn khi còn nóng và dùng với cơm trắng  có thêm chén nước tương MAGGI chấm cùng thì tuyệt vời luôn nhé.,https://www.maggi.com.vn/cong-thuc/suon-kho-nuoc-tuong-qua-va
Thịt đà điểu làm món gì ngon? Công thức đà điểu xào sả lá chanh,30 phút,3 người ăn,N/A,Thịt Đà Điểu | Hành Tây | Sả Cây | Dầu Ăn | Tỏi Băm | Ớt Băm | Tiêu | Dầu Hào Maggi | Hạt Nêm Maggi | Nước Mắm Maggi | 6 lá Lá chanh,Bạn rửa thịt đà điểu rồi cắt lát mỏng vừa. Lưu ý  để cắt thịt dễ hơn  hãy làm lạnh thịt trước khi cắt. Tiếp đó  cần ướp thịt đà điểu với 1 muỗng canh dầu hào MAGGI  hạt nêm MAGGI nấm hương  nước mắm MAGGI  1/2 muỗng tỏi băm  cùng 1 muỗng cà phê sả và ớt đã băm nhỏ  thêm chút tiêu. Trộn đều và ướp trong 15 phút. Đối với hành tây  bạn lột vỏ  rửa sạch rồi thái múi cau. Riêng lá chanh sau khi rửa nước sẽ thái sợi chỉ nhuyễn. | Đổ dầu vào chảo  đun sôi thì phi thơm phần tỏi băm cùng sả băm còn lại. Tiếp đến sẽ cho thịt đà điểu vào  xào liên tục trong khoảng 3 phút thì nêm thêm phần dầu hào MAGGI còn lại  đảo đều  thử vị thấy vừa thì thêm hành tây vào  xào hành cho vừa chín tới. | Bạn cho lá chanh vừa thái vào chảo  đảo qua một lần là có thể tắt bếp. Cho món ăn ra dĩa  trang trí thêm ớt thái lát lên trên bề mặt. Món ngon dùng kèm với cơm nóng và có thể chấm cùng nước tương MAGGI. Thịt đà điểu đậm vị hài hòa cùng lá chanh thơm nồng  sẽ làm hài lòng đến cả những vị khách khó tính nhất.,https://www.maggi.com.vn/cong-thuc/thit-da-dieu-xao-ot-sa-la-chanh
Su hào xào cà rốt thập cẩm,42 phút,2 người ăn,N/A,Dầu hào Maggi | 1 muỗng cà phê MAGGI Hạt Nêm Nấm Hương | Thịt thăn xay | 1 củ Su Hào | 1/2 củ Cà Rốt | Miến | Hành lá | Hành khô | Tiêu xay | Dầu ăn | 10 g Rau mùi,Để làm món su hào xào cà rốt thập cẩm  trước tiên bạn rửa sạch thịt thăn  vớt ra để ráo. Sau đó  xay nhỏ thịt và ướp với 1 muỗng dầu hào MAGGI để tăng vị đậm đà. | Su hào và cà rốt gọt vỏ  rửa sạch  bào sợi nhỏ hoặc thái bằng dao. Miến ngâm mềm  cắt khúc. Nấm hương  hành lá  rau mùi bỏ gốc  cắt nhỏ. Hành khô thái lát mỏng. | Phi thơm hành  xào nấm và thịt thăn rồi để riêng. Tiếp đến  xào su hào  cà rốt với hạt nêm MAGGI nấm hương  rồi cho miến và dầu hào MAGGI vào đảo đến khi chín. | Cho thịt  nấm vào chảo  thêm dầu hào MAGGI xào thêm 2 phút để thấm đều gia vị. Rắc hành lá  rau mùi  hạt tiêu. Su hào xào cà rốt thập cẩm thơm ngon đã sẵn sàng! | Trình bày ra dĩa và thưởng thức. Món su hào xào cà rốt thập cẩm thơm lừng  tốt cho sức khỏe và vóc dáng  thích hợp cho những ai yêu thích món ăn thanh đạm.,https://www.maggi.com.vn/cong-thuc/su-hao-xao-thap-cam
Hàu Nướng Phô Mai Dầu Hào,30 phút,6 người ăn,N/A,2 kilôgam Hàu | 120 g Phô Mai | 1 muỗng canh MAGGI Dầu Hào | Rượu trắng | Đường | Nước cốt chanh | Ớt xắt lát | Nước mắm MAGGI,Hàu sau khi mua về  bạn ngâm với nước khoảng 2 - 3 tiếng để lớp bùn đất bên ngoài mềm ra  giúp công đoạn sơ chế hàu được dễ dàng hơn. Dùng bàn chải chà rửa sạch từ phần vỏ đến miệng hàu  sau đó chần với nước nóng trong 2 phút cho dễ tách vỏ  rửa sơ qua rượu trắng khử mùi tanh rồi để ráo. | Dùng cọ phết lên thịt hàu một lớp mỏng dầu hào MAGGI rồi đặt một miếng phô mai lên mặt hàu. Bạn lặp lại thao tác này đến khi hết số lượng hàu nhé! | Bạn mở nồi chiên không dầu cho nóng khoảng 5 phút để nhiệt lượng phân bổ đều  sau đó xếp từng con hàu vào bên trong  đậy nắp lại chiên ở mức 200 độ với thời gian 5 phút. Cách để nướng hàu ngon đó là chỉ nướng đến khi hàu vừa chín tới để giữ độ ngọt và mọng nước  tránh cho hàu bị khô. | Khi hàu đã chín  bạn dọn món ăn ra dĩa và thưởng thức ngay khi còn nóng. Hàu nướng phô mai ăn kèm với một ít nước mắm đường chua cay hay ăn không đều rất ngon. Phô mai và thịt hàu béo thơm ngậy  nức lòng người thưởng thức.,https://www.maggi.com.vn/cong-thuc/hau-nuong-pho-mai-dau-hao
Sốt Chấm Gỏi Cuốn,15 phút,2 người ăn,N/A,4 muỗng canh MAGGI Nước Tương | 1 muỗng canh Tương ớt | 2 muỗng canh Nước Cốt Dừa | 1 muỗng cà phê Bơ đậu phộng | 1 muỗng cà phê Đường Trắng | 1 muỗng canh Dầu Hành Tỏi Phi | 1 muỗng canh Nước Cốt Me,Bạn cho vào 1 chén nhỏ lần lượt các loại gia vị gồm nước tương MAGGI  tương ớt  nước cốt dừa  nước cốt me  dầu hành tỏi phi  bơ đậu phộng và đường cát. Khuấy đều hỗn hợp cho hòa tan là có ngay 1 chén sốt chấm hảo hạng. | Bày chén sốt chấm cùng những cuốn gỏi đã chuẩn bị sẵn  chấm gỏi cuốn ngập sốt và từ từ cảm nhận mùi sốt thơm dịu đang lan tỏa trong vị béo của nước cốt và bơ đậu phộng thêm chút chua nhẹ của me  cay cay của tương ớt. Vị ngon đúng “đỉnh” đó bạn nha!,https://www.maggi.com.vn/cong-thuc/sot-cham-goi-cuon
Bánh Tráng Nướng Chảo,30 phút,4 người ăn,N/A,Bánh tráng | Thịt heo xay | Xúc xích | Trứng gà | Pate gan | Phô mai | Hành lá | Tép khô | Hành phi | Ớt sa tế | Tiêu xay | Dầu ăn | Hạt nêm MAGGI nấm hương | Tương ớt MAGGI,Đầu tiên  bạn làm nóng một cái chảo nhỏ với dầu ăn rồi cho thịt heo xay vào đảo đều  nêm nếm với hạt nêm MAGGI nấm hương và tiêu xay cho đậm đà. Bạn đảo khoảng 5 phút cho thịt vừa chín tới  săn lại thì múc ra để riêng. | Bắc một chiếc chảo khô lên bếp  chờ đến khi chảo đã nóng già thì cho bánh tráng vào nướng. Khi bạn thấy phần rìa bánh hơi cong lên thì cho ớt sa tế vào  dùng mặt dưới muỗng tán đều. Tiếp tục cho lên trên bề mặt bánh tráng ít hành lá  1 muỗng canh thịt heo xào  đập 1 quả trứng gà lên trên  di chuyển muỗng nhẹ nhàng để các nguyên liệu dàn đều  trứng gà không bị tràn khỏi mặt bánh. | Chờ đến khi trứng gà chín và hơi khô lại  bạn cho tiếp pate gan  1 viên phô mai  tán nhuyễn đều khắp mặt. Sau đó lần lượt rải đều lên bề mặt bánh tép khô  hành phi  xúc xích cắt xéo cho đẹp mắt. | Để món ăn thêm thơm ngon và đậm vị  bạn cho xốt mayonnaise và tương ớt MAGGI lên trên theo đường ziczac  phủ khắp mặt bánh tráng nướng. | Nhẹ nhàng dùng muỗng lớn gập bánh lại. Áp chảo giòn đều cả hai mặt bánh rồi thưởng thức. Bạn nướng đến khi hết bánh tráng và nguyên liệu  nhưng món mới thời thượng này tốt nhất là làm đến đâu ăn đến đó để cảm nhận được vị giòn rụm của bánh kèm với vị béo  mặn ngọt hài hòa từ các nguyên liệu bạn nhé! Đừng quên ăn kèm với tương ớt MAGGI cay mát  đảm bảo món nhà làm ngon như nhà hàng luôn đó nha!,https://www.maggi.com.vn/cong-thuc/banh-trang-nuong-chao
Gỏi Tôm Thịt,80 phút,2 người ăn,N/A,100 g Tôm | 200 g Củ Hũ Dừa | 100 g Cà Rốt | 20 g Rau Răm | 10 g Hành Phi Giòn | 10 g Đậu Phộng Rang | 5 g Ngò Gai | 10 g Ớt Bằm | 80 g Đường Trắng | 2 muỗng canh Nước cốt chanh | 4 muỗng canh MAGGI Nước Mắm | Tỏi băm | Muối | 100g Thịt lợn  tươi  nhiều loại thịt và phụ phẩm  gan  nấu chín  om,Đầu tiên  bạn gọt vỏ cà rốt và dưa leo  rửa sạch rồi thái thành lát mỏng vừa ăn. Độ dài khoảng 7cm là vừa đẹp. Với dưa leo  nhớ loại bỏ phần ruột bên trong để món gỏi không bị ướt và dưa được ngon  giòn hơn. Củ hủ dừa bạn nên nạo sạch lớp vỏ ngoài  rửa sạch với nước rồi thái thành những lát mỏng vừa ăn. Ngâm phần củ hũ dừa đã thái trong nước đá lạnh có hòa cùng nước cốt chanh tươi để giữ độ trắng  giòn khi thưởng thức. | Rửa thịt ba chỉ và tôm với nước và một ít muối  sau đó bắc lên bếp luộc chín thịt với nước lạnh. Lưu ý là bạn phải để phần thịt luộc ngập trong nước  như vậy thịt sẽ chín từ từ và không bị thâm. Sau khi thịt đã chín  ngâm thịt vào tô nước lạnh để giữ độ trắng. Tiếp tục luộc tôm với nước thịt vừa dùng  bạn chỉ nên luộc khoảng 3 phút để tôm vừa chín tới  có màu đỏ đẹp mắt. Đừng luộc tôm quá lâu sẽ làm tôm bị khô và mất vị ngon ngọt tự nhiên. Ngâm tôm vào nước lạnh để tôm giòn dai  dễ bóc vỏ. | Khi tôm và thịt đã nguội  vớt ra để ráo nước một chút. Bạn thái thịt ba chỉ thành những miếng mỏng vừa ăn. Không nên cắt quá dày sẽ làm thịt khó thấm gia vị trộn gỏi. Với tôm  bạn bóc vỏ và giữ lại phần đuôi cho đẹp mắt. | Nước mắm trộn gỏi chính là yếu tố quyết định và là linh hồn của các món gỏi. Bắt tay vào làm thôi! Bắc nồi hoặc chảo lên bếp  cho nước mắm MAGGI vào với 4 muỗng canh nước lọc  đường trắng rồi đun sôi liu riu. Trộn đều tay để đường tan hết và hỗn hợp nước mắm keo sệt lại thì tắt bếp  để nguội. Khi nước mắm đã nguội hẳn  bạn thêm tỏi băm  ớt băm và nước cốt chanh vào  khuấy đều cho hòa quyện. Hỗn hợp nước mắm sánh kẹo và thơm  ngọt  mặn chua chua vừa miệng là chuẩn vị. | Để ráo hẳn củ hũ dừa  dưa leo và cà rốt trước khi tiến hành trộn gỏi bạn nhé. Nếu phần nguyên liệu chưa ráo thì khi trộn gỏi tôm thịt sẽ bị ướt và kém giòn. Cho củ hũ dừa  dưa leo  cà rốt và tôm thịt vào chung một tô  rưới nước mắm lên trên rồi trộn đều tất cả cho thấm. Nên trộn thật nhẹ tay để tránh cho rau củ bị nát và làm món gỏi chảy nước  kém ngon. | Cuối cùng  bạn thêm rau răm cắt nhỏ  ngò gai  đậu phộng rang và hành phi giòn  trộn đều một lần nữa là đã có thể bày ra đĩa thưởng thức rồi. Món gỏi tôm thịt củ hũ dừa giòn giòn lạ miệng  chua ngọt hài hòa kết hợp với tôm thịt  đậu phộng rang béo bùi sẽ khiến bạn ăn mãi không ngừng. Món gỏi rất hợp ăn cùng bánh phồng tôm chiên  cả nhà sẽ gật gù khi thưởng thức đấy!,https://www.maggi.com.vn/cong-thuc/goi-tom-thit
Bồ Câu Xào Lăn,45 phút,3 người ăn,N/A,500 g Bồ Câu | 1 quả Ớt Trái | 5 g Tỏi | 100 g Lạc Rang | 1/2 muỗng cà phê Đường | 1 gói Bột Cà Ri | 1 gói Phồng Tôm | 1/2 muỗng canh MAGGI Nước Mắm | 1 muỗng canh MAGGI Dầu Hào | Sả cây | Tiêu,Bồ câu làm sạch lông và ruột  rửa sạch với nước  để ráo rồi sau đó băm nhuyễn. Sả cây bóc bỏ phần vỏ già bên ngoài  rửa sạch sau đó băm nhuyễn với hành và tỏi. Rang chín đậu phộng rồi để nguội cho lớp vỏ dễ bóc hơn. Giã nhỏ đậu phộng chứ đừng giã nát bạn nhé. Bánh phồng tôm chiên rồi vớt ra cho ráo dầu. | Làm nóng chảo rồi đun cho dầu sôi  bạn kiểm tra thấy đầu đũa gỗ khi nhúng vào dầu có bong bóng nhỏ sủi lên thì cho hành  tỏi  sả băm nhuyễn vào xào cho thơm. Tiếp đến bạn cho thịt bồ câu bằm nhuyễn vào xào  thêm bột cà ri để món ăn thơm ngon đúng điệu. | Đảo đều cho bột cà ri hòa quyện cùng thịt  nêm thêm dầu hào MAGGI  nước mắm MAGGI  tiêu  đường và điều chỉnh sao cho phù hợp với khẩu vị của bạn. | Khi thịt đã chín tới  cho đậu phộng rang giã nhỏ vào rồi bày món ăn ra đĩa. Rắc rau ngổ và ớt trái đã rửa sạch thái nhỏ lên mặt món ăn cho thơm và đượm vị cay nồng. Bồ câu xào lăn ăn kèm bánh phồng chiên hay bánh tráng nướng đều rất ngon. Thịt chim ra ràng mềm béo  thơm lừng mùi hành  sả và cà ri  bùi bùi của đậu phộng  vừa ngon vừa dinh dưỡng.,https://www.maggi.com.vn/cong-thuc/bo-cau-xao-lan
Tôm Bằm Xúc Bánh Tráng,35 phút,4 người ăn,N/A,600 g Tôm Sú | 10 g Sả Băm | 1/4 muỗng cà phê Ớt Bột | 10 g Tiêu Xanh | 5 g Ngò Rí | 1 quả Ớt Sừng | 1 quả Cà Rốt | 1 muỗng cà phê Đường Trắng | 1 muỗng canh Đậu Phộng Rang | 1 muỗng canh Dầu Hành Tỏi Phi | 1 muỗng canh MAGGI Nước Mắm | 2 muỗng canh Tương ớt | 1 muỗng cà phê MAGGI Dầu Hào | Bánh tráng | Nước cốt chanh | Hạt nêm MAGGI nấm hương,Bạn lột bỏ vỏ và đầu tôm  dùng tăm tre nhẹ nhàng rút phần chỉ đen ở lưng  lau khô rồi cắt hạt lựu nhỏ. Rau ngò rí rửa sạch  cắt nhỏ. Bánh tráng dùng kéo cắt miếng hình tam giác vừa ăn  nướng bánh tráng trên than hồng đến khi chín giòn  có màu vàng ươm đẹp mắt. Tiêu xanh bỏ cuống  rửa sạch hạt rồi băm hoặc giã nhuyễn. Ớt sừng cắt lát mỏng  đậu phộng rang xát vỏ  giã nhỏ. | Ướp tôm với các gia vị gồm nước mắm MAGGI  hạt nêm MAGGI nấm hương  dầu hào MAGGI  bột ớt  sả băm. Trộn đều và để khoảng 5 phút cho tôm thấm gia vị đậm đà hơn. | Làm nóng chảo dầu tỏi  cho tôm đã ướp vào xào cho săn lại. Khi tôm vừa chín tới  chuyển sang màu đỏ hồng thì bạn cho đậu phộng  tiêu và ngò gai vào xào đều rồi tắt lửa. Bạn xào tôm nhanh trên lửa vừa  không nên xào quá lâu để tránh tôm bị khô lại nhé! | Món tôm bằm xào ngon khi ăn cùng nước chấm. Bạn pha nước chấm gồm tương ớt  nước cốt chanh và vài lát ớt sừng. Khuấy đều cho nước chấm tan  có vị chua ngọt  cay nhẹ là được. | Xếp bánh tráng nướng ra dĩa  cho tôm bằm xào lên trên  trang trí thêm ớt sừng cắt lát và ngò rí là sẵn sàng thưởng thức rồi đấy. Tôm sú giòn ngọt  được xào chín tới vẫn còn cảm giác mọng nước trong miệng khi ăn. Bánh tráng nướng giòn tan  ăn cùng tôm bằm thời thượng và mới lạ sẽ khiến mọi người trầm trồ đó nha!,https://www.maggi.com.vn/cong-thuc/tom-bam-xuc-banh-trang
Ngan Nướng Sả Riềng Mẻ,57 phút,,N/A,50 g Dầu Hào MAGGI | 30 g Nước tương MAGGI Đậm Đặc | 10 g Hạt nêm MAGGI | 15 g Đường cát | 2 kilôgam Thịt ngan nguyên con làm sạch | 60 g Dầu Ăn | 20 g Riềng băm | 20 g Sả Băm | 30 g Hành tím băm | 20 g Tỏi băm | 30 g Cơm mẻ | 10 g Mắm tôm,Để sơ chế “nhân vật chính” của món ăn hôm nay  đầu tiên  bạn chặt thịt ngan thanh miếng vừa ăn  nếu có thời gian bạn có thể lóc phi lê thịt ngan để tránh xương nhé! Tiếp theo  bạn hãy dùng muối hoặc chanh chà xát khắp thân ngan và nhớ dùng tay bóp kỹ để các chất nhờn  chất bẩn  mùi hôi trong lỗ chân lông ngan tiết ra ngoài. Cuối cùng  bạn đem ngan rửa lại với nước cho thật sạch rồi vớt ra để ráo. | Muốn làm nên hương vị đặc trưng của món Ngan Nướng Sả Riềng Mẻ  bạn cho hết tất cả riềng  sả  hành  tỏi  nước cơm mẻ vào máy xay  xay nhuyễn thành hỗn hợp nhỏ. | Bí quyết ướp thịt để giữ được hương vị đặc trưng Hà Nội cho món Ngan Nướng Sả Riềng Mẻ  mà vẫn tạo được sự khác biệt của riêng bạn là đây. Cho thịt ngan vào một bát (tô) lớn  sau đó thêm vào các nguyên liệu gồm: dầu hào MAGGI  nước tương MAGGI đậm đặc  hạt nêm MAGGI  đường  mắm tôm  dầu ăn và hỗn hợp vừa xay nhuyễn. Bạn nhớ trộn đều tay và ướp tầm 10 phút cho thịt ngan ngấm gia vị  rồi xiên thành các xâu thịt bằng nhau hoặc kẹp thịt vào vỉ nướng nhé! | Trước khi nướng thịt  bạn hãy khởi động lò nướng khoảng 15 phút cho nóng lò. Sau đó  cho thịt ngan vào lò và bắt đầu nướng trong khoảng 15 - 20 phút. Trong lúc nướng nhớ thăm chừng và đảo mặt thịt nướng đều 2 mặt. Lưu ý  không nên nướng thịt ngan quá lâu vì như thế sẽ làm thịt ngan cháy hoặc bị nhão. | Thịt sau khi đã nướng chín  bạn lấy ra cho vào dĩa  trang trí cùng ít rau ngò cho đẹp mắt. Vậy là món Ngan Nướng Sả Riềng Mẻ thơm lừng  đậm vị với công thức khác biệt từ MAGGI đã hoàn thành rồi. Và đừng quên chuẩn bị thêm chén cơm nóng để ăn cùng là hết sảy đấy nhé!,https://www.maggi.com.vn/cong-thuc/ngan-nuong-sa-rieng-me
Miến Lươn Trộn,60 phút,,N/A,400 g Lươn con to | 200 g Miến | 15 g Muối | 60 g Bột Chiên Giòn | 10 g Gừng tươi | 5 g Rau thơm | 5 g Đậu Phộng Rang | 2 g Hành phi | 20 g Dưa giá cà rốt chua ngọt | 30 g Nước nóng | 30 g Giấm Gạo | 15 g Dầu Hào MAGGI | 13 g Hạt nêm MAGGI | 30 g Nước tương MAGGI | 60 g Đường cát | 1 gam Ớt Bột | 2 g Tiêu Sọ,Lươn sau khi mua về  bạn cho muối vào xóc đều để lươn tự quẫy nhả nhớt. Tiếp theo  bạn dùng nước nóng 50-70°C dội xả 1 lượt nữa cho lươn sạch hết nhớt  rồi rửa lại bằng nước lạnh nhiều lần. Sau khi lươn đã sạch  bạn tiến hành phi lê lươn  để riêng phần xương với phần thịt. Với thịt  bạn tiếp tục cắt sợi vừa ăn. | Ăn Miến Lươn Trộn thì không thể nào thiếu phần nước súp ngọt thanh ăn kèm. Để chế biến  bạn cho phần xương lươn vừa lóc ở trên  hầm với gừng cắt lát trong lửa nhỏ tầm 15 phút. Sau đó  vớt xương ra và nêm 10gr hạt nêm MAGGI cho 500ml nước dùng. | Phần thịt lươn đã cắt sợi bạn cho vào tô  nêm thêm lượng hạt nêm MAGGI còn lại  10gr dầu hào và tiêu  rồi dùng muỗng trộn đều cho gia vị thấm vào thịt. Tiếp theo  cho tiếp bột chiên giòn vào tô lươn  trộn đều lần nữa để từng miếng thịt lươn được lớp áo bột mỏng bên ngoài. Để hoàn thành phần thịt lươn giòn tan  đậm đà ăn cùng miến  bạn đun nóng chảo dầu  cho lươn vào chiên đến khi vàng giòn  vớt lươn ra để ráo dầu là được nhé! | Muốn món Miến Lươn Trộn vừa giữ được nét đặc trưng của món ăn Bắc Trung Bộ  mà vẫn tạo được sự khác biệt tích cực thì phải lưu ngay công thức nước sốt trộn đặc biệt này nhé  bạn ơi! Cho tất cả nguyên liệu gồm: Nước nóng  dấm gạo  dầu hào MAGGI  nước tương MAGGI  đường cát  ớt bột  tiêu sọ vào chén (bát) khuấy đều tay đền khi tan  hòa quyện hết vào nhau. | Vậy là món Miến Lươn Trộn sắp “ra lò” rồi  chỉ còn thiếu mỗi phần miến thôi. Bạn nhanh tay cho nước vào nồi  đun sôi và thêm vào 1 muỗng canh dầu ăn. Tiếp đến  bạn cho miến vào nồi trụng khoảng 3 phút  vớt ra để ráo. Mách bạn mẹo nhỏ để món miến trộn không bị dính nhau là thêm 1 ít nước dùng vào miến sau khi trụng và nhớ trộn đều với nhau nhé! | Đây  món Miến Lươn Trộn bắt miệng đã sẵn sàng phục vụ cả nhà bạn rồi đây. Hãy xếp miến vừa được chế biến vào tô  thêm lươn chiên giòn  rau thơm  dưa giá cà rốt chua ngọt  đậu phộng rang  hành phi và chan nước sốt công thức “bí truyền” từ MAGGI vào là đảm bảo cả nhà phải trầm trồ về tài nấu nướng của bạn đấy. Và đừng quên thêm 1 chén nước súp thanh nhẹ được hầm lúc nãy để ăn cùng nữa nhé!,https://www.maggi.com.vn/cong-thuc/mien-luon-tron
Cua Rang Sốt Tía Tô,28 phút,,N/A,500 g Cua sống | 5 g Rượu hoa hồi | 20 g Đường | 5 g Dầu Mè | 10 g Nước gia vị cô đặc MAGGI | 15 g Dầu Hào MAGGI | 48 g Sốt tương ngọt (hoisin) | 15 g Chao đỏ | 135 g Chao trắng loại | 1.5 g Bột cam thảo | 10 g Ngũ Vị Hương | 30 g Hành tím | 30 g Tỏi băm | 30 g Gừng | 10 g Lá tía tô,Cua sống mua về bạn chà và rửa sạch với nước  rồi chặt mỗi con thành 4 phần đều nhau. Với tía tô  bạn lặt lấy lá  rửa với nước sạch  vớt ra để ráo nước  su đó cắt thành sợi mỏng. | Để chế biến phần nước sốt vừa giữ được hương vị đặc trưng vùng Đông Bắc  vừa tạo được sự khác biệt cho món Cua Rang Sốt Tía Tô bạn hãy ghi chú ngay lại công thức sau! Bắc chảo lên bếp  cho vào 1 ít dầu ăn  đợi dầu nóng nhanh tay bỏ vào 1/2 hành  tỏi  gừng xào cho thơm. Tiếp theo  cho hết các gia vị còn lại gồm: rượu hoa hồi  đường  dầu mè  nước gia vị MAGGI  dầu hào MAGGI  sốt tương ngọt (hoisin)  chao đỏ  chao trắng  bột cam thảo  ngũ vị hương vào đảo đều tay để hỗn hợp hòa quyện vào nhau. Lúc này  bạn có thể gia giảm phần gia vị sao cho vừa ăn  rồi tắt bếp cho ra bát (chén) nhé! | Sau khi đã chuẩn bị xong phần nước sốt xào  bạn bắt lên bếp 1 chảo khác  đổ ngập dầu  chờ dầu nóng thì thả từ từ phần cua đã sơ chế lúc nãy nào chiên với lửa lớn. Cua chiên đã chín và thơm lừng thì bạn nhanh tay vớt cua ra để ráo nhé! | Đến phần chế biến quan trọng nhất của món Cua Rang Sốt Tía Tô đây. Bạn hãy tiếp tục bắt chảo dầu lên bếp  phi thơm 1/2 hành  tỏi  gừng còn lại  rôi cho cua và nước sốt chế biến phía trên vào vừa đủ. Ở bước này  bạn nhớ đảo đều tay để cua thấm đều phần nước sốt “bí truyền”. Sau đó  cho lá tía tô vào xào sơ lại  nêm nếm lần nữa để vừa ăn là bạn có thể tắt bếp rồi đấy. | Để món ăn thêm phần hấp dẫn  bạn xếp cua ra dĩa  rưới nước sốt đều xung quanh và trang trí thêm với là tía tô. Bạn có thể ăn món Cua Rang Sốt Tía Tô với cơm và nhớ thưởng thức ngay khi còn nóng để cảm nhận trọn vị tươi  ngọt  săn chắc của thịt cua hòa quyện nước sốt sánh đặc  đậm đà và hương thơm nhẹ từ lá tía tô nhé!,https://www.maggi.com.vn/cong-thuc/cua-rang-sot-tia-to
Sườn Kho Nước Tương Quả Vả,40 phút,,N/A,4 muỗng canh Nước tương MAGGI | 1 Muỗng cà phê Dầu Hào MAGGI | 500 g Sườn non heo | 1 muỗng canh Tỏi băm | 1 muỗng canh Sả băm | 2 muỗng canh Dầu Ăn | 2 muỗng canh Đường | 1 gam Tiêu xay | 1 gam Tiêu xay | 500 ml Nước lọc | 200 g Quả vả,Sườn non mua về bạn chặt thành miếng vừa ăn. Tiếp theo  rửa qua nước muối rồi rửa lại lần nữa bằng nước sạch  vớt ra rổ cho ráo nước hẳn. Trái vả gọt vỏ  rửa sạch  cắt thành làm 4  nếu quả lớn bạn có thể cắt làm 8 nhé! | Để pha phần nước gia vị cho món kho ngon đúng vị mà vẫn khác biệt  MAGGI bật mí công thức sau đây. Bạn cho tất cả nguyên liệu gồm: nước tương MAGGI  dầu hào MAGGI  1 muỗng canh đường  tiêu xay và nước lọc vào chén  rồi dùng muỗng khuấy đều để các gia vị hòa quyện đều vào nhau. | Món Sườn Kho Nước Tương Quả Vả sẽ là thiếu sót nếu thiếu màu nâu sậm óng ánh từ nước màu. Bạn bắc chảo nhỏ lên bếp cho nóng  rồi cho vào 1 muỗng đường  khuấy đều tay đến khi đường chuyển thành màu nâu cánh gián thì cho ngay 1 ít nước lọc vào. | Bước quan trọng làm nên Sườn Kho Nước Tương Quả Vả đậm đà  lạ miệng đây. Bạn đun nóng dầu ăn trong chảo  sau đó thêm sả băm  tỏi băm vào phi thơm cùng với sườn. Tiếp theo  cho nước màu và chén gia vị bên trên vào mở lửa lớn  vớt bọt bỏ  rồi vặn nhỏ lửa nấu đến khi nước kho còn 1/2 thì cho quả vả vào kho tiếp đến khi thịt chín và phần nước kho sệt lại thì tắt bếp. | Cho Sườn Kho Nước Tương Quả Vả ra dĩa  rắc thêm một ít tiêu lên trên cho dậy mùi. Món này hãy ăn khi còn nóng và dùng với cơm trắng  có thêm chén nước tương MAGGI chấm cùng thì tuyệt vời luôn nhé.,https://www.maggi.com.vn/cong-thuc/suon-kho-nuoc-tuong-qua-va
Thịt đà điểu làm món gì ngon? Công thức đà điểu xào sả lá chanh,30 phút,3 người ăn,N/A,Thịt Đà Điểu | Hành Tây | Sả Cây | Dầu Ăn | Tỏi Băm | Ớt Băm | Tiêu | Dầu Hào Maggi | Hạt Nêm Maggi | Nước Mắm Maggi | 6 lá Lá chanh,Bạn rửa thịt đà điểu rồi cắt lát mỏng vừa. Lưu ý  để cắt thịt dễ hơn  hãy làm lạnh thịt trước khi cắt. Tiếp đó  cần ướp thịt đà điểu với 1 muỗng canh dầu hào MAGGI  hạt nêm MAGGI nấm hương  nước mắm MAGGI  1/2 muỗng tỏi băm  cùng 1 muỗng cà phê sả và ớt đã băm nhỏ  thêm chút tiêu. Trộn đều và ướp trong 15 phút. Đối với hành tây  bạn lột vỏ  rửa sạch rồi thái múi cau. Riêng lá chanh sau khi rửa nước sẽ thái sợi chỉ nhuyễn. | Đổ dầu vào chảo  đun sôi thì phi thơm phần tỏi băm cùng sả băm còn lại. Tiếp đến sẽ cho thịt đà điểu vào  xào liên tục trong khoảng 3 phút thì nêm thêm phần dầu hào MAGGI còn lại  đảo đều  thử vị thấy vừa thì thêm hành tây vào  xào hành cho vừa chín tới. | Bạn cho lá chanh vừa thái vào chảo  đảo qua một lần là có thể tắt bếp. Cho món ăn ra dĩa  trang trí thêm ớt thái lát lên trên bề mặt. Món ngon dùng kèm với cơm nóng và có thể chấm cùng nước tương MAGGI. Thịt đà điểu đậm vị hài hòa cùng lá chanh thơm nồng  sẽ làm hài lòng đến cả những vị khách khó tính nhất.,https://www.maggi.com.vn/cong-thuc/thit-da-dieu-xao-ot-sa-la-chanh
Su hào xào cà rốt thập cẩm,42 phút,2 người ăn,N/A,Dầu hào Maggi | 1 muỗng cà phê MAGGI Hạt Nêm Nấm Hương | Thịt thăn xay | 1 củ Su Hào | 1/2 củ Cà Rốt | Miến | Hành lá | Hành khô | Tiêu xay | Dầu ăn | 10 g Rau mùi,Để làm món su hào xào cà rốt thập cẩm  trước tiên bạn rửa sạch thịt thăn  vớt ra để ráo. Sau đó  xay nhỏ thịt và ướp với 1 muỗng dầu hào MAGGI để tăng vị đậm đà. | Su hào và cà rốt gọt vỏ  rửa sạch  bào sợi nhỏ hoặc thái bằng dao. Miến ngâm mềm  cắt khúc. Nấm hương  hành lá  rau mùi bỏ gốc  cắt nhỏ. Hành khô thái lát mỏng. | Phi thơm hành  xào nấm và thịt thăn rồi để riêng. Tiếp đến  xào su hào  cà rốt với hạt nêm MAGGI nấm hương  rồi cho miến và dầu hào MAGGI vào đảo đến khi chín. | Cho thịt  nấm vào chảo  thêm dầu hào MAGGI xào thêm 2 phút để thấm đều gia vị. Rắc hành lá  rau mùi  hạt tiêu. Su hào xào cà rốt thập cẩm thơm ngon đã sẵn sàng! | Trình bày ra dĩa và thưởng thức. Món su hào xào cà rốt thập cẩm thơm lừng  tốt cho sức khỏe và vóc dáng  thích hợp cho những ai yêu thích món ăn thanh đạm.,https://www.maggi.com.vn/cong-thuc/su-hao-xao-thap-cam
Hàu Nướng Phô Mai Dầu Hào,30 phút,6 người ăn,N/A,2 kilôgam Hàu | 120 g Phô Mai | 1 muỗng canh MAGGI Dầu Hào | Rượu trắng | Đường | Nước cốt chanh | Ớt xắt lát | Nước mắm MAGGI,Hàu sau khi mua về  bạn ngâm với nước khoảng 2 - 3 tiếng để lớp bùn đất bên ngoài mềm ra  giúp công đoạn sơ chế hàu được dễ dàng hơn. Dùng bàn chải chà rửa sạch từ phần vỏ đến miệng hàu  sau đó chần với nước nóng trong 2 phút cho dễ tách vỏ  rửa sơ qua rượu trắng khử mùi tanh rồi để ráo. | Dùng cọ phết lên thịt hàu một lớp mỏng dầu hào MAGGI rồi đặt một miếng phô mai lên mặt hàu. Bạn lặp lại thao tác này đến khi hết số lượng hàu nhé! | Bạn mở nồi chiên không dầu cho nóng khoảng 5 phút để nhiệt lượng phân bổ đều  sau đó xếp từng con hàu vào bên trong  đậy nắp lại chiên ở mức 200 độ với thời gian 5 phút. Cách để nướng hàu ngon đó là chỉ nướng đến khi hàu vừa chín tới để giữ độ ngọt và mọng nước  tránh cho hàu bị khô. | Khi hàu đã chín  bạn dọn món ăn ra dĩa và thưởng thức ngay khi còn nóng. Hàu nướng phô mai ăn kèm với một ít nước mắm đường chua cay hay ăn không đều rất ngon. Phô mai và thịt hàu béo thơm ngậy  nức lòng người thưởng thức.,https://www.maggi.com.vn/cong-thuc/hau-nuong-pho-mai-dau-hao
Sốt Chấm Gỏi Cuốn,15 phút,2 người ăn,N/A,4 muỗng canh MAGGI Nước Tương | 1 muỗng canh Tương ớt | 2 muỗng canh Nước Cốt Dừa | 1 muỗng cà phê Bơ đậu phộng | 1 muỗng cà phê Đường Trắng | 1 muỗng canh Dầu Hành Tỏi Phi | 1 muỗng canh Nước Cốt Me,Bạn cho vào 1 chén nhỏ lần lượt các loại gia vị gồm nước tương MAGGI  tương ớt  nước cốt dừa  nước cốt me  dầu hành tỏi phi  bơ đậu phộng và đường cát. Khuấy đều hỗn hợp cho hòa tan là có ngay 1 chén sốt chấm hảo hạng. | Bày chén sốt chấm cùng những cuốn gỏi đã chuẩn bị sẵn  chấm gỏi cuốn ngập sốt và từ từ cảm nhận mùi sốt thơm dịu đang lan tỏa trong vị béo của nước cốt và bơ đậu phộng thêm chút chua nhẹ của me  cay cay của tương ớt. Vị ngon đúng “đỉnh” đó bạn nha!,https://www.maggi.com.vn/cong-thuc/sot-cham-goi-cuon
Bánh Tráng Nướng Chảo,30 phút,4 người ăn,N/A,Bánh tráng | Thịt heo xay | Xúc xích | Trứng gà | Pate gan | Phô mai | Hành lá | Tép khô | Hành phi | Ớt sa tế | Tiêu xay | Dầu ăn | Hạt nêm MAGGI nấm hương | Tương ớt MAGGI,Đầu tiên  bạn làm nóng một cái chảo nhỏ với dầu ăn rồi cho thịt heo xay vào đảo đều  nêm nếm với hạt nêm MAGGI nấm hương và tiêu xay cho đậm đà. Bạn đảo khoảng 5 phút cho thịt vừa chín tới  săn lại thì múc ra để riêng. | Bắc một chiếc chảo khô lên bếp  chờ đến khi chảo đã nóng già thì cho bánh tráng vào nướng. Khi bạn thấy phần rìa bánh hơi cong lên thì cho ớt sa tế vào  dùng mặt dưới muỗng tán đều. Tiếp tục cho lên trên bề mặt bánh tráng ít hành lá  1 muỗng canh thịt heo xào  đập 1 quả trứng gà lên trên  di chuyển muỗng nhẹ nhàng để các nguyên liệu dàn đều  trứng gà không bị tràn khỏi mặt bánh. | Chờ đến khi trứng gà chín và hơi khô lại  bạn cho tiếp pate gan  1 viên phô mai  tán nhuyễn đều khắp mặt. Sau đó lần lượt rải đều lên bề mặt bánh tép khô  hành phi  xúc xích cắt xéo cho đẹp mắt. | Để món ăn thêm thơm ngon và đậm vị  bạn cho xốt mayonnaise và tương ớt MAGGI lên trên theo đường ziczac  phủ khắp mặt bánh tráng nướng. | Nhẹ nhàng dùng muỗng lớn gập bánh lại. Áp chảo giòn đều cả hai mặt bánh rồi thưởng thức. Bạn nướng đến khi hết bánh tráng và nguyên liệu  nhưng món mới thời thượng này tốt nhất là làm đến đâu ăn đến đó để cảm nhận được vị giòn rụm của bánh kèm với vị béo  mặn ngọt hài hòa từ các nguyên liệu bạn nhé! Đừng quên ăn kèm với tương ớt MAGGI cay mát  đảm bảo món nhà làm ngon như nhà hàng luôn đó nha!,https://www.maggi.com.vn/cong-thuc/banh-trang-nuong-chao
Gỏi Tôm Thịt,80 phút,2 người ăn,N/A,100 g Tôm | 200 g Củ Hũ Dừa | 100 g Cà Rốt | 20 g Rau Răm | 10 g Hành Phi Giòn | 10 g Đậu Phộng Rang | 5 g Ngò Gai | 10 g Ớt Bằm | 80 g Đường Trắng | 2 muỗng canh Nước cốt chanh | 4 muỗng canh MAGGI Nước Mắm | Tỏi băm | Muối | 100g Thịt lợn  tươi  nhiều loại thịt và phụ phẩm  gan  nấu chín  om,Đầu tiên  bạn gọt vỏ cà rốt và dưa leo  rửa sạch rồi thái thành lát mỏng vừa ăn. Độ dài khoảng 7cm là vừa đẹp. Với dưa leo  nhớ loại bỏ phần ruột bên trong để món gỏi không bị ướt và dưa được ngon  giòn hơn. Củ hủ dừa bạn nên nạo sạch lớp vỏ ngoài  rửa sạch với nước rồi thái thành những lát mỏng vừa ăn. Ngâm phần củ hũ dừa đã thái trong nước đá lạnh có hòa cùng nước cốt chanh tươi để giữ độ trắng  giòn khi thưởng thức. | Rửa thịt ba chỉ và tôm với nước và một ít muối  sau đó bắc lên bếp luộc chín thịt với nước lạnh. Lưu ý là bạn phải để phần thịt luộc ngập trong nước  như vậy thịt sẽ chín từ từ và không bị thâm. Sau khi thịt đã chín  ngâm thịt vào tô nước lạnh để giữ độ trắng. Tiếp tục luộc tôm với nước thịt vừa dùng  bạn chỉ nên luộc khoảng 3 phút để tôm vừa chín tới  có màu đỏ đẹp mắt. Đừng luộc tôm quá lâu sẽ làm tôm bị khô và mất vị ngon ngọt tự nhiên. Ngâm tôm vào nước lạnh để tôm giòn dai  dễ bóc vỏ. | Khi tôm và thịt đã nguội  vớt ra để ráo nước một chút. Bạn thái thịt ba chỉ thành những miếng mỏng vừa ăn. Không nên cắt quá dày sẽ làm thịt khó thấm gia vị trộn gỏi. Với tôm  bạn bóc vỏ và giữ lại phần đuôi cho đẹp mắt. | Nước mắm trộn gỏi chính là yếu tố quyết định và là linh hồn của các món gỏi. Bắt tay vào làm thôi! Bắc nồi hoặc chảo lên bếp  cho nước mắm MAGGI vào với 4 muỗng canh nước lọc  đường trắng rồi đun sôi liu riu. Trộn đều tay để đường tan hết và hỗn hợp nước mắm keo sệt lại thì tắt bếp  để nguội. Khi nước mắm đã nguội hẳn  bạn thêm tỏi băm  ớt băm và nước cốt chanh vào  khuấy đều cho hòa quyện. Hỗn hợp nước mắm sánh kẹo và thơm  ngọt  mặn chua chua vừa miệng là chuẩn vị. | Để ráo hẳn củ hũ dừa  dưa leo và cà rốt trước khi tiến hành trộn gỏi bạn nhé. Nếu phần nguyên liệu chưa ráo thì khi trộn gỏi tôm thịt sẽ bị ướt và kém giòn. Cho củ hũ dừa  dưa leo  cà rốt và tôm thịt vào chung một tô  rưới nước mắm lên trên rồi trộn đều tất cả cho thấm. Nên trộn thật nhẹ tay để tránh cho rau củ bị nát và làm món gỏi chảy nước  kém ngon. | Cuối cùng  bạn thêm rau răm cắt nhỏ  ngò gai  đậu phộng rang và hành phi giòn  trộn đều một lần nữa là đã có thể bày ra đĩa thưởng thức rồi. Món gỏi tôm thịt củ hũ dừa giòn giòn lạ miệng  chua ngọt hài hòa kết hợp với tôm thịt  đậu phộng rang béo bùi sẽ khiến bạn ăn mãi không ngừng. Món gỏi rất hợp ăn cùng bánh phồng tôm chiên  cả nhà sẽ gật gù khi thưởng thức đấy!,https://www.maggi.com.vn/cong-thuc/goi-tom-thit
Bồ Câu Xào Lăn,45 phút,3 người ăn,N/A,500 g Bồ Câu | 1 quả Ớt Trái | 5 g Tỏi | 100 g Lạc Rang | 1/2 muỗng cà phê Đường | 1 gói Bột Cà Ri | 1 gói Phồng Tôm | 1/2 muỗng canh MAGGI Nước Mắm | 1 muỗng canh MAGGI Dầu Hào | Sả cây | Tiêu,Bồ câu làm sạch lông và ruột  rửa sạch với nước  để ráo rồi sau đó băm nhuyễn. Sả cây bóc bỏ phần vỏ già bên ngoài  rửa sạch sau đó băm nhuyễn với hành và tỏi. Rang chín đậu phộng rồi để nguội cho lớp vỏ dễ bóc hơn. Giã nhỏ đậu phộng chứ đừng giã nát bạn nhé. Bánh phồng tôm chiên rồi vớt ra cho ráo dầu. | Làm nóng chảo rồi đun cho dầu sôi  bạn kiểm tra thấy đầu đũa gỗ khi nhúng vào dầu có bong bóng nhỏ sủi lên thì cho hành  tỏi  sả băm nhuyễn vào xào cho thơm. Tiếp đến bạn cho thịt bồ câu bằm nhuyễn vào xào  thêm bột cà ri để món ăn thơm ngon đúng điệu. | Đảo đều cho bột cà ri hòa quyện cùng thịt  nêm thêm dầu hào MAGGI  nước mắm MAGGI  tiêu  đường và điều chỉnh sao cho phù hợp với khẩu vị của bạn. | Khi thịt đã chín tới  cho đậu phộng rang giã nhỏ vào rồi bày món ăn ra đĩa. Rắc rau ngổ và ớt trái đã rửa sạch thái nhỏ lên mặt món ăn cho thơm và đượm vị cay nồng. Bồ câu xào lăn ăn kèm bánh phồng chiên hay bánh tráng nướng đều rất ngon. Thịt chim ra ràng mềm béo  thơm lừng mùi hành  sả và cà ri  bùi bùi của đậu phộng  vừa ngon vừa dinh dưỡng.,https://www.maggi.com.vn/cong-thuc/bo-cau-xao-lan
Tôm Bằm Xúc Bánh Tráng,35 phút,4 người ăn,N/A,600 g Tôm Sú | 10 g Sả Băm | 1/4 muỗng cà phê Ớt Bột | 10 g Tiêu Xanh | 5 g Ngò Rí | 1 quả Ớt Sừng | 1 quả Cà Rốt | 1 muỗng cà phê Đường Trắng | 1 muỗng canh Đậu Phộng Rang | 1 muỗng canh Dầu Hành Tỏi Phi | 1 muỗng canh MAGGI Nước Mắm | 2 muỗng canh Tương ớt | 1 muỗng cà phê MAGGI Dầu Hào | Bánh tráng | Nước cốt chanh | Hạt nêm MAGGI nấm hương,Bạn lột bỏ vỏ và đầu tôm  dùng tăm tre nhẹ nhàng rút phần chỉ đen ở lưng  lau khô rồi cắt hạt lựu nhỏ. Rau ngò rí rửa sạch  cắt nhỏ. Bánh tráng dùng kéo cắt miếng hình tam giác vừa ăn  nướng bánh tráng trên than hồng đến khi chín giòn  có màu vàng ươm đẹp mắt. Tiêu xanh bỏ cuống  rửa sạch hạt rồi băm hoặc giã nhuyễn. Ớt sừng cắt lát mỏng  đậu phộng rang xát vỏ  giã nhỏ. | Ướp tôm với các gia vị gồm nước mắm MAGGI  hạt nêm MAGGI nấm hương  dầu hào MAGGI  bột ớt  sả băm. Trộn đều và để khoảng 5 phút cho tôm thấm gia vị đậm đà hơn. | Làm nóng chảo dầu tỏi  cho tôm đã ướp vào xào cho săn lại. Khi tôm vừa chín tới  chuyển sang màu đỏ hồng thì bạn cho đậu phộng  tiêu và ngò gai vào xào đều rồi tắt lửa. Bạn xào tôm nhanh trên lửa vừa  không nên xào quá lâu để tránh tôm bị khô lại nhé! | Món tôm bằm xào ngon khi ăn cùng nước chấm. Bạn pha nước chấm gồm tương ớt  nước cốt chanh và vài lát ớt sừng. Khuấy đều cho nước chấm tan  có vị chua ngọt  cay nhẹ là được. | Xếp bánh tráng nướng ra dĩa  cho tôm bằm xào lên trên  trang trí thêm ớt sừng cắt lát và ngò rí là sẵn sàng thưởng thức rồi đấy. Tôm sú giòn ngọt  được xào chín tới vẫn còn cảm giác mọng nước trong miệng khi ăn. Bánh tráng nướng giòn tan  ăn cùng tôm bằm thời thượng và mới lạ sẽ khiến mọi người trầm trồ đó nha!,https://www.maggi.com.vn/cong-thuc/tom-bam-xuc-banh-trang
Ngan Nướng Sả Riềng Mẻ,57 phút,,N/A,50 g Dầu Hào MAGGI | 30 g Nước tương MAGGI Đậm Đặc | 10 g Hạt nêm MAGGI | 15 g Đường cát | 2 kilôgam Thịt ngan nguyên con làm sạch | 60 g Dầu Ăn | 20 g Riềng băm | 20 g Sả Băm | 30 g Hành tím băm | 20 g Tỏi băm | 30 g Cơm mẻ | 10 g Mắm tôm,Để sơ chế “nhân vật chính” của món ăn hôm nay  đầu tiên  bạn chặt thịt ngan thanh miếng vừa ăn  nếu có thời gian bạn có thể lóc phi lê thịt ngan để tránh xương nhé! Tiếp theo  bạn hãy dùng muối hoặc chanh chà xát khắp thân ngan và nhớ dùng tay bóp kỹ để các chất nhờn  chất bẩn  mùi hôi trong lỗ chân lông ngan tiết ra ngoài. Cuối cùng  bạn đem ngan rửa lại với nước cho thật sạch rồi vớt ra để ráo. | Muốn làm nên hương vị đặc trưng của món Ngan Nướng Sả Riềng Mẻ  bạn cho hết tất cả riềng  sả  hành  tỏi  nước cơm mẻ vào máy xay  xay nhuyễn thành hỗn hợp nhỏ. | Bí quyết ướp thịt để giữ được hương vị đặc trưng Hà Nội cho món Ngan Nướng Sả Riềng Mẻ  mà vẫn tạo được sự khác biệt của riêng bạn là đây. Cho thịt ngan vào một bát (tô) lớn  sau đó thêm vào các nguyên liệu gồm: dầu hào MAGGI  nước tương MAGGI đậm đặc  hạt nêm MAGGI  đường  mắm tôm  dầu ăn và hỗn hợp vừa xay nhuyễn. Bạn nhớ trộn đều tay và ướp tầm 10 phút cho thịt ngan ngấm gia vị  rồi xiên thành các xâu thịt bằng nhau hoặc kẹp thịt vào vỉ nướng nhé! | Trước khi nướng thịt  bạn hãy khởi động lò nướng khoảng 15 phút cho nóng lò. Sau đó  cho thịt ngan vào lò và bắt đầu nướng trong khoảng 15 - 20 phút. Trong lúc nướng nhớ thăm chừng và đảo mặt thịt nướng đều 2 mặt. Lưu ý  không nên nướng thịt ngan quá lâu vì như thế sẽ làm thịt ngan cháy hoặc bị nhão. | Thịt sau khi đã nướng chín  bạn lấy ra cho vào dĩa  trang trí cùng ít rau ngò cho đẹp mắt. Vậy là món Ngan Nướng Sả Riềng Mẻ thơm lừng  đậm vị với công thức khác biệt từ MAGGI đã hoàn thành rồi. Và đừng quên chuẩn bị thêm chén cơm nóng để ăn cùng là hết sảy đấy nhé!,https://www.maggi.com.vn/cong-thuc/ngan-nuong-sa-rieng-me
Miến Lươn Trộn,60 phút,,N/A,400 g Lươn con to | 200 g Miến | 15 g Muối | 60 g Bột Chiên Giòn | 10 g Gừng tươi | 5 g Rau thơm | 5 g Đậu Phộng Rang | 2 g Hành phi | 20 g Dưa giá cà rốt chua ngọt | 30 g Nước nóng | 30 g Giấm Gạo | 15 g Dầu Hào MAGGI | 13 g Hạt nêm MAGGI | 30 g Nước tương MAGGI | 60 g Đường cát | 1 gam Ớt Bột | 2 g Tiêu Sọ,Lươn sau khi mua về  bạn cho muối vào xóc đều để lươn tự quẫy nhả nhớt. Tiếp theo  bạn dùng nước nóng 50-70°C dội xả 1 lượt nữa cho lươn sạch hết nhớt  rồi rửa lại bằng nước lạnh nhiều lần. Sau khi lươn đã sạch  bạn tiến hành phi lê lươn  để riêng phần xương với phần thịt. Với thịt  bạn tiếp tục cắt sợi vừa ăn. | Ăn Miến Lươn Trộn thì không thể nào thiếu phần nước súp ngọt thanh ăn kèm. Để chế biến  bạn cho phần xương lươn vừa lóc ở trên  hầm với gừng cắt lát trong lửa nhỏ tầm 15 phút. Sau đó  vớt xương ra và nêm 10gr hạt nêm MAGGI cho 500ml nước dùng. | Phần thịt lươn đã cắt sợi bạn cho vào tô  nêm thêm lượng hạt nêm MAGGI còn lại  10gr dầu hào và tiêu  rồi dùng muỗng trộn đều cho gia vị thấm vào thịt. Tiếp theo  cho tiếp bột chiên giòn vào tô lươn  trộn đều lần nữa để từng miếng thịt lươn được lớp áo bột mỏng bên ngoài. Để hoàn thành phần thịt lươn giòn tan  đậm đà ăn cùng miến  bạn đun nóng chảo dầu  cho lươn vào chiên đến khi vàng giòn  vớt lươn ra để ráo dầu là được nhé! | Muốn món Miến Lươn Trộn vừa giữ được nét đặc trưng của món ăn Bắc Trung Bộ  mà vẫn tạo được sự khác biệt tích cực thì phải lưu ngay công thức nước sốt trộn đặc biệt này nhé  bạn ơi! Cho tất cả nguyên liệu gồm: Nước nóng  dấm gạo  dầu hào MAGGI  nước tương MAGGI  đường cát  ớt bột  tiêu sọ vào chén (bát) khuấy đều tay đền khi tan  hòa quyện hết vào nhau. | Vậy là món Miến Lươn Trộn sắp “ra lò” rồi  chỉ còn thiếu mỗi phần miến thôi. Bạn nhanh tay cho nước vào nồi  đun sôi và thêm vào 1 muỗng canh dầu ăn. Tiếp đến  bạn cho miến vào nồi trụng khoảng 3 phút  vớt ra để ráo. Mách bạn mẹo nhỏ để món miến trộn không bị dính nhau là thêm 1 ít nước dùng vào miến sau khi trụng và nhớ trộn đều với nhau nhé! | Đây  món Miến Lươn Trộn bắt miệng đã sẵn sàng phục vụ cả nhà bạn rồi đây. Hãy xếp miến vừa được chế biến vào tô  thêm lươn chiên giòn  rau thơm  dưa giá cà rốt chua ngọt  đậu phộng rang  hành phi và chan nước sốt công thức “bí truyền” từ MAGGI vào là đảm bảo cả nhà phải trầm trồ về tài nấu nướng của bạn đấy. Và đừng quên thêm 1 chén nước súp thanh nhẹ được hầm lúc nãy để ăn cùng nữa nhé!,https://www.maggi.com.vn/cong-thuc/mien-luon-tron
Cua Rang Sốt Tía Tô,28 phút,,N/A,500 g Cua sống | 5 g Rượu hoa hồi | 20 g Đường | 5 g Dầu Mè | 10 g Nước gia vị cô đặc MAGGI | 15 g Dầu Hào MAGGI | 48 g Sốt tương ngọt (hoisin) | 15 g Chao đỏ | 135 g Chao trắng loại | 1.5 g Bột cam thảo | 10 g Ngũ Vị Hương | 30 g Hành tím | 30 g Tỏi băm | 30 g Gừng | 10 g Lá tía tô,Cua sống mua về bạn chà và rửa sạch với nước  rồi chặt mỗi con thành 4 phần đều nhau. Với tía tô  bạn lặt lấy lá  rửa với nước sạch  vớt ra để ráo nước  su đó cắt thành sợi mỏng. | Để chế biến phần nước sốt vừa giữ được hương vị đặc trưng vùng Đông Bắc  vừa tạo được sự khác biệt cho món Cua Rang Sốt Tía Tô bạn hãy ghi chú ngay lại công thức sau! Bắc chảo lên bếp  cho vào 1 ít dầu ăn  đợi dầu nóng nhanh tay bỏ vào 1/2 hành  tỏi  gừng xào cho thơm. Tiếp theo  cho hết các gia vị còn lại gồm: rượu hoa hồi  đường  dầu mè  nước gia vị MAGGI  dầu hào MAGGI  sốt tương ngọt (hoisin)  chao đỏ  chao trắng  bột cam thảo  ngũ vị hương vào đảo đều tay để hỗn hợp hòa quyện vào nhau. Lúc này  bạn có thể gia giảm phần gia vị sao cho vừa ăn  rồi tắt bếp cho ra bát (chén) nhé! | Sau khi đã chuẩn bị xong phần nước sốt xào  bạn bắt lên bếp 1 chảo khác  đổ ngập dầu  chờ dầu nóng thì thả từ từ phần cua đã sơ chế lúc nãy nào chiên với lửa lớn. Cua chiên đã chín và thơm lừng thì bạn nhanh tay vớt cua ra để ráo nhé! | Đến phần chế biến quan trọng nhất của món Cua Rang Sốt Tía Tô đây. Bạn hãy tiếp tục bắt chảo dầu lên bếp  phi thơm 1/2 hành  tỏi  gừng còn lại  rôi cho cua và nước sốt chế biến phía trên vào vừa đủ. Ở bước này  bạn nhớ đảo đều tay để cua thấm đều phần nước sốt “bí truyền”. Sau đó  cho lá tía tô vào xào sơ lại  nêm nếm lần nữa để vừa ăn là bạn có thể tắt bếp rồi đấy. | Để món ăn thêm phần hấp dẫn  bạn xếp cua ra dĩa  rưới nước sốt đều xung quanh và trang trí thêm với là tía tô. Bạn có thể ăn món Cua Rang Sốt Tía Tô với cơm và nhớ thưởng thức ngay khi còn nóng để cảm nhận trọn vị tươi  ngọt  săn chắc của thịt cua hòa quyện nước sốt sánh đặc  đậm đà và hương thơm nhẹ từ lá tía tô nhé!,https://www.maggi.com.vn/cong-thuc/cua-rang-sot-tia-to
Sườn Kho Nước Tương Quả Vả,40 phút,,N/A,4 muỗng canh Nước tương MAGGI | 1 Muỗng cà phê Dầu Hào MAGGI | 500 g Sườn non heo | 1 muỗng canh Tỏi băm | 1 muỗng canh Sả băm | 2 muỗng canh Dầu Ăn | 2 muỗng canh Đường | 1 gam Tiêu xay | 1 gam Tiêu xay | 500 ml Nước lọc | 200 g Quả vả,Sườn non mua về bạn chặt thành miếng vừa ăn. Tiếp theo  rửa qua nước muối rồi rửa lại lần nữa bằng nước sạch  vớt ra rổ cho ráo nước hẳn. Trái vả gọt vỏ  rửa sạch  cắt thành làm 4  nếu quả lớn bạn có thể cắt làm 8 nhé! | Để pha phần nước gia vị cho món kho ngon đúng vị mà vẫn khác biệt  MAGGI bật mí công thức sau đây. Bạn cho tất cả nguyên liệu gồm: nước tương MAGGI  dầu hào MAGGI  1 muỗng canh đường  tiêu xay và nước lọc vào chén  rồi dùng muỗng khuấy đều để các gia vị hòa quyện đều vào nhau. | Món Sườn Kho Nước Tương Quả Vả sẽ là thiếu sót nếu thiếu màu nâu sậm óng ánh từ nước màu. Bạn bắc chảo nhỏ lên bếp cho nóng  rồi cho vào 1 muỗng đường  khuấy đều tay đến khi đường chuyển thành màu nâu cánh gián thì cho ngay 1 ít nước lọc vào. | Bước quan trọng làm nên Sườn Kho Nước Tương Quả Vả đậm đà  lạ miệng đây. Bạn đun nóng dầu ăn trong chảo  sau đó thêm sả băm  tỏi băm vào phi thơm cùng với sườn. Tiếp theo  cho nước màu và chén gia vị bên trên vào mở lửa lớn  vớt bọt bỏ  rồi vặn nhỏ lửa nấu đến khi nước kho còn 1/2 thì cho quả vả vào kho tiếp đến khi thịt chín và phần nước kho sệt lại thì tắt bếp. | Cho Sườn Kho Nước Tương Quả Vả ra dĩa  rắc thêm một ít tiêu lên trên cho dậy mùi. Món này hãy ăn khi còn nóng và dùng với cơm trắng  có thêm chén nước tương MAGGI chấm cùng thì tuyệt vời luôn nhé.,https://www.maggi.com.vn/cong-thuc/suon-kho-nuoc-tuong-qua-va
Thịt đà điểu làm món gì ngon? Công thức đà điểu xào sả lá chanh,30 phút,3 người ăn,N/A,Thịt Đà Điểu | Hành Tây | Sả Cây | Dầu Ăn | Tỏi Băm | Ớt Băm | Tiêu | Dầu Hào Maggi | Hạt Nêm Maggi | Nước Mắm Maggi | 6 lá Lá chanh,Bạn rửa thịt đà điểu rồi cắt lát mỏng vừa. Lưu ý  để cắt thịt dễ hơn  hãy làm lạnh thịt trước khi cắt. Tiếp đó  cần ướp thịt đà điểu với 1 muỗng canh dầu hào MAGGI  hạt nêm MAGGI nấm hương  nước mắm MAGGI  1/2 muỗng tỏi băm  cùng 1 muỗng cà phê sả và ớt đã băm nhỏ  thêm chút tiêu. Trộn đều và ướp trong 15 phút. Đối với hành tây  bạn lột vỏ  rửa sạch rồi thái múi cau. Riêng lá chanh sau khi rửa nước sẽ thái sợi chỉ nhuyễn. | Đổ dầu vào chảo  đun sôi thì phi thơm phần tỏi băm cùng sả băm còn lại. Tiếp đến sẽ cho thịt đà điểu vào  xào liên tục trong khoảng 3 phút thì nêm thêm phần dầu hào MAGGI còn lại  đảo đều  thử vị thấy vừa thì thêm hành tây vào  xào hành cho vừa chín tới. | Bạn cho lá chanh vừa thái vào chảo  đảo qua một lần là có thể tắt bếp. Cho món ăn ra dĩa  trang trí thêm ớt thái lát lên trên bề mặt. Món ngon dùng kèm với cơm nóng và có thể chấm cùng nước tương MAGGI. Thịt đà điểu đậm vị hài hòa cùng lá chanh thơm nồng  sẽ làm hài lòng đến cả những vị khách khó tính nhất.,https://www.maggi.com.vn/cong-thuc/thit-da-dieu-xao-ot-sa-la-chanh
Su hào xào cà rốt thập cẩm,42 phút,2 người ăn,N/A,Dầu hào Maggi | 1 muỗng cà phê MAGGI Hạt Nêm Nấm Hương | Thịt thăn xay | 1 củ Su Hào | 1/2 củ Cà Rốt | Miến | Hành lá | Hành khô | Tiêu xay | Dầu ăn | 10 g Rau mùi,Để làm món su hào xào cà rốt thập cẩm  trước tiên bạn rửa sạch thịt thăn  vớt ra để ráo. Sau đó  xay nhỏ thịt và ướp với 1 muỗng dầu hào MAGGI để tăng vị đậm đà. | Su hào và cà rốt gọt vỏ  rửa sạch  bào sợi nhỏ hoặc thái bằng dao. Miến ngâm mềm  cắt khúc. Nấm hương  hành lá  rau mùi bỏ gốc  cắt nhỏ. Hành khô thái lát mỏng. | Phi thơm hành  xào nấm và thịt thăn rồi để riêng. Tiếp đến  xào su hào  cà rốt với hạt nêm MAGGI nấm hương  rồi cho miến và dầu hào MAGGI vào đảo đến khi chín. | Cho thịt  nấm vào chảo  thêm dầu hào MAGGI xào thêm 2 phút để thấm đều gia vị. Rắc hành lá  rau mùi  hạt tiêu. Su hào xào cà rốt thập cẩm thơm ngon đã sẵn sàng! | Trình bày ra dĩa và thưởng thức. Món su hào xào cà rốt thập cẩm thơm lừng  tốt cho sức khỏe và vóc dáng  thích hợp cho những ai yêu thích món ăn thanh đạm.,https://www.maggi.com.vn/cong-thuc/su-hao-xao-thap-cam
Hàu Nướng Phô Mai Dầu Hào,30 phút,6 người ăn,N/A,2 kilôgam Hàu | 120 g Phô Mai | 1 muỗng canh MAGGI Dầu Hào | Rượu trắng | Đường | Nước cốt chanh | Ớt xắt lát | Nước mắm MAGGI,Hàu sau khi mua về  bạn ngâm với nước khoảng 2 - 3 tiếng để lớp bùn đất bên ngoài mềm ra  giúp công đoạn sơ chế hàu được dễ dàng hơn. Dùng bàn chải chà rửa sạch từ phần vỏ đến miệng hàu  sau đó chần với nước nóng trong 2 phút cho dễ tách vỏ  rửa sơ qua rượu trắng khử mùi tanh rồi để ráo. | Dùng cọ phết lên thịt hàu một lớp mỏng dầu hào MAGGI rồi đặt một miếng phô mai lên mặt hàu. Bạn lặp lại thao tác này đến khi hết số lượng hàu nhé! | Bạn mở nồi chiên không dầu cho nóng khoảng 5 phút để nhiệt lượng phân bổ đều  sau đó xếp từng con hàu vào bên trong  đậy nắp lại chiên ở mức 200 độ với thời gian 5 phút. Cách để nướng hàu ngon đó là chỉ nướng đến khi hàu vừa chín tới để giữ độ ngọt và mọng nước  tránh cho hàu bị khô. | Khi hàu đã chín  bạn dọn món ăn ra dĩa và thưởng thức ngay khi còn nóng. Hàu nướng phô mai ăn kèm với một ít nước mắm đường chua cay hay ăn không đều rất ngon. Phô mai và thịt hàu béo thơm ngậy  nức lòng người thưởng thức.,https://www.maggi.com.vn/cong-thuc/hau-nuong-pho-mai-dau-hao
Sốt Chấm Gỏi Cuốn,15 phút,2 người ăn,N/A,4 muỗng canh MAGGI Nước Tương | 1 muỗng canh Tương ớt | 2 muỗng canh Nước Cốt Dừa | 1 muỗng cà phê Bơ đậu phộng | 1 muỗng cà phê Đường Trắng | 1 muỗng canh Dầu Hành Tỏi Phi | 1 muỗng canh Nước Cốt Me,Bạn cho vào 1 chén nhỏ lần lượt các loại gia vị gồm nước tương MAGGI  tương ớt  nước cốt dừa  nước cốt me  dầu hành tỏi phi  bơ đậu phộng và đường cát. Khuấy đều hỗn hợp cho hòa tan là có ngay 1 chén sốt chấm hảo hạng. | Bày chén sốt chấm cùng những cuốn gỏi đã chuẩn bị sẵn  chấm gỏi cuốn ngập sốt và từ từ cảm nhận mùi sốt thơm dịu đang lan tỏa trong vị béo của nước cốt và bơ đậu phộng thêm chút chua nhẹ của me  cay cay của tương ớt. Vị ngon đúng “đỉnh” đó bạn nha!,https://www.maggi.com.vn/cong-thuc/sot-cham-goi-cuon
Bánh Tráng Nướng Chảo,30 phút,4 người ăn,N/A,Bánh tráng | Thịt heo xay | Xúc xích | Trứng gà | Pate gan | Phô mai | Hành lá | Tép khô | Hành phi | Ớt sa tế | Tiêu xay | Dầu ăn | Hạt nêm MAGGI nấm hương | Tương ớt MAGGI,Đầu tiên  bạn làm nóng một cái chảo nhỏ với dầu ăn rồi cho thịt heo xay vào đảo đều  nêm nếm với hạt nêm MAGGI nấm hương và tiêu xay cho đậm đà. Bạn đảo khoảng 5 phút cho thịt vừa chín tới  săn lại thì múc ra để riêng. | Bắc một chiếc chảo khô lên bếp  chờ đến khi chảo đã nóng già thì cho bánh tráng vào nướng. Khi bạn thấy phần rìa bánh hơi cong lên thì cho ớt sa tế vào  dùng mặt dưới muỗng tán đều. Tiếp tục cho lên trên bề mặt bánh tráng ít hành lá  1 muỗng canh thịt heo xào  đập 1 quả trứng gà lên trên  di chuyển muỗng nhẹ nhàng để các nguyên liệu dàn đều  trứng gà không bị tràn khỏi mặt bánh. | Chờ đến khi trứng gà chín và hơi khô lại  bạn cho tiếp pate gan  1 viên phô mai  tán nhuyễn đều khắp mặt. Sau đó lần lượt rải đều lên bề mặt bánh tép khô  hành phi  xúc xích cắt xéo cho đẹp mắt. | Để món ăn thêm thơm ngon và đậm vị  bạn cho xốt mayonnaise và tương ớt MAGGI lên trên theo đường ziczac  phủ khắp mặt bánh tráng nướng. | Nhẹ nhàng dùng muỗng lớn gập bánh lại. Áp chảo giòn đều cả hai mặt bánh rồi thưởng thức. Bạn nướng đến khi hết bánh tráng và nguyên liệu  nhưng món mới thời thượng này tốt nhất là làm đến đâu ăn đến đó để cảm nhận được vị giòn rụm của bánh kèm với vị béo  mặn ngọt hài hòa từ các nguyên liệu bạn nhé! Đừng quên ăn kèm với tương ớt MAGGI cay mát  đảm bảo món nhà làm ngon như nhà hàng luôn đó nha!,https://www.maggi.com.vn/cong-thuc/banh-trang-nuong-chao
Gỏi Tôm Thịt,80 phút,2 người ăn,N/A,100 g Tôm | 200 g Củ Hũ Dừa | 100 g Cà Rốt | 20 g Rau Răm | 10 g Hành Phi Giòn | 10 g Đậu Phộng Rang | 5 g Ngò Gai | 10 g Ớt Bằm | 80 g Đường Trắng | 2 muỗng canh Nước cốt chanh | 4 muỗng canh MAGGI Nước Mắm | Tỏi băm | Muối | 100g Thịt lợn  tươi  nhiều loại thịt và phụ phẩm  gan  nấu chín  om,Đầu tiên  bạn gọt vỏ cà rốt và dưa leo  rửa sạch rồi thái thành lát mỏng vừa ăn. Độ dài khoảng 7cm là vừa đẹp. Với dưa leo  nhớ loại bỏ phần ruột bên trong để món gỏi không bị ướt và dưa được ngon  giòn hơn. Củ hủ dừa bạn nên nạo sạch lớp vỏ ngoài  rửa sạch với nước rồi thái thành những lát mỏng vừa ăn. Ngâm phần củ hũ dừa đã thái trong nước đá lạnh có hòa cùng nước cốt chanh tươi để giữ độ trắng  giòn khi thưởng thức. | Rửa thịt ba chỉ và tôm với nước và một ít muối  sau đó bắc lên bếp luộc chín thịt với nước lạnh. Lưu ý là bạn phải để phần thịt luộc ngập trong nước  như vậy thịt sẽ chín từ từ và không bị thâm. Sau khi thịt đã chín  ngâm thịt vào tô nước lạnh để giữ độ trắng. Tiếp tục luộc tôm với nước thịt vừa dùng  bạn chỉ nên luộc khoảng 3 phút để tôm vừa chín tới  có màu đỏ đẹp mắt. Đừng luộc tôm quá lâu sẽ làm tôm bị khô và mất vị ngon ngọt tự nhiên. Ngâm tôm vào nước lạnh để tôm giòn dai  dễ bóc vỏ. | Khi tôm và thịt đã nguội  vớt ra để ráo nước một chút. Bạn thái thịt ba chỉ thành những miếng mỏng vừa ăn. Không nên cắt quá dày sẽ làm thịt khó thấm gia vị trộn gỏi. Với tôm  bạn bóc vỏ và giữ lại phần đuôi cho đẹp mắt. | Nước mắm trộn gỏi chính là yếu tố quyết định và là linh hồn của các món gỏi. Bắt tay vào làm thôi! Bắc nồi hoặc chảo lên bếp  cho nước mắm MAGGI vào với 4 muỗng canh nước lọc  đường trắng rồi đun sôi liu riu. Trộn đều tay để đường tan hết và hỗn hợp nước mắm keo sệt lại thì tắt bếp  để nguội. Khi nước mắm đã nguội hẳn  bạn thêm tỏi băm  ớt băm và nước cốt chanh vào  khuấy đều cho hòa quyện. Hỗn hợp nước mắm sánh kẹo và thơm  ngọt  mặn chua chua vừa miệng là chuẩn vị. | Để ráo hẳn củ hũ dừa  dưa leo và cà rốt trước khi tiến hành trộn gỏi bạn nhé. Nếu phần nguyên liệu chưa ráo thì khi trộn gỏi tôm thịt sẽ bị ướt và kém giòn. Cho củ hũ dừa  dưa leo  cà rốt và tôm thịt vào chung một tô  rưới nước mắm lên trên rồi trộn đều tất cả cho thấm. Nên trộn thật nhẹ tay để tránh cho rau củ bị nát và làm món gỏi chảy nước  kém ngon. | Cuối cùng  bạn thêm rau răm cắt nhỏ  ngò gai  đậu phộng rang và hành phi giòn  trộn đều một lần nữa là đã có thể bày ra đĩa thưởng thức rồi. Món gỏi tôm thịt củ hũ dừa giòn giòn lạ miệng  chua ngọt hài hòa kết hợp với tôm thịt  đậu phộng rang béo bùi sẽ khiến bạn ăn mãi không ngừng. Món gỏi rất hợp ăn cùng bánh phồng tôm chiên  cả nhà sẽ gật gù khi thưởng thức đấy!,https://www.maggi.com.vn/cong-thuc/goi-tom-thit
Bồ Câu Xào Lăn,45 phút,3 người ăn,N/A,500 g Bồ Câu | 1 quả Ớt Trái | 5 g Tỏi | 100 g Lạc Rang | 1/2 muỗng cà phê Đường | 1 gói Bột Cà Ri | 1 gói Phồng Tôm | 1/2 muỗng canh MAGGI Nước Mắm | 1 muỗng canh MAGGI Dầu Hào | Sả cây | Tiêu,Bồ câu làm sạch lông và ruột  rửa sạch với nước  để ráo rồi sau đó băm nhuyễn. Sả cây bóc bỏ phần vỏ già bên ngoài  rửa sạch sau đó băm nhuyễn với hành và tỏi. Rang chín đậu phộng rồi để nguội cho lớp vỏ dễ bóc hơn. Giã nhỏ đậu phộng chứ đừng giã nát bạn nhé. Bánh phồng tôm chiên rồi vớt ra cho ráo dầu. | Làm nóng chảo rồi đun cho dầu sôi  bạn kiểm tra thấy đầu đũa gỗ khi nhúng vào dầu có bong bóng nhỏ sủi lên thì cho hành  tỏi  sả băm nhuyễn vào xào cho thơm. Tiếp đến bạn cho thịt bồ câu bằm nhuyễn vào xào  thêm bột cà ri để món ăn thơm ngon đúng điệu. | Đảo đều cho bột cà ri hòa quyện cùng thịt  nêm thêm dầu hào MAGGI  nước mắm MAGGI  tiêu  đường và điều chỉnh sao cho phù hợp với khẩu vị của bạn. | Khi thịt đã chín tới  cho đậu phộng rang giã nhỏ vào rồi bày món ăn ra đĩa. Rắc rau ngổ và ớt trái đã rửa sạch thái nhỏ lên mặt món ăn cho thơm và đượm vị cay nồng. Bồ câu xào lăn ăn kèm bánh phồng chiên hay bánh tráng nướng đều rất ngon. Thịt chim ra ràng mềm béo  thơm lừng mùi hành  sả và cà ri  bùi bùi của đậu phộng  vừa ngon vừa dinh dưỡng.,https://www.maggi.com.vn/cong-thuc/bo-cau-xao-lan
Tôm Bằm Xúc Bánh Tráng,35 phút,4 người ăn,N/A,600 g Tôm Sú | 10 g Sả Băm | 1/4 muỗng cà phê Ớt Bột | 10 g Tiêu Xanh | 5 g Ngò Rí | 1 quả Ớt Sừng | 1 quả Cà Rốt | 1 muỗng cà phê Đường Trắng | 1 muỗng canh Đậu Phộng Rang | 1 muỗng canh Dầu Hành Tỏi Phi | 1 muỗng canh MAGGI Nước Mắm | 2 muỗng canh Tương ớt | 1 muỗng cà phê MAGGI Dầu Hào | Bánh tráng | Nước cốt chanh | Hạt nêm MAGGI nấm hương,Bạn lột bỏ vỏ và đầu tôm  dùng tăm tre nhẹ nhàng rút phần chỉ đen ở lưng  lau khô rồi cắt hạt lựu nhỏ. Rau ngò rí rửa sạch  cắt nhỏ. Bánh tráng dùng kéo cắt miếng hình tam giác vừa ăn  nướng bánh tráng trên than hồng đến khi chín giòn  có màu vàng ươm đẹp mắt. Tiêu xanh bỏ cuống  rửa sạch hạt rồi băm hoặc giã nhuyễn. Ớt sừng cắt lát mỏng  đậu phộng rang xát vỏ  giã nhỏ. | Ướp tôm với các gia vị gồm nước mắm MAGGI  hạt nêm MAGGI nấm hương  dầu hào MAGGI  bột ớt  sả băm. Trộn đều và để khoảng 5 phút cho tôm thấm gia vị đậm đà hơn. | Làm nóng chảo dầu tỏi  cho tôm đã ướp vào xào cho săn lại. Khi tôm vừa chín tới  chuyển sang màu đỏ hồng thì bạn cho đậu phộng  tiêu và ngò gai vào xào đều rồi tắt lửa. Bạn xào tôm nhanh trên lửa vừa  không nên xào quá lâu để tránh tôm bị khô lại nhé! | Món tôm bằm xào ngon khi ăn cùng nước chấm. Bạn pha nước chấm gồm tương ớt  nước cốt chanh và vài lát ớt sừng. Khuấy đều cho nước chấm tan  có vị chua ngọt  cay nhẹ là được. | Xếp bánh tráng nướng ra dĩa  cho tôm bằm xào lên trên  trang trí thêm ớt sừng cắt lát và ngò rí là sẵn sàng thưởng thức rồi đấy. Tôm sú giòn ngọt  được xào chín tới vẫn còn cảm giác mọng nước trong miệng khi ăn. Bánh tráng nướng giòn tan  ăn cùng tôm bằm thời thượng và mới lạ sẽ khiến mọi người trầm trồ đó nha!,https://www.maggi.com.vn/cong-thuc/tom-bam-xuc-banh-trang
Ngan Nướng Sả Riềng Mẻ,57 phút,,N/A,50 g Dầu Hào MAGGI | 30 g Nước tương MAGGI Đậm Đặc | 10 g Hạt nêm MAGGI | 15 g Đường cát | 2 kilôgam Thịt ngan nguyên con làm sạch | 60 g Dầu Ăn | 20 g Riềng băm | 20 g Sả Băm | 30 g Hành tím băm | 20 g Tỏi băm | 30 g Cơm mẻ | 10 g Mắm tôm,Để sơ chế “nhân vật chính” của món ăn hôm nay  đầu tiên  bạn chặt thịt ngan thanh miếng vừa ăn  nếu có thời gian bạn có thể lóc phi lê thịt ngan để tránh xương nhé! Tiếp theo  bạn hãy dùng muối hoặc chanh chà xát khắp thân ngan và nhớ dùng tay bóp kỹ để các chất nhờn  chất bẩn  mùi hôi trong lỗ chân lông ngan tiết ra ngoài. Cuối cùng  bạn đem ngan rửa lại với nước cho thật sạch rồi vớt ra để ráo. | Muốn làm nên hương vị đặc trưng của món Ngan Nướng Sả Riềng Mẻ  bạn cho hết tất cả riềng  sả  hành  tỏi  nước cơm mẻ vào máy xay  xay nhuyễn thành hỗn hợp nhỏ. | Bí quyết ướp thịt để giữ được hương vị đặc trưng Hà Nội cho món Ngan Nướng Sả Riềng Mẻ  mà vẫn tạo được sự khác biệt của riêng bạn là đây. Cho thịt ngan vào một bát (tô) lớn  sau đó thêm vào các nguyên liệu gồm: dầu hào MAGGI  nước tương MAGGI đậm đặc  hạt nêm MAGGI  đường  mắm tôm  dầu ăn và hỗn hợp vừa xay nhuyễn. Bạn nhớ trộn đều tay và ướp tầm 10 phút cho thịt ngan ngấm gia vị  rồi xiên thành các xâu thịt bằng nhau hoặc kẹp thịt vào vỉ nướng nhé! | Trước khi nướng thịt  bạn hãy khởi động lò nướng khoảng 15 phút cho nóng lò. Sau đó  cho thịt ngan vào lò và bắt đầu nướng trong khoảng 15 - 20 phút. Trong lúc nướng nhớ thăm chừng và đảo mặt thịt nướng đều 2 mặt. Lưu ý  không nên nướng thịt ngan quá lâu vì như thế sẽ làm thịt ngan cháy hoặc bị nhão. | Thịt sau khi đã nướng chín  bạn lấy ra cho vào dĩa  trang trí cùng ít rau ngò cho đẹp mắt. Vậy là món Ngan Nướng Sả Riềng Mẻ thơm lừng  đậm vị với công thức khác biệt từ MAGGI đã hoàn thành rồi. Và đừng quên chuẩn bị thêm chén cơm nóng để ăn cùng là hết sảy đấy nhé!,https://www.maggi.com.vn/cong-thuc/ngan-nuong-sa-rieng-me
Miến Lươn Trộn,60 phút,,N/A,400 g Lươn con to | 200 g Miến | 15 g Muối | 60 g Bột Chiên Giòn | 10 g Gừng tươi | 5 g Rau thơm | 5 g Đậu Phộng Rang | 2 g Hành phi | 20 g Dưa giá cà rốt chua ngọt | 30 g Nước nóng | 30 g Giấm Gạo | 15 g Dầu Hào MAGGI | 13 g Hạt nêm MAGGI | 30 g Nước tương MAGGI | 60 g Đường cát | 1 gam Ớt Bột | 2 g Tiêu Sọ,Lươn sau khi mua về  bạn cho muối vào xóc đều để lươn tự quẫy nhả nhớt. Tiếp theo  bạn dùng nước nóng 50-70°C dội xả 1 lượt nữa cho lươn sạch hết nhớt  rồi rửa lại bằng nước lạnh nhiều lần. Sau khi lươn đã sạch  bạn tiến hành phi lê lươn  để riêng phần xương với phần thịt. Với thịt  bạn tiếp tục cắt sợi vừa ăn. | Ăn Miến Lươn Trộn thì không thể nào thiếu phần nước súp ngọt thanh ăn kèm. Để chế biến  bạn cho phần xương lươn vừa lóc ở trên  hầm với gừng cắt lát trong lửa nhỏ tầm 15 phút. Sau đó  vớt xương ra và nêm 10gr hạt nêm MAGGI cho 500ml nước dùng. | Phần thịt lươn đã cắt sợi bạn cho vào tô  nêm thêm lượng hạt nêm MAGGI còn lại  10gr dầu hào và tiêu  rồi dùng muỗng trộn đều cho gia vị thấm vào thịt. Tiếp theo  cho tiếp bột chiên giòn vào tô lươn  trộn đều lần nữa để từng miếng thịt lươn được lớp áo bột mỏng bên ngoài. Để hoàn thành phần thịt lươn giòn tan  đậm đà ăn cùng miến  bạn đun nóng chảo dầu  cho lươn vào chiên đến khi vàng giòn  vớt lươn ra để ráo dầu là được nhé! | Muốn món Miến Lươn Trộn vừa giữ được nét đặc trưng của món ăn Bắc Trung Bộ  mà vẫn tạo được sự khác biệt tích cực thì phải lưu ngay công thức nước sốt trộn đặc biệt này nhé  bạn ơi! Cho tất cả nguyên liệu gồm: Nước nóng  dấm gạo  dầu hào MAGGI  nước tương MAGGI  đường cát  ớt bột  tiêu sọ vào chén (bát) khuấy đều tay đền khi tan  hòa quyện hết vào nhau. | Vậy là món Miến Lươn Trộn sắp “ra lò” rồi  chỉ còn thiếu mỗi phần miến thôi. Bạn nhanh tay cho nước vào nồi  đun sôi và thêm vào 1 muỗng canh dầu ăn. Tiếp đến  bạn cho miến vào nồi trụng khoảng 3 phút  vớt ra để ráo. Mách bạn mẹo nhỏ để món miến trộn không bị dính nhau là thêm 1 ít nước dùng vào miến sau khi trụng và nhớ trộn đều với nhau nhé! | Đây  món Miến Lươn Trộn bắt miệng đã sẵn sàng phục vụ cả nhà bạn rồi đây. Hãy xếp miến vừa được chế biến vào tô  thêm lươn chiên giòn  rau thơm  dưa giá cà rốt chua ngọt  đậu phộng rang  hành phi và chan nước sốt công thức “bí truyền” từ MAGGI vào là đảm bảo cả nhà phải trầm trồ về tài nấu nướng của bạn đấy. Và đừng quên thêm 1 chén nước súp thanh nhẹ được hầm lúc nãy để ăn cùng nữa nhé!,https://www.maggi.com.vn/cong-thuc/mien-luon-tron
Cua Rang Sốt Tía Tô,28 phút,,N/A,500 g Cua sống | 5 g Rượu hoa hồi | 20 g Đường | 5 g Dầu Mè | 10 g Nước gia vị cô đặc MAGGI | 15 g Dầu Hào MAGGI | 48 g Sốt tương ngọt (hoisin) | 15 g Chao đỏ | 135 g Chao trắng loại | 1.5 g Bột cam thảo | 10 g Ngũ Vị Hương | 30 g Hành tím | 30 g Tỏi băm | 30 g Gừng | 10 g Lá tía tô,Cua sống mua về bạn chà và rửa sạch với nước  rồi chặt mỗi con thành 4 phần đều nhau. Với tía tô  bạn lặt lấy lá  rửa với nước sạch  vớt ra để ráo nước  su đó cắt thành sợi mỏng. | Để chế biến phần nước sốt vừa giữ được hương vị đặc trưng vùng Đông Bắc  vừa tạo được sự khác biệt cho món Cua Rang Sốt Tía Tô bạn hãy ghi chú ngay lại công thức sau! Bắc chảo lên bếp  cho vào 1 ít dầu ăn  đợi dầu nóng nhanh tay bỏ vào 1/2 hành  tỏi  gừng xào cho thơm. Tiếp theo  cho hết các gia vị còn lại gồm: rượu hoa hồi  đường  dầu mè  nước gia vị MAGGI  dầu hào MAGGI  sốt tương ngọt (hoisin)  chao đỏ  chao trắng  bột cam thảo  ngũ vị hương vào đảo đều tay để hỗn hợp hòa quyện vào nhau. Lúc này  bạn có thể gia giảm phần gia vị sao cho vừa ăn  rồi tắt bếp cho ra bát (chén) nhé! | Sau khi đã chuẩn bị xong phần nước sốt xào  bạn bắt lên bếp 1 chảo khác  đổ ngập dầu  chờ dầu nóng thì thả từ từ phần cua đã sơ chế lúc nãy nào chiên với lửa lớn. Cua chiên đã chín và thơm lừng thì bạn nhanh tay vớt cua ra để ráo nhé! | Đến phần chế biến quan trọng nhất của món Cua Rang Sốt Tía Tô đây. Bạn hãy tiếp tục bắt chảo dầu lên bếp  phi thơm 1/2 hành  tỏi  gừng còn lại  rôi cho cua và nước sốt chế biến phía trên vào vừa đủ. Ở bước này  bạn nhớ đảo đều tay để cua thấm đều phần nước sốt “bí truyền”. Sau đó  cho lá tía tô vào xào sơ lại  nêm nếm lần nữa để vừa ăn là bạn có thể tắt bếp rồi đấy. | Để món ăn thêm phần hấp dẫn  bạn xếp cua ra dĩa  rưới nước sốt đều xung quanh và trang trí thêm với là tía tô. Bạn có thể ăn món Cua Rang Sốt Tía Tô với cơm và nhớ thưởng thức ngay khi còn nóng để cảm nhận trọn vị tươi  ngọt  săn chắc của thịt cua hòa quyện nước sốt sánh đặc  đậm đà và hương thơm nhẹ từ lá tía tô nhé!,https://www.maggi.com.vn/cong-thuc/cua-rang-sot-tia-to
Sườn Kho Nước Tương Quả Vả,40 phút,,N/A,4 muỗng canh Nước tương MAGGI | 1 Muỗng cà phê Dầu Hào MAGGI | 500 g Sườn non heo | 1 muỗng canh Tỏi băm | 1 muỗng canh Sả băm | 2 muỗng canh Dầu Ăn | 2 muỗng canh Đường | 1 gam Tiêu xay | 1 gam Tiêu xay | 500 ml Nước lọc | 200 g Quả vả,Sườn non mua về bạn chặt thành miếng vừa ăn. Tiếp theo  rửa qua nước muối rồi rửa lại lần nữa bằng nước sạch  vớt ra rổ cho ráo nước hẳn. Trái vả gọt vỏ  rửa sạch  cắt thành làm 4  nếu quả lớn bạn có thể cắt làm 8 nhé! | Để pha phần nước gia vị cho món kho ngon đúng vị mà vẫn khác biệt  MAGGI bật mí công thức sau đây. Bạn cho tất cả nguyên liệu gồm: nước tương MAGGI  dầu hào MAGGI  1 muỗng canh đường  tiêu xay và nước lọc vào chén  rồi dùng muỗng khuấy đều để các gia vị hòa quyện đều vào nhau. | Món Sườn Kho Nước Tương Quả Vả sẽ là thiếu sót nếu thiếu màu nâu sậm óng ánh từ nước màu. Bạn bắc chảo nhỏ lên bếp cho nóng  rồi cho vào 1 muỗng đường  khuấy đều tay đến khi đường chuyển thành màu nâu cánh gián thì cho ngay 1 ít nước lọc vào. | Bước quan trọng làm nên Sườn Kho Nước Tương Quả Vả đậm đà  lạ miệng đây. Bạn đun nóng dầu ăn trong chảo  sau đó thêm sả băm  tỏi băm vào phi thơm cùng với sườn. Tiếp theo  cho nước màu và chén gia vị bên trên vào mở lửa lớn  vớt bọt bỏ  rồi vặn nhỏ lửa nấu đến khi nước kho còn 1/2 thì cho quả vả vào kho tiếp đến khi thịt chín và phần nước kho sệt lại thì tắt bếp. | Cho Sườn Kho Nước Tương Quả Vả ra dĩa  rắc thêm một ít tiêu lên trên cho dậy mùi. Món này hãy ăn khi còn nóng và dùng với cơm trắng  có thêm chén nước tương MAGGI chấm cùng thì tuyệt vời luôn nhé.,https://www.maggi.com.vn/cong-thuc/suon-kho-nuoc-tuong-qua-va
Thịt đà điểu làm món gì ngon? Công thức đà điểu xào sả lá chanh,30 phút,3 người ăn,N/A,Thịt Đà Điểu | Hành Tây | Sả Cây | Dầu Ăn | Tỏi Băm | Ớt Băm | Tiêu | Dầu Hào Maggi | Hạt Nêm Maggi | Nước Mắm Maggi | 6 lá Lá chanh,Bạn rửa thịt đà điểu rồi cắt lát mỏng vừa. Lưu ý  để cắt thịt dễ hơn  hãy làm lạnh thịt trước khi cắt. Tiếp đó  cần ướp thịt đà điểu với 1 muỗng canh dầu hào MAGGI  hạt nêm MAGGI nấm hương  nước mắm MAGGI  1/2 muỗng tỏi băm  cùng 1 muỗng cà phê sả và ớt đã băm nhỏ  thêm chút tiêu. Trộn đều và ướp trong 15 phút. Đối với hành tây  bạn lột vỏ  rửa sạch rồi thái múi cau. Riêng lá chanh sau khi rửa nước sẽ thái sợi chỉ nhuyễn. | Đổ dầu vào chảo  đun sôi thì phi thơm phần tỏi băm cùng sả băm còn lại. Tiếp đến sẽ cho thịt đà điểu vào  xào liên tục trong khoảng 3 phút thì nêm thêm phần dầu hào MAGGI còn lại  đảo đều  thử vị thấy vừa thì thêm hành tây vào  xào hành cho vừa chín tới. | Bạn cho lá chanh vừa thái vào chảo  đảo qua một lần là có thể tắt bếp. Cho món ăn ra dĩa  trang trí thêm ớt thái lát lên trên bề mặt. Món ngon dùng kèm với cơm nóng và có thể chấm cùng nước tương MAGGI. Thịt đà điểu đậm vị hài hòa cùng lá chanh thơm nồng  sẽ làm hài lòng đến cả những vị khách khó tính nhất.,https://www.maggi.com.vn/cong-thuc/thit-da-dieu-xao-ot-sa-la-chanh
Su hào xào cà rốt thập cẩm,42 phút,2 người ăn,N/A,Dầu hào Maggi | 1 muỗng cà phê MAGGI Hạt Nêm Nấm Hương | Thịt thăn xay | 1 củ Su Hào | 1/2 củ Cà Rốt | Miến | Hành lá | Hành khô | Tiêu xay | Dầu ăn | 10 g Rau mùi,Để làm món su hào xào cà rốt thập cẩm  trước tiên bạn rửa sạch thịt thăn  vớt ra để ráo. Sau đó  xay nhỏ thịt và ướp với 1 muỗng dầu hào MAGGI để tăng vị đậm đà. | Su hào và cà rốt gọt vỏ  rửa sạch  bào sợi nhỏ hoặc thái bằng dao. Miến ngâm mềm  cắt khúc. Nấm hương  hành lá  rau mùi bỏ gốc  cắt nhỏ. Hành khô thái lát mỏng. | Phi thơm hành  xào nấm và thịt thăn rồi để riêng. Tiếp đến  xào su hào  cà rốt với hạt nêm MAGGI nấm hương  rồi cho miến và dầu hào MAGGI vào đảo đến khi chín. | Cho thịt  nấm vào chảo  thêm dầu hào MAGGI xào thêm 2 phút để thấm đều gia vị. Rắc hành lá  rau mùi  hạt tiêu. Su hào xào cà rốt thập cẩm thơm ngon đã sẵn sàng! | Trình bày ra dĩa và thưởng thức. Món su hào xào cà rốt thập cẩm thơm lừng  tốt cho sức khỏe và vóc dáng  thích hợp cho những ai yêu thích món ăn thanh đạm.,https://www.maggi.com.vn/cong-thuc/su-hao-xao-thap-cam
Hàu Nướng Phô Mai Dầu Hào,30 phút,6 người ăn,N/A,2 kilôgam Hàu | 120 g Phô Mai | 1 muỗng canh MAGGI Dầu Hào | Rượu trắng | Đường | Nước cốt chanh | Ớt xắt lát | Nước mắm MAGGI,Hàu sau khi mua về  bạn ngâm với nước khoảng 2 - 3 tiếng để lớp bùn đất bên ngoài mềm ra  giúp công đoạn sơ chế hàu được dễ dàng hơn. Dùng bàn chải chà rửa sạch từ phần vỏ đến miệng hàu  sau đó chần với nước nóng trong 2 phút cho dễ tách vỏ  rửa sơ qua rượu trắng khử mùi tanh rồi để ráo. | Dùng cọ phết lên thịt hàu một lớp mỏng dầu hào MAGGI rồi đặt một miếng phô mai lên mặt hàu. Bạn lặp lại thao tác này đến khi hết số lượng hàu nhé! | Bạn mở nồi chiên không dầu cho nóng khoảng 5 phút để nhiệt lượng phân bổ đều  sau đó xếp từng con hàu vào bên trong  đậy nắp lại chiên ở mức 200 độ với thời gian 5 phút. Cách để nướng hàu ngon đó là chỉ nướng đến khi hàu vừa chín tới để giữ độ ngọt và mọng nước  tránh cho hàu bị khô. | Khi hàu đã chín  bạn dọn món ăn ra dĩa và thưởng thức ngay khi còn nóng. Hàu nướng phô mai ăn kèm với một ít nước mắm đường chua cay hay ăn không đều rất ngon. Phô mai và thịt hàu béo thơm ngậy  nức lòng người thưởng thức.,https://www.maggi.com.vn/cong-thuc/hau-nuong-pho-mai-dau-hao
Sốt Chấm Gỏi Cuốn,15 phút,2 người ăn,N/A,4 muỗng canh MAGGI Nước Tương | 1 muỗng canh Tương ớt | 2 muỗng canh Nước Cốt Dừa | 1 muỗng cà phê Bơ đậu phộng | 1 muỗng cà phê Đường Trắng | 1 muỗng canh Dầu Hành Tỏi Phi | 1 muỗng canh Nước Cốt Me,Bạn cho vào 1 chén nhỏ lần lượt các loại gia vị gồm nước tương MAGGI  tương ớt  nước cốt dừa  nước cốt me  dầu hành tỏi phi  bơ đậu phộng và đường cát. Khuấy đều hỗn hợp cho hòa tan là có ngay 1 chén sốt chấm hảo hạng. | Bày chén sốt chấm cùng những cuốn gỏi đã chuẩn bị sẵn  chấm gỏi cuốn ngập sốt và từ từ cảm nhận mùi sốt thơm dịu đang lan tỏa trong vị béo của nước cốt và bơ đậu phộng thêm chút chua nhẹ của me  cay cay của tương ớt. Vị ngon đúng “đỉnh” đó bạn nha!,https://www.maggi.com.vn/cong-thuc/sot-cham-goi-cuon
Bánh Tráng Nướng Chảo,30 phút,4 người ăn,N/A,Bánh tráng | Thịt heo xay | Xúc xích | Trứng gà | Pate gan | Phô mai | Hành lá | Tép khô | Hành phi | Ớt sa tế | Tiêu xay | Dầu ăn | Hạt nêm MAGGI nấm hương | Tương ớt MAGGI,Đầu tiên  bạn làm nóng một cái chảo nhỏ với dầu ăn rồi cho thịt heo xay vào đảo đều  nêm nếm với hạt nêm MAGGI nấm hương và tiêu xay cho đậm đà. Bạn đảo khoảng 5 phút cho thịt vừa chín tới  săn lại thì múc ra để riêng. | Bắc một chiếc chảo khô lên bếp  chờ đến khi chảo đã nóng già thì cho bánh tráng vào nướng. Khi bạn thấy phần rìa bánh hơi cong lên thì cho ớt sa tế vào  dùng mặt dưới muỗng tán đều. Tiếp tục cho lên trên bề mặt bánh tráng ít hành lá  1 muỗng canh thịt heo xào  đập 1 quả trứng gà lên trên  di chuyển muỗng nhẹ nhàng để các nguyên liệu dàn đều  trứng gà không bị tràn khỏi mặt bánh. | Chờ đến khi trứng gà chín và hơi khô lại  bạn cho tiếp pate gan  1 viên phô mai  tán nhuyễn đều khắp mặt. Sau đó lần lượt rải đều lên bề mặt bánh tép khô  hành phi  xúc xích cắt xéo cho đẹp mắt. | Để món ăn thêm thơm ngon và đậm vị  bạn cho xốt mayonnaise và tương ớt MAGGI lên trên theo đường ziczac  phủ khắp mặt bánh tráng nướng. | Nhẹ nhàng dùng muỗng lớn gập bánh lại. Áp chảo giòn đều cả hai mặt bánh rồi thưởng thức. Bạn nướng đến khi hết bánh tráng và nguyên liệu  nhưng món mới thời thượng này tốt nhất là làm đến đâu ăn đến đó để cảm nhận được vị giòn rụm của bánh kèm với vị béo  mặn ngọt hài hòa từ các nguyên liệu bạn nhé! Đừng quên ăn kèm với tương ớt MAGGI cay mát  đảm bảo món nhà làm ngon như nhà hàng luôn đó nha!,https://www.maggi.com.vn/cong-thuc/banh-trang-nuong-chao
Gỏi Tôm Thịt,80 phút,2 người ăn,N/A,100 g Tôm | 200 g Củ Hũ Dừa | 100 g Cà Rốt | 20 g Rau Răm | 10 g Hành Phi Giòn | 10 g Đậu Phộng Rang | 5 g Ngò Gai | 10 g Ớt Bằm | 80 g Đường Trắng | 2 muỗng canh Nước cốt chanh | 4 muỗng canh MAGGI Nước Mắm | Tỏi băm | Muối | 100g Thịt lợn  tươi  nhiều loại thịt và phụ phẩm  gan  nấu chín  om,Đầu tiên  bạn gọt vỏ cà rốt và dưa leo  rửa sạch rồi thái thành lát mỏng vừa ăn. Độ dài khoảng 7cm là vừa đẹp. Với dưa leo  nhớ loại bỏ phần ruột bên trong để món gỏi không bị ướt và dưa được ngon  giòn hơn. Củ hủ dừa bạn nên nạo sạch lớp vỏ ngoài  rửa sạch với nước rồi thái thành những lát mỏng vừa ăn. Ngâm phần củ hũ dừa đã thái trong nước đá lạnh có hòa cùng nước cốt chanh tươi để giữ độ trắng  giòn khi thưởng thức. | Rửa thịt ba chỉ và tôm với nước và một ít muối  sau đó bắc lên bếp luộc chín thịt với nước lạnh. Lưu ý là bạn phải để phần thịt luộc ngập trong nước  như vậy thịt sẽ chín từ từ và không bị thâm. Sau khi thịt đã chín  ngâm thịt vào tô nước lạnh để giữ độ trắng. Tiếp tục luộc tôm với nước thịt vừa dùng  bạn chỉ nên luộc khoảng 3 phút để tôm vừa chín tới  có màu đỏ đẹp mắt. Đừng luộc tôm quá lâu sẽ làm tôm bị khô và mất vị ngon ngọt tự nhiên. Ngâm tôm vào nước lạnh để tôm giòn dai  dễ bóc vỏ. | Khi tôm và thịt đã nguội  vớt ra để ráo nước một chút. Bạn thái thịt ba chỉ thành những miếng mỏng vừa ăn. Không nên cắt quá dày sẽ làm thịt khó thấm gia vị trộn gỏi. Với tôm  bạn bóc vỏ và giữ lại phần đuôi cho đẹp mắt. | Nước mắm trộn gỏi chính là yếu tố quyết định và là linh hồn của các món gỏi. Bắt tay vào làm thôi! Bắc nồi hoặc chảo lên bếp  cho nước mắm MAGGI vào với 4 muỗng canh nước lọc  đường trắng rồi đun sôi liu riu. Trộn đều tay để đường tan hết và hỗn hợp nước mắm keo sệt lại thì tắt bếp  để nguội. Khi nước mắm đã nguội hẳn  bạn thêm tỏi băm  ớt băm và nước cốt chanh vào  khuấy đều cho hòa quyện. Hỗn hợp nước mắm sánh kẹo và thơm  ngọt  mặn chua chua vừa miệng là chuẩn vị. | Để ráo hẳn củ hũ dừa  dưa leo và cà rốt trước khi tiến hành trộn gỏi bạn nhé. Nếu phần nguyên liệu chưa ráo thì khi trộn gỏi tôm thịt sẽ bị ướt và kém giòn. Cho củ hũ dừa  dưa leo  cà rốt và tôm thịt vào chung một tô  rưới nước mắm lên trên rồi trộn đều tất cả cho thấm. Nên trộn thật nhẹ tay để tránh cho rau củ bị nát và làm món gỏi chảy nước  kém ngon. | Cuối cùng  bạn thêm rau răm cắt nhỏ  ngò gai  đậu phộng rang và hành phi giòn  trộn đều một lần nữa là đã có thể bày ra đĩa thưởng thức rồi. Món gỏi tôm thịt củ hũ dừa giòn giòn lạ miệng  chua ngọt hài hòa kết hợp với tôm thịt  đậu phộng rang béo bùi sẽ khiến bạn ăn mãi không ngừng. Món gỏi rất hợp ăn cùng bánh phồng tôm chiên  cả nhà sẽ gật gù khi thưởng thức đấy!,https://www.maggi.com.vn/cong-thuc/goi-tom-thit
Bồ Câu Xào Lăn,45 phút,3 người ăn,N/A,500 g Bồ Câu | 1 quả Ớt Trái | 5 g Tỏi | 100 g Lạc Rang | 1/2 muỗng cà phê Đường | 1 gói Bột Cà Ri | 1 gói Phồng Tôm | 1/2 muỗng canh MAGGI Nước Mắm | 1 muỗng canh MAGGI Dầu Hào | Sả cây | Tiêu,Bồ câu làm sạch lông và ruột  rửa sạch với nước  để ráo rồi sau đó băm nhuyễn. Sả cây bóc bỏ phần vỏ già bên ngoài  rửa sạch sau đó băm nhuyễn với hành và tỏi. Rang chín đậu phộng rồi để nguội cho lớp vỏ dễ bóc hơn. Giã nhỏ đậu phộng chứ đừng giã nát bạn nhé. Bánh phồng tôm chiên rồi vớt ra cho ráo dầu. | Làm nóng chảo rồi đun cho dầu sôi  bạn kiểm tra thấy đầu đũa gỗ khi nhúng vào dầu có bong bóng nhỏ sủi lên thì cho hành  tỏi  sả băm nhuyễn vào xào cho thơm. Tiếp đến bạn cho thịt bồ câu bằm nhuyễn vào xào  thêm bột cà ri để món ăn thơm ngon đúng điệu. | Đảo đều cho bột cà ri hòa quyện cùng thịt  nêm thêm dầu hào MAGGI  nước mắm MAGGI  tiêu  đường và điều chỉnh sao cho phù hợp với khẩu vị của bạn. | Khi thịt đã chín tới  cho đậu phộng rang giã nhỏ vào rồi bày món ăn ra đĩa. Rắc rau ngổ và ớt trái đã rửa sạch thái nhỏ lên mặt món ăn cho thơm và đượm vị cay nồng. Bồ câu xào lăn ăn kèm bánh phồng chiên hay bánh tráng nướng đều rất ngon. Thịt chim ra ràng mềm béo  thơm lừng mùi hành  sả và cà ri  bùi bùi của đậu phộng  vừa ngon vừa dinh dưỡng.,https://www.maggi.com.vn/cong-thuc/bo-cau-xao-lan
Tôm Bằm Xúc Bánh Tráng,35 phút,4 người ăn,N/A,600 g Tôm Sú | 10 g Sả Băm | 1/4 muỗng cà phê Ớt Bột | 10 g Tiêu Xanh | 5 g Ngò Rí | 1 quả Ớt Sừng | 1 quả Cà Rốt | 1 muỗng cà phê Đường Trắng | 1 muỗng canh Đậu Phộng Rang | 1 muỗng canh Dầu Hành Tỏi Phi | 1 muỗng canh MAGGI Nước Mắm | 2 muỗng canh Tương ớt | 1 muỗng cà phê MAGGI Dầu Hào | Bánh tráng | Nước cốt chanh | Hạt nêm MAGGI nấm hương,Bạn lột bỏ vỏ và đầu tôm  dùng tăm tre nhẹ nhàng rút phần chỉ đen ở lưng  lau khô rồi cắt hạt lựu nhỏ. Rau ngò rí rửa sạch  cắt nhỏ. Bánh tráng dùng kéo cắt miếng hình tam giác vừa ăn  nướng bánh tráng trên than hồng đến khi chín giòn  có màu vàng ươm đẹp mắt. Tiêu xanh bỏ cuống  rửa sạch hạt rồi băm hoặc giã nhuyễn. Ớt sừng cắt lát mỏng  đậu phộng rang xát vỏ  giã nhỏ. | Ướp tôm với các gia vị gồm nước mắm MAGGI  hạt nêm MAGGI nấm hương  dầu hào MAGGI  bột ớt  sả băm. Trộn đều và để khoảng 5 phút cho tôm thấm gia vị đậm đà hơn. | Làm nóng chảo dầu tỏi  cho tôm đã ướp vào xào cho săn lại. Khi tôm vừa chín tới  chuyển sang màu đỏ hồng thì bạn cho đậu phộng  tiêu và ngò gai vào xào đều rồi tắt lửa. Bạn xào tôm nhanh trên lửa vừa  không nên xào quá lâu để tránh tôm bị khô lại nhé! | Món tôm bằm xào ngon khi ăn cùng nước chấm. Bạn pha nước chấm gồm tương ớt  nước cốt chanh và vài lát ớt sừng. Khuấy đều cho nước chấm tan  có vị chua ngọt  cay nhẹ là được. | Xếp bánh tráng nướng ra dĩa  cho tôm bằm xào lên trên  trang trí thêm ớt sừng cắt lát và ngò rí là sẵn sàng thưởng thức rồi đấy. Tôm sú giòn ngọt  được xào chín tới vẫn còn cảm giác mọng nước trong miệng khi ăn. Bánh tráng nướng giòn tan  ăn cùng tôm bằm thời thượng và mới lạ sẽ khiến mọi người trầm trồ đó nha!,https://www.maggi.com.vn/cong-thuc/tom-bam-xuc-banh-trang
Ngan Nướng Sả Riềng Mẻ,57 phút,,N/A,50 g Dầu Hào MAGGI | 30 g Nước tương MAGGI Đậm Đặc | 10 g Hạt nêm MAGGI | 15 g Đường cát | 2 kilôgam Thịt ngan nguyên con làm sạch | 60 g Dầu Ăn | 20 g Riềng băm | 20 g Sả Băm | 30 g Hành tím băm | 20 g Tỏi băm | 30 g Cơm mẻ | 10 g Mắm tôm,Để sơ chế “nhân vật chính” của món ăn hôm nay  đầu tiên  bạn chặt thịt ngan thanh miếng vừa ăn  nếu có thời gian bạn có thể lóc phi lê thịt ngan để tránh xương nhé! Tiếp theo  bạn hãy dùng muối hoặc chanh chà xát khắp thân ngan và nhớ dùng tay bóp kỹ để các chất nhờn  chất bẩn  mùi hôi trong lỗ chân lông ngan tiết ra ngoài. Cuối cùng  bạn đem ngan rửa lại với nước cho thật sạch rồi vớt ra để ráo. | Muốn làm nên hương vị đặc trưng của món Ngan Nướng Sả Riềng Mẻ  bạn cho hết tất cả riềng  sả  hành  tỏi  nước cơm mẻ vào máy xay  xay nhuyễn thành hỗn hợp nhỏ. | Bí quyết ướp thịt để giữ được hương vị đặc trưng Hà Nội cho món Ngan Nướng Sả Riềng Mẻ  mà vẫn tạo được sự khác biệt của riêng bạn là đây. Cho thịt ngan vào một bát (tô) lớn  sau đó thêm vào các nguyên liệu gồm: dầu hào MAGGI  nước tương MAGGI đậm đặc  hạt nêm MAGGI  đường  mắm tôm  dầu ăn và hỗn hợp vừa xay nhuyễn. Bạn nhớ trộn đều tay và ướp tầm 10 phút cho thịt ngan ngấm gia vị  rồi xiên thành các xâu thịt bằng nhau hoặc kẹp thịt vào vỉ nướng nhé! | Trước khi nướng thịt  bạn hãy khởi động lò nướng khoảng 15 phút cho nóng lò. Sau đó  cho thịt ngan vào lò và bắt đầu nướng trong khoảng 15 - 20 phút. Trong lúc nướng nhớ thăm chừng và đảo mặt thịt nướng đều 2 mặt. Lưu ý  không nên nướng thịt ngan quá lâu vì như thế sẽ làm thịt ngan cháy hoặc bị nhão. | Thịt sau khi đã nướng chín  bạn lấy ra cho vào dĩa  trang trí cùng ít rau ngò cho đẹp mắt. Vậy là món Ngan Nướng Sả Riềng Mẻ thơm lừng  đậm vị với công thức khác biệt từ MAGGI đã hoàn thành rồi. Và đừng quên chuẩn bị thêm chén cơm nóng để ăn cùng là hết sảy đấy nhé!,https://www.maggi.com.vn/cong-thuc/ngan-nuong-sa-rieng-me
Miến Lươn Trộn,60 phút,,N/A,400 g Lươn con to | 200 g Miến | 15 g Muối | 60 g Bột Chiên Giòn | 10 g Gừng tươi | 5 g Rau thơm | 5 g Đậu Phộng Rang | 2 g Hành phi | 20 g Dưa giá cà rốt chua ngọt | 30 g Nước nóng | 30 g Giấm Gạo | 15 g Dầu Hào MAGGI | 13 g Hạt nêm MAGGI | 30 g Nước tương MAGGI | 60 g Đường cát | 1 gam Ớt Bột | 2 g Tiêu Sọ,Lươn sau khi mua về  bạn cho muối vào xóc đều để lươn tự quẫy nhả nhớt. Tiếp theo  bạn dùng nước nóng 50-70°C dội xả 1 lượt nữa cho lươn sạch hết nhớt  rồi rửa lại bằng nước lạnh nhiều lần. Sau khi lươn đã sạch  bạn tiến hành phi lê lươn  để riêng phần xương với phần thịt. Với thịt  bạn tiếp tục cắt sợi vừa ăn. | Ăn Miến Lươn Trộn thì không thể nào thiếu phần nước súp ngọt thanh ăn kèm. Để chế biến  bạn cho phần xương lươn vừa lóc ở trên  hầm với gừng cắt lát trong lửa nhỏ tầm 15 phút. Sau đó  vớt xương ra và nêm 10gr hạt nêm MAGGI cho 500ml nước dùng. | Phần thịt lươn đã cắt sợi bạn cho vào tô  nêm thêm lượng hạt nêm MAGGI còn lại  10gr dầu hào và tiêu  rồi dùng muỗng trộn đều cho gia vị thấm vào thịt. Tiếp theo  cho tiếp bột chiên giòn vào tô lươn  trộn đều lần nữa để từng miếng thịt lươn được lớp áo bột mỏng bên ngoài. Để hoàn thành phần thịt lươn giòn tan  đậm đà ăn cùng miến  bạn đun nóng chảo dầu  cho lươn vào chiên đến khi vàng giòn  vớt lươn ra để ráo dầu là được nhé! | Muốn món Miến Lươn Trộn vừa giữ được nét đặc trưng của món ăn Bắc Trung Bộ  mà vẫn tạo được sự khác biệt tích cực thì phải lưu ngay công thức nước sốt trộn đặc biệt này nhé  bạn ơi! Cho tất cả nguyên liệu gồm: Nước nóng  dấm gạo  dầu hào MAGGI  nước tương MAGGI  đường cát  ớt bột  tiêu sọ vào chén (bát) khuấy đều tay đền khi tan  hòa quyện hết vào nhau. | Vậy là món Miến Lươn Trộn sắp “ra lò” rồi  chỉ còn thiếu mỗi phần miến thôi. Bạn nhanh tay cho nước vào nồi  đun sôi và thêm vào 1 muỗng canh dầu ăn. Tiếp đến  bạn cho miến vào nồi trụng khoảng 3 phút  vớt ra để ráo. Mách bạn mẹo nhỏ để món miến trộn không bị dính nhau là thêm 1 ít nước dùng vào miến sau khi trụng và nhớ trộn đều với nhau nhé! | Đây  món Miến Lươn Trộn bắt miệng đã sẵn sàng phục vụ cả nhà bạn rồi đây. Hãy xếp miến vừa được chế biến vào tô  thêm lươn chiên giòn  rau thơm  dưa giá cà rốt chua ngọt  đậu phộng rang  hành phi và chan nước sốt công thức “bí truyền” từ MAGGI vào là đảm bảo cả nhà phải trầm trồ về tài nấu nướng của bạn đấy. Và đừng quên thêm 1 chén nước súp thanh nhẹ được hầm lúc nãy để ăn cùng nữa nhé!,https://www.maggi.com.vn/cong-thuc/mien-luon-tron
Cua Rang Sốt Tía Tô,28 phút,,N/A,500 g Cua sống | 5 g Rượu hoa hồi | 20 g Đường | 5 g Dầu Mè | 10 g Nước gia vị cô đặc MAGGI | 15 g Dầu Hào MAGGI | 48 g Sốt tương ngọt (hoisin) | 15 g Chao đỏ | 135 g Chao trắng loại | 1.5 g Bột cam thảo | 10 g Ngũ Vị Hương | 30 g Hành tím | 30 g Tỏi băm | 30 g Gừng | 10 g Lá tía tô,Cua sống mua về bạn chà và rửa sạch với nước  rồi chặt mỗi con thành 4 phần đều nhau. Với tía tô  bạn lặt lấy lá  rửa với nước sạch  vớt ra để ráo nước  su đó cắt thành sợi mỏng. | Để chế biến phần nước sốt vừa giữ được hương vị đặc trưng vùng Đông Bắc  vừa tạo được sự khác biệt cho món Cua Rang Sốt Tía Tô bạn hãy ghi chú ngay lại công thức sau! Bắc chảo lên bếp  cho vào 1 ít dầu ăn  đợi dầu nóng nhanh tay bỏ vào 1/2 hành  tỏi  gừng xào cho thơm. Tiếp theo  cho hết các gia vị còn lại gồm: rượu hoa hồi  đường  dầu mè  nước gia vị MAGGI  dầu hào MAGGI  sốt tương ngọt (hoisin)  chao đỏ  chao trắng  bột cam thảo  ngũ vị hương vào đảo đều tay để hỗn hợp hòa quyện vào nhau. Lúc này  bạn có thể gia giảm phần gia vị sao cho vừa ăn  rồi tắt bếp cho ra bát (chén) nhé! | Sau khi đã chuẩn bị xong phần nước sốt xào  bạn bắt lên bếp 1 chảo khác  đổ ngập dầu  chờ dầu nóng thì thả từ từ phần cua đã sơ chế lúc nãy nào chiên với lửa lớn. Cua chiên đã chín và thơm lừng thì bạn nhanh tay vớt cua ra để ráo nhé! | Đến phần chế biến quan trọng nhất của món Cua Rang Sốt Tía Tô đây. Bạn hãy tiếp tục bắt chảo dầu lên bếp  phi thơm 1/2 hành  tỏi  gừng còn lại  rôi cho cua và nước sốt chế biến phía trên vào vừa đủ. Ở bước này  bạn nhớ đảo đều tay để cua thấm đều phần nước sốt “bí truyền”. Sau đó  cho lá tía tô vào xào sơ lại  nêm nếm lần nữa để vừa ăn là bạn có thể tắt bếp rồi đấy. | Để món ăn thêm phần hấp dẫn  bạn xếp cua ra dĩa  rưới nước sốt đều xung quanh và trang trí thêm với là tía tô. Bạn có thể ăn món Cua Rang Sốt Tía Tô với cơm và nhớ thưởng thức ngay khi còn nóng để cảm nhận trọn vị tươi  ngọt  săn chắc của thịt cua hòa quyện nước sốt sánh đặc  đậm đà và hương thơm nhẹ từ lá tía tô nhé!,https://www.maggi.com.vn/cong-thuc/cua-rang-sot-tia-to
Sườn Kho Nước Tương Quả Vả,40 phút,,N/A,4 muỗng canh Nước tương MAGGI | 1 Muỗng cà phê Dầu Hào MAGGI | 500 g Sườn non heo | 1 muỗng canh Tỏi băm | 1 muỗng canh Sả băm | 2 muỗng canh Dầu Ăn | 2 muỗng canh Đường | 1 gam Tiêu xay | 1 gam Tiêu xay | 500 ml Nước lọc | 200 g Quả vả,Sườn non mua về bạn chặt thành miếng vừa ăn. Tiếp theo  rửa qua nước muối rồi rửa lại lần nữa bằng nước sạch  vớt ra rổ cho ráo nước hẳn. Trái vả gọt vỏ  rửa sạch  cắt thành làm 4  nếu quả lớn bạn có thể cắt làm 8 nhé! | Để pha phần nước gia vị cho món kho ngon đúng vị mà vẫn khác biệt  MAGGI bật mí công thức sau đây. Bạn cho tất cả nguyên liệu gồm: nước tương MAGGI  dầu hào MAGGI  1 muỗng canh đường  tiêu xay và nước lọc vào chén  rồi dùng muỗng khuấy đều để các gia vị hòa quyện đều vào nhau. | Món Sườn Kho Nước Tương Quả Vả sẽ là thiếu sót nếu thiếu màu nâu sậm óng ánh từ nước màu. Bạn bắc chảo nhỏ lên bếp cho nóng  rồi cho vào 1 muỗng đường  khuấy đều tay đến khi đường chuyển thành màu nâu cánh gián thì cho ngay 1 ít nước lọc vào. | Bước quan trọng làm nên Sườn Kho Nước Tương Quả Vả đậm đà  lạ miệng đây. Bạn đun nóng dầu ăn trong chảo  sau đó thêm sả băm  tỏi băm vào phi thơm cùng với sườn. Tiếp theo  cho nước màu và chén gia vị bên trên vào mở lửa lớn  vớt bọt bỏ  rồi vặn nhỏ lửa nấu đến khi nước kho còn 1/2 thì cho quả vả vào kho tiếp đến khi thịt chín và phần nước kho sệt lại thì tắt bếp. | Cho Sườn Kho Nước Tương Quả Vả ra dĩa  rắc thêm một ít tiêu lên trên cho dậy mùi. Món này hãy ăn khi còn nóng và dùng với cơm trắng  có thêm chén nước tương MAGGI chấm cùng thì tuyệt vời luôn nhé.,https://www.maggi.com.vn/cong-thuc/suon-kho-nuoc-tuong-qua-va
Thịt đà điểu làm món gì ngon? Công thức đà điểu xào sả lá chanh,30 phút,3 người ăn,N/A,Thịt Đà Điểu | Hành Tây | Sả Cây | Dầu Ăn | Tỏi Băm | Ớt Băm | Tiêu | Dầu Hào Maggi | Hạt Nêm Maggi | Nước Mắm Maggi | 6 lá Lá chanh,Bạn rửa thịt đà điểu rồi cắt lát mỏng vừa. Lưu ý  để cắt thịt dễ hơn  hãy làm lạnh thịt trước khi cắt. Tiếp đó  cần ướp thịt đà điểu với 1 muỗng canh dầu hào MAGGI  hạt nêm MAGGI nấm hương  nước mắm MAGGI  1/2 muỗng tỏi băm  cùng 1 muỗng cà phê sả và ớt đã băm nhỏ  thêm chút tiêu. Trộn đều và ướp trong 15 phút. Đối với hành tây  bạn lột vỏ  rửa sạch rồi thái múi cau. Riêng lá chanh sau khi rửa nước sẽ thái sợi chỉ nhuyễn. | Đổ dầu vào chảo  đun sôi thì phi thơm phần tỏi băm cùng sả băm còn lại. Tiếp đến sẽ cho thịt đà điểu vào  xào liên tục trong khoảng 3 phút thì nêm thêm phần dầu hào MAGGI còn lại  đảo đều  thử vị thấy vừa thì thêm hành tây vào  xào hành cho vừa chín tới. | Bạn cho lá chanh vừa thái vào chảo  đảo qua một lần là có thể tắt bếp. Cho món ăn ra dĩa  trang trí thêm ớt thái lát lên trên bề mặt. Món ngon dùng kèm với cơm nóng và có thể chấm cùng nước tương MAGGI. Thịt đà điểu đậm vị hài hòa cùng lá chanh thơm nồng  sẽ làm hài lòng đến cả những vị khách khó tính nhất.,https://www.maggi.com.vn/cong-thuc/thit-da-dieu-xao-ot-sa-la-chanh
Su hào xào cà rốt thập cẩm,42 phút,2 người ăn,N/A,Dầu hào Maggi | 1 muỗng cà phê MAGGI Hạt Nêm Nấm Hương | Thịt thăn xay | 1 củ Su Hào | 1/2 củ Cà Rốt | Miến | Hành lá | Hành khô | Tiêu xay | Dầu ăn | 10 g Rau mùi,Để làm món su hào xào cà rốt thập cẩm  trước tiên bạn rửa sạch thịt thăn  vớt ra để ráo. Sau đó  xay nhỏ thịt và ướp với 1 muỗng dầu hào MAGGI để tăng vị đậm đà. | Su hào và cà rốt gọt vỏ  rửa sạch  bào sợi nhỏ hoặc thái bằng dao. Miến ngâm mềm  cắt khúc. Nấm hương  hành lá  rau mùi bỏ gốc  cắt nhỏ. Hành khô thái lát mỏng. | Phi thơm hành  xào nấm và thịt thăn rồi để riêng. Tiếp đến  xào su hào  cà rốt với hạt nêm MAGGI nấm hương  rồi cho miến và dầu hào MAGGI vào đảo đến khi chín. | Cho thịt  nấm vào chảo  thêm dầu hào MAGGI xào thêm 2 phút để thấm đều gia vị. Rắc hành lá  rau mùi  hạt tiêu. Su hào xào cà rốt thập cẩm thơm ngon đã sẵn sàng! | Trình bày ra dĩa và thưởng thức. Món su hào xào cà rốt thập cẩm thơm lừng  tốt cho sức khỏe và vóc dáng  thích hợp cho những ai yêu thích món ăn thanh đạm.,https://www.maggi.com.vn/cong-thuc/su-hao-xao-thap-cam
Hàu Nướng Phô Mai Dầu Hào,30 phút,6 người ăn,N/A,2 kilôgam Hàu | 120 g Phô Mai | 1 muỗng canh MAGGI Dầu Hào | Rượu trắng | Đường | Nước cốt chanh | Ớt xắt lát | Nước mắm MAGGI,Hàu sau khi mua về  bạn ngâm với nước khoảng 2 - 3 tiếng để lớp bùn đất bên ngoài mềm ra  giúp công đoạn sơ chế hàu được dễ dàng hơn. Dùng bàn chải chà rửa sạch từ phần vỏ đến miệng hàu  sau đó chần với nước nóng trong 2 phút cho dễ tách vỏ  rửa sơ qua rượu trắng khử mùi tanh rồi để ráo. | Dùng cọ phết lên thịt hàu một lớp mỏng dầu hào MAGGI rồi đặt một miếng phô mai lên mặt hàu. Bạn lặp lại thao tác này đến khi hết số lượng hàu nhé! | Bạn mở nồi chiên không dầu cho nóng khoảng 5 phút để nhiệt lượng phân bổ đều  sau đó xếp từng con hàu vào bên trong  đậy nắp lại chiên ở mức 200 độ với thời gian 5 phút. Cách để nướng hàu ngon đó là chỉ nướng đến khi hàu vừa chín tới để giữ độ ngọt và mọng nước  tránh cho hàu bị khô. | Khi hàu đã chín  bạn dọn món ăn ra dĩa và thưởng thức ngay khi còn nóng. Hàu nướng phô mai ăn kèm với một ít nước mắm đường chua cay hay ăn không đều rất ngon. Phô mai và thịt hàu béo thơm ngậy  nức lòng người thưởng thức.,https://www.maggi.com.vn/cong-thuc/hau-nuong-pho-mai-dau-hao
Sốt Chấm Gỏi Cuốn,15 phút,2 người ăn,N/A,4 muỗng canh MAGGI Nước Tương | 1 muỗng canh Tương ớt | 2 muỗng canh Nước Cốt Dừa | 1 muỗng cà phê Bơ đậu phộng | 1 muỗng cà phê Đường Trắng | 1 muỗng canh Dầu Hành Tỏi Phi | 1 muỗng canh Nước Cốt Me,Bạn cho vào 1 chén nhỏ lần lượt các loại gia vị gồm nước tương MAGGI  tương ớt  nước cốt dừa  nước cốt me  dầu hành tỏi phi  bơ đậu phộng và đường cát. Khuấy đều hỗn hợp cho hòa tan là có ngay 1 chén sốt chấm hảo hạng. | Bày chén sốt chấm cùng những cuốn gỏi đã chuẩn bị sẵn  chấm gỏi cuốn ngập sốt và từ từ cảm nhận mùi sốt thơm dịu đang lan tỏa trong vị béo của nước cốt và bơ đậu phộng thêm chút chua nhẹ của me  cay cay của tương ớt. Vị ngon đúng “đỉnh” đó bạn nha!,https://www.maggi.com.vn/cong-thuc/sot-cham-goi-cuon
Bánh Tráng Nướng Chảo,30 phút,4 người ăn,N/A,Bánh tráng | Thịt heo xay | Xúc xích | Trứng gà | Pate gan | Phô mai | Hành lá | Tép khô | Hành phi | Ớt sa tế | Tiêu xay | Dầu ăn | Hạt nêm MAGGI nấm hương | Tương ớt MAGGI,Đầu tiên  bạn làm nóng một cái chảo nhỏ với dầu ăn rồi cho thịt heo xay vào đảo đều  nêm nếm với hạt nêm MAGGI nấm hương và tiêu xay cho đậm đà. Bạn đảo khoảng 5 phút cho thịt vừa chín tới  săn lại thì múc ra để riêng. | Bắc một chiếc chảo khô lên bếp  chờ đến khi chảo đã nóng già thì cho bánh tráng vào nướng. Khi bạn thấy phần rìa bánh hơi cong lên thì cho ớt sa tế vào  dùng mặt dưới muỗng tán đều. Tiếp tục cho lên trên bề mặt bánh tráng ít hành lá  1 muỗng canh thịt heo xào  đập 1 quả trứng gà lên trên  di chuyển muỗng nhẹ nhàng để các nguyên liệu dàn đều  trứng gà không bị tràn khỏi mặt bánh. | Chờ đến khi trứng gà chín và hơi khô lại  bạn cho tiếp pate gan  1 viên phô mai  tán nhuyễn đều khắp mặt. Sau đó lần lượt rải đều lên bề mặt bánh tép khô  hành phi  xúc xích cắt xéo cho đẹp mắt. | Để món ăn thêm thơm ngon và đậm vị  bạn cho xốt mayonnaise và tương ớt MAGGI lên trên theo đường ziczac  phủ khắp mặt bánh tráng nướng. | Nhẹ nhàng dùng muỗng lớn gập bánh lại. Áp chảo giòn đều cả hai mặt bánh rồi thưởng thức. Bạn nướng đến khi hết bánh tráng và nguyên liệu  nhưng món mới thời thượng này tốt nhất là làm đến đâu ăn đến đó để cảm nhận được vị giòn rụm của bánh kèm với vị béo  mặn ngọt hài hòa từ các nguyên liệu bạn nhé! Đừng quên ăn kèm với tương ớt MAGGI cay mát  đảm bảo món nhà làm ngon như nhà hàng luôn đó nha!,https://www.maggi.com.vn/cong-thuc/banh-trang-nuong-chao
Gỏi Tôm Thịt,80 phút,2 người ăn,N/A,100 g Tôm | 200 g Củ Hũ Dừa | 100 g Cà Rốt | 20 g Rau Răm | 10 g Hành Phi Giòn | 10 g Đậu Phộng Rang | 5 g Ngò Gai | 10 g Ớt Bằm | 80 g Đường Trắng | 2 muỗng canh Nước cốt chanh | 4 muỗng canh MAGGI Nước Mắm | Tỏi băm | Muối | 100g Thịt lợn  tươi  nhiều loại thịt và phụ phẩm  gan  nấu chín  om,Đầu tiên  bạn gọt vỏ cà rốt và dưa leo  rửa sạch rồi thái thành lát mỏng vừa ăn. Độ dài khoảng 7cm là vừa đẹp. Với dưa leo  nhớ loại bỏ phần ruột bên trong để món gỏi không bị ướt và dưa được ngon  giòn hơn. Củ hủ dừa bạn nên nạo sạch lớp vỏ ngoài  rửa sạch với nước rồi thái thành những lát mỏng vừa ăn. Ngâm phần củ hũ dừa đã thái trong nước đá lạnh có hòa cùng nước cốt chanh tươi để giữ độ trắng  giòn khi thưởng thức. | Rửa thịt ba chỉ và tôm với nước và một ít muối  sau đó bắc lên bếp luộc chín thịt với nước lạnh. Lưu ý là bạn phải để phần thịt luộc ngập trong nước  như vậy thịt sẽ chín từ từ và không bị thâm. Sau khi thịt đã chín  ngâm thịt vào tô nước lạnh để giữ độ trắng. Tiếp tục luộc tôm với nước thịt vừa dùng  bạn chỉ nên luộc khoảng 3 phút để tôm vừa chín tới  có màu đỏ đẹp mắt. Đừng luộc tôm quá lâu sẽ làm tôm bị khô và mất vị ngon ngọt tự nhiên. Ngâm tôm vào nước lạnh để tôm giòn dai  dễ bóc vỏ. | Khi tôm và thịt đã nguội  vớt ra để ráo nước một chút. Bạn thái thịt ba chỉ thành những miếng mỏng vừa ăn. Không nên cắt quá dày sẽ làm thịt khó thấm gia vị trộn gỏi. Với tôm  bạn bóc vỏ và giữ lại phần đuôi cho đẹp mắt. | Nước mắm trộn gỏi chính là yếu tố quyết định và là linh hồn của các món gỏi. Bắt tay vào làm thôi! Bắc nồi hoặc chảo lên bếp  cho nước mắm MAGGI vào với 4 muỗng canh nước lọc  đường trắng rồi đun sôi liu riu. Trộn đều tay để đường tan hết và hỗn hợp nước mắm keo sệt lại thì tắt bếp  để nguội. Khi nước mắm đã nguội hẳn  bạn thêm tỏi băm  ớt băm và nước cốt chanh vào  khuấy đều cho hòa quyện. Hỗn hợp nước mắm sánh kẹo và thơm  ngọt  mặn chua chua vừa miệng là chuẩn vị. | Để ráo hẳn củ hũ dừa  dưa leo và cà rốt trước khi tiến hành trộn gỏi bạn nhé. Nếu phần nguyên liệu chưa ráo thì khi trộn gỏi tôm thịt sẽ bị ướt và kém giòn. Cho củ hũ dừa  dưa leo  cà rốt và tôm thịt vào chung một tô  rưới nước mắm lên trên rồi trộn đều tất cả cho thấm. Nên trộn thật nhẹ tay để tránh cho rau củ bị nát và làm món gỏi chảy nước  kém ngon. | Cuối cùng  bạn thêm rau răm cắt nhỏ  ngò gai  đậu phộng rang và hành phi giòn  trộn đều một lần nữa là đã có thể bày ra đĩa thưởng thức rồi. Món gỏi tôm thịt củ hũ dừa giòn giòn lạ miệng  chua ngọt hài hòa kết hợp với tôm thịt  đậu phộng rang béo bùi sẽ khiến bạn ăn mãi không ngừng. Món gỏi rất hợp ăn cùng bánh phồng tôm chiên  cả nhà sẽ gật gù khi thưởng thức đấy!,https://www.maggi.com.vn/cong-thuc/goi-tom-thit
Bồ Câu Xào Lăn,45 phút,3 người ăn,N/A,500 g Bồ Câu | 1 quả Ớt Trái | 5 g Tỏi | 100 g Lạc Rang | 1/2 muỗng cà phê Đường | 1 gói Bột Cà Ri | 1 gói Phồng Tôm | 1/2 muỗng canh MAGGI Nước Mắm | 1 muỗng canh MAGGI Dầu Hào | Sả cây | Tiêu,Bồ câu làm sạch lông và ruột  rửa sạch với nước  để ráo rồi sau đó băm nhuyễn. Sả cây bóc bỏ phần vỏ già bên ngoài  rửa sạch sau đó băm nhuyễn với hành và tỏi. Rang chín đậu phộng rồi để nguội cho lớp vỏ dễ bóc hơn. Giã nhỏ đậu phộng chứ đừng giã nát bạn nhé. Bánh phồng tôm chiên rồi vớt ra cho ráo dầu. | Làm nóng chảo rồi đun cho dầu sôi  bạn kiểm tra thấy đầu đũa gỗ khi nhúng vào dầu có bong bóng nhỏ sủi lên thì cho hành  tỏi  sả băm nhuyễn vào xào cho thơm. Tiếp đến bạn cho thịt bồ câu bằm nhuyễn vào xào  thêm bột cà ri để món ăn thơm ngon đúng điệu. | Đảo đều cho bột cà ri hòa quyện cùng thịt  nêm thêm dầu hào MAGGI  nước mắm MAGGI  tiêu  đường và điều chỉnh sao cho phù hợp với khẩu vị của bạn. | Khi thịt đã chín tới  cho đậu phộng rang giã nhỏ vào rồi bày món ăn ra đĩa. Rắc rau ngổ và ớt trái đã rửa sạch thái nhỏ lên mặt món ăn cho thơm và đượm vị cay nồng. Bồ câu xào lăn ăn kèm bánh phồng chiên hay bánh tráng nướng đều rất ngon. Thịt chim ra ràng mềm béo  thơm lừng mùi hành  sả và cà ri  bùi bùi của đậu phộng  vừa ngon vừa dinh dưỡng.,https://www.maggi.com.vn/cong-thuc/bo-cau-xao-lan
Tôm Bằm Xúc Bánh Tráng,35 phút,4 người ăn,N/A,600 g Tôm Sú | 10 g Sả Băm | 1/4 muỗng cà phê Ớt Bột | 10 g Tiêu Xanh | 5 g Ngò Rí | 1 quả Ớt Sừng | 1 quả Cà Rốt | 1 muỗng cà phê Đường Trắng | 1 muỗng canh Đậu Phộng Rang | 1 muỗng canh Dầu Hành Tỏi Phi | 1 muỗng canh MAGGI Nước Mắm | 2 muỗng canh Tương ớt | 1 muỗng cà phê MAGGI Dầu Hào | Bánh tráng | Nước cốt chanh | Hạt nêm MAGGI nấm hương,Bạn lột bỏ vỏ và đầu tôm  dùng tăm tre nhẹ nhàng rút phần chỉ đen ở lưng  lau khô rồi cắt hạt lựu nhỏ. Rau ngò rí rửa sạch  cắt nhỏ. Bánh tráng dùng kéo cắt miếng hình tam giác vừa ăn  nướng bánh tráng trên than hồng đến khi chín giòn  có màu vàng ươm đẹp mắt. Tiêu xanh bỏ cuống  rửa sạch hạt rồi băm hoặc giã nhuyễn. Ớt sừng cắt lát mỏng  đậu phộng rang xát vỏ  giã nhỏ. | Ướp tôm với các gia vị gồm nước mắm MAGGI  hạt nêm MAGGI nấm hương  dầu hào MAGGI  bột ớt  sả băm. Trộn đều và để khoảng 5 phút cho tôm thấm gia vị đậm đà hơn. | Làm nóng chảo dầu tỏi  cho tôm đã ướp vào xào cho săn lại. Khi tôm vừa chín tới  chuyển sang màu đỏ hồng thì bạn cho đậu phộng  tiêu và ngò gai vào xào đều rồi tắt lửa. Bạn xào tôm nhanh trên lửa vừa  không nên xào quá lâu để tránh tôm bị khô lại nhé! | Món tôm bằm xào ngon khi ăn cùng nước chấm. Bạn pha nước chấm gồm tương ớt  nước cốt chanh và vài lát ớt sừng. Khuấy đều cho nước chấm tan  có vị chua ngọt  cay nhẹ là được. | Xếp bánh tráng nướng ra dĩa  cho tôm bằm xào lên trên  trang trí thêm ớt sừng cắt lát và ngò rí là sẵn sàng thưởng thức rồi đấy. Tôm sú giòn ngọt  được xào chín tới vẫn còn cảm giác mọng nước trong miệng khi ăn. Bánh tráng nướng giòn tan  ăn cùng tôm bằm thời thượng và mới lạ sẽ khiến mọi người trầm trồ đó nha!,https://www.maggi.com.vn/cong-thuc/tom-bam-xuc-banh-trang
Ngan Nướng Sả Riềng Mẻ,57 phút,,N/A,50 g Dầu Hào MAGGI | 30 g Nước tương MAGGI Đậm Đặc | 10 g Hạt nêm MAGGI | 15 g Đường cát | 2 kilôgam Thịt ngan nguyên con làm sạch | 60 g Dầu Ăn | 20 g Riềng băm | 20 g Sả Băm | 30 g Hành tím băm | 20 g Tỏi băm | 30 g Cơm mẻ | 10 g Mắm tôm,Để sơ chế “nhân vật chính” của món ăn hôm nay  đầu tiên  bạn chặt thịt ngan thanh miếng vừa ăn  nếu có thời gian bạn có thể lóc phi lê thịt ngan để tránh xương nhé! Tiếp theo  bạn hãy dùng muối hoặc chanh chà xát khắp thân ngan và nhớ dùng tay bóp kỹ để các chất nhờn  chất bẩn  mùi hôi trong lỗ chân lông ngan tiết ra ngoài. Cuối cùng  bạn đem ngan rửa lại với nước cho thật sạch rồi vớt ra để ráo. | Muốn làm nên hương vị đặc trưng của món Ngan Nướng Sả Riềng Mẻ  bạn cho hết tất cả riềng  sả  hành  tỏi  nước cơm mẻ vào máy xay  xay nhuyễn thành hỗn hợp nhỏ. | Bí quyết ướp thịt để giữ được hương vị đặc trưng Hà Nội cho món Ngan Nướng Sả Riềng Mẻ  mà vẫn tạo được sự khác biệt của riêng bạn là đây. Cho thịt ngan vào một bát (tô) lớn  sau đó thêm vào các nguyên liệu gồm: dầu hào MAGGI  nước tương MAGGI đậm đặc  hạt nêm MAGGI  đường  mắm tôm  dầu ăn và hỗn hợp vừa xay nhuyễn. Bạn nhớ trộn đều tay và ướp tầm 10 phút cho thịt ngan ngấm gia vị  rồi xiên thành các xâu thịt bằng nhau hoặc kẹp thịt vào vỉ nướng nhé! | Trước khi nướng thịt  bạn hãy khởi động lò nướng khoảng 15 phút cho nóng lò. Sau đó  cho thịt ngan vào lò và bắt đầu nướng trong khoảng 15 - 20 phút. Trong lúc nướng nhớ thăm chừng và đảo mặt thịt nướng đều 2 mặt. Lưu ý  không nên nướng thịt ngan quá lâu vì như thế sẽ làm thịt ngan cháy hoặc bị nhão. | Thịt sau khi đã nướng chín  bạn lấy ra cho vào dĩa  trang trí cùng ít rau ngò cho đẹp mắt. Vậy là món Ngan Nướng Sả Riềng Mẻ thơm lừng  đậm vị với công thức khác biệt từ MAGGI đã hoàn thành rồi. Và đừng quên chuẩn bị thêm chén cơm nóng để ăn cùng là hết sảy đấy nhé!,https://www.maggi.com.vn/cong-thuc/ngan-nuong-sa-rieng-me
Miến Lươn Trộn,60 phút,,N/A,400 g Lươn con to | 200 g Miến | 15 g Muối | 60 g Bột Chiên Giòn | 10 g Gừng tươi | 5 g Rau thơm | 5 g Đậu Phộng Rang | 2 g Hành phi | 20 g Dưa giá cà rốt chua ngọt | 30 g Nước nóng | 30 g Giấm Gạo | 15 g Dầu Hào MAGGI | 13 g Hạt nêm MAGGI | 30 g Nước tương MAGGI | 60 g Đường cát | 1 gam Ớt Bột | 2 g Tiêu Sọ,Lươn sau khi mua về  bạn cho muối vào xóc đều để lươn tự quẫy nhả nhớt. Tiếp theo  bạn dùng nước nóng 50-70°C dội xả 1 lượt nữa cho lươn sạch hết nhớt  rồi rửa lại bằng nước lạnh nhiều lần. Sau khi lươn đã sạch  bạn tiến hành phi lê lươn  để riêng phần xương với phần thịt. Với thịt  bạn tiếp tục cắt sợi vừa ăn. | Ăn Miến Lươn Trộn thì không thể nào thiếu phần nước súp ngọt thanh ăn kèm. Để chế biến  bạn cho phần xương lươn vừa lóc ở trên  hầm với gừng cắt lát trong lửa nhỏ tầm 15 phút. Sau đó  vớt xương ra và nêm 10gr hạt nêm MAGGI cho 500ml nước dùng. | Phần thịt lươn đã cắt sợi bạn cho vào tô  nêm thêm lượng hạt nêm MAGGI còn lại  10gr dầu hào và tiêu  rồi dùng muỗng trộn đều cho gia vị thấm vào thịt. Tiếp theo  cho tiếp bột chiên giòn vào tô lươn  trộn đều lần nữa để từng miếng thịt lươn được lớp áo bột mỏng bên ngoài. Để hoàn thành phần thịt lươn giòn tan  đậm đà ăn cùng miến  bạn đun nóng chảo dầu  cho lươn vào chiên đến khi vàng giòn  vớt lươn ra để ráo dầu là được nhé! | Muốn món Miến Lươn Trộn vừa giữ được nét đặc trưng của món ăn Bắc Trung Bộ  mà vẫn tạo được sự khác biệt tích cực thì phải lưu ngay công thức nước sốt trộn đặc biệt này nhé  bạn ơi! Cho tất cả nguyên liệu gồm: Nước nóng  dấm gạo  dầu hào MAGGI  nước tương MAGGI  đường cát  ớt bột  tiêu sọ vào chén (bát) khuấy đều tay đền khi tan  hòa quyện hết vào nhau. | Vậy là món Miến Lươn Trộn sắp “ra lò” rồi  chỉ còn thiếu mỗi phần miến thôi. Bạn nhanh tay cho nước vào nồi  đun sôi và thêm vào 1 muỗng canh dầu ăn. Tiếp đến  bạn cho miến vào nồi trụng khoảng 3 phút  vớt ra để ráo. Mách bạn mẹo nhỏ để món miến trộn không bị dính nhau là thêm 1 ít nước dùng vào miến sau khi trụng và nhớ trộn đều với nhau nhé! | Đây  món Miến Lươn Trộn bắt miệng đã sẵn sàng phục vụ cả nhà bạn rồi đây. Hãy xếp miến vừa được chế biến vào tô  thêm lươn chiên giòn  rau thơm  dưa giá cà rốt chua ngọt  đậu phộng rang  hành phi và chan nước sốt công thức “bí truyền” từ MAGGI vào là đảm bảo cả nhà phải trầm trồ về tài nấu nướng của bạn đấy. Và đừng quên thêm 1 chén nước súp thanh nhẹ được hầm lúc nãy để ăn cùng nữa nhé!,https://www.maggi.com.vn/cong-thuc/mien-luon-tron
Cua Rang Sốt Tía Tô,28 phút,,N/A,500 g Cua sống | 5 g Rượu hoa hồi | 20 g Đường | 5 g Dầu Mè | 10 g Nước gia vị cô đặc MAGGI | 15 g Dầu Hào MAGGI | 48 g Sốt tương ngọt (hoisin) | 15 g Chao đỏ | 135 g Chao trắng loại | 1.5 g Bột cam thảo | 10 g Ngũ Vị Hương | 30 g Hành tím | 30 g Tỏi băm | 30 g Gừng | 10 g Lá tía tô,Cua sống mua về bạn chà và rửa sạch với nước  rồi chặt mỗi con thành 4 phần đều nhau. Với tía tô  bạn lặt lấy lá  rửa với nước sạch  vớt ra để ráo nước  su đó cắt thành sợi mỏng. | Để chế biến phần nước sốt vừa giữ được hương vị đặc trưng vùng Đông Bắc  vừa tạo được sự khác biệt cho món Cua Rang Sốt Tía Tô bạn hãy ghi chú ngay lại công thức sau! Bắc chảo lên bếp  cho vào 1 ít dầu ăn  đợi dầu nóng nhanh tay bỏ vào 1/2 hành  tỏi  gừng xào cho thơm. Tiếp theo  cho hết các gia vị còn lại gồm: rượu hoa hồi  đường  dầu mè  nước gia vị MAGGI  dầu hào MAGGI  sốt tương ngọt (hoisin)  chao đỏ  chao trắng  bột cam thảo  ngũ vị hương vào đảo đều tay để hỗn hợp hòa quyện vào nhau. Lúc này  bạn có thể gia giảm phần gia vị sao cho vừa ăn  rồi tắt bếp cho ra bát (chén) nhé! | Sau khi đã chuẩn bị xong phần nước sốt xào  bạn bắt lên bếp 1 chảo khác  đổ ngập dầu  chờ dầu nóng thì thả từ từ phần cua đã sơ chế lúc nãy nào chiên với lửa lớn. Cua chiên đã chín và thơm lừng thì bạn nhanh tay vớt cua ra để ráo nhé! | Đến phần chế biến quan trọng nhất của món Cua Rang Sốt Tía Tô đây. Bạn hãy tiếp tục bắt chảo dầu lên bếp  phi thơm 1/2 hành  tỏi  gừng còn lại  rôi cho cua và nước sốt chế biến phía trên vào vừa đủ. Ở bước này  bạn nhớ đảo đều tay để cua thấm đều phần nước sốt “bí truyền”. Sau đó  cho lá tía tô vào xào sơ lại  nêm nếm lần nữa để vừa ăn là bạn có thể tắt bếp rồi đấy. | Để món ăn thêm phần hấp dẫn  bạn xếp cua ra dĩa  rưới nước sốt đều xung quanh và trang trí thêm với là tía tô. Bạn có thể ăn món Cua Rang Sốt Tía Tô với cơm và nhớ thưởng thức ngay khi còn nóng để cảm nhận trọn vị tươi  ngọt  săn chắc của thịt cua hòa quyện nước sốt sánh đặc  đậm đà và hương thơm nhẹ từ lá tía tô nhé!,https://www.maggi.com.vn/cong-thuc/cua-rang-sot-tia-to
Sườn Kho Nước Tương Quả Vả,40 phút,,N/A,4 muỗng canh Nước tương MAGGI | 1 Muỗng cà phê Dầu Hào MAGGI | 500 g Sườn non heo | 1 muỗng canh Tỏi băm | 1 muỗng canh Sả băm | 2 muỗng canh Dầu Ăn | 2 muỗng canh Đường | 1 gam Tiêu xay | 1 gam Tiêu xay | 500 ml Nước lọc | 200 g Quả vả,Sườn non mua về bạn chặt thành miếng vừa ăn. Tiếp theo  rửa qua nước muối rồi rửa lại lần nữa bằng nước sạch  vớt ra rổ cho ráo nước hẳn. Trái vả gọt vỏ  rửa sạch  cắt thành làm 4  nếu quả lớn bạn có thể cắt làm 8 nhé! | Để pha phần nước gia vị cho món kho ngon đúng vị mà vẫn khác biệt  MAGGI bật mí công thức sau đây. Bạn cho tất cả nguyên liệu gồm: nước tương MAGGI  dầu hào MAGGI  1 muỗng canh đường  tiêu xay và nước lọc vào chén  rồi dùng muỗng khuấy đều để các gia vị hòa quyện đều vào nhau. | Món Sườn Kho Nước Tương Quả Vả sẽ là thiếu sót nếu thiếu màu nâu sậm óng ánh từ nước màu. Bạn bắc chảo nhỏ lên bếp cho nóng  rồi cho vào 1 muỗng đường  khuấy đều tay đến khi đường chuyển thành màu nâu cánh gián thì cho ngay 1 ít nước lọc vào. | Bước quan trọng làm nên Sườn Kho Nước Tương Quả Vả đậm đà  lạ miệng đây. Bạn đun nóng dầu ăn trong chảo  sau đó thêm sả băm  tỏi băm vào phi thơm cùng với sườn. Tiếp theo  cho nước màu và chén gia vị bên trên vào mở lửa lớn  vớt bọt bỏ  rồi vặn nhỏ lửa nấu đến khi nước kho còn 1/2 thì cho quả vả vào kho tiếp đến khi thịt chín và phần nước kho sệt lại thì tắt bếp. | Cho Sườn Kho Nước Tương Quả Vả ra dĩa  rắc thêm một ít tiêu lên trên cho dậy mùi. Món này hãy ăn khi còn nóng và dùng với cơm trắng  có thêm chén nước tương MAGGI chấm cùng thì tuyệt vời luôn nhé.,https://www.maggi.com.vn/cong-thuc/suon-kho-nuoc-tuong-qua-va
Thịt đà điểu làm món gì ngon? Công thức đà điểu xào sả lá chanh,30 phút,3 người ăn,N/A,Thịt Đà Điểu | Hành Tây | Sả Cây | Dầu Ăn | Tỏi Băm | Ớt Băm | Tiêu | Dầu Hào Maggi | Hạt Nêm Maggi | Nước Mắm Maggi | 6 lá Lá chanh,Bạn rửa thịt đà điểu rồi cắt lát mỏng vừa. Lưu ý  để cắt thịt dễ hơn  hãy làm lạnh thịt trước khi cắt. Tiếp đó  cần ướp thịt đà điểu với 1 muỗng canh dầu hào MAGGI  hạt nêm MAGGI nấm hương  nước mắm MAGGI  1/2 muỗng tỏi băm  cùng 1 muỗng cà phê sả và ớt đã băm nhỏ  thêm chút tiêu. Trộn đều và ướp trong 15 phút. Đối với hành tây  bạn lột vỏ  rửa sạch rồi thái múi cau. Riêng lá chanh sau khi rửa nước sẽ thái sợi chỉ nhuyễn. | Đổ dầu vào chảo  đun sôi thì phi thơm phần tỏi băm cùng sả băm còn lại. Tiếp đến sẽ cho thịt đà điểu vào  xào liên tục trong khoảng 3 phút thì nêm thêm phần dầu hào MAGGI còn lại  đảo đều  thử vị thấy vừa thì thêm hành tây vào  xào hành cho vừa chín tới. | Bạn cho lá chanh vừa thái vào chảo  đảo qua một lần là có thể tắt bếp. Cho món ăn ra dĩa  trang trí thêm ớt thái lát lên trên bề mặt. Món ngon dùng kèm với cơm nóng và có thể chấm cùng nước tương MAGGI. Thịt đà điểu đậm vị hài hòa cùng lá chanh thơm nồng  sẽ làm hài lòng đến cả những vị khách khó tính nhất.,https://www.maggi.com.vn/cong-thuc/thit-da-dieu-xao-ot-sa-la-chanh
Su hào xào cà rốt thập cẩm,42 phút,2 người ăn,N/A,Dầu hào Maggi | 1 muỗng cà phê MAGGI Hạt Nêm Nấm Hương | Thịt thăn xay | 1 củ Su Hào | 1/2 củ Cà Rốt | Miến | Hành lá | Hành khô | Tiêu xay | Dầu ăn | 10 g Rau mùi,Để làm món su hào xào cà rốt thập cẩm  trước tiên bạn rửa sạch thịt thăn  vớt ra để ráo. Sau đó  xay nhỏ thịt và ướp với 1 muỗng dầu hào MAGGI để tăng vị đậm đà. | Su hào và cà rốt gọt vỏ  rửa sạch  bào sợi nhỏ hoặc thái bằng dao. Miến ngâm mềm  cắt khúc. Nấm hương  hành lá  rau mùi bỏ gốc  cắt nhỏ. Hành khô thái lát mỏng. | Phi thơm hành  xào nấm và thịt thăn rồi để riêng. Tiếp đến  xào su hào  cà rốt với hạt nêm MAGGI nấm hương  rồi cho miến và dầu hào MAGGI vào đảo đến khi chín. | Cho thịt  nấm vào chảo  thêm dầu hào MAGGI xào thêm 2 phút để thấm đều gia vị. Rắc hành lá  rau mùi  hạt tiêu. Su hào xào cà rốt thập cẩm thơm ngon đã sẵn sàng! | Trình bày ra dĩa và thưởng thức. Món su hào xào cà rốt thập cẩm thơm lừng  tốt cho sức khỏe và vóc dáng  thích hợp cho những ai yêu thích món ăn thanh đạm.,https://www.maggi.com.vn/cong-thuc/su-hao-xao-thap-cam
Mứt dừa,115 phút,1 người ăn,N/A,500 g Cơm dừa (Cắt sợi) | 200 g Đường | 20 ml Sữa đặc | 20 g Chanh xanh,Ngâm cơm dừa với nước chanh pha loãng | Vớt cơm dừa ra  để ráo | Ướp đường (đến khi đường tan hoàn toàn) | Cho hỗn hợp lên chảo  sên đến khi đường kết tinh,https://www.maggi.com.vn/cong-thuc/mut-dua
Bò lúc lắc,27 phút,2 người ăn,N/A,50 g Hành Tây | 50 g Ớt Chuông | 50 g Cà Chua | 5 g Tỏi xay | 10 ml Dầu Ăn | 10 g Bơ | 30 ml Nước | 150 g Thịt bò | 25 g Maggi Dầu hào bào ngư | 10 g MAGGI Tương Ớt | 400 mg Tiêu xay,Ướp thịt bò với dầu hào bào ngư  tiêu xay 15 phút cho thấm gia vị | Xào tỏi với dầu ăn 30 giây cho thơm | Thêm thịt bò vào xào 1 phút | Thêm hành tây  ớt chuông vào  tiếp tục xào 1 phút | Nêm với dầu hào bào ngư  tương ớt  tiêu xay  nước lọc cho vừa ăn | Thêm cà chua  bơ vào. Tiếp tục xào 30 giây nữa là được | Để bò lúc lác vào dĩa  dùng nóng.,https://www.maggi.com.vn/cong-thuc/bo-luc-lac
Mực xào chua ngọt,27 phút,2 người ăn,N/A,50 g Cà Chua | 50 g Hành Tây | 50 g Thơm (Dứa) | 5 g Cần Ta | 5 g Tỏi xay | 10 ml Dầu Ăn | 150 g Mực Ống | 15 g Maggi Dầu hào bào ngư | 10 g MAGGI Tương Ớt | 10 g Tương Cà | 10 ml Giấm | 40 ml Nước | 15 g Đường | 10 g Cà chua | 7 g Ớt Chuông | 1 gam Gừng | 100 mg Tiêu xay,Làm sốt chua ngọt: Đun sôi các nguyên liệu sốt chua ngọt. Xay nhuyễn  lược nước sốt lại cho mịn | Ướp mực với dầu hào bào ngư  tiêu xay 15 phút cho thấm gia vị | Xào tỏi với dầu ăn cho thơm | Thêm mực vào xào sơ 1 phút | Thêm rau củ vào xào tiếp 1 phút | Thêm xốt chua ngọt vào  xào cho thấm gia vị 1 phút | Để mực xào vào dĩa. Dùng nóng,https://www.maggi.com.vn/cong-thuc/muc-xao-chua-ngot
Cá Điêu Hồng Singapore,60 phút,2 người ăn,N/A,Cá Diêu Hồng | Gừng | Đường Trắng | Dầu Mè | Rượu Gạo | Màu Điều | Sốt Hoisin | Tiêu Xay | Ớt xắt lát | Đầu hành | 1 muỗng canh Dầu Ăn | Nước tương MAGGI | Dầu hào MAGGI | Hạt nêm MAGGI nấm hương | Hành ngò | Muối | Giấm | 1 muỗng canh Giấm đen,Cá diêu hồng sau khi mua về  bạn làm sạch rồi rửa qua với giấm và muối để khử mùi tanh. Rửa lại với nước rồi để ráo nước. Dùng dao khứa xéo lên 2 mặt của thân cá rồi ướp cá với 1 muỗng canh nước tương MAGGI  tiêu xay trong 15 phút cho cá được thấm gia vị  nhớ ướp cả trong bụng cá nhé. Tỏi và gừng bạn bỏ vỏ  rửa sạch sau đó cắt lát. | Trong khi chờ ướp cá  chúng ta tiến hành pha hỗn hợp gia vị gồm nước tương MAGGI và dầu hào MAGGI  giấm đen  sốt Hoisin  rượu gạo  đường trắng  dầu mè  màu điều và hạt nêm MAGGI nấm hương. Khuấy đều cho hỗn hợp tan đều và hòa quyện với nhau. | Làm nóng chảo trên bếp  thêm vào dầu ăn rồi đổ ớt khô  tỏi và gừng cắt lát vào xào cho thơm. Sau đó đổ hỗn hợp gia vị vừa pha vào. Đun cho hỗn hợp sôi lên  dậy mùi thơm thì bắt đầu cho cá diêu hồng vào chảo kho. | Trong lúc kho  bạn nhớ dùng muỗng tưới nước sốt lên mặt cá thường xuyên để thịt cá thấm gia vị hơn. Cá kho tộ hạn chế lật mặt để tránh thịt cá bị nát  không được đẹp mắt. Khi kho  nên đậy nắp để cá chín đều và thơm. Sau 15 phút kho trên bếp  phần nước kho đã sệt và có màu nâu bóng đẹp mắt thì rắc thêm đầu hành trắng vào chảo  kho thêm một lúc thì tắt bếp. | Khi cá đã kho xong  bày ra dĩa và trang trí với hành lá cắt nhỏ  ngò hoặc thêm vài lát ớt cho thơm. Phần nước kho cá dùng để chấm rau luộc thì ngon lắm luôn. Cá diêu hồng kho thơm mềm  thấm gia vị sốt Singapore đậm đà ăn cùng cơm trắng vừa ngon  vừa mới lạ thì còn gì bằng.,https://www.maggi.com.vn/cong-thuc/ca-dieu-hong-kho-sot-singapore
Ghẹ Xào Sữa Hạnh Nhân,30 phút,1 người ăn,N/A,Dầu hào Maggi | Hạnh nhân | Ghẹ | Sữa bò | Bột năng | Đường trắng | Nước | Ngò | Dầu ăn,Bạn làm nóng chảo  cho hạnh nhân vào rang thơm rồi đổ ra dĩa. Với ghẹ  bạn rửa sạch sau đó đặt vào nồi  thêm nước và bắt đầu luộc  khi ghẹ chín hãy để nguội rồi bóc lấy thịt. Bạn cho từ từ sữa bò vào bột năng  khuấy đều cho bột tan hoàn toàn  nếu muốn vị đậm hơn  bạn có thể nêm thêm gia vị. | Đổ dầu vào chảo  đun nóng rồi cho hỗn hợp sữa cùng bột năng vào. Khuấy đều đến khi hỗn hợp sôi lăn tăn thì thêm hạnh nhân cùng thịt ghẹ. Xào đến khi hỗn hợp sệt dần hãy thêm dầu hào MAGGI  đảo đều trong 2 phút là có thể tắt bếp. | Cho món ghẹ xào sữa hạnh nhân vào dĩa  trang trí thêm ít rau ngò cho bắt mắt. Món ngon có thể kết hợp cùng cơm trắng và ăn khi còn nóng. Vị béo của sữa ngấm vào thịt cua ngọt thanh cùng với hạt hạnh nhân bùi thơm sẽ đem đến một trải nghiệm vị giác thật tuyệt vời đó nha!,https://www.maggi.com.vn/cong-thuc/thit-ghe-xao-hanh-nhan-sua-bo
Ức Gà Phi Lê Sốt Nho,57 phút,6 người ăn,N/A,Ức gà | Nho xanh | Nước dừa | Hành tím | Hành lá | Tỏi | 4 muỗng canh Dầu Ăn | 3 g Tiêu Xay | 1 muỗng cà phê Đường Trắng | 2 muỗng canh Mật Ong | 1 muỗng canh Tương Cà | 2 muỗng cà phê MAGGI Hạt Nêm Nấm Hương | 2 muỗng canh MAGGI Nước Tương,Nho rửa sạch và cắt đôi theo chiều dọc. Ức gà chà xát muối rồi rửa kĩ với nước để khử mùi tanh  rửa xong dùng khăn sạch thấm khô nước và cắt ức gà thành các miếng dày khoảng 2cm  rộng khoảng 5-6cm. Thịt gà sau khi sơ chế xong thì đem ướp với 1 muỗng cà phê hạt nêm MAGGI nấm hương  1 muỗng canh nước tương MAGGI  mật ong và tiêu xay. Trộn đều ức gà cùng các nguyên liệu  thịt ướp ít nhất 15 phút cho thấm gia vị. | Bắc chảo lên bếp  chờ chảo nóng thêm vào dầu ăn. Khi dầu ăn đã nóng thì bạn cho ức gà vào áp chảo các mặt cho dậy mùi thơm  xém vàng các mặt thì gắp ức gà ra dĩa. Cách làm ức gà phi lên áp chảo không chỉ giúp miếng thịt có được màu vàng đẹp mắt mà còn giúp thịt được săn lại  giữ trọn độ ẩm. Ức gà càng tươi áp chảo sẽ càng ngon. | Dùng 1 chiếc chảo sâu lòng hoặc nồi chống dính bắc lên bếp chờ nóng thì cho dầu ăn vào  phi thơm hành và tỏi băm để món ăn dậy mùi và thơm ngon hơn. Tránh để lửa quá lớn sẽ mau khét hành tỏi. Khi tỏi và hành vừa vàng tới thì cho vào nước dừa  tương cà  đường trắng  phần nước tương MAGGI và hạt nêm MAGGI nấm hương còn lại vào  khuấy đều cho toàn bộ gia vị hòa quyện với nhau. | Đun hỗn hợp nước sốt đến khi sôi lên thì cho ức gà đã áp chảo và nho đã sơ chế vào. Trộn nhẹ lên rồi chỉnh lửa nhỏ  đậy nắp lại rim ức gà trong khoảng 15 phút. Lúc này nho sẽ mềm ra và hòa quyện hương vị ngọt thanh từ trái cây tươi vào nước sốt. Rim đến khi nước sốt keo lại  gà áo lên màu nâu đỏ đẹp mắt của nước sốt thì rắc thêm hành lá cắt nhỏ lên trên rồi tắt bếp. | Trình bày ức gà phi lê sốt nho ra dĩa và thưởng thức thôi. Ức gà rim lâu trong nước sốt nhưng không hề bị mất đi vị ngọt vốn có mà càng đậm đà cuốn hút hơn. Miếng ức gà vừa ăn  xém cạnh vừa thơm vừa hòa quyện cùng sốt nho mặn mặn ngọt ngọt sẽ cho bạn trải nghiệm món ăn ngon trên cả tưởng tượng.,https://www.maggi.com.vn/cong-thuc/uc-ga-phi-le-sot-trai-nho
Canh măng gà nấm hương,70 phút,4 người ăn,N/A,13 g MAGGI Hạt Nêm Nấm Hương | 500 g Thịt Gà Ta | 250 g Măng Khô Đã Ngăm | 100 g Nấm Hương | 2 Muỗng cà phê Bột ngọt | 2 củ Hành tím | 4 muỗng cà phê Dầu Ăn | 5 lít Nước lọc | 5 nhánh Hành Lá | 2 nhánh Ngò Rí,Đầu tiên bạn sơ chế măng khô. Trước khi nấu cần ngâm măng trong 3 giờ với nước sôi  hoặc 8 giờ với nước lạnh. Sau khi ngâm  bạn rửa măng nhiều lần với nước sạch  và luộc 20 phút để măng được mềm. | Để chuẩn bị gà  bạn rửa sạch cắt miếng vừa ăn  ướp 10 phút hạt nêm nấm hương. Sau đó  bạn phi thơm hành tím trong dầu ăn  xào gà cho thơm.Khi gà đã hơi ngả vàng  bạn cho thêm nước vào nồi  đến khi nước sôi thì nấu 10 phút để gà chín mềm. | Tiếp theo  bạn phi thơm hành tím với dầu ăn  sau đó xào sơ măng khoảng 10 phút cho đến khi măng thơm và mềm hơn. | Cuối cùng  bạn cho măng vào nồi gà đang nấu  nêm hết các gia vị đã chuẩn bị  rồi nấu thêm 2-5 phút nữa với lửa nhỏ.Bạn múc ra tô lớn  thêm hành và ngò rí cho thơm và trang trí đẹp mắt  là đã có thể thưởng thức rồi.,https://www.maggi.com.vn/cong-thuc/canh-mang-ga-nam-huong
Gà Xào Hạt Điều,30 phút,2 người ăn,N/A,Đùi gà | Hạt điều rang | Tỏi băm | Ớt | Bột mì | Hành tây cắt vuông 3cm | Tương cà | Dầu ăn | Hành lá | Tương ớt | Dầu Hào Maggi | Hạt Nêm Maggi | Nước Tương Maggi | Muối,Làm nóng dầu trong chảo đến khi dầu sôi thì đổ ớt bằm vào xào đều tay. Bạn xào ớt trên lửa nhỏ để ớt có mùi thơm  không bị cháy. Sau đó tắt bếp và đổ ớt ra đĩa. | Rửa sạch đùi gà với nước  xát chút muối để khử mùi sau đó xả lại  cắt miếng vừa ăn. Bạn cho thịt gà và bột mì đa dụng vào tô rồi trộn đều để bột phủ một lớp mỏng lên gà. Cho dầu vào chảo  đun nóng ở lửa vừa  thêm thịt gà đã lăn bột vào xào chín  vàng đều các mặt rồi vớt ra để riêng. | Tranh thủ lúc chảo xào gà còn nóng  bạn cho thêm dầu ăn  phi tỏi đến khi dậy mùi thơm và hơi cháy cạnh  trút thịt gà và hành tây vào xào thêm khoảng 1 phút. | Lần lượt thêm các nguyên liệu còn lại gồm: hạt điều  dầu ớt bằm  tương ớt  tương cà  dầu hào MAGGI  nước tương MAGGI  đường và hạt nêm MAGGI nấm hương vào chảo  xào trong khoảng 2 đến 3 phút với lửa nhỏ cho các nguyên liệu thấm đều gia vị rồi tắt bếp. Bày món gà xào ra đĩa  trang trí với hành lá rồi thưởng thức hương vị Thái đặc trưng ngay tại nhà thôi!,https://www.maggi.com.vn/cong-thuc/ga-xao-hat-dieu
Măng Tây Xào Thịt Gà,27 phút,3 người ăn,N/A,Măng tây | Ức gà | Gừng | Bơ thơm | Bột năng | Dầu ăn | Muối | Ngò rí | Tiêu xay | Hạt nêm Maggi Nấm hương | Nước tương Maggi,Măng tây cắt bỏ phần già  rửa sạch rồi cắt khúc khoảng 4cm. Trụng măng trong nước sôi thêm một chút muối và dầu ăn  vớt ra ngâm ngay vào nước đá lạnh để giữ độ giòn và xanh của măng. Bạn nhớ để ráo măng tây trước khi chế biến. Thịt gà rửa sạch  cắt thành miếng mỏng vừa ăn  ướp với gừng  1/2 muỗng canh hạt nêm MAGGI nấm hương  bột năng và một chút tiêu  trộn đều rồi để 10 phút cho thịt ngấm gia vị. | Bạn làm nóng chảo với một ít dầu ăn  mở lửa to rồi cho thịt gà đã ướp vào xào nhanh đến khi chín tái  bên ngoài thịt chuyển màu trắng thì trút ra dĩa. | Bạn làm nóng chảo trở lại  cho bơ lạt vào nấu đến khi tan chảy thì thêm măng tây  thịt gà xào nhanh tay trên lửa to cho chín đều là được. Nêm nếm măng tây xào với 1/2 muỗng canh hạt nêm MAGGI nấm hương  nước tương MAGGI cho vừa ăn  đảo đều rồi tắt bếp. | Món xào đã hoàn thành thì trình bày ra dĩa và cùng thưởng thức. Măng tây xào giòn ngọt với thịt gà dai dai ăn cùng cơm nóng sẽ rất ngon và tốt cho sức khỏe. Cách làm măng tây xào đơn giản nhưng đảm bảo nàng sẽ thích mê!,https://www.maggi.com.vn/cong-thuc/mang-tay-xao-thit-ga
Bò Kho Mật Mía,80 phút,4 servings,N/A,Tương Ớt | Gừng | Củ Sả | Quế | Mật Mía | Hạt nêm Maggi | Nước mắm Maggi | Bắp bò | Ớt bột | Mật ong | Nước cốt chanh | Sa tế | Nước tương MAGGI,Chuẩn bị: Bắp bò rửa sạch  để ráo nước. Sả đập dập  cắt khúc khoảng 5cm. Quế bẻ vụn. Gừng giã dập. Ở công đoạn này bạn nên dùng cối đá hoặc cối bằng gốm  tránh dùng cối gỗ sẽ làm thất thoát phần nước cốt của gừng. | Khâu tẩm ướp gia vị chính là bước thực hiện quan trọng nhất của món này. Trộn đều quế  gừng  sả  ớt bột  nước mắm MAGGI và hạt nêm MAGGI nấm hương. Thêm mật mía vào trộn đều. Ướp thịt bò cùng hỗn hợp vừa trộn tối thiểu trong 1 tiếng. Bí quyết để món Bò kho mật mía mang hương vị mới lạ  đậm đà  dậy vị chính là sử dụng nước mắm và hạt nêm nấm hương nhà MAGGI đấy! | Đặt nồi thịt bò đã ướp lên bếp  đậy vung đun với lửa to đến khi nồi thịt sôi khoảng 10 phút thì bạn tắt bếp  để thịt nguội. | Tiếp tục đun lần 2  trong quá trình đun bạn nhớ đậy vung  thỉnh thoảng lật miếng thịt cho ngấm và đều màu. Đun đến khi cạn nước là được. | Khi ăn  bạn có thể dùng kèm với cơm nóng cùng nước chấm theo công thức sau: nước tương MAGGI  mật ong  sa tế  nước cốt chanh  tương ớt. Tất cả trộn đều là bạn đã có 1 bát nước chấm chuẩn vị rồi đấy. Rưới thêm nước bò kho lên trên món ăn cho thêm phần đậm đà nhé!,https://www.maggi.com.vn/cong-thuc/bo-kho-mat-mia
Bạch Tuộc Xào Ớt Sừng,32 phút,2 người ăn,N/A,Bạch Tuộc | Ớt sừng | Sả Xay | Dầu Ăn | Đường | Muối | Dầu hào Maggi | Hạt nêm Maggi | Nước cốt chanh,Bỏ sạch phần mắt  phần ruột bạch tuộc  dùng nước cốt chanh rửa sạch bạch tuộc rồi ngâm nước muối lạnh khoảng 15 phút để loại bỏ bớt mùi và nhớt. Bạn nên chần sơ bạch tuộc qua nước sôi trước khi xào để loại bỏ lớp nhớt và giúp món xào được ngon hơn. Ớt sừng trâu rửa sạch  bỏ hạt và cắt lát mỏng. Bạch tuộc để nguyên đầu hoặc chẻ đôi. | Làm nóng dầu trên chảo  phi thơm sả rồi cho bạch tuộc vào xào săn  nêm thêm dầu hào MAGGI  hạt nêm MAGGI nấm hương  muối và đường. Xào với lửa lớn và đảo nhanh tay để bạch tuộc không bị mất nước và giữ được độ giòn  không nên xào quá lâu sẽ khiến bạch tuộc bị dai. | Khi bạch tuộc đã săn chín  các gia vị thấm đều và dậy mùi thơm  bạn cho thêm ớt sừng vào xào nhanh rồi tắt bếp. Món ăn giữ được vị giòn ngon của bạch tuộc và cay nhẹ của ớt  không bị mềm quá hay dai quá là đạt bạn nhé. | Bày món ăn ra đĩa  dùng nóng với cơm trắng sẽ rất ngon. Bạn có thể trang trí món ăn với tiêu xay và vài lá ngò cho bắt mắt nhé. Món ăn có vị ngon và ngọt tự nhiên từ bạch tuộc  cay nhẹ từ ớt và thơm mùi sả  lạ miệng và kích thích vị giác  cứ muốn ăn mãi không thôi.,https://www.maggi.com.vn/cong-thuc/bach-tuoc-xao-ot-sung
Chả Lươn Cuộn Dứa Xào,80 phút,5 người ăn,N/A,Lươn | Giò Sống | Thơm | Bột Năng | Tỏi | Hành Khô | Rau Răm | Đường Trắng | Sốt Cà Chua | Dầu Hào MAGGI | Hành lá | Muối hạt | Nước cốt chanh | Dầu ăn | Bột nghệ,Lươn cần được làm sạch  tách thịt và xương riêng. Bạn băm nhỏ phần thịt rồi đem ướp cùng bột nghệ  tiêu xay  rau răm cùng 2 muỗng canh dầu hào MAGGI. Đối với xương và đầu  hãy ninh lấy nước dùng. Lưu ý để giảm đi độ nhớt của lươn  bạn có thể chà lươn với muối hạt rồi rửa qua nước cốt chanh và rửa thêm một lần nước. Bạn không dùng giấm để rửa vì sẽ mất đi mùi thơm đặc trưng của thịt lươn. | Khi thịt lươn thấm vị  cho vào tô cùng giò sống  thêm lượng còn lại dầu hào MAGGI vào cùng. Lúc này hãy gọt vỏ và loại bỏ mắt dứa  chọn phần lõi cứng ở giữa quả  cắt thành từng thanh vuông dài tầm 10cm. | Bạn đeo bao tay vào  lấy lượng giò sống cùng thịt lươn vừa trộn lúc nảy đem bao bọc xung quanh từng thanh dứa để được những cuộn chả lươn bắt mắt. Lưu ý chừa một đoạn dứa trống để dễ cầm hơn và hãy nắn chả theo hình giọt nước cho món ăn thêm độc đáo. | Đổ dầu vào chảo  đun sôi thì cho hành vào  đợi hành vàng thơm thì cho chả lươn bọc dứa vào chiên  nhớ trở đều các mặt chả. Khi thấy chả lươn chín vàng đều thì múc bớt lượng dầu trong chảo ra  thêm vào sốt cà chua cùng tỏi và nước ninh xương. Lưu ý hãy hòa tan bột năng cùng đường vào nước dùng trước đó. Đảo đều để sốt áo toàn bộ phần chả lươn bạn nhé! | Bạn nấu sốt đến khi sệt lại thì tắt bếp  cho Chả Lươn Cuộn Dứa Xào ra dĩa  rải lên bề mặt chút hành. Món này dùng kèm cơm nóng thì ngon quên lối về đấy. Vị chua ngọt của nước sốt bao trọn lấy từng xiên chả lươn giòn thơm lại thêm hương dứa đặc trưng sẽ khó chối từ lắm nhen.,https://www.maggi.com.vn/cong-thuc/cha-luon-cuon-dua-xao-chua-ngot
Xiên Bò Rau Củ Nướng,40 phút,4 người ăn,N/A,Thịt bò | Khoai tây bi | Cà chua bi | Ớt chuông | Hành tây | Hành tím băm | Tỏi băm | Dầu hào Maggi | Mật ong | Dầu oliu | Tiêu xay,Thịt bò rửa qua với nước  thấm khô rồi cắt thành những miếng vuông khoảng 2.5cm. Với món bò xiên bạn không nên cắt miếng bò lớn vì khi nướng sẽ khiến phần thịt bò và các phần rau củ khác chín không đều. Ớt chuông xanh rửa sạch  bỏ hạt. Cà chua bi rửa sạch. Hành tây lột vỏ bỏ gốc. Sau đó cắt ớt chuông và hành tây thành những miếng vuông có kích thước tương tự miếng thịt bò. Khoai tây bi rửa sạch rồi đun nước sôi già  cho khoai tây vào luộc khoảng 10 phút sau đó cắt làm đôi. | Ướp thịt bò với hỗn hợp sốt gồm dầu hào MAGGI  mật ong  dầu Oliu  tiêu  hành tím xay và tỏi băm. Trộn đều để từng miếng bò được phủ đều gia vị. Dùng màng bọc thực phẩm đậy kín  cho thịt vào tủ lạnh ướp ít nhất 30 phút cho thấm gia vị thật kĩ. Nếu dùng que tre để nướng  bạn nên ngâm que trong nước lạnh 2 tiếng để khi nướng không bị cháy nhé! | Xếp xen kẽ thịt bò và các loại rau củ vào xiên nướng  chừa một đoạn trống ở cuối xiên để tiện cầm ăn. Bạn có thể dùng xiên nướng chuyên dụng hoặc thay thế bằng các xiên gỗ dùng 1 lần. Khi bếp nướng đã nóng thì đặt que xiên lên bếp. Trong lúc nướng hãy phết thêm sốt ướp trước đó lên những xiên thịt để hấp dẫn  đậm đà hơn và không bị khô. Nướng nhanh  trở đều thịt trên bếp từ 7-10 phút cho thịt bò và rau củ chín đều ngon miệng là hoàn thành. | Trình bày thịt nướng ra dĩa và thưởng thức ngay thôi. Thịt bò mềm mọng  đậm đà gia vị ăn cùng ớt chuông và hành tây thơm lừng  giòn ngọt cực thời thượng và phù hợp để thổi cùng cuộc vui của cả nhà vào cuối tuần đấy!,https://www.maggi.com.vn/cong-thuc/xien-bo-rau-cu-nuong
Bò Một Nắng Cuộn Cải,53 phút,2 servings,N/A,Thịt Bò | Cải bẹ xanh | Sả băm nhuyễn | Dầu Ăn | Nước cốt chanh | Tỏi | Ngò Rí | Ớt Xắt Lát | Tương ớt | Hạt nêm Maggi | Hành lá | Bột ngũ vị hương | Mù tạt,Cách chế biến món Bò Một Nắng Cuộn Cải sẽ bắt đầu bằng việc sơ chế bò một nắng trước các bạn nhé. Rửa sạch thịt bò  để ráo rồi cắt thành lát dày khoảng 0 5cm  dùng búa chuyên dụng dần sơ cho thịt được mềm và thớ thịt tơi hơn. Nếu không có sẵn búa  các bạn có thể dùng phần sống dao đập nhẹ  khi thấy thịt tơi và mỏng hơn một chút là được. | Thịt bò khi đã mềm  ướp cùng sả băm  tỏi  bột ngũ vị hương  hạt nêm nấm hương MAGGI và dầu ăn. Trộn đều tay để hai mặt thịt bò thấm đều gia vị. Sau đó  đem thịt trải ra khay và phơi nắng trong một ngày cho bề mặt thịt bò săn lại  thoát bớt nước. Thịt bò một nắng sau khi hoàn thành  bạn nướng nhanh trên lửa than hồng hoặc áp chảo với ít dầu để thịt vừa chín tới và rám vàng đều 2 mặt. Tuyệt đối không nướng thịt trên lửa lớn để tránh bị cháy bên ngoài và sống bên trong. | Công đoạn tiếp theo là sơ chế cải bẹ xanh và hành lá. Sau khi cắt gốc và rửa sạch từng lá cải với nước lạnh  bạn cắt dọc bỏ cọng để lấy hai bên lá. Trụng cải trong nước sôi có pha muối loãng và dầu ăn rồi vớt ra ướp vào nước đá cho rau giữ được màu xanh tươi bắt mắt và độ giòn. Khi rau đã nguội hẳn  vớt ra và để ráo nước. Hành lá sau khi rửa sạch  bạn cũng tiến hành tương tự như rau cải để hành có độ dai  dễ buộc hơn. | Thịt bò nướng sau khi chín  cắt thành sợi vừa ăn rồi dùng lá cải bẹ xanh cuộn lại  sau đó buộc lại bằng hành lá thành từng cuốn nhỏ. Pha nước chấm ăn kèm với nước cốt chanh  tương ớt và mù tạt  khuấy đều tay cho nước chấm hòa quyện thật đều  sánh đặc và có màu cam đẹp mắt. | Cho thành phẩm ra dĩa và trang trí với ngò rí và ớt lát  bên cạnh chén nước chấm thơm ngon. Nếu không quen ăn mù tạt  bạn có thể chấm cùng muối ớt xanh vắt thêm chanh hay tương ớt mayonaise cũng rất ngon và lạ miệng. Thịt bò nướng vừa chín tới  khô mềm  đậm mùi thơm từ tỏi  sả và ngũ vị hương. Rau cải cuộn bên ngoài xanh mướt  giòn và đượm mùi cay nồng  hòa với vị ngọt từ thịt. Đây là món mới thời thượng rất phù hợp để đãi bạn bè đấy nhé!,https://www.maggi.com.vn/cong-thuc/bo-1-nang-nuong-cuon-cai-be-xanh
Canh Khổ Qua Nhồi Thịt,85 phút,5 người ăn,N/A,Khổ Qua | Nấm Rơm | 1 quả Trứng Gà | Thịt Nạc Thăn | Xương Hầm | Hành Lá | Ngò Rí | Tiêu xay | Dầu Ăn | Hành Tỏi Băm Nhuyễn | Muối | 2 muỗng cà phê MAGGI Hạt Nêm Nấm Hương | Hành khô | Hành/ Tỏi băm nhuyễn | Ớt bột | Nước,Việc làm sạch và khử mùi hôi của xương heo trước khi chế biến rất quan trọng. Bạn rửa thật sạch xương với nước muối pha loãng  chặt nhỏ sau đó chần sơ với nước sôi để mùi hôi và các tạp chất được khử hoàn toàn. Hầm xương trong nước lạnh với một chút muối để lấy 1 5 lít nước dùng. Lưu ý trong khi hầm  bạn hãy vớt hết phần bọt nổi phía trên để nước dùng được trong. | Rửa sạch khổ qua  cắt bỏ phần cuống ở hai đầu  dùng dao rạch một đường dọc giữa thân trái. Bạn chỉ nên rạch khoảng nửa độ dài của trái để không bị đứt  dùng muỗng nạo sạch hạt và phần ruột trắng bên trong để giảm vị đắng. Bạn có thể ngâm khổ qua đã làm sạch ruột trong nước muối loãng khoảng 5 phút rồi chần sơ qua nước sôi  sau đó xả lại bằng nước lạnh để khổ qua bớt đắng và có màu xanh bắt mắt. Nếu thích ăn đắng thì bạn bỏ qua bước này nhé. Khổ qua được sơ chế xong  để ráo. | Chúng ta tiếp tục làm phần nhân cho món canh khổ qua dồn thịt. Rửa sạch nấm rơm với nước muối loãng  cắt bỏ đuôi  để ráo rồi thái nhỏ. Thịt nạc thăn sau khi rửa sạch  thái lát mỏng rồi ướp với 1 muỗng hành khô và tỏi băm nhuyễn  1 muỗng cà phê hạt nêm nấm hương MAGGI  nửa muỗng cafe tiêu trong 15 phút để nhân thịt ngấm đều gia vị và đậm đà hơn. | Trộn thịt đã ướp với nấm rơm rồi tiến hành băm nhuyễn. Khi thịt đã được băm nhỏ đều và mịn  thêm lòng trắng trứng gà để phần nhân được kết dính và thơm ngon hơn. Bạn có thể dùng bao tay nhồi nhân thịt để các nguyên liệu được trộn đều. | Cắt đôi khổ qua  dùng dao nhọn khoét lại một lần nữa để khổ qua sạch ruột sau đó nhồi hỗn hợp thịt  nấm và trứng vào. Bạn có thể ước lượng và tùy ý gia giảm phần nhân sao cho phù hợp với phần ruột bên trong trái. Phần còn dư có thể vo viên và thả vào canh khi nước đã sôi. Khổ qua càng ráo nước và khô thì nhân thịt sẽ dễ kết dính hơn vào trái  không bị rơi ra khi nấu  thành phẩm sẽ đẹp mắt hơn đấy. | Sau khi đã nhồi xong khổ qua  phi thơm 2 muỗng dầu ăn với hành tỏi băm nhuyễn và ít ớt bột để món ăn thêm màu sắc đẹp mắt. Cho nước dùng từ xương hầm vào  nêm 1 muỗng hạt nêm MAGGI nấm hương và nửa muỗng muối. Khi nước dùng sôi  thả khổ qua vào hầm với lửa nhỏ  thỉnh thoảng vớt bọt để canh khổ qua dồn thịt được trong và ngon hơn. Khi đun  bạn không nên đậy nắp để tránh khổ qua bị vàng  mất đi màu xanh bắt mắt nhé. | Bạn dùng tăm xiên qua trái khổ qua  nếu thấy phần vỏ đã mềm  tăm rút ra dễ dàng là canh khổ qua nhồi thịt đã hoàn thành rồi. Cắt nhỏ hành lá và ngò rí lên tô canh nóng  thêm nửa muỗng tiêu cho thơm là món ăn đã sẵn sàng để thưởng thức. Món canh khổ qua nhồi thịt quen thuộc sẽ trở nên lạ miệng và thơm ngon hơn với phần nhân thịt băm nhuyễn với nấm rơm thanh ngọt. Đây là món ăn dinh dưỡng và tốt cho sức khỏe  giúp cơ thể giải nhiệt hiệu quả mà bạn nên trổ tài chiêu đãi cả nhà!,https://www.maggi.com.vn/cong-thuc/canh-kho-qua-don-thit
Mực Xào Bông Cải,41 phút,5 người ăn,N/A,Mực Tươi | Bông Cải Xanh/Trắng | Đậu Hà Lan | Dầu Ăn | Tiêu Xay | 2 muỗng canh rượu trắng | 10g gừng | Hành băm | Ngò Gai | Ớt Sừng | Hạt Nêm Maggi | Nước Tương MAGGI | 2 muỗng canh dầu hào Maggi,Mực làm sạch ruột  bóc da  rửa với rượu và gừng rồi xả với nước. Cắt miếng vừa ăn  khía chéo  ướp hành  ớt  hạt nêm MAGGI nấm hương và nước tương MAGGI 20 phút. | Bông cải tách búp nhỏ vừa ăn; đậu Hà Lan tước bỏ xơ; ớt sừng bỏ cuống và hạt cay  cắt nhỏ; hành ngò cắt bỏ gốc. Rửa sạch rau củ và để ráo trước khi chế biến. | Làm nóng dầu  phi hành thơm vàng rồi trút mực vào xào. Khi mực chín tới  phần da ngoài săn lại  các khía mực hiện ra rõ nét và đẹp mắt thì bạn múc mực ra dĩa. | Xào rau củ với dầu hào  hạt nêm  nước tương MAGGI. Khi bông cải chín tới  cho mực vào  thêm ớt sừng  nêm nếm món mực xào bông cải vừa miệng  đảo đều và tắt bếp. | Trình bày món ăn ra dĩa  rắc tiêu và hành ngò. Món mực xào bông cải giòn ngọt  đậm đà  thơm lừng  dùng nóng cùng cơm trắng thì ngon chuẩn không cần chỉnh.,https://www.maggi.com.vn/cong-thuc/muc-xao-bong-cai
Bông Cải Xào Gạch Cua,42 phút,2 người ăn,N/A,Gạch Cua | Trứng Cút | Bông Cải Xanh/Trắng | Bột Năng | Rượu Trắng | Đường Trắng | Hạt Nêm Maggi | Dầu hào MAGGI,Bạn bắc nồi nước sôi  luộc trứng cút chín rồi với ra  lột sạch vỏ sau đó cắt trứng thành hai nửa. Lưu ý để trứng nhanh nguội dễ lột vỏ hơn  bạn nên ngâm và lột trứng trực tiếp trong nước lạnh. Tiếp đến hãy rửa bông cải xanh thật sạch  tách nhỏ  cho vào chảo dầu xào chín mới trút ra dĩa. | Cho một ít nước dùng cùng rượu trắng vào chảo  đun sôi thì cho thêm hạt nêm MAGGI nấm hương với gạch cua vào. Khuấy đều cho gạch cua tan cùng nước dùng rồi nếm xem vị đã vừa miệng chưa. Lưu ý bạn cần nấu gạch cua cho chín kĩ để tránh gặp vấn đề về đường ruột nhé! | Pha bột năng cùng một ít nước lọc sau đó từ từ đổ hỗn hợp vào chảo gạch cua. Bạn dùng đũa khuấy nhẹ cho đến khi thấy nước trong chảo dần sệt lại thì bỏ vào phần bông cải đã xào. Đảo đều tay cho bông cải áo đều nước sốt gạch cua. | Để món ăn được dậy hương  không quên cho dầu hào MAGGI vào chảo đang xào bông cải xanh và gạch cua bạn nhé. Đừng vội tắt bếp mà hãy đảo nguyên liệu trong khoảng 2 phút nữa cho nước sốt được đậm vị hơn. | Sau khi cho bông cải xanh đã sốt gạch cua ra dĩa  lúc này bạn mới để lên mặt món ăn phần trứng cút cắt đôi  trang trí thêm vài lát ớt mỏng để tăng màu sắc hấp dẫn cho món ăn. Bạn lưu ý dùng món khi còn nóng để gạch cua không bị tanh. Món Bông cải xào trứng cút gạch cua có thể ăn cùng cơm nóng và chấm nước tương MAGGI cho thêm phần đậm đà bạn nhé!,https://www.maggi.com.vn/cong-thuc/bong-cai-xao-trung-cut-gach-cua
Chả Gà Bọc Sả Sốt Tương,40 phút,3 người ăn,N/A,Giò sống | Hành lá | Sả cây | Tỏi | Tiêu xay | Hành lá cắt nhỏ | Bánh hỏi | Hành tím | Dầu Ăn | Tương ớt | Hạt nêm Maggi | Thịt gà | Nước dừa | Xà lách | Rau thơm | Nước tương MAGGI,Bạn hãy tách bỏ phần xương và da gà  giữ lại thịt cho vào máy xay nhuyễn mịn. Cho tiêu xanh vào cối  dùng chày giã nhỏ. Đối với sả cây  cắt lấy đoạn 10cm. Hành tím lột vỏ  băm nhuyễn cùng với đầu hành lá  riêng phần lá hành thì thái nhỏ. Cuối cùng  rửa sạch rau thơm và xà lách rồi vớt ra để ráo. | Cho thịt gà  giò sống  hành tím cùng đầu hành băm vào tô  thêm tiêu xay và 1 muỗng canh hạt nêm MAGGI nấm hương. Trộn đều nguyên liệu cho thấm vị  không quên quết chả gà vài lần để tăng thêm độ dai cho món ăn. | Bạn dùng dao đập dập một đầu sả. Mang bao tay vào  lấy một lượng chả gà vừa phải bó vào cây sả. Chuẩn bị lửa than  đặt vỉ nướng lên rồi xếp từng xiên chả gà lên vỉ. Trong lúc nướng cần trở chả liên tục để các mặt được chín vàng. | Nấu sôi dầu ăn rồi rót vào chén có đựng lá hành thái nhỏ cùng 1 muỗng canh hạt nêm MAGGI nấm hương. Trộn đều hỗn hợp để được chén mỡ hành thơm phức. Lúc này  bạn đừng quên đun nóng chút dầu để phi tỏi  tỏi thơm sẽ đổ nước dừa cùng tương ớt và hạt tiêu xanh vào. Khuấy đến khi thấy nước sệt thì thêm nước tương MAGGI  phần hạt nêm MAGGI nấm hương còn lại. Đảo thêm lần nữa rồi thử vị  thấy vừa miệng thì tắt bếp. | Bạn đặt từng xiên chả gà ra dĩa  bày thêm rau sống cùng bánh hỏi đã rưới mỡ hành. Múc thêm chén nước sốt tương cay nồng nàn. Khi ăn gắp một miếng bánh hỏi  đặt rau sống và chả gà lên  cuộn tròn bánh rồi chấm sốt  bạn sẽ cảm nhận ngay vị chả gà ẩm mềm ngọt thơm tan dần trong miệng  mùi sả thoang thoảng càng làm cho món ăn thêm bội phần hấp dẫn.,https://www.maggi.com.vn/cong-thuc/cha-ga-boc-sa-sot-tuong
Cà Tím Xào Hành,12 phút,3 người ăn,N/A,Cà tím | Tỏi băm | 1 muỗng cà phê Đường Trắng | Dầu hào Maggi | Hạt nêm Maggi | Dầu ăn | Hành lá | Muối | Nước mắm MAGGI,Cà tím cắt bỏ cuống  rửa sạch rồi thái lát  luộc sơ cà trong nước sôi và một ít muối để cà tím không bị thâm đen đồng thời bớt đi mùi hăng. Vớt cà tím ra rồi dội sơ qua nước lạnh nhé. | Làm nóng chảo với dầu ăn  phi thơm hành và tỏi băm cho đến khi xém vàng thì cho cà tím đảo đều cho chín. Nêm thêm hạt nêm MAGGI nấm hương  nước mắm MAGGI  đường và dầu hào MAGGI vào xào cùng cà tím thêm một chút là được. Lúc này cà tím đã mềm nên xào nhẹ tay thôi để món ăn được đẹp mắt  gia vị phủ đều cà nhé! | Bày cà tím xào hành ra đĩa  trang trí thêm với hành lá và thưởng thức ngay với cơm trắng. Bạn có thể thêm vài lát ớt cho có vị cay cay  kích thích vị giác. Món ngon lại dễ làm này rất phù hợp cho những ngày bận rộn  mà vẫn đảm bảo dinh dưỡng trọn vẹn cho cơ thể đấy!,https://www.maggi.com.vn/cong-thuc/ca-tim-xao-hanh
Gỏi Măng Tôm Thịt,60 phút,6 người ăn,N/A,500 g Măng Tươi | 300 g Tôm Sú | 200 g Mỡ Thịt | 100 g Cà Rốt | 130 g Đường Trắng | 2 muỗng cà phê Nước Cốt Chanh | 1 muỗng cà phê Tỏi Băm | 1 muỗng canh MAGGI Nước Tương | 2 muỗng cà phê MAGGI Hạt Nêm Nấm Hương | Đậu phộng rang | Muối,Đầu tiên  sơ chế măng tươi bằng cách rửa  luộc măng với nước sôi và một chút muối từ 2-3 lần  xả rửa thật kỹ để loại bỏ vị đắng và các độc tố trong măng. Khi luộc  bạn mở nắp nồi để độc tố bay theo hơi nước ra ngoài. Măng tươi sau khi đã luộc  vắt cho thật ráo nước. Cà rốt rửa sạch và gọt vỏ ngoài  sau đó bào thành lát hơi dày một chút rồi cắt dợn sóng. Bạn bóp sơ cà rốt đã thái với muối rồi xả lại với nước lạnh. Vắt ráo nước trong cà rốt trước khi tiến hành bước kế tiếp. | Pha nước dấm đường theo công thức giấm  100gr đường và 1/2 muỗng muối  khuấy đều cho tan rồi ngâm măng chua và cà rốt đã sơ chế 1 buổi cho thấm chua. Trong thời gian ngâm  bảo quản măng và cà rốt trong tủ lạnh bạn nhé. | Rửa sạch thịt đùi và tôm với nước sạch và muối loãng. Luộc sơ thịt đùi bằng nước sôi một lần để thịt được sạch  sau đó chờ nước sôi trở lại mới thả thịt vào luộc chín với 1 ít muối. Luộc thịt trong nước sôi sẽ giúp thịt giữ được vị ngọt. Sau khi thịt chín  thả vào tô nước lạnh để thịt trắng. Hấp chín tôm trong 5 phút rồi bỏ ra tô nước lạnh để tôm dai  giòn  dễ bóc vỏ. Bạn bỏ đầu và chỉ đen cho tôm đẹp và bắt mắt hơn. Lặt và sửa sạch rau thơm  để cho ráo nước rồi cắt nhỏ. | Công đoạn pha nước trộn gỏi là bước tạo nên linh hồn của món ăn này. Bạn cho 1 muỗng cà phê Hạt nêm MAGGI  1 muỗng nước sôi  1 muỗng nước cốt chanh và 2 muỗng cà phê đường  khuấy cho đường tan đều  nước trộn cho vị ngọt chua nhẹ. Với phần nước chấm  bạn pha 1 muỗng cà phê Hạt nêm MAGGI với 3 muỗng nước sôi  3 muỗng cà phê đường  1 muỗng nước tương Maggi  1 muỗng nước cốt chanh và tỏi ớt bằm  khuấy đều cho các gia vị hòa quyện với nhau  dậy mùi thơm đặc trưng của hành  tỏi  nước tương và thoảng mùi chanh tươi mát. | Vắt khô măng và cà rốt đã ngâm chua  vắt nhẹ và vẩy đều tay để không làm nát măng bạn nhé. Trộn tôm  thịt với măng và cà rốt  nửa phần rau thơm  dầu hành tỏi phi với nước trộn gỏi. Bạn có thể thêm ớt sừng thái sợi mỏng cho đẹp mắt và đượm mùi thơm nồng. Trộn đều cho thấm gia vị  khi nếm thử có vị chua ngọt là hoàn thành rồi đấy. | Bày gỏi ra dĩa  rắc phần rau thơm còn lại lên trên cho đẹp mắt. Bạn có thể tỉa hoa cà rốt hoặc ớt để trang trí cho phần ăn. Gỏi tôm thịt măng tươi rất ngon khi dùng chung với bánh phồng chiên và nước chấm gỏi thơm lừng. Rắc thêm một ít đậu phộng rang béo bùi cũng làm món ăn lạ miệng thêm phần đặc sắc  ăn mãi vẫn nghiện đấy!,https://www.maggi.com.vn/cong-thuc/goi-mang-tom-thit
Cá Chẽm Chay Chua Ngọt,30 phút,2 người ăn,N/A,Hoa chuối hột bào dày | Bột Chiên Giòn | Cà Chua | Kiệu Chua | Gừng | Củ Hành Tây | Tiêu | Tương Cà | Tương Ớt | Hạt Nêm Maggi | Nước cốt chanh/ giấm | Cần tây | Ngò | Ớt xắt lát | Dầu ăn | Nước tương MAGGI,Hoa chuối lột bớt lớp vỏ ngoài  lấy lớp nõn bên trong  chẻ ra ngâm vào nước lạnh có pha chút chanh hay giấm để hoa chuối không bị thâm đen  cho vào nồi nước sôi  luộc chín. Nhớ dùng đũa dìm hoa chuối ngập trong nước sôi để khi chín không bị thâm đen. Khi hoa chuối mềm  bạn vớt ra cho ngay vào nước lạnh  để nguội rồi vắt ráo. Ướp gia vị vào hoa chuối gồm hạt nêm MAGGI nấm hương  kiệu chua bằm và  nêm nếm cho vừa ăn. | Cắt nhỏ kiệu chua và gừng. Cần tây cắt bỏ gốc  rửa sạch để ráo sau đó cắt khúc dài 5cm. Hành tây lột bỏ vỏ  rửa sạch rồi cắt thành hình múi cam. Với cà chua  bạn rửa sạch rồi cắt hình múi cam  khoảng 6 miếng một trái. Tiếp đến  chúng ta sẽ pha chế phần nước sốt cà chua cho món ăn. Hòa bột năng với 1/3 chén nước  tương ớt  tương cà  tiêu rồi khuấy đều cho các gia vị tan đều và hòa quyện vào nhau chua chua  cay cay. | Đến công đoạn làm cá chẽm chay rồi đây. Hòa bột chiên giòn với nước lọc rồi khuấy đều cho sánh và sệt lại. Bạn cho hoa chuối vào bột chiên giòn đã trộn  khuấy đều để lớp bột áo phủ đều từng miếng hoa chuối. Làm nóng dầu ăn  múc từng muỗng canh hoa chuối lẫn bột thả vào chảo chiên ngập dầu nóng  thấy chín vàng là bạn đã có cá chẽm chay rồi. Vớt ra dĩa có lót giấy thấm dầu cho ráo nhé! | Tiếp theo  bạn phi thơm kiệu bằm với dầu ăn  xào cà chua  cần tây  gừng và kiệu chua cắt nhỏ  củ hành tây và hỗn hợp sốt cà chua  khuấy đều trên lửa nhỏ đến sốt sánh trong  nếm vị chua ngọt vừa ăn  mùi thơm hấp dẫn. | Xếp cá chẽm chay vào dĩa  chan nước sốt lên trên rồi rắc tiêu và ngò cho thêm đẹp mắt và hấp dẫn. Món Cá chẽm chay xào chua ngọt được dùng nóng với cơm trắng và nước tương MAGGI thêm vài lát ớt xắt rất ngon miệng. Nước sốt màu cam nâu nhạt  sánh và trong phủ đều lên cá chẽm chay giòn tan. Hoa chuối đậm đà vừa ăn  có xen lẫn vị chát nhẹ đặc trưng hòa quyện với nước sốt chua ngọt  cay cay cho món xào chay càng thêm ngon và độc đáo.,https://www.maggi.com.vn/cong-thuc/ca-chem-chay-xao-chua-ngot
Cải Chua Xào Thịt Ba Chỉ,30 phút,4 người ăn,N/A,Thịt Ba Chỉ | Cải chua | Ớt sừng | Đầu hành lá | Hành tím | Tiêu xay | Đường Trắng | Hạt nêm Maggi | Nước mắm Maggi | Nước lọc | Dầu ăn,Bạn đem thịt ba chỉ rửa với nước cho sạch rồi dùng dao cắt từng miếng có độ dày cỡ 0 5cm. Cho thịt vào tô  ướp thêm 1 muỗng hạt nêm MAGGI nấm hương  1 muỗng nước mắm MAGGI  1 muỗng đường cùng tiêu xay và hành tím băm. Trộn đều rồi ướp tầm 15 phút. Rửa và cắt cải chua thành đoạn ngắn cỡ 3cm. Còn ớt sừng bỏ cuống  tách hạt rồi thái sợi nhỏ theo chiều dọc. | Đổ dầu vào chảo  đun đến khi sôi thì thêm 1 muỗng đường vào  tiến hành thắng nước màu. Lúc đường tan và chuyển sang màu nâu cánh gián thì phi hành tím thái lát. Hành vàng thơm là lúc đổ ba chỉ vào chảo  dùng đũa xào đều ta từ 5 - 7 phút để thịt được săn. Lưu ý  bạn có thể dùng nước màu pha sẵn để tiết kiệm thời gian chế biến hơn. | Cho cải chua đã chuẩn bị vào chảo  dùng lượng hạt nêm MAGGI nấm hương  nước mắm MAGGI cùng đường còn lại nêm nếm thêm  không quên thêm phần nước lọc đã chuẩn bị. Lúc này  bạn chỉnh lửa ở mức thấp  nấu sôi cải chua cùng thịt tầm 15 phút để cải mềm và nguyên liệu ngấm vị. Nước bắt đầu khô lại thì hãy bỏ thêm đầu hành lá cùng ớt thái lát vào và tắt bếp. | Bày món Cải chua xào thịt ba rọi ra dĩa  bạn có thể rắc thêm chút tiêu xay lên trên. Món này ăn nóng cùng cơm trắng  có thêm chén nước tương MAGGI chấm thì “bá cháy” luôn nhé!,https://www.maggi.com.vn/cong-thuc/cai-chua-xao-thit-ba-chi
Canh Rau Bồ Ngót Nấu Nấm,25 phút,4 người ăn,N/A,2 bó Rau Bồ Ngót | 50 g Nấm Rơm Trắng | 1 quả Bắp | 1 muỗng cà phê Tiêu Xay | 1 muỗng cà phê MAGGI Hạt Nêm Nấm Hương | Nước lọc,Tuốt lá rau ngót  nhặt bỏ lá sâu  héo vàng  bóp lá cho dập rồi rửa qua 3 lần nước. Bắp Mỹ lột vỏ  bỏ râu  bào thành từng lát mỏng dọc theo thân bắp. Nấm rơm sẽ gọt đi những chỗ bẩn rồi dùng dao thái mỏng. Lúc này  bạn cũng chuẩn bị sẵn sàng một nồi nước  nấu sôi thì thả nấm rơm vào. | Thêm vào nồi canh 1/2 muỗng cà phê hạt nêm MAGGI nấm hương. Chờ nước sôi trở lại thì cho bắp bào vào  nấu tầm 5 phút để bắp chín rồi cho tiếp rau ngót. Bạn dùng vá đảo nhẹ cho rau hòa quyện cùng bắp và nấm. | Khi canh sôi lại lần nữa  bạn nếm thử vị nước dùng  nếu hơi nhạt  hãy cho phần hạt nêm MAGGI nấm hương còn lại vào. Món ăn vừa miệng là có thể tắt bếp  múc Canh Rau Bồ Ngót Nấu Nấm vào tô  thưởng thức cùng cơm nóng. Món ăn thích hợp dùng cả chay và mặn đó nha! | - Nước sôi lại  nêm nếm kĩ lại. Lúc này  nếu thấy nhạt  cho thêm ½ muỗng café Hạt Nêm Nấm Hương nữa cho vừa khẩu vị. | Múc canh ra tô thưởng thức,https://www.maggi.com.vn/cong-thuc/canh-rau-bo-ngot-nau-nam
Gỏi Cà Tím,45 phút,2 người ăn,N/A,Cà Tím | Hành Tây | Bột Chiên Giòn | 100 g Khô Nấm Bào Ngư | Đậu Phộng Rang | Đường Trắng | Rau Răm Xắt Nhuyễn | Nước Cốt Me | Ớt Bằm | Nước Tương MAGGI | Hạt Nêm Maggi Nấm Hương | Bánh phồng chiên,Cà tím cắt bỏ cuống  rửa sạch. Hành tây lột bỏ vỏ  cắt miếng. Để hành bớt hăng  bạn ngâm trong nước có pha nước cốt chanh hoặc giấm khoảng 15 phút. Nếu thích hành giòn hơn  bạn có thể thêm vài viên đá lạnh vào ngâm cùng. Khô nấm bào ngư ngâm nở  rửa sạch rồi cắt miếng vừa ăn. | Pha bột chiên giòn pha với nước rồi khuấy đều cho bột tan. Bạn nên thêm nước vào từ từ để cân chỉnh sao cho bột không quá đặc hay quá loãng nước. Cà tím xắt lát  nhúng qua với bột rồi chiên giòn trên chảo đến khi cà chín  lớp bột bên ngoài vàng đều. Vớt ra để ráo dầu để giữ độ giòn lâu hơn. | Cách trộn gỏi ngon phụ thuộc nhiều vào nước sốt trộn gỏi. Với món gỏi cà tím  bạn cho nước sôi vào me  dùng muỗng tán nhuyễn để lấy chất chua sau đó lọc bỏ hạt và bã me. Thêm đường  hạt nêm MAGGI nấm hương và nước tương MAGGI vào khuấy đều cho tan  nêm nếm cho nước sốt trộn có vị chua ngọt vừa ăn. | Cho cà tím  hành tây  nấm bào ngư  rau răm xắt nhuyễn  đậu phộng rang và ớt bằm vào thau  từ từ đổ nước sốt vào rồi trộn đều cho các nguyên liệu thấm đều. Trình bày món ăn ra dĩa  dùng chung với bánh phồng chiên thì ngon phải biết. Món gỏi chua ngọt  tươi mát rất bắt vị lại tốt cho sức khỏe  nàng thử qua một lần sẽ nhớ mãi không quên!,https://www.maggi.com.vn/cong-thuc/goi-ca-tim
Hủ Tiếu Trộn Bò Kho,60 phút,3 người ăn,N/A,Hủ Tiếu Khô | Thịt Nạm Bò | Cà Rốt | Sốt Cà Chua | Tỏi Băm | Hành Tím Băm | 2 nhánh Sả Cây | 1 cái Hoa Hồi | 1 thanh Quế | 1 1/2 muỗng canh Đường Trắng | Dầu Ăn | Hành lá | Ngò gai | Rau giá | 1 muỗng cà phê Ngũ Vị Hương | 1 muỗng canh MAGGI Hạt Nêm Nấm Hương | Dầu hào Maggi,Bạn rửa thịt bò cho sạch rồi thái thịt thành từng khối vuông cạnh 2cm. Nấu nước sôi  chần sơ hủ tiếu trong vòng 1 phút thì vớt lên xả dưới vòi nước. Đối với cà rốt  bào hết vỏ  cắt khúc hình chữ nhật dài 2cm. Sả bỏ bớt lá  đập dập rồi băm nhuyễn. | Cho thịt bò đã thái vào tô cùng lần lượt các loại gia vị như 1 muỗng canh dầu hào MAGGI  hạt nêm MAGGI nấm hương  ngũ vị hương  10gr tỏi băm  1 muỗng canh đường cát. Bạn dùng đũa trộn đều  ướp thịt tối thiểu 30 phút để thịt thấm vị. | Bạn đổ dầu ăn vào nồi  đun nóng dầu thì cho lượng  tỏi băm còn lại cùng hành tím xay vào phi  lúc hành tỏi vàng thơm thì thêm thịt bò. Bạn xào thịt đến khi vừa săn thì cho sốt cà chua vào  đảo qua lại vài lần rồi tiếp tục thêm vào nước lọc sao cho sấp mặt thịt. | Bạn đun hỗn hợp cho thật sôi và vớt hết bọt rồi đó sẽ cho sả  hoa hồi cùng quế vào nồi. Vặn lửa nhỏ  bắt đầu hầm thịt trong vòng 30 phút để thịt chín mềm. Sau đó dùng đũa gắp hoa hồi và quế ra  nêm vào nồi ít dầu hào MAGGI và đường cát. Thử lại vị và nêm nếm để điều chỉnh cho hợp ý nhé! | Bạn cho cà rốt vào nồi  đun trong vòng 10 phút để cà rốt mềm và nước hầm sệt lại là có thể tắt bếp. Lúc này  bạn cho hủ tiếu vào tô  rưới lên nước sốt bò hầm nóng hổi  có thể thêm rau giá cùng ngò gai để kích thích vị giác hơn. Vậy là món Hủ Tiếu Trộn Bò Kho đã hoàn thành rồi.,https://www.maggi.com.vn/cong-thuc/hu-tieu-tron-bo-kho
Rau Củ Luộc Chấm Kho Quẹt,53 phút,2 người ăn,N/A,Mỡ Heo | Hành Tím | Tỏi Bằm | Thịt Ba Chỉ | Tôm Khô | Ớt Hiểm | 10 g Tiêu Sọ | 2 muỗng canh Đường Trắng | 6 muỗng canh MAGGI Nước Mắm,Rửa sạch thịt ba rọi với nước  dùng muối chà xát lên bề mặt thịt rồi xả lại  để ráo. Cắt thịt thành những lát mỏng vừa ăn. Mỡ heo rửa sạch  cắt hạt lựu. Bạn lột vỏ rồi cắt lát hành tím  băm tỏi thật nhuyễn. Các loại rau củ ăn kèm  bạn gọt vỏ  rửa sạch rồi để ráo nhé! | Bắc nồi đất lên bếp và bắt tay vào làm món kho quẹt thôi nào. Đầu tiên  bạn chiên phần mỡ heo đã cắt hạt lựu từ trước. Vặn lửa vừa và đảo đều tay đến khi tóp mỡ chuyển sang màu vàng nâu  nước mỡ ra khá nhiều thì vớt ra để ráo dầu. Lúc này bạn cho ớt hiểm vào chiên sơ rồi vớt ra ngay nhé! | Sử dụng phần mỡ còn lại trong nồi để phi thơm hành tím và tỏi băm. Khi hành tỏi đã dậy mùi thì bạn cho thịt ba chỉ vào xào tới khi săn lại. Nêm nếm nước mắm MAGGI và đường trắng  khuấy đều tay đến khi đường tan hẳn  nước mắm hơi sệt lại. | Cuối cùng  để hoàn thành món mắm kho quẹt  bạn thêm tiêu sọ đập dập cùng ớt hiểm đã chiên sơ vào nồi. Trong lúc chờ cho hỗn hợp kho quẹt sôi và sệt lại  bạn chuẩn bị luộc các loại rau củ ăn kèm. Khi rau củ đã chín tới  kho quẹt đã sệt lại là có mùi thơm thì tắt bếp và dọn ra. | Xếp rau củ ra dĩa lớn  múc phần kho quẹt ra dĩa nhỏ và thưởng thức hương vị vừa quen vừa lạ này thôi. Rau củ luộc chín mềm  chấm kho quẹt đậm đà  béo ngậy từ thịt ba rọi và tóp mỡ. Cách làm mắm kho quẹt đơn giản nhưng cực hao cơm đó nha!,https://www.maggi.com.vn/cong-thuc/rau-cu-luoc-cham-kho-quet
Cá Thu Sốt Ớt Đậu Taro,45 phút,4 người ăn,N/A,Cá Thu | 1/2 quả Ớt Chuông | Khoai môn | 1/2 củ Cà Rốt | 1/2 quả Dưa Leo | Đậu Lăng | 1 nhánh Gừng | 1 muỗng cà phê Tiêu Xay | 2 cây Hành Lá | Dầu Hào Maggi | Dầu ăn,Cá thu bỏ nội tạng  rửa sạch phần bụng cá. Ở hai bên sườn cá bạn để ý sẽ thấy một sợi gân màu trắng  đây là nguyên nhân làm cá có mùi tanh. Do đó khi sơ chế  bạn nhớ cắt sát phần mang cá để sợi gân lộ ra  nhớ loại bỏ phần này để cá bớt tanh khi chế biến nhé. Dùng muối hoặc nước vo gạo ngâm cá khoảng 10 phút rồi rửa sạch lại bằng nước  để ráo. Ướp cá thu với tiêu  muối  gừng băm  hành băm cho cá thấm gia vị và thơm hơn. | Cà rốt gọt vỏ  rửa sạch rồi tỉa hình hoa cho đẹp. Ớt chuông bỏ hạt  thái lát. Khoai môn rửa sạch  nấu qua nước sôi để khử phần nhựa khoai trước khi gọt vỏ  rửa sạch rồi cắt khoai thành hình quân cờ. Gừng gọt vỏ  thái sợi. Dưa leo rửa sạch  cắt chéo  hành lá cắt thành từng khúc khoảng 3cm. Đậu lăng rửa sạch  để ráo nước trước khi chế biến. | Làm nóng chảo trên bếp với dầu ăn  cho cá thu đã ướp thấm gia vị vào chiên cho đến khi cá vàng đều hai mặt thì vớt ra ngoài  để ráo dầu. | Cho cà rốt  ớt chuông  đậu với khoai môn vào chảo xào chín cùng dầu hào MAGGI. Đảo đều tay để dầu hào MAGGI thấm vào các nguyên liệu  dậy mùi thơm và vẻ ngoài bóng bẩy cho món ăn. Sau khi xào chín các loại rau củ  cho cá thu vào lại chảo  xóc đều. rồi tắt bếp. Món ăn đã hoàn thành rồi nè! | Bày cá thu sốt ớt đậu ra đĩa  trang trí thêm với dưa leo  rắc tiêu và dùng nóng. Cá thu chiên thơm  thịt cá mềm ngọt tự nhiên  đượm chút beo béo kết hợp cùng rau củ tươi  vị cay nồng nhè nhẹ của tiêu xay  càng ăn càng mê  bạn nhất định sẽ phải xiêu lòng trước món ngon này đấy!,https://www.maggi.com.vn/cong-thuc/ca-thu-sot-ot-dau-taro
Mì Xào Hải Sản,48 phút,4 người ăn,N/A,400 g Mì Trứng | Mực Ống | Tôm | 1/2 củ Cà Rốt | 1 củ Hành Tây | 10g hành lá | 5g tỏi | 5g ngò | 1 quả Cà Chua | Cần Tây | 1/2 muỗng cafe tiêu xay | 2 trái ớt | 1 muỗng canh dầu ăn | Dầu Hào Maggi,Bạn chuẩn bị nồi nước sôi có pha thêm 1 muỗng dầu ăn rồi trụng mì qua cho mềm và không bị dính  sau đó vớt ra xả qua với nước rồi để ráo. Làm sạch tôm  bỏ đầu  vỏ  chân và đuôi rồi dùng tăm tre nhẹ nhàng rút chỉ đen sau lưng tôm ra. Lột bỏ phần da bên ngoài mực  làm sạch ruột rồi cắt miếng vừa ăn. Ướp hải sản đã sơ chế với 1 muỗng canh dầu hào MAGGI cho dậy mùi thơm khi chế biến. | Cà rốt bào vỏ  rửa sạch rồi cắt sợi dài. Hành tây lột bỏ vỏ  rửa sạch rồi cắt miếng. Hành lá  ngò  cần tây cắt bỏ gốc  rửa cho sạch hết bùn đất rồi thành cắt khúc. Giã nhuyễn hành và tỏi để xào cho thơm. Cà chua rửa sạch  cắt miếng. | Làm nóng chảo với một ít dầu ăn. Cho nửa phần hành  tỏi băm vào phi vàng cho thơm rồi thêm hải sản vào xào cho đến khi bề mặt mực hơi săn lại và tôm ngả màu cam đẹp mắt. Trút ra dĩa để riêng. | Bạn dùng tiếp phần hành tỏi còn lại  cho vào chảo phi thơm  rồi thêm cần tây vào xào chín. Lần lượt trút hỗn hợp tôm mực vào cùng với hành tây  cà rốt thái sợi đảo đều trong 30 giây. Tiếp đến bạn cho mì vào xào chung  nêm nếm thêm lượng dầu hào MAGGI còn lại cho món ăn thêm thơm ngon chuẩn vị hơn. Nhanh tay cho hành lá vào đảo đều rồi tắt bếp. | Trình bày món mì xào hải sản ra đĩa  rắc thêm ít tiêu  ngò lên trên. Cà chua cắt miếng xếp lên trên  bạn có thể lấy ớt tươi tỉa hình hoa trang trí cho món ăn trông hấp dẫn hơn. Từng sợi mì dai dai hòa quyện với nước xào và hải sản đậm đà lạ miệng sẽ khiến cả nhà ngất ngây ngay từ lần đầu tiên thưởng thức.,https://www.maggi.com.vn/cong-thuc/mi-xao-hai-san
Cá Tầm Xào Thơm,57 phút,5 người ăn,N/A,Cá Tầm | 1 quả Thơm (Dứa) | 1 củ Hành Tây | 2 quả Cà Chua | 1 củ Cà Rốt | Dầu Ăn | 5 g Hành Ngò | Dầu Hào Maggi | 2 muỗng cà phê MAGGI Hạt Nêm Nấm Hương | Hành tím băm | Tỏi băm | Tiêu | Cà rốt,Cá tầm sau khi mua về bạn rửa qua với nước lạnh rồi chần cá trong nước nóng để làm trắng lớp nhớt bao quanh  dùng dao cạo sạch nhớt và rửa lại nhiều lần cho cá sạch hẳn. Để cá ráo sau đó cắt thành những miếng vừa ăn. Ướp cá tầm với hành băm  hạt nêm MAGGI nấm hương và tiêu khoảng 20 phút  lật cá để các gia vị phủ đều bạn nhé. | Cà chua rửa sạch  hành tây lột vỏ  rửa qua với nước. Cắt múi cà chua và hành tây. Thơm bạn rửa sạch rồi cắt miếng hình tam giác vừa ăn. Cà rốt gọt vỏ  rửa sạch rồi tỉa hoa  cắt tròn. Hành ngò cắt bỏ gốc  rửa sạch  cắt nhỏ. | Làm nóng dầu trên chảo sau đó cho tỏi vào phi thơm  đến khi tỏi đã vàng và dậy mùi  cho cá tầm vào xào chín rồi trút ra dĩa. Bạn cho thêm dầu ăn  tiếp tục cho cà rốt  cà chua  hành tây và thơm vào xào đều tay khoảng 5 phút cho mềm. Cho cá tầm vào xào tiếp  nêm thêm dầu hào MAGGI và đảo đều thêm khoảng 2 phút nữa rồi cho hành ngò cắt nhỏ vào  tắt bếp. | Bày món ăn ra dĩa  rắc thêm chút tiêu cho thơm và kích thích mùi vị hơn. Dùng nóng với cơm rất ngon. Cá tầm béo thịt  ngon ngọt phối ngẫu với thơm chua chua rất dậy vị và lạ miệng  ngon nói không nên lời.,https://www.maggi.com.vn/cong-thuc/ca-tam-xao-thom
Cá Cơm Xào Chua Ngọt,45 phút,2 người ăn,N/A,Cá Cơm Khô | 2 muỗng canh Nước Cốt Chanh | 1 nhánh Tỏi | 1 muỗng cà phê Vừng rang | 1/2 muỗng cà phê Đường Trắng | Dầu Ăn | Dầu Hào Maggi | 1 muỗng canh MAGGI Nước Mắm | Hành lá | Nước lọc,Cá cơm khô sau khi mua về bạn rửa qua với nước lạnh sau đó ngâm trong nước vo gạo cho mềm rồi vớt ra  để ráo. Chú ý rửa kĩ cá để loại bỏ bụi cát hay các chất bẩn bạn nhé. Bóc vỏ tỏi sau đó rửa sạch rồi đập nhuyễn. | Pha nước với nước mắm MAGGI  nước cốt chanh  tỏi đã băm nhuyễn  1 muỗng dầu hào MAGGI và đường. Khuấy cho gia vị tan đều  hòa quyện vào nhau thành một hỗn hợp màu nâu đẹp mắt  có mùi thơm. | Làm nóng chảo  bạn cho nhiều dầu ăn một chút rồi cho cá vào chiên cho cá cơm săn lại. Khi thấy cá đã vàng đều  chắt bỏ bớt phần dầu ăn trong chảo ra  đổ hỗn hợp sốt đã pha vào chảo cá. Đảo đều và đun ở lửa nhỏ cho nước cạn  quyện đều vào cá cơm. | Khi chảo cá đã gần cạn nước  cho phần dầu hào MAGGI còn lại vào  đảo đều đến khi cạn hẳn. Tắt bếp rồi trình bày ra dĩa  rắc chút vừng rang  hành lá cho thơm và đẹp mắt. Nếu ăn cay  bạn có thể cho thêm ớt tươi cho có vị thơm và the the cho món ăn. Cá cơm xào chua ngọt thơm giòn  đậm đà có vị chua ngọt rất bắt cơm  ăn cùng với cơm nóng thì không chê vào đâu được.,https://www.maggi.com.vn/cong-thuc/ca-com-xao-chua-ngot
Miến Dong Xào Lươn,52 phút,3 người ăn,N/A,Lươn | Miến Dong | Giá Đỗ | 2 củ Hành Khô | Hành Lá | 3 g Rau Răm Xắt Nhuyễn | 1 muỗng canh nước cốt chanh | 1 muỗng canh dầu ăn | 10g muối hạt | Dầu Hào Maggi | 1 muỗng canh MAGGI Nước Mắm,Lươn sau khi mua về  bạn dùng muối hạt xát lên bề mặt lươn cho đến khi sạch hẳn nhớt  xả qua với nước cho sạch rồi tiếp tục dùng nước cốt chanh bóp qua thịt lươn để khử mùi. Xả lại với nước lạnh rồi đem luộc chín  vớt ra chờ lươn nguội rồi gỡ lấy thịt để riêng. Tiếp theo  bạn băm nhỏ hành khô  phi thơm trên chảo đến khi vàng rồi cho thịt lươn vào xào với nước mắm MAGGI cho săn lại. | Ngâm miến dong trong nước cho nở rồi vớt ra  dùng kéo cắt miến dong ngắn lại cho vừa ăn. Hành và rau răm bạn nhặt lấy lá  rửa sạch rồi thái nhỏ. Bắt chảo lên bếp  xào miến với chút dầu ăn ở lửa vừa. Trong quá trình xào  thỉnh thoảng cho thêm nước để sợi miến không bị khô và ngấm đủ nước để nở căng nhưng vẫn giữ được độ dai  không bị bở mềm. Sau đó  cho giá đỗ vào xào cùng. | Khi giá xào đã có độ chín tái  cho lươn và rau răm thái nhỏ vào xào đều tay  nêm nếm món miến xào với dầu hào MAGGI cho thơm và có màu sắc đẹp mắt  hấp dẫn hơn. Đảo đều cho các nguyên liệu thấm dầu hào MAGGI rồi tắt bếp. Món ăn đã hoàn thành rồi! | Trình bày món ăn ra dĩa cho cả nhà cùng thưởng thức. Phần miến dong được xào mềm  vẫn còn chút dai dai xen lẫn chút đậm đà của dầu hào MAGGI óng ánh  thêm chút ngon ngọt của thịt lươn sẽ rất lạ miệng và thú vị cho bữa tối thay cơm đấy!,https://www.maggi.com.vn/cong-thuc/mien-dong-xao-luon
Lá Xách Xào Khế Chua,40 phút,2 người ăn,N/A,Lá Xách | 1 quả Khế | Hành Tây | 1 muỗng cà phê Ớt Sừng | 2 muỗng canh Rượu Trắng | Muối | 10g gừng | 10 g Hành Lá | 10g rau răm | 1 muỗng canh dầu ăn | 2 muỗng cà phê MAGGI Hạt Nêm Nấm Hương | 2 muỗng canh MAGGI Dầu Hào,Đầu tiên  bạn rửa lá xách với nước sau đó bóp muối để khử khuẩn và làm dịu đi mùi hôi. Bạn lưu ý bóp thật kĩ trong từng kẽ lá. Bóp muối khoảng 2 lần sau đó rửa lại với nước cho sạch rồi cho rượu vào bóp 5 phút sau đó cho cho gừng băm nhỏ vào. Gừng kết hợp với rượu sẽ làm hết mùi hôi của lá xách. Sau khi sơ chế xong  luộc chín lá xách trong 10 phút. | Khế rửa sạch  cắt bỏ phần viền nâu bên ngoài rồi cắt lát mỏng hình sao. Hành tây bỏ vỏ  cắt miếng. Hành lá  rau răm bỏ gốc  rửa sạch rồi cắt nhỏ. Khi lá xách đã chín  bạn vớt ra xả qua nước lạnh  để ráo rồi thái lát mỏng vừa ăn  ướp với hạt nêm MAGGI nấm hương cho vị đậm đà hơn. | Đun nóng một ít dầu ăn trên chảo  cho hành vào phi thơm đến khi ngả vàng thì thêm hành tây vào xào khoảng 1 phút rồi bỏ khế vào xào  bạn có thể thêm ớt sa tế nếu thích ăn cay  xào khoảng 3 phút cho các nguyên liệu chín tới. | Cuối cùng  cho lá xách vào xào nhanh tay trên lửa lớn để lá xách không bị dai  nêm nếm với dầu hào MAGGI  thêm chút hành lá  rau răm thái nhỏ và ớt lát là đã hoàn thành rồi. Bạn trình bày món xào ra đĩa  dùng nóng với cơm hay làm món ăn chơi cùng bạn bè và gia đình đều rất ngon. Lá xách dai giòn đậm đà  đượm chút chua từ khế lạ miệng  càng ăn lại càng thích đấy!,https://www.maggi.com.vn/cong-thuc/la-xach-xao-khe-chua
Chân Gà Rút Xương Xào Cần,27 phút,3 người ăn,N/A,Chân Gà Rút Xương | Hành Tây | Ớt | Cần Tây | Tỏi | Dầu Hào Maggi | Hạt Nêm Maggi Vị Gà | Tiêu xay | Dầu ăn | Bột canh,Bạn rửa các nguyên liệu thật sạch trước khi chế biến. Chuẩn bị một nồi nước sôi  chần sơ chân gà rồi vớt lên xả qua nước lạnh để tăng độ giòn. Bạn bỏ rễ  lá héo của cần tây  rửa sạch rồi cắt khúc cỡ 3cm. Hành tây lột vỏ và thái múi cau mỏng. Tỏi băm nhỏ. | Bạn đun nóng chảo dầu  phi thơm tỏi rồi cho cần tây  hành tây vào xào. Trút tiếp phần chân gà rút xương vào  thêm dầu hào MAGGI óng ánh cùng hạt nêm MAGGI 3 ngọt gà và bột canh. Xào đều tay cho chân gà chín đều và có độ bóng bắt mắt. | Trước khi tắt bếp  cho ớt thái lát vào chảo  đảo qua một lần rồi bày món Chân Gà Rút Xương Xào Cần ra dĩa  rắc lên trên một chút tiêu xay. Món ăn này thưởng thức vào ngày mưa là “hết sảy” luôn bạn nha.,https://www.maggi.com.vn/cong-thuc/chan-ga-rut-xuong-xao-chua-ngot
Thịt Ba Rọi Ram Nguyên Tảng,60 phút,5 người ăn,N/A,Thịt Ba Rọi | 2 muỗng canh Dầu Điều | Đường | Giấm Gạo | 5 cây Đầu Hành Lá | Hạt Nêm Maggi | Nước Tương Maggi | Tỏi | Gừng | Muối | Ớt xắt lát,Thịt ba rọi mua về bạn rửa sạch với nước và dùng một ít muối xát lên bề mặt thịt để khử bớt mùi. Dùng giấy hay khăn thấm khô nước rồi cho thịt ba rọi vào tô và ướp với nước tương MAGGI  1 muỗng cà phê hạt nêm MAGGI nấm hương  giấm gạo  trộn thật đều cho các mặt của thịt thấm gia vị và để khoảng 20 phút. | Gừng gọt vỏ  rửa sạch rồi cắt lát. Bóc vỏ tỏi  đập hơi dập. Đây là bí quyết giúp món ăn dậy mùi thơm ngon  tỏi không bị nhũn nát trong quá trình kho hay ram thịt  nàng nhớ nhé! | Làm nóng nồi nhỏ trên bếp  cho đường và dầu điều vào rồi khuấy đều tay cho đường tan ra và có màu nâu cánh gián đẹp mắt. Khi hỗn hợp sánh lại  bạn cho gừng  tỏi vào xào thơm rồi thêm thịt ba rọi vào nồi. Chiên sơ các mặt của miếng thịt khoảng 3 phút cho bề mặt thịt thật săn rồi đổ nước xăm xắp mặt thịt và đun sôi. | Khi nước trong nồi đã sôi  bạn hạ nhỏ lửa  nêm nếm thêm hạt nêm MAGGI nấm hương  đảo đều rồi đun liu riu trên lửa nhỏ cho đến khi thịt chín mềm. Cuối cùng  bạn cho đầu hành lá vào và tắt bếp. | Gắp Tảng thịt ba rọi ra dĩa  cắt thành những lát mỏng và dùng nóng. Thịt ram chín mềm còn nguyên vị ngọt béo  bên ngoài đậm đà  trổ màu nâu bóng đẹp mắt  ăn cùng cơm trắng với nước tương MAGGI  vài lát ớt cắt thì cực ngon và lạ miệng. Cách làm ba rọi ram nguyên tảng rất đơn giản  nàng có thể vào bếp khoe khéo tài nội trợ  chiêu đãi cả nhà đấy!,https://www.maggi.com.vn/cong-thuc/thit-ba-roi-ram-nguyen-tang
Sen Xào Tam Sắc,53 phút,10 người ăn,N/A,Củ Sen Tươi | Hạt Sen | Súp Lơ Xanh | Tôm càng | Thịt ba rọi 300g | 3 củ Hành Khô | 10 g Hành Lá | Dầu ăn 1 muỗng canh | Nước 3 muỗng canh | Muối 1 muỗng cafe | Tiêu xay 1/2 muỗng cafe | Dầu Hào Maggi | Hạt Nêm Maggi,Hạt sen bạn rửa sạch  có thể tách phần tim sen ra để không bị đắng khi ăn rồi luộc sơ qua. Củ sen gọt vỏ  rửa dưới vòi nước chảy để làm sạch bùn đất bên trong các lỗ  cắt lát và luộc chín. Cà rốt gọt vỏ  tỉa hình hoa. Bông cải cắt miếng vừa ăn  ngâm trong nước muối loãng khoảng 10 phút rồi rửa sạch. | Tôm rửa sạch sau đó luộc chín rồi bóc vỏ  bạn chừa lại phần đuôi tôm cho đẹp mắt. Thịt heo rửa qua với nước và muối để loại bỏ mùi sau đó cắt miếng vừa ăn  ướp với một ít hạt nêm MAGGI nấm hương khoảng 5 phút cho đậm đà hơn. Hành ngò rửa sạch  cắt khúc. Hành khô đập dập  băm nhỏ. | Đun sôi dầu ăn trong chảo  phi hành khô đến khi dậy mùi thơm và ngả vàng thì cho thịt heo vào đảo đều tay cho săn lại. Lần lượt cho cà rốt  bông cải vào xào  cuối cùng là hạt sen  củ sen và tôm đã luộc chín. Bạn đảo đều tay cho các nguyên liệu chín đều  có thể thêm một ít nước để món xào không bị khô  cháy nhé! | Nêm nếm hạt sen xào tôm thịt với dầu hào MAGGI và hạt nêm MAGGI nấm hương cho đậm đà và dậy vị hơn. Xốc chảo thêm vài lần cho rau củ thấm dầu hào MAGGI  có độ óng ánh đẹp mắt rồi tắt bếp. Món ăn dinh dưỡng đã hoàn thành rồi đấy. Cách làm sen xào tôm thịt không hề khó chút nào đúng không chị em? | Trình bày món ăn ra dĩa  rắc thêm chút tiêu xay và thưởng thức thôi. Hạt sen bùi mềm  củ sen giòn ăn cùng tôm thịt ngọt dai  bông cải  cà rốt tươi vừa miệng  thơm lừng dầu hào MAGGI rất ngon mà còn tốt cho sức khỏe  nàng có thể thỏa sức trổ tài chăm lo cho cả nhà nhé!,https://www.maggi.com.vn/cong-thuc/sen-xao-tam-sac
Sườn Non Rim Mắm Tỏi,55 phút,2 người ăn,N/A,Sườn non | Tỏi | Dầu Ăn | Đường trắng | Tiêu | 3 muỗng canh MAGGI Nước Mắm | Nước | Muối,Đầu tiên  bạn chặt sườn non thành miếng vừa ăn  tốt nhất là độ dài miếng sườn vào khoảng 4cm đến 5cm  rửa sạch với nước. Để món ăn chất lượng hơn  bạn chuẩn bị thêm nồi nước sôi với một chút muối rồi đem sườn chần qua để loại bỏ hết chất bẩn. Vớt sườn ra và rửa sạch lại với nước lạnh  để ráo. Bóc vỏ  băm nhuyễn 2/3 số tỏi  phần còn lại cắt lát mỏng. | Làm nóng dầu ăn trong chảo  cho tỏi băm vào chảo phi vàng rồi vớt ra để riêng. Giữ nguyên chảo trên bếp sau đó cho tỏi cắt lát vào phi đến khi ngả vàng và dậy mùi thơm thì thêm vào nước mắm MAGGI  nước lọc  đường trắng và tiêu xay. Khuấy đều tay cho đường tan hết  hỗn hợp nước mắm hòa quyện với nhau  dậy mùi thơm hấp dẫn. | Khi phần nước sốt sôi lên thì bạn cho sườn vào rim trên lửa nhỏ khoảng 20 phút. Đừng quên trở mặt thường xuyên để nước sốt áo vào những miếng sườn thêm phần đậm đà hơn. Rim sườn non đến khi nước sốt keo lại  sườn chín mềm  có màu cánh gián và óng ánh đẹp mắt thì tắt bếp. Cách làm sườn non rim mắm tỏi thật đơn giản phải không các nàng? | Dọn sườn non rim ra dĩa  rắc lên trên tỏi phi vàng rồi mời cả nhà cùng thưởng thức. Những miếng sườn thơm nức lòng  áo thêm một lớp nước sốt đậm đà  ăn với cơm trắng là miễn chê. Món quen vị lạ này rất hao cơm và ngon miệng  nàng không thể bỏ qua đâu đấy!,https://www.maggi.com.vn/cong-thuc/suon-non-rim-mam-toi
