"Tên Món","Thời gian","Số người","Độ khó","Nguyên Liệu","Cách Nấu"
Sườn rim chua ngọt ngon mê ly cho bữa cơm nhà,60 phút,4 người,Dễ,"Sườn non-700 gr | Trứng gà-1 quả | Ớt sừng-10 gr | Hành tím-10 gr | Tỏi-10 gr | Tương ớt-1.5 muỗng canh | Tương cà-1.5 muỗng canh | Nước tương-5 muỗng cà phê | Giấm-2 muỗng cà phê | Bột bắp-2 muỗng canh | Dầu ăn-50 ml | Gia vị-Muối, đường, hạt nêm, bột ngọt, tiêu","1. Sơ chế nguyên liệu | Sơ chế sườn: Sử dụng muối hoặc chanh để chà xát mặt thịt của sườn heo. Sau đó, rửa sườn lại với nước sạch để loại bỏ muối hoặc chanh trên bề mặt, sau đó để ráo. Tiếp theo, chặt sườn thành các miếng nhỏ vừa ăn. | Trụng sườn: Chuẩn bị một thau hoặc nồi lớn, đổ nước sôi vào thau sao cho mặt sườn được ngập trong nước. Trụng sườn trong nước sôi khoảng 5 - 10 phút, sau đó vớt sườn ra và xả sạch bằng nước lạnh để loại bỏ cặn bẩn. | Rửa và để ráo: Xả sườn bằng nước sạch để loại bỏ bất kỳ tạp chất nào còn lại trên bề mặt. Sau đó, để sườn ráo trong một chỗ khô thoáng. | 2. Ướp và chiên sườn | Chuẩn bị gia vị: Trong một tô, trộn đều 1/3 muỗng cà phê muối, 2 muỗng cà phê hạt nêm, 1/3 muỗng cà phê bột ngọt, 1 muỗng cà phê nước tương, 1 muỗng canh đường, 1/3 muỗng cà phê tiêu xay, 5g tỏi băm và 10g hành tím băm. | Ướp sườn: Đặt sườn vào một tô và rắc đều gia vị đã chuẩn bị lên sườn. Đảo đều để sườn thấm đều gia vị. Ướp sườn trong khoảng 15 - 20 phút để gia vị thấm vào sườn đều. | Chuẩn bị hỗn hợp bột áo: Đập 1 quả trứng gà và tách lấy lòng trắng. Hòa lòng trắng trứng với 2 muỗng canh bột bắp. | Áo sườn bằng hỗn hợp bột áo: Cho hỗn hợp bột bắp và lòng trắng trứng vào tô chứa sườn. Trộn đều để bột áo phủ đều lên sườn. | Một gợi ý nhỏ: Ướp thịt với lòng trắng trứng gà và bột bắp giúp sườn khi chiên có màu vàng đẹp và trở nên giòn hơn. | Chiên sườn: Đặt một chảo lên bếp và đổ dầu ăn vào chảo. Chờ đến khi dầu ăn nóng, sau đó đặt phần sườn đã được áo bột vào chảo và chiên ở lửa vừa. Chiên sườn cho đến khi sườn chín vàng và cạnh sườn trở nên giòn. Sau đó, vớt sườn ra khỏi chảo để ráo dầu. | 3. Rim sườn | Đổ bớt dầu từ chảo, giữ lại một ít dầu và cho tỏi vào phi thơm. | Thêm 10g ớt sừng băm nhuyễn và toàn bộ phần sốt đã pha trước đó vào chảo. Tiếp theo, đổ 50ml nước lọc vào tô chứa nước sốt, tráng đều rồi đổ vào chảo. Đun nước sốt cho đến khi hỗn hợp sôi lên và hơi sánh lại. | Rim sườn ở lửa nhỏ trong khoảng 5 phút cho đến khi nước sốt sánh kẹo lại và sườn ngấm đều gia vị. Sau đó, tắt bếp. | Bày sườn ra đĩa và trang trí để tạo thành một món ăn đẹp mắt. | 4. Thành phẩm | Món sườn rim chua ngọt dễ thực hiện, với các nguyên liệu đơn giản và dễ tìm kiếm. Tuy nhiên, hương vị của nó lại vô cùng thơm ngon và hấp dẫn, tạo cảm giác thèm thuồng khiến bạn muốn ăn thêm. Mỗi miếng sườn thấm đầy hương vị, kết hợp với sốt chua chua, ngọt ngọt, tạo ra một cảm giác kích thích vị giác tuyệt vời khi ăn kèm cơm."
Canh cua mồng tơi ngon mát cho mùa hè,40 phút,4 người,Dễ,Cua đồng-300 gram | Rau mồng tơi-300 gram | Hành tím-2 củ | Dầu ăn-2 muỗng canh | Nước mắm-1 muỗng canh | Muối-Một ít,"1. Sơ chế của đồng | Đầu tiên, bắt đầu với 300 gram cua đồng, hãy sử dụng tay để tách bỏ mai và yếm, sau đó rửa cua một vài lần với nước cho sạch và để ráo. Đồng thời, lấy muỗng để gạch cua từ yếm cho vào một chén riêng. Tiếp theo, chuẩn bị máy xay sinh tố và đổ số cua đồng đã để ráo cùng 300ml nước lọc vào máy, sau đó xay nhuyễn hỗn hợp trong khoảng 3 phút ở mức vừa. | Khi thấy hỗn hợp đã nhuyễn, tắt máy và sử dụng rây để lọc phần xác cua, chỉ giữ lại nước riêu cua để sử dụng trong chế biến. | 2. Sơ chế nguyên liệu khác | Tiếp theo, với 300 gram rau mồng tơi, bạn hãy nhặt lấy các lá non và đồng thời loại bỏ những lá dập úng hoặc héo úa. | Sau đó, ngâm rau mồng tơi trong nước muối pha loãng trong khoảng 10 phút, sau đó rửa lại 1-2 lần với nước để làm sạch và để ráo. Sau đó, sử dụng dao để cắt rau thành khúc dài khoảng 1-2 phần ngón tay. | Cuối cùng, lột vỏ hành tím và băm nhuyễn nó. | 3. Xào gạch cua | Sau khi chuẩn bị xong nguyên liệu, hãy đặt một chảo lên bếp và thêm 1 muỗng canh dầu ăn, sau đó đun chảo với lửa vừa. Chờ đến khi dầu nóng, bạn hãy cho hành tím đã băm nhuyễn vào chảo và phi thơm trong khoảng 3 phút. | Tiếp theo, thêm chén gạch cua vào chảo và sử dụng sạn dẹt để xào đều trong khoảng 3-5 phút, cho đến khi thấy gạch cua trở nên hơi sánh và đặc. Khi đó, bạn có thể tắt bếp. | 4. Nấu canh | Khi vô tình chạm mắt, tô canh cua mồng tơi đã tỏa sáng với màu sắc bắt mắt từ riêu cua và sự tươi tốt của rau xanh, nhanh chóng thu hút mọi người! | Đặc biệt, riêu cua mềm mịn và ngọt ngào, kết hợp với hương vị tươi ngon của rau và nước dùng đậm đà, thực sự là một món ăn không thể thiếu trên bàn cơm!"
Thịt lợn mán tái chanh thơm ngon ngọt,60 phút,4 người,Dễ,Thịt lợn mán (Chọn phần thịt vai hoặc thịt đùi)-500gr | Gừng-1 nhánh | Sả-2 cây | Vừng trắng rang vàng-3 thìa | Dầu vừng-1 thìa | Chanh-1/2 quả | Đường-1 thìa | Bột canh-1 thìa | Chuối xanh-1 quả | Khế chua-1 quả | Ớt-Tuỳ thích | Giấm-2 thìa | Muối-1 thìa,"Gừng và 2 củ sả đập dập chia thành 2 phần, 1 củ sả còn lại băm nhỏ. | Chuối xanh lột vỏ, cắt lát mỏng, ngâm vào nước pha muối và giấm cho đỡ bị thâm rồi để ráo. Khế chua rửa sạch, cắt lát. Vừng rang vàng. | Thịt lợn rửa sạch, dùng dao cao sạch phần bì. Đun sôi nước, thả một phần gừng, sả vào rồi cho thịt vào trần trong khoảng 2-3 phút để loại bỏ các chất bẩn và mùi hôi của thịt, sau đó rửa sạch lại với nước. | Hấp thịt với chỗ gừng và sả còn lại cho tới khi chín (mất khoảng 10-15 phút sau khi nước sôi, các bạn dùng đũa châm không thấy nước đỏ chảy ra là thịt chín). Gắp thịt ra thả vào bát nước đá ngay cho thịt trắng và mềm. | Dùng dao sắc thái thịt lợn mán đã luộc thật mỏng, cho vào tô. | Vắt nửa quả chanh vào tô, thêm đường, muối, dầu vừng, 1/2 chỗ vừng rang, ớt thái nhỏ vào, dùng găng tay trộn đều. Sau khi trộn xong các bạn có thể nêm nếm lại gia vị cho vừa miệng rồi xếp thịt ra đĩa, rắc chỗ vừng còn lại lên trên là ta đã làm xong món thịt lợn mán tái chanh. Các bạn ăn thịt lợn mán tái chanh cùng với khế chua và chuối xanh không thôi cũng ngon, nếu thích, các bạn có thể chấm tương gừng ăn cũng siêu hợp vị nhé."
Xôi cốm dẻo thơm ngon khó chối từ,2 giờ 00 phút,4 người,Dễ,Cốm-300g | Đỗ xanh-100g | Dừa tươi-50g | Đường kính trắng-4 thìa cà phê | Dầu ăn-2 thìa,"Bước 1:Đậu xanh ngâm trong nước nóng 2h rồi đãi sạch, để ráo nước, trộn với 1/3 thìa cà phê muối để trong chiếc chén con. Nếu là đỗ xanh chưa bỏ vỏ thì bạn nên ngâm trước đó 3h rồi đãi sạch vỏ đi nhé. | Bước 2:Cho đỗ xanh vào nồi hấp và hấp cho đến khi chín. Nếu không có xoong hấp bạn có thể cho vào nồi cơm điện và nấu như cơm. Không nên cho nhiều nước, khi đỗ sôi sẽ trào nước ra nồi. | Khi đậu chín thì cho vào cối giã nhuyễn hoặc nghiền bằng thìa. | Bước 3:Trộn cốm với 2 thìa dầu ăn, rồi cho vào hấp. Khi hấp bạn nên cho lửa liu riu, đợi trong 5-7 phút là cốm chín. | Bước 4:Lấy cốm đã chín và trộn với 2 thìa đường trắng, rồi đem hấp lại trong 5 phút. | Bước 5:Dừa nạo thành sợi ướp với chỗ đường còn lại, để trong 20 phút. | Cho 1 chút dầu ăn vào chảo, để lửa nhỏ cho dừa tươi ướp đường vào xào cho săn lại. Bạn có thể nhận thấy dừa săn lại là khi đường cô lại, bám chặt vào từng sợi dừa, tuy nhiên bạn không nên để quá lửa để dừa bị cháy có màu vàng nhìn sẽ không đẹp mắt. | Bước 6:Đổ xôi ra một cái khay rộng rồi trộn đều xôi cốm với dừa và đậu xanh đã giã nhuyễn. | Để có hình thức bắt mắt bạn có thể trải lá sen hoặc lá chuối lót dưới đĩa hay mẹt nhỏ rồi hãy đổ xôi cốm lên. | Chúc bạn và gia đình thành công với cách nấu xôi cốm thơm ngon hấp dẫn này!"
Canh cá nấu chua đậm đà ngon cơm,60 phút,4 người,Dễ,"Cá (cá diêu hồng hoặc cá quả, bạn nên chọn cá có vị béo): 250g- | Dứa:1/2 quả; cà chua: 3 quả; giá đỗ: 100g; bạc hà (dọc mùng): 1 cây; đậu bắp: 5 quả; tỏi: 1 củ- | Me chua; ớt ngọt: 1 quả; ngò gai, ngò om- | Nước mắm, bột nêm, muối , đường, dầu ăn-","Bước 1:Tỏi, ớt băm nhỏ. Cá rửa sạch các mạch máu, rửa sạch với muối cho hết nhớt. Cắt 2 khúc. Ướp cá với ớt vừa băm và một chút muối. Lưu ý không nên ướp cá với hành, vì hành sẽ làm mất mùi thơm đặc trưng của canh cá là ngò gai và ngò om. | Bước 2:Cà chua bổ cau, dứa thái miếng, đậu bắp thái xéo, bạc hà tước vỏ thái lát mỏng, rau om và ngò gai cắt nhỏ. | Bước 3:Cho dầu vào phi tỏi thơm (vớt ra 1 ít tỏi phi để lát cho vào canh), chiên qua một mặt cá, rồi tắt bếp lật mặt còn lại để tầm 30 giây, rồi gắp cá ra. Cách này sẽ giúp loại bỏ mùi tanh và cá ngấm gia vị. | Bước 4:Cho khoảng 1.5 lít nước vào nồi đun sôi. Dầm me rồi đổ qua màng lọc. Chờ nước sôi rồi cho tiếp cá vào, phải cho nước me vào trước thì cá mới săn và chắc thịt hơn. Nấu khoảng 5 phút cho cá chín. | Bước 5:Trong khi chờ cá chín, ướp dứa với chút muối và đường để làm dịu vị chua của dứa. Hớt bỏ bọt để nước canh được trong. | Bước 6:Sau khi cá chín, cho cà chua và dứa vào nồi, nấu khoảng 1 phút. Kế tiếp, cho đậu bắp và bạc hà vào. | Khi thấy đậu bắp và bạc hà chín, tắt lửa, cho giá đỗ vào. Nêm 1 thìa đường, ½ thìa bột nêm, 1 thìa nước mắm và nhớ nếm lại xem hợp khẩu vị của bạn không nhé. | Bước 7:Múc cá ra trước, rồi cho các thứ còn lại vào, thêm rau ngò gai và ngò om đã thái lên trên và tưới nước, cuối cùng rắc thêm chút tỏi phi để món canh thêm đậm đà. Món canh chua miền nam có vị chua chua ngọt ngọt đậm đà, vừa ăn, có màu sắc hấp dẫn, các gia vị nấu kèm chín đều, thơm ngon. | Các bạn có thể dùng canh chua miền Nam với bún hoặc với cơm nhé. Chúc các bạn thành công!"
Bún thang Hà Nội ngon chuẩn vị,60 phút,4 người,Dễ,"100g giò lụa- | 500g xương hom hay xương ống heo- | ½ con gà ta- | 2 quả trứng vịt- | 1,5 kg bún sợi nhỏ- | 200g tôm sú- | 100g tôm khô, 2-3 cái râu mực khô (hoặc sá sùng)- | Hành lá, rau răm, hành khô và gừng nướng, nấm hương, củ cải khô- | Mắm tôm, gia vị, nước mắm, 1 chút đường phèn, giấm, đường cát trắng-","Bún thang là một món ăn quen thuộc của người Hà Nội, được nhiều người yêu thích. Bởi vị của nước dùng rất ngọt, đậm đà, trong veo và thơm nồng mùi tôm khô khiến món ăn có mùi vị rất đặc trưng và ngon khó cưỡng. Nhiều người nghĩ rằng sẽ rất khó để có thể nấu được món ăn này, tuy nhiên với công thức dưới đây, chúng ta sẽ dễ dàng được thưởng thức món bún thang ngay tại nhà. | SƠ CHẾ NGUYÊN LIỆU LÀM BÚN THANG | Giò lụa thái thành sợi thật nhỏ, để riêng. | Hành lá, rau răm đem nhăt rồi rửa sạch với nước và để ráo rồi đem thái nhỏ, để riêng. | Gừng rửa sạch, để ráo nước. | Hành tím bóc sạch vỏ, rửa sạch rồi đem đập dập, băm nhỏ, để riêng. | Củ cải khô ngâm nước ấm 30 phút cho nở ra rồi đem rửa lại với nước sạch. Tiếp theo, bạn thái sợi thật nhỏ và trộn với 2 thìa giấm, 1 thìa đường trắng, trộn đều và để 30 phút cho củ cải thấm gia vị. | Nấm hương nhặt sạch cắt bỏ phần chân đen, rửa sạch. | Tôm khô nhặt bỏ bụi bẩn, để riêng. Tôm sú cắt bỏ đầu, bỏ đuôi, bóc bỏ vỏ, tách bỏ sợi chỉ đen trên lưng tôm rồi đem rửa sạch. Cho tôm vào cối giã sơ qua rồi để riêng. | Đánh trứng vào bát, thêm chút hạt nêm vào, khuấy đều và để riêng. | Gà rửa kỹ với nước muối pha loãng, rửa lại với nước sạch và để ráo. | Xương heo rửa sạch với nước muối pha loãng, rửa lại với nước sạch và để ráo. | CÁC BƯỚC LÀM BÚN THANG | Bước 1: Gừng đã rửa sạch đem nướng cho đến khi nào chín và có mùi thơm. Tiếp đó, cho râu mực lên bếp nướng chín, đợi đến khi râu nguội, xé thành sợi nhỏ là được. | Bước 2: Cho gà vào nồi luộc, đến khi sôi thì cho một chút gia vị 1 muỗng hạt nêm, 1/2 muỗng đường, 1 muỗng cafe muối và hành khô, gừng đã nướng thơm vào, hạ nhỏ lửa để gà chín bên trong. Sau khi vớt ra để nguội Sau, bạn dùng tay xé sợi vừa ăn và để riêng. | Bước 3: Xương lợn cho vào nồi đun sôi với nước, sau đó đổ hết nước đó đi, cho ra vào nước lạnh rửa sạch vụn xương. Sau đó đổ xương vào nồi nước luộc gà ninh nhừ (khoảng 2 – 3 tiếng) để làm nước dùng. | Bước 4: Trong khi ninh xương để nấu nước dùng, bạn bật một bên bếp khác lên, cho chảo chống dính lên bếp. Khi chảo nóng già thì cho tôm khô vào rang thơm rồi cho ra đĩa. Tiếp đó, dùng luôn chiếc chảo đó, cho chút dầu ăn vào tráng đều mặt chảo, đến khi dầu nóng già thì cho tôm sú đã giã vào, thêm chút nước mắm rồi sao cho tôm chín, hơi khô lại thành ruốc tôm thì cho ra đĩa. | Bước 5: Cho dầu ăn vào tráng đều mặt chảo, cho bát trứng đã đánh vào rán sao cho thật mỏng. Đến chi chín cho trứng ra đĩa, đợi trứng nguội thì thái thành sợi nhỏ. | Bước 6: Khi nồi nước ninh xương đun được khoảng 50 phút đến 1 tiếng, thì cho râu mực nướng chín, tôm khô đã rang, nấm hương, 1 viên đường phèn, 1 thìa hạt nêm, 1 thìa muối và chút nước mắm vào, khuấy đều. Tiếp tục ninh thêm 1 hoặc 2 tiếng nữa thì nêm nếm lại gia vị cho vừa miệng, cho hành lá và rau răm xắt nhỏ vào, rồi tắt bếp. | Bước 7: Bún đem trần qua với nước, xếp các loại nhân lên trên rồi chan nước dùng vào là xong. Nếu ai có thể ăn được mắm tôm thì bạn cho ½ thìa cafe mắm tôm lên trên. | Để có thể nấu được bún thang chúng ta phải mất khá nhiều thơi gian công sức. Đây là một món ăn cầu kì, đỏi hỏi người nấu phải có sự tỉ mỉ và khéo léo. | Chúc các bạn sẽ nấu thành công món bún thang với công thức trên!"
Bí quyết làm thịt rim khiến cả nhà thích mê,60 phút,4 người,Dễ,"700 gr thịt ba chỉ, chọn miếng thịt có mỡ nhiều 1 chút- | 200 gr tôm khô; 2 muỗng canh tỏi băm; 2 củ hành tím thái lát mỏng; 1 muỗng canh đầy sa tế; vài trái ớt trái ớt (tùy vào khẩu vị, có thể ít hoặc nhiều hơn); 3 khúc phần trắng hành lá- | 3 muỗng canh đường nâu (60gr), 5 muỗng canh nước mắm ngon, 3 muỗng canh nước hòa chung trong một bát-","Bước 1:Tôm khô ngâm vào nước ấm khoảng 20 phút sau đó vớt ra bát. | Bước 2:Thịt heo rửa sạch, cắt bỏ phần da (bì), sau đó thái miếng không quá to. Ướp thịt với chút muối. | Bước 3:Thịt cho vào chảo, bắc lên bếp xào lửa hơi thấp. Cứ dùng đũa xào 1 lúc là thịt tứa mỡ. Lúc này bạn mới cho hành tỏi vào xào 1-2 phút cho thơm. | Tiếp đến cho tôm khô và chén nước mắm vào rim nhỏ lửa khoảng 10-15 phút cho thịt thấm vị. | Cuối cùng cho sa tế và ớt cùng hành lá vào, tiếp tục rim thêm 5-7 phút cho thịt có màu nóng màu đẹp. Nêm nếm lại cho vừa ăn là tắt bếp. | Thịt rim mắm sa tế thơm ngon, bóng bẩy và có màu vàng đẹp trông rất hấp dẫn. | Chothịt rim mắm sa tếra bát hoặc nồi giữ được nhiệt, thưởng thức cùng cơm hoặc chấm cơm cháy, xôi hay rau luộc đều rất ngon. | Chúc các bạn thành công và ngon miệng vớicách làm thịt rim mắm sa tế!"
Chè lam bằng bột nếp sống,50 phút,4 người,Dễ,Bột nếp-200gr | Đường vàng-200gr | Lạc rang-80gr | Nước lọc-1 bát con | Gừng-1 củ | Muối-1 xíu,"Nguyên liệu bạn cần chuẩn bị để làm món chè lam dân dã mà ngon tuyệt này nhé! | Bước 1:Gừng gọt vỏ, rửa sạch rồi giã dập và băm thật nhỏ. Lạc loại bỏ vỏ lụa rồi cho lạc vào túi nilon đập cho lạc vỡ làm đôi làm ba. | Bước 2:Cho đường, nước vào nồi khuấy tan. Bật bếp đun sôi nước đường rồi cho gừng vào, nấu thêm 1-2 phút là tắt bếp. | Bước 3:Cho từng thìa bột nếp vào khuấy đều cho tan bột mới cho tiếp bột nếp vào. Bạn để lại 1 chút bột nếp để làm bột áo nhé. | Bột sẽ từ từ đặc lại thì tiếp tục lại cho bột nếp vào trộn đều, sau đó lấy ra bàn sạch và nhồi lại. Thêm lạc rang vào nhồi đều vài phút cho bột dẻo mịn là được. | Bước 4:Lấy cán bột cán cục bột thành miếng to rồi để nguội. Sau đó dùng dao cắt thành các miếng nhỏ vừa ăn và lăn qua 1 lớp bột nếp sao cho miếng chè lam được phủ 1 lớp mỏng bột nếp bên ngoài. | Mùa đông làmchè lamthưởng thức cùng 1 cốc trà nóng thật tuyệt vời. | Chúc các bạn và gia đình thành công với cách làm chè lam!"
Cà dầm chua ngọt ngon tuyệt hảo,60 phút,4 người,Dễ,cà bát muối nén-2 quả | Tỏi-1 củ | Đường-2 thìa | Ớt bột (hoặc tương ớt)-1 thìa,"Bước 1: | - Trước tiên, chúng ta cần thái cà thành từng miếng vừa ăn. Nếu thích ăn giòn thì các bạn chú ý chọn quả cà già nhé! | Bước 2: | - Dùng nước lọc để rửa cà. Vì cà muối kiểu này thường rất mặn, chúng ta cần rửa cà khoảng 2 nước cho đến khi cà đỡ mặn thì thôi. | Bước 3: | - Các bạn bóp nhẹ để nếu cà muối có những hạt già thì sẽ bị đẩy ra nhé! | Bước 4: | - Chắt bỏ hết nước, để miếng cà khô ráo. Ở bước này, các bạn nên bóp nhẹ để miếng cà không bị õng nước. | Bước 5: | - Giờ thì bóc vỏ tỏi và băm nhỏ nhé! | Bước 6: | - Trộn cà thật đều với đường, ớt và tỏi. Ở đây, nếu thích vị xì dầu thì các bạn có thể cho thêm 1 thìa xì dầu vào. | Bước 7: | - Để cho cà ngấm khoảng 10' là có thể ăn được nhé! | Giờ thì dọn cơm ra nào! | Gợi ý thực đơn cho 1 bữa cơm dân dã này: cà dầm chua ngọt, rau muống luộc, đậu rán, thịt rang cháy cạnh, tôm rang khế, cá kho... | Cà bát muối bao giờ cũng có vị đặc trưng: thơm và đậm hơn cà pháo. | Cà được dầm chua chua, ngọt ngọt nên đưa cơm vô cùng luôn! | Nếu ăn không hết thì bạn có thể đậy kín lại và cho vào tủ lạnh để ăn dần nhé! | Chúc các bạn thành công!"
Vịt om sấu khoai sọ ngon chuẩn vị miền Bắc,1 giờ 5 phút,4 người,Dễ,"Vịt-1 kg | Sấu xanh-10 quả | Khoai sọ-0,5 kg | Nguyên liệu-Gừng, tỏi, hành khô, sả, riềng, chanh, mùi tàu | Gia vị-muối, đường, nước mắm, ớt","Chuẩn bị các nguyên liệu làm món vịt om sấu: | -Trước tiên, các bạn rửa sạch vịt nước trắng trước. | - Sau đó, các bạn giã nhỏ gừng, trộn với muối xát đều lên khắp mình vịt cho sạch, sau đó rửa qua với nước lạnh, dùng chanh xát đều để khử sạch mùi hôi, tanh của vịt, sau đó xả lại thật sạch với nước . | -Sau khi vịt đã được làm sạch và để ráo nước thì các bạn chặt vịt thành miếng to bằng bao diêm hoặc miếng vừa ăn để khi om thịt bịt óp lại là vừa. | -Hành, tỏi, sả các bạn nhặt vỏ, rửa sạch, đập dập, thái lát mỏng. | -Khoai sọ các bạn rửa sạch, luộc qua khoảng 5 phút, sau đó đêm xả với nước lạnh, gọt vỏ, để riêng ra bát sạch. | -Sấu các bạn cạo vỏ, ngâm vào bát nước lạnh. Rồi sau đó đem đập hơi dập. | Các công đoạn để có món vịt om sấu ngon tuyệt | -Trước tiên, các bạn ướp vịt với 1 thìa cà phê hạt nêm, ½ thìa cè phê tiêu, một nửa hành, tỏi, sả băm trong vòng 30 phút cho thịt vịt ngấm gia vị. Nếu không thích dùng hạt nêm thì các bạn có thể thay bằng mì chính, bột canh cũng rất đậm đà. | -Tiếp theo, các bạn đun nóng chảo, cho vào 3 thìa canh dầu ăn. Khi dầu ăn sôi thì các bạn cho phần hành, tỏi, sả còn lại vào phi thơm rồi cho thịt vịt vào đảo đều cho đến khi miếng thịt săn lại. | -Sau đó, các bạn cho sấu đã đập hơi dập vào xào cùng khoảng 2-3 phút rồi cho nước vào cho ngập thịt. | -Các bạn om vịt với lửa nhỏ cho đế khi miếng thịt hơi mềm thì cho khoai vào om cùng đến khi khoai chín mềm ( khoảng 30 phút) là được. | - Trước khi tắt bếp thì các bạn thêm một ít mùi tàu hành lá để món vịt được ngon hơn. | Chúc các bạn thành công và ngon miệng với món ngon này nhé! | Những lưu ý để có món vịt om sấu ngon | -Phần nước om vịt các bạn có thể thay thế bằng nước dừa xiêm sẽ khiến món vịt thơm, ngậy, ngon hơn. | -Khi om khoai lưu ý không đảo nhiều lần khoai sẽ làm khoai bị nát. | -Khi dầm sấu, các bạn dầm từ từ từng quả một khi nếm thấy vị chua vừa đủ thì dừng không dầm nữa, nêm nếm thêm gia vị, rắc thêm mùi tàu, rau ngổ, ớt và múc ra bát thưởng thức. | - Để tăng màu sắc cho món ăn các bạn nên dùng thêm cà chua, vừa tạo màu sắc mà vừa tăng độ chua cho món ăn. Nếu dùng cà chua thì sau khi phi thơm hành, tỏi sả thì các bạn cho cà chua vào xà cho mềm rồi mới cho vịt vào. | Cách chọn vịt ngon: | Khi mua, các bạn nên chọn những con vịt trưởng thành và béo, ức tròn, da cổ và da bụng dày, mọc đủ lông (điểm mút của hai cánh vừa đủ đan chéo vào nhau). Những con vịt này làm lông sẽ nhanh, không tốn thời gian. | - Hạn chế chọn vịt non vì thịt sẽ nhão, không săn chắc và rất tốn thời gian để nhổ lông tơ (lông măng). Quan sát những con vịt non sẽ thấy, có mỏ to và mềm. Còn vịt già, bạn quan sát kỹ sẽ thấy nó có mỏ nhỏ và cứng. | - Vịt đã đẻ nhiều lứa thịt cũng khá thơm. Loại vịt này thì bụng dưới xệ xuống. Khác với gà nếu ăn thịt vịt thì nên chọn vịt đực, vì vịt đực ăn ngon hơn vịt cái. | - Để xem vịt khỏe mạnh hay bệnh, chị em hãy vạch phía sau đuôi xem hậu môn vịt không bị dính phân chảy là vịt không bị bệnh. | Các bạn nên chọn con vừa trưởng thành, không quá non hoặc quá già để vừa có món ăn ngon mà khâu sơ chế cũng thuận tiện, dễ dàng."
Món thịt bò kho gừng sả ngon tuyệt,60 phút,4 người,Dễ,"Thịt bắp bò-500 gr | Gừng-1 củ | Sả-3 cây | nước mắm, đường, hạt nêm, muối, tiêu-gia vị | Hành tím-1 củ","Chuẩn bị các nguyên liệu cho mónbò kho gừng sả | - Các bạn đem rửa sạch thịt bò rồi thái thành từng miếng quân cờ vừa ăn có kích thước 2×2 | - Gừng các bạn cạo sạch vỏ rồi đem rửa sạch, thái sợi | - Hành tím các bạn bóc bỏ vỏ rồi đem rửa sạch, băm nhỏ. | - Sả các bạn rửa sạch rồi đem cắt khúc chẻ làm đôi | Các công đoạn để có món bò kho gừng sả ngon: | Bước 1: | - Các bạn bắc một cái chảo lên bếp rồi cho chút dầu vào. Khi dầu sôi thì các bạn cho hành tím đã băm nhỏ vào, tiếp đến cho gừng, sả vào đảo đều cho chín. | - Sau đó, các bạn cho thịt bò vào đảo đều với hành, gừng, sả. | Bước 2: nêm nếm gia vị | - Các bạn cho 3 thìa nước mắm, 1 thìa đường, 1 ít hạt nêm vào và trộn đều với thịt bò, đậy nắp nồi và vặn nhỏ lửa cho thịt ngấm gia vị. | - Các bạn đun đến khi thịt bò chín tái, bề mặt thịt bò sun lại thì các bạn đổ thêm nước vào sâm sấp mặt thịt đun sôi, nêm nếm lại lần nữa đã vừa ăn chưa. | Bước 3: | - Các bạn vẫn để nhỏ lửa khi nấu, nấu đến khi nước cạn, gừng dẻo quánh lại, thịt chín mềm là xong, tắt bếp, trình bày ra đĩa và thưởng thức. | Chúc các bạn thành công và ngon miệng với món thịt bò kho gừng sả. | Những lưu ý để có món thịt bò kho gừng sả ngon | - Khi hầm thịt bò bạn nhớ để lửa nhỏ để thịt bò chín. Bạn hầm đến khi thịt bò chín mềm, nước hơi sên sệt. | - Món thịt bò kho gừng sả ăn cùng cơm nóng hoặc bánh mì sẽ là sự lựa chọn tuyệt vời của bạn đấy! | - Cách chọn thịt bò ngon: | Cách nhận biết thịt bò: | Thịt có màu đỏ tươi, thớ nhỏ mịn, thơm mùi bò, mỡ bò màu vàng nhạt. | - Thịt màu đỏ sậm mà mỡ màu vàng đậm, thớ to là bò già, dai ngoách. | - Thịt màu đỏ sậm mà mỡ trắng, mùi hơi tanh, không thơm là thịt trâu. | - Thịt có nang sán rất dễ biết vì nang nhìn giống hệt hạt gạo, nằm lẫn trong thớ thịt, lấy mũi dao dích ra là nó rơi ra liền, khác với những dây gân nhỏ trăng trắng vừa dai vừa dính chắc trong thịt. | Cách khử mùi hôi của thịt bò: | Để khử mùi thịt bò, bạn chỉ cần bạn lấy một củ gừng sau đó đem nướng chín, cạo lớp vỏ cháy, giã nhuyễn xát lên thịt bò. Sau công đoạn này là xả sạch bằng nước, đảm bảo hết ngay mùi hôi. | Muốn làm mềm thịt bò cho thêm chút muối khi nấu. Riêng thịt bò gân, thịt bắp đùi, xương sườn, muốn nhanh mà không phải hầm lâu, hãy cho vào nồi nấu một miếng dứa, một cục nước đá hoặc cái thìa nhôm. | Cách chọn thịt bò ngon: | - Trước tiên, bạn cần chú ý vào màu sắc: Nên mua thịt bò tươi, không chọn loại có màu đỏ sẫm. Mỡ bò có màu vàng và cứng, không lấy mỡ mềm. | - Kế đến, nhìn vào thớ thịt bò. Chọn loại có thớ nhỏ, mềm, không mua thớ to hơi cứng. | - Sau cùng, lấy đầu ngón tay ấn vào thịt thấy không dính, ngửi không có mùi bất thường, khó chịu là được."
Bánh trôi nước lá nếp ấm bụng ngày đông,65 phút,4 người,Dễ,Phần vỏ bánh- | Nước đang sôi-200 ml | nước ép lá dứa-50 ml hoặc lá dứa 500 gr | Bột nếp-300 gr | Phần nhân bánh- | Đậu xanh-150 gr | Đường-100 gr | dừa non bào sợi-1/3 chén,"Lá nếp mua về các bạn rửa sạch, thái khúc. Sau đó cho vào máy xay sinh tố xay nhuyễn. Lọc lấy nước cốt lá nếp, cho vào 1 bát sạch, để riêng. Nếu nhà không có máy xay sinh tố thì bạn có thể dùng chày và cối để giã lá dứa cho nát và ra phần nước cốt, khi lá dứa ra phần nước cốt thì bạn gạn lấy nước. Phần nước cốt càng đặc thì bánh trôi lên màu càng đẹp. | Sau đó, các bạn đổ bột nếp ra bát. Các bạn bắc một nồi nước lên bếp có lá nếp trong đó, khi nước lá nếp  sôi thì các bạn tắt bếp rồi để nguội một lúc đến khi nước còn ấm thì các bạn đổ từ từ nước lá nếp đó vào hỗn hợp bột nếp và dùng tay nhào bột nếp cho mịn sao cho thu được hỗn hợp bột mềm, mịn và có màu xanh đẹp mắt. | Đậu xanh có thể mua sẵn tại các chợ hoặc bạn có thể tự làm nhân bằng cách dưới đây: | Các bạn ngâm đậu xanh trong 4-5 tiếng cho đậu nở rồi vo sạch và mang đi hấp chín. Khi đậu xanh đã được hấp chín thì các bạn lấy đậu xanh ra rồi đổ vào máy xay cùng một ít đường để xay nhuyễn. Các bạn xay đến khi đường và đậu xanh hòa làm một tạo thành hỗn hợp đặc quyện. Sau đó các bạn dùng 1 chiếc chảo không dính rồi cho đậu xanh đã xay vào và sên trên bếp với mức lửa nhỏ đến khi đậu xanh trở nên sánh lại thì bạn đổ nước cốt dừa vào và tiếp tục đun ở lửa nhỏ. Khi đun, các bạn nhớ dùng muôi khuấy đều để đậu xanh và nước cốt dừa quyện lại thành 1 khối không dính chảo thì bạn tắt bếp. Tiếp theo các bạn cho thêm dừa non vào rồi trộn thật đều và vo thành các viên tròn nhỏ vừa ăn để khi làm nhân bánh trôi thì viên bánh không bị quá to hoặc nhân không bị rơi ra ngoài. | Tiếp theo, các bạn chia bột nếp đã trộn với nước lá dứa thành những miếng nhỏ đều nhau, rồi vo tròn. Sau đó, các bạn dùng tay ấn mỏng viên bánh và đặt từng viên nhân đậu xanh vào giữa rồi vo tròn lại. Các bạn khi vo tròn nhớ chú ý, tránh để đậu xanh bị rơi hay tuột ra ngoài khi nấu. Tiếp theo, các bạn đun sôi nồi nước, cho những viên bánh vào luộc chín. | Đến khi viên bánh nổi lên thì bạn luộc thêm một vài phút nữa rồi vớt bánh cho vào một âu nước lạnh chuẩn bị sẵn để viên bánh săn lại và không bị chảy nhão ra khi vớt lên. Sau khoảng 1 phút thì các bạn vớt viên bột lên rồi cho vào nồi nước đường-gừng. Bạn nấu cho nước đường sôi lại lần nữa là đã hoàn thành. | Cuối cùng, các bạn múcbánh trôi nướcra những chiếc bát nhỏ, chan nước cốt dừa lên và rắc thêm một chút mè rang vàng cùng dừa non bào sợi là đã có ngay một bát chè nóng hổi để thưởng thức. | Chúc các bạn thành công và ngon miệng với mónbánh trôi nước lá nếpngon tuyệt này nhé! | Lưu ý khi làm món bánh trôi nước lá nếp: | Khi nhào bột nếp với nước lá nếp bạn nhớ nhào thật kĩ để bột nếp và nước lá nếp hòa quyện và bột được đều màu. | Khi nước lá nếp đun lên nóng bạn không nên đổ vào bột nếp ngay vì như thế bột nếp sẽ dễ chín và bạn cũng khó nhào bột ngay. | Nếu thích ăn ngọt thì nhân bánh bạn có thể cho nhiều đường một chút hoặc nước đường gừng bạn cho tăng lượng đường lên. | Nếu không thích ăn nóng thì bạn có thể ăn bánh trôi nước cùng một ít đá để tăng vị mát của món chè."
Món gà om cay ngon tuyệt ngày đông lạnh,60 phút,4 người,Dễ,Phần thịt gà- | Đùi gà-10 cái | Hành tây-1 củ | Cà rốt-1 củ | Khoai tây-6 củ | Hành lá-2 củ | Phần nước sốt- | Nước tương-1/3 chén | liquid sweetener(mua trong siêu thị)-2 muỗng canh | tương ớt Hàn Quốc ( gochujang)-2 muỗng canh | Hạt tiêu-1 muỗng cà phê | Muối-1 muỗng cà phê,"Bước 1: chuẩn bị nguyên liệu cho mónđùi gà om cay. | - Các bạn rửa sạch đùi gà với nước lạnh rồi để ráo nước. | - Khoai tây, cà rốt các bạn gọt sạch vỏ rồi rửa sạch với nước, sau đó đem thái thành miếng vừa ăn. | - Hành tây các bạn bóc vỏ, rửa sạch với nước rồi thái lát nhỏ | - Hành lá lấy riêng phần củ trắng rồi rửa sạch và thái vụn. | Bước 2: Các công đoạn làm mónđùi gà om cay. | - Để làm mónđùi gà sốt cay, trước tiên các bạn bắc một cái nồi lên bếp, đổ lưng nồi nước và đun trên ngọn lửa lớn. | - Khi nước sôi, các bạn thả đùi gà vào trần sơ qua khoảng 5-10 phút cho đùi gà sạch chất bẩn và bớt mùi hôi tanh. | - Khi thấy thịt gà hơi săn lại thì các bạn vớt thịt gà ra ngoài và ngay lập tức xả nước lạnh vào đùi gà để thịt gà săn chắc. | - Tiếp theo các bạn lấy một cái bát tô để pha chế nước sốt. Các bạn cho tất cả các nguyên liệu có trong phần nước sốt gồm: tỏi, nước tương, ớt gochujang, liquid sweetener, muối, dầu mè và hạt tiêu vào bát tô rồi khuấy đều cho các nguyên liệu hòa quyện với nhau để nước sốt đậm vị, không bị vón cục. | - Sau khi pha chế xong nước sốt thì các bạn chuẩn bị một cái nồi cỡ trung bình lên bếp, thêm một ít dầu ăn vào đun sôi. | - Khi dầu sôi thì các bạn cho khoai tây và cà rốt vào đảo qua cho săn lại. | -Khi khoai tây,cà rốt đã hơi săn thì các bạn xếp đùi gà lên trên khoai tây và cà rốt | - Tiếp đến là hỗn hợp nước sốt lên trên, chú ý rải đều lên khắp nồi thịt gà nhé. | - Các bạn đảo đều hỗn hợp cho nước sốt hòa vào tất cả nguyên liệu, đặc biệt là thịt gà rồi các bạn đậy kín vung nồi và bật lửa lớn cho đến khi nồi thịt gà sôi lớn thì các bạn vặn nhỏ lửa xuống và đun cho chín khoai tây, cà rốt. Bạn có thể kiểm tra khoai tây cà rốt chín hay chưa bằng cách dùng đũa chia đôi miếng khoai tây hoặc cả rốt. Nếu thấy việc chia đôi dễ dàng thì khoai tây cà rốt đã chín còn nếu không thì các bạn đung thêm một lúc nữa cho chín. | - Sau đó, các bạn mở vung nồi, thêm hành tây vào nồi và đun thêm 5 phút nữa là các bạn có thể tắt bếp. | - Cuối cùng, các bạn múc đùi gà cùng khoai tây cà rốt ra đĩa, tưới nước sốt lên trên và rắc thêm hành lá thái nhỏ nữa là xong. | Chúc các bạn thành công và ngon miệng với món ăn ngon tuyệt này nhé! | Mẹo nhỏ để mónđùi gà om cayđược ngon | - Ngoài phần đùi gà thì bạn cũng có thể sử dụng các bộ phận khác của gà để làm món ăn này nhưng đùi gà sẽ là sự lựa chọn tuyệt vời nhất. | - Nếu không ăn được hành sống thì bạn có thể cho hành vào nồi om, khuấy đều rồi tắt bếp và múc ra bát thưởng thức cùng cơm hoặc bánh mì. | - Nếu không mua được loại sốt ngọt liquid sweetener thì các bạn có thể thay thế bằng đường, nước màu cốt dừa hoặc thêm cả đường và dầu hào vào để tạo nước sốt ngọt thay thế."
Món nấm nút tẩm bia chiên giòn lạ miệng,60 phút,4 người,Dễ,bột mì đa dụng hoặc bột chiên giòn-1 chén | Muối-1/2 thìa cà phê | Rau mùi tây tươi-1 ít | Bơ-30 gr | Bia-3/4 cốc | Trứng gà lớn-1 quả | Nấm nút tươi-350 gr | Dầu ăn-1 ít,"- Các bạn rửa sạch rau mùi tươi với nước rồi thái thật vụn | - Bơ các bạn đun chảy bằng lo vi sóng hoặc đun trên bếp ga đều được để bơ được tan chảy khi chiên sẽ không bị vón cục. | - Các bạn đập sẵn trứng gà ra bát, đồng thời tách riêng lòng đỏ và lòng trắng trứng | - Nấm nút các bạn bỏ phần chân nấm, làm thật sạch với nước lạnh rồi để cho ráo khô nước. | Bước 2: Các công đoạn để chế biến mónnấm nút tẩm bia chiên. | - Trước tiên các bạn rây bột mì, muối vào chung một cái bát ô tô lớn rồi cho thêm rau mùi tươi vào và trộn thật đều sao cho bột, muối và rau mùi hòa quyện đều với nhau. | - Tiếp đến các bạn cho thêm bơ tan chảy và bia vào bát lòng đỏ trứng gà đánh mạnh tay sao cho bơ không bị vón cục, hòa tan cùng trứng gà và bia. Bạn chú ý không nên cho quá nhiều bia vì như thế hỗn hợp sẽ bị loảng và khi ăn mùi bia làm lấn át hương vị của nấm. | - Sau đó, các bạn tạo một khoang miệng giếng trong bát bột rồi đổ hỗn hợp lòng đỏ trứng vô. Tiếp theo các bạn dùng máy đánh trứng hoặc phới đánh trứng để đánh đều phần bột sao cho hỗn hợp hòa quyện với nhua, mềm, mịn và bột không bị vón cục. Nếu thấy hỗn hợp hơi đặc thì bạn có thể cho thêm một chút bia để bột có độ sánh vừa phải. | - Khi hỗn hợp đã được làm nhuyễn thì các bạn để bột trong nửa giờ để bột nở. | - Tiếp theo, các bạn dùng máy đánh trứng và đánh phần lòng trắng trứng cho đến khi lòng trắng trở nên đông cứng như kem. Nếu nha fkhoong có máy đánh trứng thì bạn có thể đánh bằng tay cho đến khi lòng trắng đông cứng như kem. Bạn nhớ đánh đều tay để hỗn hợp được mịn và nhanh hơn. | - Sau khi thu được hỗn hợp lòng trắng trứng đánh bông như kem và bột ủ xong thì các bạn cho phần lòng trắng trứng vào trộn đều đến khi hỗn hợp mềm nhuyễn. | - Cuối cùng, các bạn bắc một cái chảo sâu lòng hoặc một cái nồi nhỏ lên bếp và thêm dầu ăn vào đun nóng. Các bạn nhớ cho nhiều dầu một chút để nấm chiên được giòn và có màu đẹp mắt. | .- Khi dầu ăn sôi thì các bạn nhúng ngập từng cái nấm nút vào bát bột rồi nhanh chóng thả vào nồi dầu để chiên vàng | - Các bạn chiên nấm  đến khi lớp vỏ bên ngoài có màu vàng đẹp mắt thì các bạn có thể vớt nấm ra ngoài. Khi chiên các bạn nhớ lật đều 2 mặt để nấm chín đều cũng như có vỏ ngoài đẹp mắt, không bị cháy hay sống nhé! | - Khi nấm chín thì các bạn vớt nấm nút chiên  ra rồi cho qua khăn giấy thấm dầu để loại bỏ phần dầu thừa. | - Cuối cùng các bạn trình bày mónnấm nút tẩm bia chiênra đĩa và ăn ngay lúc nóng. Bạn có thể thưởng thức vớt tương ớt hoặc sốt chua ngọt. | Chúc các bạn thành công và ngon miệng với món ăn ngon tuyệt này! | Lưu ý | - Khi chiên nấm các bạn không nên mở lửa quá lớn để tránh làm nấm bị cháy hoặc bị khô nhanh | - Ngoài nguyên liệu nấm nút các bạn có thể làm tương tự với các nguyên liệu khác như cá không xương hoặc thịt đều rất ngon."
Canh măng khô móng giò ngày tết,60 phút,4 người,Dễ,"Măng khô-500 gr | Móng giò heo-1 cái | Xương heo-300 gr | Hành tím-2 củ | Hành củ-2 củ | Bột ngọt, muối, nước mắm-gia vị | Mộc nhĩ-vài cái","Bước 1: Chuẩn bị nguyên liệu | - Các bạn rửa sạch măng khô, ngâm khoảng 2 ngày cho măng nở sau đó đem xé nhỏ hoặc thái miếng. Nếu không có thời gian thì bạn ngâm măng từ 4 - 5 tiếng đồng hồ trước khi nấu sẽ giúp măng mềm, đỡ cứng, ăn ngon hơn. | - Móng giò, xương các bạn đem rửa sạch rồi chặt thành miếng vừa ăn. Sau đó các bạn luộc qua xương 1 lượt với nước cho xương bớt hôi và bớt chất bẩn. | - Hành củ các bạn đem rửa sạch rồi thái củ hành thành sợi | - Mộc nhĩ các bạn ngâm cho nở rồi rửa sạch lại với nước trắng, sau đó đem thái miếng vừa ăn. | - Hành tím các bạn bóc vỏ, rửa sạch rồi băm nhỏ. | Bước 2: Các công đoạn để có móncanh măng khô móng giòngon | - Trước tiên các bạn luộc măng với nước lạnh và bạn phải luộc vài lần cho tới khi nước măng trong, măng mềm là được. Sau đó các bạn đem măng rửa sạch với nước lạnh | - Tiếp theo các bạn phi thơm hành tím với dầu cho dậy mùi rồi cho măng và mộc nhĩ vào xào rồi cho thêm một chút muối và nước mắm cho thấm gia vị. Các bạn nên xào măng và mộc nhĩ kĩ một chút để măng cũng như mộc nhĩ ngấm gia vị và chín dần. Bạn nên cho măng vào trước rồi sau đó mới cho mộc nhĩ vào. | - Sau đó các bạn cho móng giò và xương vào một chiếc nồi lớn, xào qua với nước mắm cùng một chút mì chính cho xương và móng giò ngấm gia vị thì các bạn đổ nước vào ninh khoảng 30 phút cho nhừ | - Tiếp theo các bạn cho tiếp măng và mộc nhĩ đã xào vào nồi ninh móng và xương, tiếp tục nấu cho tới khi măng mềm, móng chín nhừ. Khi ninh xương bạn có thể cho một ít bột canh và mì chính để nước canh được ngọt, ngon. Các bạn ninh trong khoảng 45 phút để măng được nhừ, ăn không bị dai và móng giò mềm, dễ ăn. | - Cuối cùng, các bạn nêm nếm lại gia vị cho vừa miệng rồi tắt bếp, múc canh ra bát, thêm một chút hành củ lên trên và thưởng thức món canh ngon tuyệt này. | Chúc các bạn thành công và ngon miệng với móncanh măng khô móng giò! | Lưu ý | - Măng khô các bạn nên ngâm ít nhất 4-5 tiếng cho măng nở hết  để khi nấu măng sẽ nhanh mềm hơn | - Móng giò bạn phải nhớ làm sạch trước khi đem nấu | - Khi ninh xương và móng giò bạn lưu ý nếu có bọt phải phải vớt hết bọt ra để nước canh được trong, không bị vẩn đục và nước dùng có mùi thơm. Nếu muốn nước dùng thơm hơn nữa thì bạn có thể cho thêm một mẩu quế nhỏ. | - Cách chọn móng giò ngon : các bạn nên mua chân sau, nhỏ xương nhiều thịt, bì lại mỏng. Khi chọn móng giò bạn nên chọn những chân thịt chắc khoogn bèo nhèo, nặng khảng 500-600. Bạn chú ý tránh mua chân giò to, lợn gầy, khi nấu sẽ lâu chín và thịt ăn không. | - Cách chọn măng khô ngon: bạn nên chọn mua những loại măng có màu vàng hơi nâu, còn lưu giữ mùi hương đặc trưng là măng mới. Măng khô chọn măng búp vàng đều không có xơ là măng non. Măng khô thường có 4 loại: măng trúc, măng nứa, măng vầu, măng lưỡi lợn. | Măng trúc nhỏ và nhọn đầu ăn giòn, ngọt. Măng nứa và măng vầu mềm hơn. Ba loại măng này thường được dùng để xào hoặc nấu canh. | Măng lưỡi lợn là loại măng củ, bổ miếng và được sấy khô, khi nấu xắt miếng hình lưỡi lợn và thường được hầm với thịt heo, chân giò trong các bữa cỗ."
Giò ngũ sắc độc đáo đón tết viên mãn,60 phút,4 người,Dễ,"Thịt ba chỉ-200 gr | Tai lợn-1 cái | Trứng gà muối-4-6 quả | Mộc nhĩ-500 gr | Cà rốt-1 củ | Thịt nạc vai-300 gr | Trứng gà-4 quả | Muối, đường, nước mắm, hạt tiêu, hạt nêm-gia vị | Hành lá, hành khô-gia vị | Lá chuối-bọc giò | rượu trắng-một ít","Bước 1: chuẩn bị nguyên liệu cho móngiò ngũ sắcngon tuyệt | - Cà rốt mua về các bạn đem gọt vỏ, rửa sạch với nước lã rồi đem thái sợi dài khoảng 5-6 cm. Bạn có thể dùng nạo để nạo cho nhanh mà vẫn đạt yêu cầu. | - Các bạn đem ngâm mộc nhĩ cho nở, rửa sạch rồi thái con chì | - Hành lá các bạn rửa sạch, thái nhỏ | - Hành khô các bạn bóc vỏ, rửa sạch rồi băm nhỏ | - Các bạn rửa thật sạch từng chiếc lá chuối rồi để cho ráo nước | - Tai lợn các bạn đem rửa sạch với rượu và muối cho hết mùi hôi và thịt lợn thơm cũng như giòn hơn | - Thịt ba chỉ các bạn đem rửa sạch với nước | Bước 2: công đoạn làm móngiò ngũ sắc | - Tai lợn đã rửa sạch các bạn đem luộc chín, để nguội rồi thái nhỏ | - Thịt ba chỉ các bạn cũng đem luộc chín, thái nhỏ | - Sau đó các bạn đập trứng gà vào một chiếc bát, thêm vào một chút muối, hạt tiêu và hành lá thái nhỏ, đánh tơi trứng sao cho trứng và các nguyên liệu hòa quyện với nhau. | - Sau khi hỗn hợp trên đã hòa quyện thì các bạn đem trứng rán thành mẻ dày vừa phải | - Tiếp theo các bạn đem tất cả thịt nạc xay, tai lợn, thịt ba chỉ, mộc nhĩ, cà rốt và hành khô vào một chiếc tô lớn. Thêm một chút muối, hạt tiêu, 2 thìa mắm, hạt nêm và đường rồi trộn đều tất cả lên. Để ướp khoảng 30 phút cho các nguyên liệu ngấm gia vị. | - Tiếp theo trứng muối các bạn tách lấy lòng đỏ, dùng rượu rửa thật sạch rồi đem hấp trứng khoảng 5 phút sau đó bỏ ra để nguội | - tiếp theo là công đoạn góigiò ngũ sắc. Trước tiên các bạn đem khoảng 2-3 miếng lá chuối xếp chồng lên nhau. Sau đó trải 1 mẻ trứng chiên lên trên. | - Múc tiếp hỗn hợp thịt đã trộn đều lên trên, dàn đều ra rồi xếp lòng đỏ trứng muối lên trên, dọc theo chiều lá | - Bạn khéo léo cuộn tròn mẻ trứng lại, bọc lấy phần thịt nhân thật chắc, sau đó cuộn lá chuối lại, đảm bảo bạn cuộn thật chặt tay để nhân không bị rơi ra ngoài cũng như không lỏng lẻo rồi dùng dây cố định lại | - Cuối cùng các bạn gấp 2 đầu của lá chuối lại, dùng dây buộc chặt | - Sau khigiò ngũ sắcđã được gói cẩn thận thì các bạn đem giò đi luộc, đổ nước ngập giò, luộc khoảng 40-50 phút là giò chín. Khi giò chín thì các bạn vớtgiò ngũ sắcra để cho ráo nước | - Khi ăn các bạn bóc bỏ lớp vỏ ra, thái thành từng lát và thưởng thức cùng cơm nóng. | Chúc các bạn thành công với món ăn ngon miệng, lạ mắt này nhé! | Những lưu ý để làm móngiò ngũ sắcngon | - Để kiểm tra độ mặn ngọt của hỗn hợp thịt thì bạn có thể lấy một ít rùi cho vào lò nướng, khi hỗn hợp chín thì bạn có thể nếm thử và biết được độ mặn ngọt để có thể điều chỉnh hỗn hợp cho vừa miệng. | - Đới với lòng đỏ trứng muối, các bạn có thể hấp hoặc cho vào lò nướng khoảng 5 phút để chúng được chín lớp vỏ ngoài. | - Nếu không muốn miếng giò to thì bạn có thể chia số nguyên liệu ra làm 2 để làm 2 chiếc giò nhỏ hơn."
Phô mai tuần lộc ngộ nghĩnh,60 phút,4 người,Dễ,"phomai con bò cười hình tam giác-1 hộp | bánh quy xoắn loại nhỏ-1 hộp | Hạt tiêu đen ( hoặc bất cứ nguyên liệu nào có thể àm mắt cho tuần lộc)-1 ít | Ớt chuông đỏ, cà chua hay bất cứ nguyên liệu màu đỏ có thể làm mũi cho tuần lộc-tùy thích","Giai đoạn 1:Chuẩn bị và sơ chế nguyên liệu | Bước 1: | Các bạn đặt tất cả mọi nguyên liệu cần thiết vào một chỗ gồm hạt tiêu đen, phô mai, bánh quy xoáy tròn và ớt đỏ. | Bước 2: | Chuẩn bị phần mũi của chú tuần lộc: Các bạn cắt ớt chuông thành những hình tam giác nhỏ. Các bạn nhớ đừng cắt quá lớn nếu không muốn chú tuần lộc của bạn có chiếc mũi quá khổ. Các bạn chỉ nên cắt số hình tam giác vừa đủ với số miếng phomai mà bạn có để phòng trừ trường hợp mũi xấu bạn vẫn có thể sửa lại | Bước 3: | Chuẩn bị phần mắt của chú tuần lộc: Các bạn đỗ sẵn hạt tiêu đen trong một chiếc lọ. | Bước 4: | Chuẩn bị phomai tam giác: Các bạn cẩn thận bóc 4 mặt của miếng phomai sao cho phomai vẫn được đặt trên lớp vỏ và có hình dáng nguyên vẹn như lúc đầu. Sau đó, các bạn đặt những miếng phô mai đã bóc vỏ lên một chiếc khay. | Bước 5: | Chuẩn bị tai: Các bạn hãy đếm số bánh quy cần thiết cho số tuần lộc định làm. Hãy loại bỏ những chiếc vỡ để các chú tuần lộc có đôi tai hoàn hảo nhất. | Bước 6: | Chuẩn bị đĩa để tuần lộc sau khi chế biến: Các bạn chuẩn bị những chiếc đĩa sạch sẽ và đảm bảo trên nó không có bất cứ thứ giấy nào bởi vì giấy có thể bám dính vào phomai và làm hỏng món ăn này. Tốt nhất là bạn nên chọn một loại đĩa làm từ nhựa, silicon hoặc chất không dính. | Giai đoạn 2:Chế biến món ăn | Bước 1: | Các bạn đặt bánh quy lên đầu của hình tam giác để làm tai sao cho những khoảng trống trong chiếc bánh quy khớp với góc của miếng pho mai. | Bước 2: | Tiếp theo các bạn lấy miếng ớt bạn đã thái nhỏ ra, đặt trên đỉnh của hình tam giác. Bạn có thể sẽ phải điều chỉnh bằng  lại miếng ớt của mình bằng cách cắt bớt để chúng vừa vặn trở thành một chiếc mũi. | Bước 3: | Sau đó các bạn đặt 2 hạt tiêu lên để làm mắt cho tuần lộc. Hãy đặt chúng cân bằng ở cả hai bên nhé. | Bước 4: | Cuối cùng các bạn đặt các chú tuần lộc đã làm vào đĩa. Nhìn một cách tổng quát xem bạn đã hài lòng với cách sắp xếp này chưa. Đồng thời, kiểm tra xem có bộ phận nào bị rớt ra không trước khi thưởng thức nhé. | Bạn có thể dùng ngay hoặc đặt trong tủ lạnh để bảo quản cho đến khi dùng đến. | Chúc bạn thành công với món ngon này và có một mùa Giáng sinh an lành với những chú tuần lộc đáng yêu này bên gia đình, người thân và bạn bè nhé! | Những chú tuần lộc vừa đáng yêu vừa xinh xắn với những nguyên liệu dễ kiếm, cách làm đơn giản sẽ là món quà giáng sinh tuyệt vời cho gia đình, bạn bè, người thân và những người bạn thương yêu đấy. Những chú tuần lộc ngỗ nghĩnh này sẽ được các bé vô cùng thích thú và thưởng thức hết cho mà xem, hơn nữa, những chú tuần lộc đáng yêu này vừa dễ ăn, vừa dễ làm , rất thích hợp với các bữa tiệc party tại nhà, hay những buổi picnic ngày cuối tuần và đặc biệt thích hợp cho mùa giáng sinh này đấy"
Sườn rim chua ngọt ngon mê ly cho bữa cơm nhà,60 phút,4 người,Dễ,"Sườn non-700 gr | Trứng gà-1 quả | Ớt sừng-10 gr | Hành tím-10 gr | Tỏi-10 gr | Tương ớt-1.5 muỗng canh | Tương cà-1.5 muỗng canh | Nước tương-5 muỗng cà phê | Giấm-2 muỗng cà phê | Bột bắp-2 muỗng canh | Dầu ăn-50 ml | Gia vị-Muối, đường, hạt nêm, bột ngọt, tiêu","1. Sơ chế nguyên liệu | Sơ chế sườn: Sử dụng muối hoặc chanh để chà xát mặt thịt của sườn heo. Sau đó, rửa sườn lại với nước sạch để loại bỏ muối hoặc chanh trên bề mặt, sau đó để ráo. Tiếp theo, chặt sườn thành các miếng nhỏ vừa ăn. | Trụng sườn: Chuẩn bị một thau hoặc nồi lớn, đổ nước sôi vào thau sao cho mặt sườn được ngập trong nước. Trụng sườn trong nước sôi khoảng 5 - 10 phút, sau đó vớt sườn ra và xả sạch bằng nước lạnh để loại bỏ cặn bẩn. | Rửa và để ráo: Xả sườn bằng nước sạch để loại bỏ bất kỳ tạp chất nào còn lại trên bề mặt. Sau đó, để sườn ráo trong một chỗ khô thoáng. | 2. Ướp và chiên sườn | Chuẩn bị gia vị: Trong một tô, trộn đều 1/3 muỗng cà phê muối, 2 muỗng cà phê hạt nêm, 1/3 muỗng cà phê bột ngọt, 1 muỗng cà phê nước tương, 1 muỗng canh đường, 1/3 muỗng cà phê tiêu xay, 5g tỏi băm và 10g hành tím băm. | Ướp sườn: Đặt sườn vào một tô và rắc đều gia vị đã chuẩn bị lên sườn. Đảo đều để sườn thấm đều gia vị. Ướp sườn trong khoảng 15 - 20 phút để gia vị thấm vào sườn đều. | Chuẩn bị hỗn hợp bột áo: Đập 1 quả trứng gà và tách lấy lòng trắng. Hòa lòng trắng trứng với 2 muỗng canh bột bắp. | Áo sườn bằng hỗn hợp bột áo: Cho hỗn hợp bột bắp và lòng trắng trứng vào tô chứa sườn. Trộn đều để bột áo phủ đều lên sườn. | Một gợi ý nhỏ: Ướp thịt với lòng trắng trứng gà và bột bắp giúp sườn khi chiên có màu vàng đẹp và trở nên giòn hơn. | Chiên sườn: Đặt một chảo lên bếp và đổ dầu ăn vào chảo. Chờ đến khi dầu ăn nóng, sau đó đặt phần sườn đã được áo bột vào chảo và chiên ở lửa vừa. Chiên sườn cho đến khi sườn chín vàng và cạnh sườn trở nên giòn. Sau đó, vớt sườn ra khỏi chảo để ráo dầu. | 3. Rim sườn | Đổ bớt dầu từ chảo, giữ lại một ít dầu và cho tỏi vào phi thơm. | Thêm 10g ớt sừng băm nhuyễn và toàn bộ phần sốt đã pha trước đó vào chảo. Tiếp theo, đổ 50ml nước lọc vào tô chứa nước sốt, tráng đều rồi đổ vào chảo. Đun nước sốt cho đến khi hỗn hợp sôi lên và hơi sánh lại. | Rim sườn ở lửa nhỏ trong khoảng 5 phút cho đến khi nước sốt sánh kẹo lại và sườn ngấm đều gia vị. Sau đó, tắt bếp. | Bày sườn ra đĩa và trang trí để tạo thành một món ăn đẹp mắt. | 4. Thành phẩm | Món sườn rim chua ngọt dễ thực hiện, với các nguyên liệu đơn giản và dễ tìm kiếm. Tuy nhiên, hương vị của nó lại vô cùng thơm ngon và hấp dẫn, tạo cảm giác thèm thuồng khiến bạn muốn ăn thêm. Mỗi miếng sườn thấm đầy hương vị, kết hợp với sốt chua chua, ngọt ngọt, tạo ra một cảm giác kích thích vị giác tuyệt vời khi ăn kèm cơm."
Canh cua mồng tơi ngon mát cho mùa hè,40 phút,4 người,Dễ,Cua đồng-300 gram | Rau mồng tơi-300 gram | Hành tím-2 củ | Dầu ăn-2 muỗng canh | Nước mắm-1 muỗng canh | Muối-Một ít,"1. Sơ chế của đồng | Đầu tiên, bắt đầu với 300 gram cua đồng, hãy sử dụng tay để tách bỏ mai và yếm, sau đó rửa cua một vài lần với nước cho sạch và để ráo. Đồng thời, lấy muỗng để gạch cua từ yếm cho vào một chén riêng. Tiếp theo, chuẩn bị máy xay sinh tố và đổ số cua đồng đã để ráo cùng 300ml nước lọc vào máy, sau đó xay nhuyễn hỗn hợp trong khoảng 3 phút ở mức vừa. | Khi thấy hỗn hợp đã nhuyễn, tắt máy và sử dụng rây để lọc phần xác cua, chỉ giữ lại nước riêu cua để sử dụng trong chế biến. | 2. Sơ chế nguyên liệu khác | Tiếp theo, với 300 gram rau mồng tơi, bạn hãy nhặt lấy các lá non và đồng thời loại bỏ những lá dập úng hoặc héo úa. | Sau đó, ngâm rau mồng tơi trong nước muối pha loãng trong khoảng 10 phút, sau đó rửa lại 1-2 lần với nước để làm sạch và để ráo. Sau đó, sử dụng dao để cắt rau thành khúc dài khoảng 1-2 phần ngón tay. | Cuối cùng, lột vỏ hành tím và băm nhuyễn nó. | 3. Xào gạch cua | Sau khi chuẩn bị xong nguyên liệu, hãy đặt một chảo lên bếp và thêm 1 muỗng canh dầu ăn, sau đó đun chảo với lửa vừa. Chờ đến khi dầu nóng, bạn hãy cho hành tím đã băm nhuyễn vào chảo và phi thơm trong khoảng 3 phút. | Tiếp theo, thêm chén gạch cua vào chảo và sử dụng sạn dẹt để xào đều trong khoảng 3-5 phút, cho đến khi thấy gạch cua trở nên hơi sánh và đặc. Khi đó, bạn có thể tắt bếp. | 4. Nấu canh | Khi vô tình chạm mắt, tô canh cua mồng tơi đã tỏa sáng với màu sắc bắt mắt từ riêu cua và sự tươi tốt của rau xanh, nhanh chóng thu hút mọi người! | Đặc biệt, riêu cua mềm mịn và ngọt ngào, kết hợp với hương vị tươi ngon của rau và nước dùng đậm đà, thực sự là một món ăn không thể thiếu trên bàn cơm!"
Thịt lợn mán tái chanh thơm ngon ngọt,60 phút,4 người,Dễ,Thịt lợn mán (Chọn phần thịt vai hoặc thịt đùi)-500gr | Gừng-1 nhánh | Sả-2 cây | Vừng trắng rang vàng-3 thìa | Dầu vừng-1 thìa | Chanh-1/2 quả | Đường-1 thìa | Bột canh-1 thìa | Chuối xanh-1 quả | Khế chua-1 quả | Ớt-Tuỳ thích | Giấm-2 thìa | Muối-1 thìa,"Gừng và 2 củ sả đập dập chia thành 2 phần, 1 củ sả còn lại băm nhỏ. | Chuối xanh lột vỏ, cắt lát mỏng, ngâm vào nước pha muối và giấm cho đỡ bị thâm rồi để ráo. Khế chua rửa sạch, cắt lát. Vừng rang vàng. | Thịt lợn rửa sạch, dùng dao cao sạch phần bì. Đun sôi nước, thả một phần gừng, sả vào rồi cho thịt vào trần trong khoảng 2-3 phút để loại bỏ các chất bẩn và mùi hôi của thịt, sau đó rửa sạch lại với nước. | Hấp thịt với chỗ gừng và sả còn lại cho tới khi chín (mất khoảng 10-15 phút sau khi nước sôi, các bạn dùng đũa châm không thấy nước đỏ chảy ra là thịt chín). Gắp thịt ra thả vào bát nước đá ngay cho thịt trắng và mềm. | Dùng dao sắc thái thịt lợn mán đã luộc thật mỏng, cho vào tô. | Vắt nửa quả chanh vào tô, thêm đường, muối, dầu vừng, 1/2 chỗ vừng rang, ớt thái nhỏ vào, dùng găng tay trộn đều. Sau khi trộn xong các bạn có thể nêm nếm lại gia vị cho vừa miệng rồi xếp thịt ra đĩa, rắc chỗ vừng còn lại lên trên là ta đã làm xong món thịt lợn mán tái chanh. Các bạn ăn thịt lợn mán tái chanh cùng với khế chua và chuối xanh không thôi cũng ngon, nếu thích, các bạn có thể chấm tương gừng ăn cũng siêu hợp vị nhé."
Xôi cốm dẻo thơm ngon khó chối từ,2 giờ 00 phút,4 người,Dễ,Cốm-300g | Đỗ xanh-100g | Dừa tươi-50g | Đường kính trắng-4 thìa cà phê | Dầu ăn-2 thìa,"Bước 1:Đậu xanh ngâm trong nước nóng 2h rồi đãi sạch, để ráo nước, trộn với 1/3 thìa cà phê muối để trong chiếc chén con. Nếu là đỗ xanh chưa bỏ vỏ thì bạn nên ngâm trước đó 3h rồi đãi sạch vỏ đi nhé. | Bước 2:Cho đỗ xanh vào nồi hấp và hấp cho đến khi chín. Nếu không có xoong hấp bạn có thể cho vào nồi cơm điện và nấu như cơm. Không nên cho nhiều nước, khi đỗ sôi sẽ trào nước ra nồi. | Khi đậu chín thì cho vào cối giã nhuyễn hoặc nghiền bằng thìa. | Bước 3:Trộn cốm với 2 thìa dầu ăn, rồi cho vào hấp. Khi hấp bạn nên cho lửa liu riu, đợi trong 5-7 phút là cốm chín. | Bước 4:Lấy cốm đã chín và trộn với 2 thìa đường trắng, rồi đem hấp lại trong 5 phút. | Bước 5:Dừa nạo thành sợi ướp với chỗ đường còn lại, để trong 20 phút. | Cho 1 chút dầu ăn vào chảo, để lửa nhỏ cho dừa tươi ướp đường vào xào cho săn lại. Bạn có thể nhận thấy dừa săn lại là khi đường cô lại, bám chặt vào từng sợi dừa, tuy nhiên bạn không nên để quá lửa để dừa bị cháy có màu vàng nhìn sẽ không đẹp mắt. | Bước 6:Đổ xôi ra một cái khay rộng rồi trộn đều xôi cốm với dừa và đậu xanh đã giã nhuyễn. | Để có hình thức bắt mắt bạn có thể trải lá sen hoặc lá chuối lót dưới đĩa hay mẹt nhỏ rồi hãy đổ xôi cốm lên. | Chúc bạn và gia đình thành công với cách nấu xôi cốm thơm ngon hấp dẫn này!"
Cơm viên xúc xích chiên giòn ngon miệng,60 phút,4 người,Dễ,"Thịt xông khói-50 gr | Cà rốt-70 gr | Hành tây-50 gr | Ớt chuông-30 gr | Bột cà ri-10 gr | Cơm-1 tô | xúc xích xông khói loại dài.-6 cây | Trứng-1 quả | Bột chiên xù-1 gói | Hành lá-2-3 cây | Nước mắm, hạt nêm-gia vị | Bột mì-1 bát nhỏ | Dầu ăn-1 ít","Bước 1: Sơ chế nguyên liệu | -        Trước tiên các bạn thái thịt xông khói thành các miếng nhỏ. | -        Cà rốt các bạn gọt vỏ, rửa sạch rồi băm nhỏ | -        Hành tây các bạn bóc vỏ, rửa sạch rồi băm nhỏ | -        Hành lá các bạn nhặt sạch rồi đem đi rửa với nước sạch, sau đó đem băm nhỏ. | -        Ớt chuông xanh các bạn rửa sạch rồi băm nhỏ. | -        Xúc xích các bạn cắt làm đôi, nếu thấy hơi dài thì bạn có thể cắt làm 3. | -        Sau đó, các bạn lăn xúc xích qua bột mỳ, cho ra đĩa để riêng. | -        Trứng các bạn đập ra bát tách riêng lòng đỏ. | Bước 2: các bước thực hiện | -        Trước tiên, các bạn bắc một chiếc chảo lên bếp, cho một chút dầu ăn vào đun nóng. | -        Tiếp theo các bạn cho thịt xông khói, hành tây, hành lá, ớt chuông xanh, cà rốt vào xào qua. | -        Sau đó, các bạn cho bột cà ri vào đảo đều rồi cho tiếp cơm vào rang chín. Bạn nêm nếm cơm cho vừa miệng nhé. | -        Khi cơm có mùi thơm và có màu vàng đẹp thì bạn tắt bếp, đổ cơm ra bát tô. | -        Tiếp theo các bạn lấy một miếng xúc xích đã tẩm bột, bọc kín cơm xung quanh. Các bạn chú ý là phải bọc cơm cho thật đều và thật chắc vào nhé. | -        Sau đó các bạn nhúng viên cơm vào bát lòng đỏ trứng rồi nhanh chóng lăn qua bột chiên xù. Bạn làm tương tự như vậy cho đến khi hết xúc xích và cơm. | -        Sau đó các bạn bắc một cái chảo khác lên bếp, cho thật nhiều dầu ăn vào đun nóng. | -        Khi dầu ăn sôi các bạn thả các viên cơm vào chiên vàng. Bạn nhớ lật các viên cơm thường xuyên để cơm có màu vàng đều cả hai mặt nhé. | -        Cuối cùng, bạn vớt các viên cơm ra để ráo dầu, thấm qua giấy một lần nữa cho hết hẳn dầu ăn. | -        Các bạn trình bày cơm ra đĩa, bạn có thể cắm cho mỗi viên cơm một cái que trang trí cho đẹp mắt, khi ăn cũng rất tiện nữa. | -        Các bạn nên ăn kèm với dưa chuột, rau xà lách hay rau diếp xoăn,…như vậy ăn không ngấy và không khô. | Lưu ý: | -        Khi chiên cơm bạn không nên chiên quá lâu bởi cơm của chúng ta đã chín, xúc xích đã được hun khói qua và cũng rất nhanh chín nữa. vì vậy, bạn chỉ cần thấy cơm có màu vàng đẹp mắt là vớt ra được, tránh làm cơm bị khô. | -        Các bạn nên chọn loại cơm mềm và dẻo một chút, thậm chí là hơi nát cũng được. Không chọn cơm cứng hay khô vì như vậy khi chiên xong bạn sẽ thấy món ăn hơi khó nuốt vì cơm quá khô. | -        Khi rang cơm lúc đầu, bạn nên chú ý sau khi đảo đều cơm thì bạn cần đạy vung chảo lại. Bởi khi chúng ta có đạy vung nồi thì chảo cơm mới có phần hơi nước lớn, cơm mềm và ăn rất ngon. Trong lúc rang thì bạn để lửa nhỏ một chút nhé. | -        Khi nắm cơm, bạn có thể đeo găng tay hay dùng một mảnh vải xô và làm động tác như nắm cơm nắm như vậy cơm mới bám chắc vào xúc xích và rất chặt không bị rơi cơm ra ngoài. | -        Nếu bạn không thích mùi hăng của ớt, bạn nên ngâm ớt chuông vào nước muối loãng 15 phút rồi lại ngâm tiếp với hỗn hợp nước giấm đường. Như vậy ớt sẽ hết mùi hăng và bạn có thể ăn thoải mái rồi. | -        Về phần xúc xích chúng ta có lăn qua một lớp bột mì, nhiều bạn thắc mắc vì sao lại phải có bước này và muốn bỏ đi cho đỡ cách rách. Nhưng mình nghĩ bước này lại khá quan trọng, bột mì lúc này tựa như một lớp keo đặc biệt giúp kết dính với cơm một cách dễ dàng hơn. Bởi cơm và xúc xích phải gắn chặt vào nhau mới tạo nên được thành công của món ăn. | -        Với các bạn dùng cơm làm bữa ăn dã ngoại thì các bạn để cơm nguội bớt một chút và cho vào hộp nhựa đậy kín nắp như vậy chúng ta đã có một món ăn trưa thơm ngon, cung cấp cho bạn đầy đủ năng lượng cho ngày dã ngoại thú vị rồi. | -        Với các bà mẹ có con nhỏ lười ăn thì bạn có thể thử áp dụng bằng món viên cơm xúc xích chiên giọn, các bé sẽ bị hấp dẫn, thu hút bởi những viên cơm nhỏ nhắn thơm lừng và những cái que xiên hình chuột mickey đầy sắc màu dễ thương nữa. Cơm không chỉ ngon mà còn đầy đủ dưỡng chất như đạm hay chất xơ nên các bà mẹ yên tâm khi cho các con dùng cơm nhé."
Món thịt bò băm sốt kem kiểu mới lạ mà ngon,60 phút,4 người,Dễ,"Bơ-3 muỗng canh | Thịt bò-350-400 gr | Hành tây-1 củ | Khoai tây lớn-1-2 củ | Rau mùi-một ít | Kem-1/4 chén | Trứng gà-2 quả | Muối, hạt tiêu-gia vị","-        Trước tiên các bạn gọt sạch vỏ khoai tây rồi rửa sạch với nước, sau đó các bạn đem khoai tây đi thái thành những hạt lựu nhỏ | -        Thịt bò các bạn rửa sạch rồi băm nhỏ hoặc xay nhỏ đều được, tuy nhiên các bạn không nên xay nhuyễn. Bạn nên băm thì thịt bò ngon hơn còn nếu xay thì bạn chỉ xay dối để thịt vẫn còn miếng nhỏ. | -        Rau mùi các bạn rửa sạch rồi thái nhỏ | -        Hành tây các bạn bóc bỏ vỏ ngoài rồi rửa sạch với nước, sau đó thái thành những lát mỏng và nhỏ hoặc cũng thái thành hình hạt lựu (các bạn nên thái thành hạt lựu thì món ăn trông sẽ đẹp mắt và ăn cũng ngon hơn) | Bước 2: Các bước thực hiện | -        Trước tiên các bạn cho khoai tây vào một cái nồi nhỏ rồi thêm nước ngập khoai. | -        Khi nồi khoai sôi lớn thì các bạn cho thêm một chút muối vào nồi rồi đun thêm khoảng 3 phút nữa thì các bạn có thể tắt bếp. | -        Tiếp theo, các bạn đổ khoai vào một cái giá lọc cho khoai ráo hết nước đi rồi các bạn bắc một cái chảo lên bếp và cho thêm bơ vào đun nóng. | -        Đợi khi bơ tan chảy hoàn toàn thì các bạn cho hành tây vào xào thơm cho đến khi hành tây mềm và chuyển sang màu hơi vàng. | -        Sau đó, các bạn cho khoai tây vào xào chung. Các bạn sẽ đun khoai tây trong khoảng thời gian từ 5-10 phút sao cho khoai tây vừa chín mềm lại vừa có màu vàng nâu. Nếu khoai tây có vỏ ngoài hơi giòn một chút thì món ăn càng thêm hấp dẫn. | -        Tiếp đến, các bạn cho thịt bò băm vào và cũng tiếp tục đảo đều tay cho đến khi thịt bò chín hoàn toàn. | -        Đồng thời, lúc này các bạn có thể nêm thêm muối và hạt tiêu cho vừa với khẩu vị. | -        Sau đó, các bạn cho thêm kem vào chảo thịt bò và đảo đều trong khoảng 1 phút thôi. | -        Cuối cùng, các bạn đập trứng gà vào giữa chảo thịt bò khoai tây. Trong bước này, chúng ta sẽ không đảo nữa mà để yên như vậy cho đến khi trứng chín thì các bạn tắt bếp đi. | -        Sau đó, các bạn khéo léo đưa đồ ăn ra đĩa sao cho vẫn giữ nguyên phần trứng gà ở giữa hỗn hợp thịt bò khoai tây như cũ. | -        Các bạn có thể trang trí thêm với một ít rau mùi là chúng ta có thể thưởng thức được rồi. | Lưu ý | -        Khi chúng ta cho thịt bò vào đun thì các bạn chú ý sẽ giảm lửa xuống ở mức vừa hoặc nhỏ để tránh làm thịt bò bị khô, và các bạn cũng sẽ duy trì mức lửa này cho đến khi kết thúc để các nguyên liệu chín đều, thịt bò không quá khô cũng như khoai tây và hành không bị quá nhừ hay quá nát. | -        Thêm nữa, độ chín của trứng gà sẽ tùy theo sở thích của bạn như thích trứng chín kỹ hay ăn lòng đào. | -          Khoai tây khi xào các bạn nên đảo đều tránh để khoai tây chín và khoai tây xào xong sẽ chín bên trong và có vỏ ngoài màu vàng nâu đẹp mắt. | -        Với món thịt bò băm sốt kem các bạn nên ăn ngay lúc nóng bởi nếu để nguội hay để quá lâu thì trứng sẽ có mùi tanh, ăn không ngon và món ăn cũng bị mất hương vị | Chúc các bạn thành công và ngon miệng!"
Cá viên phô mai đơn giản mà ngon,1 giờ 5 phút,4 người,Dễ,"Cá thác lác-200 gr | Phô mmai miếng (mua dạng miếng vuông, có thể dùng cheddar hoặc mozzarella)-50 gr | Bột mì-100 gr | Muối, tiêu-gia vị","Bước 1:Trước tiên các bạn cắt phô mai ra thành từng viên nhỏ cho vừa ăn. Bạn chú ý khi cắt đừng để phô mai bị vỡ vụn ra nhé! | Bước 2:Cá thác lác mua về các bạn làm sạch rồi sau đó để khô, xay nhuyễn. Nếu không thích ăn nhũn quá thì bạn có thể xay dối để cá vẫn có miếng. Tiếp theo các bạn ướp cá thác lác với muối và tiêu sao cho vừa ăn. Sau đó các bạn có thể xắt thêm một ít thì là vào trộn cùng hỗn hợp cá để tăng hương vị cho cá cũng như giảm bớt mùi tanh. | Bước 3:Sau đó các bạn lấy một phần cá lên tay, bóp dẹt ra rồi đặt phô mai vào giữa. | Bước 4:Tiếp theo các bạn viên tròn viên cá lại. Bạn chú ý viên sao cho cá bọc kín phô mai để phô mai không bị chảy ra khi rán. | Các bạn làm tương tự cho đến khi hết phần cá. | Bước 5:Ở bước này các bạn cho bột mì ra đĩa, sau đó áo các viên cá qua 1 lớp bột. | Bước 6:Bạn cũng tiếp tục lặp lại cho tất cả các viên cá luôn nhé! | Bước 7:Tiếp theo các bạn chuẩn bị sẵn chảo dầu nóng để chiên. Bạn nên chọn chảo sâu lòng, kích thước nhỏ để tiết kiệm dầu ăn cũng như giúp cá khi chiên được ngập dầu, cá sẽ ngon và giòn hơn. | Bước 8:Khi dầu sôi thì các bạn cho từng viên cá vào chiên cho đến khi viên cá có vỏ vàng và săn lại, chú ý không chiên quá lâu kẻo phô mai bị chảy ra. | Bước 9:Sau khi chiên xong, các bạn lấy cá viên ra, để trên giấy thấm dầu cho ráo dầu ròi trình bày ra đĩa kèm rau sống là bạn có thể thưởng thức. | Chúc các bạn thành công và ngon miệng với món cá viên phô mai!"
Bánh nhãn phủ đường cực dễ mà cực ngon,60 phút,4 người,Dễ,Trứng gà to-1 quả | Bột nếp sống-70g | Phần đường áo-20g đường + 5g nước,"Nguyên liệu cần chuẩn bị: | Bước 1: | - Bước đầu tiên, bạn đập trứng vào tô và dùng phới đánh tan trứng ra nhé! | Bước 2: | Bạn cho thêm đường vào tô trứng và đánh cho đến khi trứng nổi bọt thì dừng lại. | Một gợi ý nho nhỏ, đó là bạn có thể dùng đường kính bình thường nhưng nếu bạn sử dụng đường bột thì đường sẽ nhanh tan hơn  nhiều đấy! | Bước 3: | - Tiếp đến, bạn rây bột nếp vào tô trứng và trộn đều cho bột tan hết. | Bước 4: | - Bạn cứ nhào thật kĩ cho đến khi bột tạo thành một khối mịn tay là được nhé! | Bước 5: | - Khi đã nhào bột mịn rồi, bạn lăn bột thành hình dài dài, kích thước to hơn chiếc đũa ăn cơm một chút, sau đó bạn cắt thành từng đoạn dài khoảng 1 cm. ( bạn xem hình dưới đây nhé!) | Bước 6: | - Tiếp theo, khi đã có những viên bột được cắt ra thì bạn viên bột thành từng viên tròn. Nếu định làm nhiều thì cứ viên được đầy 1 đĩa, các bạn phủ khăn lên trên cho bột đỡ bị khô nhé! | Bước 7: | - Với bánh nhãn, bạn nên dùng mỡ để rán thì bánh sẽ ngon hơn so với việc rán bằng dầu đó. Bạn chú ý là để lửa nhỏ hết cỡ nhé! Nếu để lửa to quá, bánh sẽ bị nứt và khó chín giòn ở bên trong đấy. | Bước 8: | - Khi thấy mỡ đã nóng (không cần để sôi),  bạn thả bánh vào trong nồi. | Bước 9: | - Các bạn cần đảo đều bánh liên tục trong suốt quá trình rán. Khi bánh bắt đầu nổi lên là bánh bắt đầu chín. Bạn cần rán cho đến khi nghe thấy tiếng bánh va vào nhau như tiếng xóc lạc nhé! Hoặc chỉ cần gắp ra, cắn ăn thử, nếu bên trong đã khô giòn hết là được. | Bước 10: | - Khi bánh chín bạn vớt bánh ra, để vào giấy  cho thấm hết mỡ thừa, có giấy thấm dầu thì càng tốt nhé! | Bước 11: | - Hoà nước và đường ở phần đường áo lại với nhau rồi cho lên bếp đun ở lửa thật nhỏ. Nếu đun ít đường, tốt nhất là bạn hơi nhấc nồi lên khỏi mặt bếp một chút để đường không bị cháy. | Bước 12: | - Bạn quan sát nếu thấy đường hơi kết tinh lại và có dạng phấn là ok nhé! | Bước 13: | - Nhanh tay đổ thật nhanh bánh nhãn vào nồi đường, đảo thật đều cho đến khi đường bám đều vào bánh thì thôi. | Vậy là món bánh nhãn phủ đường đã ra lò rồi đây! | Thật dễ dàng để có được món ăn vặt tuyệt ngon nhâm nhi lúc rảnh rỗi, phải không nào! | Ăn bánh này kèm với trà thì tuyệt vời ông mặt trời luôn đó! | Bánh nhãn tự làm sẽ khác so với bánh nhãn bạn mua ngoài hàng được đóng gói kĩ càng về mùi vị lẫn hình thức, bởi bánh do họ sản xuất có thêm nhiều chất phụ gia rồi phẩm màu, làm tăng hương vị cho bánh mà ăn lại nhanh chán. Nhưng bánh nhãn tự làm chỉ với những nguyên liệu đơn giản, đảm bảo an toàn và cũng không chóng chán tí nào nhé! | Bánh có hình giống quả nhãn nên nó được gọi là bánh nhãn đó! | Chúc các bạn thành công và ngon miệng với cách làm bánh nhãn của sotaynauan.com nhé!"
Bánh rượu rum trái cây thơm lừng,1 giờ 30 phút,4 người,Dễ,"Bột mì-375 gr | bột baking soda-2 muỗng cà phê | Bột nở-1 thìa cà phê | Muối-3/4  thìa cà phê | Đường cát trắng-400 gr | Trứng gà-4 quả lớn | Trái cây khô-quả kiwi, nho khô hoặc quả chery | Kẹo dẻo-hương tùy thích | Rượu rum-tùy thích | Dầu thực vật-120 ml | dụng cụ-khuôn ống bánh pan, lò nướng, phới đánh trứng, hộp nhựa, một miếng vải mỏng, giấy nhôm.","Bước 1: sơ chế nguyên liệu | Trước tiên các bạn cho trái cây khô và kẹo dẻo vào một cái hộp nhựa rồi cho rượu rum vào hộp trái cây sao cho rượu ngập trái cây và kẹo. Sau đó các bạn đậy kín hộp lại và ướp trái cây trong vòng 24h ở nhiệt độ phòng để hoa quả ngấm hương thơm của rượu. | Tiếp theo các bạn đập trứng gà ra bát rồi đánh cho thật tan. | Bơ các bạn cho vào lò vi sóng và đun cho tan chảy. | Bước 2: Các bước thực hiện | Trước tiên các bạn sẽ làm nóng sẵn lò nướng ở nhiệt độ 150 độ C. | Sau đó các bạn dùng chổi phết lên khuôn ống bánh pan một lớp bơ để chống dính nhé. | Tiếp theo các bạn lấy một cái bát tô lớn và cho vào các nguyên liệu sau: bột mì, muối, bột baking soda, bột nở. | Sau đó các bạn dùng muỗng trộn thật đều các nguyên liệu lên và đồng thời các bạn tạo ra một miệng giếng ở trung tâm bát bột mì rồi đổ trứng, đường cát trắng và dầu thực vật vào trong bát bột, các bạn đổ từ từ và đổ thẳng vào chỗ miệng giếng đã tạo để trứng và các nguyên liệu được thấm vào bột nhanh hơn. | Tiếp theo các bạn dùng phới đánh trứng bắt đầu trộn bột sao cho hỗn hợp bột sánh, mịn, thật nhuyễn và bột không hề bị vón cục, đường cũng được tan hết. | Sau khi bột đã mịn, nhuyễn không bị vón cục thì các bạn cho hỗn hợp trái cây và kẹo dẻo đã được ngâm rượu vào bát bột và tiếp tục trộn thật đều. | Tiếp theo các bạn đổ bột bánh vào khuôn và cho vào lò nướng đã được làm nóng sẵn và nướng trong 1 giờ hoặc cho đến khi bánh có màu vàng đẹp mắt và mùi thơm. | Bánh chín, các bạn lấy bánh ra ngoài cho nguội hoàn toàn rồi mới lấy bánh ra khỏi khuôn. | Sau đó, các bạn dùng một cây chổi nhỏ phết một lớp rượu rum lên khắp mặt bánh rồi trải một tấm nilon ra mặt bàn. Thêm một tấm vải mỏng, sạch lên trên. | Sau đó, các bạn phết thêm một lượt rượu rum nữa lên bánh rồi đặt bánh lên tấm khăn xô và bọc kín miếng bánh lại. | Tiếp theo các bạn dùng tấm nilon bọc kín bên ngoài. Cuối cùng, lớp giấy nhôm. | Sau đó, các bạn bánh vào hộp nhựa và đậy kín miệng hộp lại. | Chúng ta sẽ ủ bánh trong khoảng thời gian là vài giờ đồng hồ và thỉnh thoảng thì các bạn lại lấy bánh ra và phết tiếp một lớp rượu rum nữa lên bánh. | Khi ăn, các bạn trình bày bánh ra đĩa cho đẹp mắt. | Lưu ý: | Khi nướng bánh các bạn cần lưu ý đến thời gian nướng bánh cũng như nhiệt độ của lò nướng sao cho phù hợp với lò nướng của gia đình. Bên cạnh đó thì nó còn phụ thuộc vào độ lớn hay nhỏ của khuôn ống bánh pan nữa, vì vậy để kiểm tra xem bánh đã chín chưa thì các bạn có thể dùng một chiếc tăm xiên vào bánh, nếu bột bánh không dính vào tăm nữa thì có nghĩa là bánh đã chín. | Khi bánh chín chúng ta không lấy bánh ra ngoài ngay mà phải để bánh nguội trong lò nướng bởi lúc này bánh đang nở lớn trong nhiệt độ cao, nếu như các bạn đem bánh ra ngoài thì bánh sẽ bị sốc nhiệt do gặp nhiệt độ lạnh dẫn đến bánh bị xẹp xuống, mất đi hình dáng sẽ rất xấu. | Ngoài cách dùng rượu rum thì các bạn có thể thay thế bằng rượu Kirsch hoặc brandy"
Gỏi cuốn chấm sốt bơ đậu phộng ngon mê mẩn,45 phút,4 người,Dễ,"Bún gạo khô-60g | Tôm tươi-12 con | Măng tây-200g | Bánh tráng-12 lá | Hành xanh-4 nhánh | Cà rốt-1 củ | Ngò tây-1/2 bó | Bơ đâu phộng-30 ml | Đường nâu-23g | Gia vị-Nước tương, ớt bột, gừng, tỏi","Bước 1: | - Nếu bạn dùng bún khô thì bước đầu tiên đó là bạn ngâm bún khô trong nước lạnh cho bún mềm ra và đồng thời đun một nồi nước. Còn nếu bạn dùng bún tươi thì không cần ngâm vào nước nhé, cứ để nguyên như vậy gói thôi. | Bước 2: | - Bước tiếp theo là sơ chế các loại rau củ : Ngò tây bạn băm nhỏ, tỏi cũng băm nhỏ, hành lá thái nhỏ, cà rốt thì thái thành hình sợi. | Bước 3 : | - Đối với măng tây thì bạn dùng dao chẻ theo chiều dọc nhé! | Bước 4 : | - Bạn cho một nhúm muối vào nồi nước đang đun lúc đầu. Khi nước sôi bạn cho tôm vào chần đến khi chín tới, bạn đừng luộc chín tôm quá nhé, sau đó vớt tôm cho ngay vào tô nước đá lạnh. | Bước 5 : | - Tiếp đến, bạn cho măng tây vào chần trong nước sôi khoảng 2 phút, sau đó vớt ra và cũng cho vào tô đá lạnh giống như tôm. | Bước 6 : | - Sau khi bún khô đã ngâm nở ra, bạn cho bún vào chần khoảng 2-3 phút, khi thấy bún chín mềm thì bạn vớt ra rổ để cho ráo nước. | Bước 7: | - Tôm sau khi ngâm ở nước lạnh, bạn vớt ra và dùng dao chẻ tôm theo chiều dọc giống như trong hình. | Bước 8: Cách làm sốt bơ đậu phộng chấm gỏi cuốn | - Bạn chuẩn bị một tô lớn và cho tất cả các nguyên liệu của phần sốt vào, trộn đều lên. Để sốt bớt đặc thì bạn có thể cho thêm nước nóng vào để sốt trở nên sánh và dễ chấm hơn, bạn chú ý cho chút nước nóng thôi nhé, cho nhiều quá thì lại loãng đó. | Bước 9 : | - Những lá bánh tráng bạn nhúng cho ngập nước rồi vớt ra trải trên một mặt phẳng để chuẩn bị cuốn gỏi. | Bước 10 : | - Bắt đầu cuốn gỏi nhé, trước tiên bạn đặt bún gạo lên trên bánh tráng trước. | Bước 11 : | - Tiếp đến, bạn đặt măng tây, cà rốt và ngò lên trên bún, bạn nên đặt gọn gàng để cuốn dễ hơn nhé! | Bước 12 : | - Bạn xếp phần đầu vỏ bánh bọc kín phần nhân bún, sau đó tiến hành gập các cạnh ở 2 bên lại và bắt đầu cuốn giống như trong hình. | - Nếu bạn đã từng làm bánh đa nem thì cách cuốn gỏi này tưỡng tự như cuốn nem rán vậy. | Bước 13 : | - Khi cuốn đến 2/3 chiều dài của bánh thì bạn cho thêm tôm vào và cuốn đến hết phần vỏ bánh còn lại là được. Với cách cuốn như thế này bạn sẽ nhìn thấy được rõ những con tôm trong cuốn gỏi của mình, rất bắt mắt phải không nào! | Bước 14: | - Dưới đây là thành phầm đã được hoàn tất, bạn cũng làm tương tự với số nhân và số bún còn lại, cuốn cho đến hết nhé! | Cùng thưởng thức thành quả của mình thôi nào! | Với chút biến tấu khác lạ của phần nước sốt đặc biệt sẽ khiến bạn chết mê với món ""lạ mà quen"" này đấy! | Thưởng thức món này cho bữa khai vị thì rất tuyệt đó! | Sự sáng tạo nằm ở phần sốt bơ đậu phộng thơm béo, ngọt dịu đầy quyến rũ, bạn sẽ khó lòng mà từ chối món ăn này. | Chúc các bạn thành công và ngon miệng với gỏi cuốn tôm chấm nước sốt bơ đậu phộng béo ngậy này nhé! | Xem thêm:Hướng dẫn cách làm món bún cuốn bánh tráng"
Công thức cho bánh bông lan cherry nướng thêm ngon,60 phút,4 người,Dễ,Phần topping-Đường cát : 60g + Bột quế : 5g | Phần cốt bánh : - Đường-400g | Dầu ăn-225ml | Nước cam vắt-118ml | Trứng-4 quả | Tinh chất vanilla-15ml | Bột mì đa dụng-384g | Bột nở (baking powder)-15g | Một nhúm muối- | Cherry đóng hộp (loại dùng làm nhân bánh)-450g,"Bước 1 : | - Ở bước đầu tiên này, bạn chuẩn bị một bát nhỏ và cho đường với bột quế vào bát trộn đều lên. | Bước 2 : | - Ở một tô lớn, bạn trút đường, dầu thực vật, nước cam, trứng và tinh chất vanilla vào trong tô. | - Bạn dùng phới, đánh cho đường tan hết cùng với các nguyên liệu, đánh đến khi các nguyên liệu hòa quyện với nhau. | Bước 3 : | - Tiếp đến, bạn cho vào tô các nguyên liệu khô ( bột mì, bột nở, muối) , dùng phới trộn đều cho đến khi tất cả nguyên liệu hòa quyện vào với nhau. | Bước 4 : | - Bạn chuẩn bị một khuôn nướng bánh và quết lên khuôn một lớp mỏng dầu ăn để bánh không bị dính vào khuôn khi lấy bánh ra nhé. | - Tiếp theo, bạn rót một nửa lượng hỗn hợp đã trộn đều ở bước 3 vào trong khuôn bánh. | Bước 5 : | - Bây giờ, bạn cho phần cherry làm nhân lên trên lớp bột và dùng thìa trải đều cherry toàn bộ bề mặt hỗn hợp cho đều nhé. | Bước 6 : | - Bạn rót phần còn lại của hỗn hợp bột phủ lên trên lớp nhân cherry vừa mới dàn đều. | Bước 7 : | - Sau đó, bạn rắc phần hỗn hợp đường + bột quế đã trộn ở bước 1 lên trên bề mặt lớp bột là phần chuẩn bị bánh đã hoàn thành rồi đó. Chuẩn bị nướng bánh thôi nào! | Bước 8 : | - Bạn làm nóng lò ở 180 độ trước, rồi cho khuôn bánh vào lò đã làm nóng, nướng bánh trong thời gian là 55 phút. | - Hết thời gian, để kiểm tra bánh đã chín chưa, bạn chỉ cần dùng một que tăm nhỏ và xiên vào bánh, rồi rút que tăm ra, nếu thấy trên que tăm không có bột bánh dính ở que tăm tức là bánh đã chín rồi nhé, còn nếu bột bánh vẫn còn dính trên que tăm thì bạn cho vào lò nướng thêm vài phút nữa cho bánh chín hoàn toàn nhé! | Sau khi bánh chín, bạn lấy bánh ra khỏi lò,để cho bánh nguội rồi thưởng thức nhé! | Yêu cầu thành phẩm : | - Bánh chín đều, cốt bánh ẩm, mềm, mịn; | - Bánh chín có màu vàng đẹp mắt, mùi thơm đặc trưng của bánh, mùi hương của cherry và hương của bột quế; | - Bánh ăn không quá ngọt, độ ngọt vừa phải; | Cốt bánh mềm mịn hòa quyện cùng nhân bánh cherry hồng đỏ thơm ngọt và lớp vỏ quế đượm hương , quả là hấp dẫn phải không nào ? | Vỏ bánh thơm mềm, ăn với cherry chua ngọt rất lạ, đảm bảo thích cực luôn! | Cắt một miếng bánh, dùng cùng 1 tách trà, nhẩn nha thưởng thức hương vị tuyệt vời cùng gia đình và bạn bè thì thật tuyệt vời đó. | Chúc các bạn thành công và ngon miệng với món bánh bông lan cherry thơm ngon này nhé!"
Bánh quả mâm xôi nướng phủ đường hấp dẫn,60 phút,4 người,Dễ,Quả mâm xôi tươi-300-500 gr | Đường cát trắng-250 gr | Vỏ bánh đóng gói sẵn-2 cái | Bột bắp-2 muỗng canh | Nước lạnh-1/4 chén,"Bước 1: sơ chế nguyên | -        Các bạn rửa sạch  quả mâm xôi rồi để thật ráo nước. | -        Các bạn làm nóng sẵn lò nướng ở nhiệt độ khoảng 165 độ C. | -        Tiếp theo các bạn hòa tan bột bắp với chén nước lạnh và trộn đều cho bột bắp hòa quyện, không bị vón cục nhé! | -        Các bạn bọc sẵn một lớp giấy bạc vào khuôn bánh hình tròn | Bước 2: các bước thực hiện | -        Trước tiên các bạn cho quả mâm xôi vào một cái nồi rồi đổ khoảng 200g đường lên trên. | -        Các bạn bắc chiếc nồi lên bếp, mở nhỏ lửa. Thỉnh thoảng các bạn dùng đũa đảo nhẹ nhàng cho quả mâm xôi được ngấm đều đường và giúp đường không bị dính đáy nồi sẽ tạo ra mùi khét. | -        Các bạn đun đến khi nào nước trái cây và đường tan chảy quyện đều vào nhau, hơi sôi nhẹ. ( thời gian đun khoảng 10 phút). | -        Tiếp theo các bạn đổ bát nước bột bắp vào nồi và dùng đũa khuấy đều nhé. Đến khi các bạn thấy nồi quả mâm xôi đặc dầy lại thì các bạn tắt bếp, để nguội tự nhiên. | -        Sau đó các bạn lấy một phần vỏ bánh mua sẵn trải lên khuôn bánh hình tròn rồi cho khuôn bánh vào lò nướng đã được làm nóng sẵn với thời gian là 7- 10 phút. | -        Khi vỏ bánh đã có màu hơi vàng thì các bạn lấy bánh ra ngoài và không tắt lò nướng nhé. | -        Sau đó các bạn đổ phần nhân quả mâm xôi vào khuôn bánh. | -        Tiếp theo, các bạn dùng phần vỏ bánh thứ hai phủ kín lên phần nhân bánh và khéo léo cuộn gọn phần viên bánh còn thừa ra ngoài vào trong, sao cho không hở phần nhân bên trong là được. | -        Sau đó các bạn dùng tăm xiên vào vỏ bánh một vài lỗ nhỏ để khi nướng bánh chín có hơi nóng vào bên trong cũng như có lỗ thoát hơi giúp bánh không bị nổi phồng và bị vỡ. Đồng thời các bạn rắc phần đường còn lại lên vỏ bánh | -        Sau đó các bạn cho bánh vào lò nướng với nhiệt dộ lò nướng là 120 độ C, các bạn nướng bánh với thời gian là 25 phút nhé. | -        Bánh chín, các bạn lấy bánh ra ngoài cho nguội bớt trước khi ăn. | -        Lấy bánh ra khỏi khuôn, trình bày ra đĩa và thưởng thức nhé. | Lưu ý: | -        Nếu như các bạn không mua được quả mâm xôi tươi thì các bạn có thể dùng loại quả mâm xôi đông lạnh nhé, nhưng tất nhiên quả tươi vẫn ngon hơn rất nhiều. | -        Nếu bạn không muốn dùng loại vỏ bánh bán sẵn thì các bạn có thể tự làm vỏ bánh ở nhà với những nguyên liệu đơn giản là bột mì, bột nở hoặc baking soda. Bạn có thể cho thêm sữa tươi, đường và trứng để tăng hương vị cho vỏ bánh. | -        Nếu như các bạn không thích ăn quá ngọt thì các bạn có thể giảm lượng đường hoặc bỏ bước phủ đường bên ngoài vỏ bánh nhé. | -        Khi chúng ta nấu quả mâm xôi với đường các bạn lưu ý chúng ta luôn để lửa ở mức nhỏ nhất nhé để tránh làm bị cháy trái cây và đường cũng không bị khét | -        Yêu cầu thành phẩm: vỏ bánh rất giòn, thơm, phần nhân bánh bên trong rất ngon với hương vị chua chua ngọt ngọt ăn. Nhân bánh không bị khô, độ ngọt vừa phải."
Thịt bò cuộn braciole ăn với pasta kiểu Ý ngon tuyệt,60 phút,4 người,Dễ,bò phi lê lớn (có thể sử dụng miếng bò thường)-4 miếng | phô mai parmesan-150 gr | phô mai provolone-100 gr | vụn bánh mì (tốt nhất nên sử dụng vụn bánh mì dùng cho các món ăn Ý)-130 gr | Cần tây-1 ít | Tỏi-1 tép | Dầu olive-60 ml | rượu vang trắng-250 ml | sốt cà chua (bạn có thể đi mua hoặc tự làm)-800 ml,"Bước 1:- Trước tiên các bạn rửa sạch cần tây rồi thái nhỏ. Sau đó các bạn cho vụn bánh mì, cần tây vừa thái, 2 loại phô mai và 2 thìa dầu olive vào bát rồi trộn đều với nhau cho chúng hòa quyện | Bước 2:- Sau đó các bạn thái thịt bò thành những miếng mỏng, dài khoảng 8cm, rộng 5cm. Bạn thái thịt bò xong thì trải thịt bò ra thớt, sau đó rắc hỗn hợp vụn bánh vừa trộn lên mặt thịt bò. Bạn chú ý rắc lên giữa miếng thịt, để việc cuộn thịt bò ở bước sau dễ dàng hơn và nhân cũng không bị trôi ra bên ngoài nhé! | Bước 3:- Tiếp theo các bạn cuộn miếng thịt. Bạn cuộn từ đầu nhỏ vào, chú ý hạn chế để nhân rơi ra ngoài. Sau khi cuộn xong, bạn buộc lại thật chặt rồi rắc muối và tiêu lên trên. | Bước 4:- Sau đó các bạn làm nóng chảo trên lửa vừa, thêm 2 thìa dầu olive còn lại vào chảo. Khi dầu nóng, bạn cho thịt bò vào, đảo đều đến khi thịt chuyển màu nâu đều các mặt rồi lấy thịt ra. Các bạn chú ý nhớ lật đều cả hai mặt và không nên mở lửa to dễ làm thịt cháy và làm mất hương vị của món ăn. | Bước 5:- Tiếp theo các bạn thêm rượu vang vào chảo, đảo mạnh để làm tan những phần nâu trên chảo ra. Đây là những phần chứa nhiều hương vị nhất đấy! | Bước 6:- Cùng lúc đó các bạn bắc một nồi khác lên bếp, cho sốt cà chua vào rồi đun nóng lên. Đồng thời, bạn làm nóng lò ở 180 độ. | Bước 7:- Sau đó các bạn cho thịt bò đã chuẩn bị ở trên vào sốt cà chua đã đun, đổ phần rượu vang vừa chuẩn bị lên trên. Dùng giấy bạc gói kín miệng nồi lại rồi cho vào lò, nướng trong 1 tiếng. Sau 1 tiếng, bạn gỡ lớp giấy bạc ra rồi nướng tiếp trong 30 phút nữa. | Nếu phần sốt cà không đủ để ngập thịt, bạn lấy nồi ra sau mỗi 30 phút rồi rưới đều sốt lên mặt thịt nhé! | - Sau khi nướng xong, bạn lấy thịt ra rồi cắt thành từng khoanh để thưởng thức. | Các bạn có thể thưởng thức món thịt bò braciole này với món mỳ pasta kiểu ý sẽ vô cùng thích hợp | Chúc các bạn thành công và ngon miệng! | Lưu ý: | Khi mua, chọn loại thịt đỏ tươi, không đỏ đậm quá, thớ nhỏ, khô mịn, chắc, không dính vào tay là thịt bò ngon. Mỡ có màu vàng thì thịt mới mềm béo. Thịt bò non có mỡ màu trắng, thịt mềm, thớ thịt rất mịn. Thịt bò già thì thớ thịt to màu đỏ tím, mỡ xam xám. Thịt bò già ăn dai, nấu lâu nhừ. Thit bò cái thường ngon hơn bò đực. Nếu chọn được bò còn tơ thì càng ngon, vì thịt ăn mềm, mỡ trắng, thớ mịn. | Thit bò có màu tái xanh, có những nốt trắng – giữa các thớ thịt là bò bị sán hay bò bị gạo. Các loại thịt mà ngửi có mùi hôi, bạn không nên mua về ăn. | Thái thịt: Để các miếng thịt bò mỏng mà không nát, bạn gói thật kỹ thịt rồi cho vào ngăn đông của tủ lạnh để miếng thịt hơi cứng lại. Khi nấu, lấy thịt ra cắt từng lát một sẽ dễ dàng và đẹp mắt hơn."
Món bò hầm bia ngon tuyệt,1 giờ 15 phút,4 người,Dễ,"Thịt bò-800 gr | Bia-1 lon | Hành tây-1 củ | Tỏi-3 tép, băm nhuyễn | Nước dùng bò (có thể thay bằng nước hầm thường hoặc nước trắng)-1 lít | Cà rốt-2 củ | Khoai tây-2 củ | Bơ-15 gr | 45ml dầu olive, 3g muối, 3g tiêu, 5g đường, viên súp bò hầm, 15ml sốt Woschestershire-gia vị","Bước 1:- Trước tiến các bạn rửa sạch thịt bò với nước ròi thấm khô thịt bò rồi cắt thành từng miếng vuông vừa ăn, mỗi miếng vuông tầm 2cm. | Bước 2:- Tiế theo các bạn cho dầu olive và một miếng bơ nhỏ vào nồi rồi đun nóng lên. Khi dầu đã nóng và bơ đã tan chảy hết thì các bạn cho lần lượt thịt bò vào, chia thành nhiều đợt để thịt không bị dính vào nhau và thấm đều dầu olive cũng như bơ, các bạn xào cho đến khi thịt chuyển nâu mặt ngoài thì gắp ra. | - Sau khi gắp ra, bạn chờ thịt nguội bớt rồi cắt đôi miếng thịt ra nhé! | Bước 3:- Sau đó các bạn lột vỏ hành tây rồi rửa sạch, thái hành tây thành hạt lựu cho vừa ăn. Tiếp theo các bạn cho dầu lên chảo hoặc nồi vừa dùng, đợi dầu sôi thì cho hành vào phi thơm trên bếp cùng với tỏi trong vài phút cho miếng hành mềm và dậy mùi | Bước 4: | - Tiếp theo các bạn thêm nước dùng bò đun nóng và viên súp bò hầm vào nồi. | Bước 5:- Các bạn đổ tiếp một lon bia vào nồi. Bia sẽ giúp cho thịt bò mềm và không còn mùi hôi. | Bước 6:- Sau đó các bạn cho thịt bò đã được cắt và xào sơ ở trên vào cùng. | Bước 7: | - Các bạn thêm muối, sốt Woschestershire và đường vào để tăng hương vị cũng như độ ngon ngọt cho món ăn. Các bạn đậy nắp nồi lại rồi đun ở lửa nhỏ trong khoảng 1,5 đến 2 giờ để thịt bò ngấm gia vị cũng như được mềm tơi, tạo hương vị cho món ăn. | Bước 8:- Tiếp theo để tạo màu sắc cũng như tăng độ ngọt của món ăn thì các bạn cho thêm cà rốt và khoai tây. Trước hết các bạn rửa sạch cà rốt rồi gọt vỏ, cắt cà rốt và khoai tây thành miếng to. Các bạn cho cà rốt và khoai vào nồi, đậy nắp lại rồi tiếp tục đun trong khoảng 30’, cho đến khi rau củ mềm ra và nước có độ sánh nhất định. | - Trước khi ăn, bạn xắt nhỏ cần tây rồi rắc lên trên cho đẹp mắt nhé! | Chúc các bạn thành công và ngon miệng!"
Món bánh nướng nhân dâu tây đơn giản mà ngon,60 phút,4 người,Dễ,"Bơ-125 gr | Bột mì-250 gr | Nước lạnh-2-3 muỗng canh | dầu ăn hoặc bơ để bôi trơn khuôn nướng-1 ít | kem pho mát ( gia vị thêm: 1 muỗng canh đường bột, ½ muỗng cà phê vani)-200 gr | đường cát trắng-2 muỗng canh | Vani-1/2 thìa cà phê | Dâu tây chín nhỏ-450 gr | thạch quả phúc bồn tử-4 muỗng canh | Trứng gà-1 quả | Lá bạc hà-1 ít","Bước 1: sơ chế nguyên liệu | -        Các bạn đập trứng gà ra bát và tách riêng lấy lòng đỏ trứng | -        Dâu tây các bạn cắt bỏ phần cuống lá xanh, rửa sạch và để cho ráo nước. Bạn có thể ngâm dâu tây qua nước muối nhạt để khử vi khuẩn rồi các bạn cắt quả dâu tây thành hai phần bằng nhau. | -        Lá bạc hà các bạn rửa sạch, để cho thật ráo nước. | Bước 2: các bước thực hiện | -        Trước tiên các bạn cho bột mì và bơ vào một cái bát tô lớn rồi dùng tay tộn đều bột, trong lúc trộn các bạn nhẹ nhàng nghiền nhuyễn bơ để bơ bám đều vào bột mì. | -        Sau đó các bạn cho thêm đường cát trắng và vani vào bát bột, tiếp tục trộn thật đều cho đến khi đường tan hết | -         Tiếp theo các bạn đổ lòng đỏ trứng gà vào giữa bát bột và cho cả nước vào. | -        Sau đó bạn trộn bột cho thật đều, nhuyễn sao cho bột không bị vón cục và chúng ta thu được một khối bột mềm, mịn và dẻo. | -        Sau đó khi bột được trộn đều thì bạn cho bát bột vào trong ngăn mát của tủ lạnh khoảng 30 phút | -        Tiếp theo, các bạn dùng chổi phết lên khuôn bánh một lớp dầu ăn mỏng hoặc một lớp bơ để khi đổ bột vào bột không bị dính | -        Sau khi bột bánh đã được, các bạn lấy khối bột ra ngoài, đặt lên bàn và chia bột bánh thành 4 phần bằng nhau. | -        Tiếp theo các bạn dùng gậy cán bột, cán mỏng bột ra với độ dày 5mm. (Vỏ bánh mỏng thì khi nướng bánh sẽ giòn và ngon hơn) | -        Sau đó các bạn dùng khuôn cắt bánh hình tròn, cắt bột bánh thành những vỏ bánh tròn nhỏ hơn và bạn làm tương tự như vậy cho đến khi hết bột bánh. | -        Sau khi vỏ bánh đã được định hình xong thì các bạn đặt vỏ bánh vào khuôn bánh rồi để vào ngăn mát của tủ lạnh khoảng 15-10 phút nữa. | -        Tiếp theo các bạn làm nóng sẵn lò nướng với nhiệt độ 200 độ C. | -        Sau 15-20 phút, các bạn lấy khuôn bánh từ trong tủ lạnh ra ngoài thì cho vào lò nướng ngay lập tức và nướng bánh khoảng 7- 10 phút. | -        Bánh chín, các bạn lấy ra ngoài để nguội tự nhiên. | -        Tiếp theo, các bạn cho kem pho mát vào một cái bát lớn, rồi cho thêm đường bột và vani vào trộn thật đều. | -        Sau đó, các bạn bắc một cái nồi nhỏ lên bếp, cho thạch quả phúc bồn tử vào nồi, mở lửa nhỏ. | -        Các bạn dùng muỗng khuấy đều để cho thạch tan chảy hết, các bạn đun khoảng 2-3 phút thì cho thêm vài thìa nước. Khi thạch đã tan hết, sôi nổi bong bóng thì các bạn tắt bếp. | -        Bước cuối cùng với mỗi phần vỏ bánh, các bạn múc một muỗng kem pho mát vào trong, rồi điểm thêm một quả dâu tây lên trên. | -        Sau đó, các bạn nhanh chóng múc một ít nước thạch quả phúc bồn tử lên trên trước khi nó bị đông đặc lại, trang trí thêm mấy nhánh lá bạc hà là có thể thưởng thức. | Chúc các bạn thành công và ngon miệng! | Lưu ý | -        Khi nướng bánh các bạn hãy điều chỉnh nhiệt độ cũng như thời gian nướng cho phù hợp với lò nướng của gia đình nhé. | -        việc cho vỏ bánh vào tủ lạnh lần hai sẽ có tác dụng giúp cho vỏ bánh không bị biến dạng cũng như nở lớn khi bánh chín. Hơn nữa bánh sẽ giòn và ngon hơn. | -        Dâu tây các bạn chọn những quả tươi và chín mọng. Nếu các bạn mua những quả còn có khoảng xanh thì khi ăn sẽ rất chua đấy. | -        Yêu cầu thành phẩm: bánh có vị béo của kem, vị ngọt mát của dâu tây và vị thơm mát của nước thạch quả phúc bồn tử, vỏ bánh giòn, màu sắc bắt mắt"
Món bánh crepe nhân táo đơn giản mà ngon,60 phút,4 người,Dễ,Bột mì-200 gr | Sữa tươi không đường-250 ml | Nước lọc-125 ml | Đường-120 gr | Trứng gà-2 quả | Táo-6 quả | Chanh-1/2 quả | Bơ-2 thìa | Bột cacao-1 chén | Sữa chua-1 cốc,"Bước 1: sơ chế nguyên liệu | -        Các bạn rửa sạch táo rồi gọt vỏ, cắt thành những miếng nhỏ. | -        Trứng gà đập ra bát đánh tan. | -        Bột mì các bạn rây lại cho mịn. | -        Chanh các bạn vắt lấy nước cốt và lọc hết hạt chanh đi. | Bước 2: các bước thực hiện | -        Trước tiên các bạn cho bột mì vào một cái bát tô lớn rồi cho trứng gà, sữa tươi không đường vào. | -        Các bạn dùng phới đánh trứng bắt đầu đánh hỗn hợp bột cho thật tan, mịn và quyện đều lại với nhau, không bị vón cục. | -        Các bạn để bột nghỉ một lúc, chúng ta sẽ chuyển sang ướp nhân táo. | -        Các bạn cho táo đã thái miếng vào một bát tô lớn, rắc đều bột cacao vào táo rồi trộn táo cho thật đều để các miếng táo đều thấm được vị cacao. | -        Tiếp theo các bạn bắc một chiếc chảo chống dính lên bếp, mở nhỏ lửa, sau đó cho vào chảo một chút xíu dầu ăn và tráng đều mặt chảo. | -        Các bạn múc một muỗng bột vào chảo và tráng rộng ra khắp chảo như khi làm bánh xèo | -        Khi đã chín vàng một mặt bánh, các bạn lật ngược lại và chiên tiếp phần mặt bánh còn lại đến khi chín, các bạn lấy bánh ra ngoài nhẹ nhàng để vỏ bánh không bị rách. | -        Sau đó các bạn cho bơ vào đun chảy rồi cho tiếp đường cát trắng, nước cốt chanh vào khuấy đều tay. | -        Đến khi chúng ta thu đường hỗn hợp bơ đường màu caramel thì các bạn hãy đổ toàn bộ số táo đã ướp vào đảo thật đều và nhanh tay. | -        Các bạn cho thêm một chút nước lọc vào nữa để đun táo cho mềm. | -        Đun khoảng vài phút thì các bạn hãy nếm thử táo nếu thấy táo đã mềm, ngấm vị thì các bạn có thể tắt bếp. | -        Cuối cùng các bạn trải một miếng vỏ bánh vào một chiếc đĩa, sau đó các bạn xúc nhân bánh rải đều theo chiều dọc của bánh. | -        Thêm một ít sữa chua lên trên phần nhân nữa rồi khéo léo cuộn chiếc bánh lại là chúng ta đã hoàn thiện rồi đó. | -        Với những chiếc vỏ bánh và nhân bánh còn lại các bạn hãy làm tương tự nhé. | Chúc các bạn thành công và ngon miệng! | Lưu ý | -        Để món bánh được hoàn thiện thì khi chiên vỏ bánh các bạn chú ý khéo tay một chút để vỏ bánh không bị rách nhé. Để làm được vậy thì chiếc chảo chúng ta dùng phải hoàn toàn chống dính và không cần tráng bánh quá mỏng. | -        Nếu khi các bạn nhào bột, các bạn thấy bột hơi đặc thì có thể cho thêm sữa tươi hoặc nước lọc cũng được nhé. | -        Bên cạnh đó, vì nhân bánh đã rất ngọt nên các bạn không nên cho thêm đường vào vỏ bánh như vậy ăn sẽ chóng ngán, cứ để vỏ bánh nhạt như vậy ăn sẽ vừa hơn. | -        Độ ngọt của nhân bánh các bạn cũng tự điều chỉnh sao cho phù hợp với khẩu vị của mình nhé. | -        Ngoài cách sử dụng sữa chua làm phụ gia cho món ăn thì mình mách các bạn có thể dùng kem tươi- whipping cream hoặc dùng ngay những loại kem các bạn thích như kem vani, vị socola, vị dâu,…ăn ngon không kém mà lại có mùi vị rất lạ, rất thú vị nữa."
Sườn rim chua ngọt ngon mê ly cho bữa cơm nhà,60 phút,4 người,Dễ,"Sườn non-700 gr | Trứng gà-1 quả | Ớt sừng-10 gr | Hành tím-10 gr | Tỏi-10 gr | Tương ớt-1.5 muỗng canh | Tương cà-1.5 muỗng canh | Nước tương-5 muỗng cà phê | Giấm-2 muỗng cà phê | Bột bắp-2 muỗng canh | Dầu ăn-50 ml | Gia vị-Muối, đường, hạt nêm, bột ngọt, tiêu","1. Sơ chế nguyên liệu | Sơ chế sườn: Sử dụng muối hoặc chanh để chà xát mặt thịt của sườn heo. Sau đó, rửa sườn lại với nước sạch để loại bỏ muối hoặc chanh trên bề mặt, sau đó để ráo. Tiếp theo, chặt sườn thành các miếng nhỏ vừa ăn. | Trụng sườn: Chuẩn bị một thau hoặc nồi lớn, đổ nước sôi vào thau sao cho mặt sườn được ngập trong nước. Trụng sườn trong nước sôi khoảng 5 - 10 phút, sau đó vớt sườn ra và xả sạch bằng nước lạnh để loại bỏ cặn bẩn. | Rửa và để ráo: Xả sườn bằng nước sạch để loại bỏ bất kỳ tạp chất nào còn lại trên bề mặt. Sau đó, để sườn ráo trong một chỗ khô thoáng. | 2. Ướp và chiên sườn | Chuẩn bị gia vị: Trong một tô, trộn đều 1/3 muỗng cà phê muối, 2 muỗng cà phê hạt nêm, 1/3 muỗng cà phê bột ngọt, 1 muỗng cà phê nước tương, 1 muỗng canh đường, 1/3 muỗng cà phê tiêu xay, 5g tỏi băm và 10g hành tím băm. | Ướp sườn: Đặt sườn vào một tô và rắc đều gia vị đã chuẩn bị lên sườn. Đảo đều để sườn thấm đều gia vị. Ướp sườn trong khoảng 15 - 20 phút để gia vị thấm vào sườn đều. | Chuẩn bị hỗn hợp bột áo: Đập 1 quả trứng gà và tách lấy lòng trắng. Hòa lòng trắng trứng với 2 muỗng canh bột bắp. | Áo sườn bằng hỗn hợp bột áo: Cho hỗn hợp bột bắp và lòng trắng trứng vào tô chứa sườn. Trộn đều để bột áo phủ đều lên sườn. | Một gợi ý nhỏ: Ướp thịt với lòng trắng trứng gà và bột bắp giúp sườn khi chiên có màu vàng đẹp và trở nên giòn hơn. | Chiên sườn: Đặt một chảo lên bếp và đổ dầu ăn vào chảo. Chờ đến khi dầu ăn nóng, sau đó đặt phần sườn đã được áo bột vào chảo và chiên ở lửa vừa. Chiên sườn cho đến khi sườn chín vàng và cạnh sườn trở nên giòn. Sau đó, vớt sườn ra khỏi chảo để ráo dầu. | 3. Rim sườn | Đổ bớt dầu từ chảo, giữ lại một ít dầu và cho tỏi vào phi thơm. | Thêm 10g ớt sừng băm nhuyễn và toàn bộ phần sốt đã pha trước đó vào chảo. Tiếp theo, đổ 50ml nước lọc vào tô chứa nước sốt, tráng đều rồi đổ vào chảo. Đun nước sốt cho đến khi hỗn hợp sôi lên và hơi sánh lại. | Rim sườn ở lửa nhỏ trong khoảng 5 phút cho đến khi nước sốt sánh kẹo lại và sườn ngấm đều gia vị. Sau đó, tắt bếp. | Bày sườn ra đĩa và trang trí để tạo thành một món ăn đẹp mắt. | 4. Thành phẩm | Món sườn rim chua ngọt dễ thực hiện, với các nguyên liệu đơn giản và dễ tìm kiếm. Tuy nhiên, hương vị của nó lại vô cùng thơm ngon và hấp dẫn, tạo cảm giác thèm thuồng khiến bạn muốn ăn thêm. Mỗi miếng sườn thấm đầy hương vị, kết hợp với sốt chua chua, ngọt ngọt, tạo ra một cảm giác kích thích vị giác tuyệt vời khi ăn kèm cơm."
Canh cua mồng tơi ngon mát cho mùa hè,40 phút,4 người,Dễ,Cua đồng-300 gram | Rau mồng tơi-300 gram | Hành tím-2 củ | Dầu ăn-2 muỗng canh | Nước mắm-1 muỗng canh | Muối-Một ít,"1. Sơ chế của đồng | Đầu tiên, bắt đầu với 300 gram cua đồng, hãy sử dụng tay để tách bỏ mai và yếm, sau đó rửa cua một vài lần với nước cho sạch và để ráo. Đồng thời, lấy muỗng để gạch cua từ yếm cho vào một chén riêng. Tiếp theo, chuẩn bị máy xay sinh tố và đổ số cua đồng đã để ráo cùng 300ml nước lọc vào máy, sau đó xay nhuyễn hỗn hợp trong khoảng 3 phút ở mức vừa. | Khi thấy hỗn hợp đã nhuyễn, tắt máy và sử dụng rây để lọc phần xác cua, chỉ giữ lại nước riêu cua để sử dụng trong chế biến. | 2. Sơ chế nguyên liệu khác | Tiếp theo, với 300 gram rau mồng tơi, bạn hãy nhặt lấy các lá non và đồng thời loại bỏ những lá dập úng hoặc héo úa. | Sau đó, ngâm rau mồng tơi trong nước muối pha loãng trong khoảng 10 phút, sau đó rửa lại 1-2 lần với nước để làm sạch và để ráo. Sau đó, sử dụng dao để cắt rau thành khúc dài khoảng 1-2 phần ngón tay. | Cuối cùng, lột vỏ hành tím và băm nhuyễn nó. | 3. Xào gạch cua | Sau khi chuẩn bị xong nguyên liệu, hãy đặt một chảo lên bếp và thêm 1 muỗng canh dầu ăn, sau đó đun chảo với lửa vừa. Chờ đến khi dầu nóng, bạn hãy cho hành tím đã băm nhuyễn vào chảo và phi thơm trong khoảng 3 phút. | Tiếp theo, thêm chén gạch cua vào chảo và sử dụng sạn dẹt để xào đều trong khoảng 3-5 phút, cho đến khi thấy gạch cua trở nên hơi sánh và đặc. Khi đó, bạn có thể tắt bếp. | 4. Nấu canh | Khi vô tình chạm mắt, tô canh cua mồng tơi đã tỏa sáng với màu sắc bắt mắt từ riêu cua và sự tươi tốt của rau xanh, nhanh chóng thu hút mọi người! | Đặc biệt, riêu cua mềm mịn và ngọt ngào, kết hợp với hương vị tươi ngon của rau và nước dùng đậm đà, thực sự là một món ăn không thể thiếu trên bàn cơm!"
Thịt lợn mán tái chanh thơm ngon ngọt,60 phút,4 người,Dễ,Thịt lợn mán (Chọn phần thịt vai hoặc thịt đùi)-500gr | Gừng-1 nhánh | Sả-2 cây | Vừng trắng rang vàng-3 thìa | Dầu vừng-1 thìa | Chanh-1/2 quả | Đường-1 thìa | Bột canh-1 thìa | Chuối xanh-1 quả | Khế chua-1 quả | Ớt-Tuỳ thích | Giấm-2 thìa | Muối-1 thìa,"Gừng và 2 củ sả đập dập chia thành 2 phần, 1 củ sả còn lại băm nhỏ. | Chuối xanh lột vỏ, cắt lát mỏng, ngâm vào nước pha muối và giấm cho đỡ bị thâm rồi để ráo. Khế chua rửa sạch, cắt lát. Vừng rang vàng. | Thịt lợn rửa sạch, dùng dao cao sạch phần bì. Đun sôi nước, thả một phần gừng, sả vào rồi cho thịt vào trần trong khoảng 2-3 phút để loại bỏ các chất bẩn và mùi hôi của thịt, sau đó rửa sạch lại với nước. | Hấp thịt với chỗ gừng và sả còn lại cho tới khi chín (mất khoảng 10-15 phút sau khi nước sôi, các bạn dùng đũa châm không thấy nước đỏ chảy ra là thịt chín). Gắp thịt ra thả vào bát nước đá ngay cho thịt trắng và mềm. | Dùng dao sắc thái thịt lợn mán đã luộc thật mỏng, cho vào tô. | Vắt nửa quả chanh vào tô, thêm đường, muối, dầu vừng, 1/2 chỗ vừng rang, ớt thái nhỏ vào, dùng găng tay trộn đều. Sau khi trộn xong các bạn có thể nêm nếm lại gia vị cho vừa miệng rồi xếp thịt ra đĩa, rắc chỗ vừng còn lại lên trên là ta đã làm xong món thịt lợn mán tái chanh. Các bạn ăn thịt lợn mán tái chanh cùng với khế chua và chuối xanh không thôi cũng ngon, nếu thích, các bạn có thể chấm tương gừng ăn cũng siêu hợp vị nhé."
Xôi cốm dẻo thơm ngon khó chối từ,2 giờ 00 phút,4 người,Dễ,Cốm-300g | Đỗ xanh-100g | Dừa tươi-50g | Đường kính trắng-4 thìa cà phê | Dầu ăn-2 thìa,"Bước 1:Đậu xanh ngâm trong nước nóng 2h rồi đãi sạch, để ráo nước, trộn với 1/3 thìa cà phê muối để trong chiếc chén con. Nếu là đỗ xanh chưa bỏ vỏ thì bạn nên ngâm trước đó 3h rồi đãi sạch vỏ đi nhé. | Bước 2:Cho đỗ xanh vào nồi hấp và hấp cho đến khi chín. Nếu không có xoong hấp bạn có thể cho vào nồi cơm điện và nấu như cơm. Không nên cho nhiều nước, khi đỗ sôi sẽ trào nước ra nồi. | Khi đậu chín thì cho vào cối giã nhuyễn hoặc nghiền bằng thìa. | Bước 3:Trộn cốm với 2 thìa dầu ăn, rồi cho vào hấp. Khi hấp bạn nên cho lửa liu riu, đợi trong 5-7 phút là cốm chín. | Bước 4:Lấy cốm đã chín và trộn với 2 thìa đường trắng, rồi đem hấp lại trong 5 phút. | Bước 5:Dừa nạo thành sợi ướp với chỗ đường còn lại, để trong 20 phút. | Cho 1 chút dầu ăn vào chảo, để lửa nhỏ cho dừa tươi ướp đường vào xào cho săn lại. Bạn có thể nhận thấy dừa săn lại là khi đường cô lại, bám chặt vào từng sợi dừa, tuy nhiên bạn không nên để quá lửa để dừa bị cháy có màu vàng nhìn sẽ không đẹp mắt. | Bước 6:Đổ xôi ra một cái khay rộng rồi trộn đều xôi cốm với dừa và đậu xanh đã giã nhuyễn. | Để có hình thức bắt mắt bạn có thể trải lá sen hoặc lá chuối lót dưới đĩa hay mẹt nhỏ rồi hãy đổ xôi cốm lên. | Chúc bạn và gia đình thành công với cách nấu xôi cốm thơm ngon hấp dẫn này!"
Thạch trung thu ngon hết sẩy,60 phút,4 người,Dễ,Nhân sương sáo- | Nước-250 ml | Đường-50 gr | bột rau câu agar-5 gr | Lá nếp-2 lá | thạch sương sáo tươi-100 gr | Phần vỏ đậu nành- | Sữa đậu nành-500 ml | Sữa tươi-125 ml | Đường-45 gr | bột rau câu agar-10 gr,"Bước 1: | - Trước tiên các bạn chuẩn bị một khuôn bánh làm bánh trung thu. Sau đó các bạn đo và chọn những chiếc ly nhựa đáy tròn có kích thước bé hơn kích thước lòng trong khuôn bánh một chút và những chiếc li nhựa này nên dày một chút vì mỏng quá khi làm bánh sẽ dễ vỡ | Bước 2: | - Các bạn cắt nhỏ thạch sương sáo tươi thành những miếng nhỏ và dài khoảng 4 cm và thắt nút lá nếp. Sau đó các bạn cho lá nếp vào nồi nước đã hòa tan đường, bột agar và đun ở lửa vừa. | - Khi đung lá nếp bạn nhớ khuấy đều tay đến khi hỗn hợp sôi thì tắt bếp và vớt lá nếp ra. | Bước 3: | - ở bước này các bạn cho thạch sương sáo tươi đã cắt vào nồi vừa đun và dùng thìa khuấy đều trong vài phút cho thạch ngấm nước và có hương vị thơm ngon. Khi thu được hỗn hợp hòa quyện hoàn toàn thì các bạn rót ra từng ly nhỏ để làm phần nhân bánh. | Bước 4: | - Các bạn đe một lúc cho ly sương sáo nguội bớt rồi đặt vào tủ lạnh cho thật đông. Phần thạch sương sáo này bạn nhớ để thật đông vì nó là phần nhân bên trong bánh. Nếu bạn để lỏng quá thì khi làm bánh nhân sẽ chảy nước và bánh không được ngon | - Sau khi thạch sương sáo đã đông thì các bạn tách sương sáo ra đĩa. Dùng dao khía thật nhẹ tay lên mặt để sau này phần nhân và vỏ dính chặt với nhau hơn. | Bước 5: | - Các bạn trộn đều tất cả nguyên liệu làm vỏ bánh gồm: 500 ml sữa đậu nành, , 125ml sữa tươi, 45g đường và 10g bột rau câu agar vào nồi rồi đun sôi với lửa vừa. Bạn nhớ vừa đun vừa khuấy đều tay để đường tan hết và hỗn hợp hòa quyện nhau hơn cũng không bị cháy và vón cục nhé! | Bước 6: | - Sau khi hoàn thành hỗn hợp thạch sữa đậu nành thì bạn để nguội ròi đổ vào ½ khuôn bánh đã chuẩn bị | Bước 7: | - Các bạn đợi một lúc cho phần vỏ này hơi se mặt lại và hơi cứng, không còn mềm chảy nước nữa thì nhẹ nhàng đặt các viên nhân sương sáo vào giữa. | Bước 8: | - Cuối cùng, các bạn rót phần vỏ sữa đậu nành còn lại vào đầy khuôn, đặt vào tủ lạnh cho đông là được. | Chúc các bạn thành công và ngon miệng! | Lưu ý: | Khi cắt thạch sương sáo bạn nên cắt những miếng nhỏ dài vừa, nếu bạn cắt miếng quá to thì khi trộn phần hỗn hợp thạch sương sáo với nước đường hương lá nếp phần hỗn hợp sẽ khó đông và không được đều | Bạn cũng cần chú ý đến thời gian để thạch sương sáo trong tủ lạnh. Nếu bạn để thời gian quá ngắn thì thạch sẽ không đủ dộ để đông, nếu bạn để thời gian quá dài thì thạch sương sáo sẽ bị cứng quá và không ngon | Khi đun hỗn hợp sữa với đường và bột rau câu bạn nhớ khuấy đều tay và liên tục để hỗn hợp hòa quyện với nhau và không bị vón cục, cũng như không bị cháy, dính đít nồi | Bạn nhớ đợi cho phần sữa đậu đông lại một chút rồi mới cho thạch sương sáo vì nếu bạn cho quá sớm thì thạch sương sáo sẽ bị chìm xuống và phá bánh cũng không ngon"
Bánh su kem hình thiên nga cực dễ thương,1 giờ 45 phút,4 người,Dễ,Bột mì-60 gr | Bơ-40 gr | Kem tươi-100 gr | Đường-30 gr | Nước-100 ml | nước sốt chocolate-một ít | Trứng gà-2 quả | Muối-1/4 thìa cà phê,"Bước 1: sơ chế nguyên liệu | -        Trước khi làm bánh các bạn rây bột nhẹ nhàng qua lưới mắt nhỏ để bột được mịn và bánh ngon hơn | -        Trứng các bạn đập ra bát và đánh đều tay | -        Làm nóng lò nướng | Bước 2: các bước thực hiện | -        Các bạn đun tan chảy bơ trong một chiếc nồi trên lửa nhỏ rồi đổ muối và sữa vào khuấy đều đến khi sôi lăn tăn. Sau đó bạn tắt bếp và cho bột vào nồi trộn đều tay cho tới khi bột dẻo dính ướt mềm đều khắp. | -        Sau đó bạn lại bật bếp và khuấy bột liên tục đến khi thấy nồi dính một màng mỏng như bánh đa nem thì bạn tắt bếp và lấy bột ra bát. | -        Đổ trứng từng ít một (chừng 4 lượt đổ) vào bát bột và khuấy đều trứng với bột. Các bạn có thể dùng cây đánh trứng chuyên dụng để đánh cho bột và trứng thành một hỗn hợp đồng nhất mềm mịn, không bị vón cục thì dồn vào túi bắt kem. | -        Bước tiếp theo các bạn cắt một mẩu nhỏ ở đầu túi bột vừa cho để có thể bóp bột thành dải tròn nhỏ hơn que đũa 1 chút. Bóp bột thành hình số 2 hay chữ S trên giấy nến để làm phần cổ thiên nga. Bạn làm thành 24 hình như thế để được 24 chiếc cổ thiên nga (các bạn nên dùng số 2 thì chiếc cổ nhìn sẽ đẹp hơn) | -        Tại đầu các số 2 hoặc chữ S bạn bóp bột hình giọt nước với phần nhọn làm mỏ thiên nga và phần bầu tròn làm đầu. Sau khi tạo hình cho phần đầu và cổ thiên nga xong thì bạn cho khay bột vào nướng lò 180 độ C (lò đã làm nóng sẵn) khoảng 5 phút là được | -        Tiếp theo chúng ta sẽ làm phần thân của thiên nga. Cũng tương tự như khi làm phần cổ và đầu, phần thân bạn cũng cắt đầu túi bột nhưng với khe hở lớn hơn. Bạn bóp bột thành hình giọt nước kéo dài, đầu tiên bóp bột thành giọt to tròn, kéo dài và thuôn nhỏ dần, phần thóp nhọn nhất của bột bạn cố tình kéo vểnh lên chút như phần đuôi thiên nga. Sau đó bạn tăng nhiệt độ lò lên 190 độ C và nướng bánh trong 10 phút rồi để nguội tự nhiên trên rãnh. | -        Phần làm nhân : Bạn dùng máy đánh trứng đánh kem tươi và đường ở tốc độ cao đến khi kem bông cứng, nhấc que đánh ra thấy kem cứng dáng, nhỏ vào nước không tan là được.  Các bạn dồn kem vào túi bắt kem đã lắp đui sao to 6 cánh | .-       Sau đó bạn cắt đôi phần thân thiên nga để cho nhân bánh vào ( bạn nhớ không cắt đôi hẳn mà chỉ cắt đến giữa bánh) : nửa trên to hơn nửa dưới một chút. Cắt đôi tiếp nửa trên để được 2 cánh thiên nga. Bạn bóp kem vào đầy nửa dưới thân rồi gắn phần cổ thiên nga vào chính giữa phía trước bầu bánh tròn, gắn hai cánh hai bên thân, chỉnh dáng cho phần cổ cân đối giữa hai cánh. Dùng tăm chấm xốt chocolate vào vị trí mắt thiên nga và hơi kéo đầu tăm một chút cho mắt dài thanh nhẹ là được. | Chúc các bạn thành công và ngon miệng! | Lưu ý: | -        Bột mỳ bạn nên chọn loại bột làm bánh xốp, bánh bông lan,… có hàm lượng gluten thấp thì bánh sẽ mềm mại. | -       Khi trộn bột với trứng bạn nhớ đánh đều tay để bột không bị vón cục và mềm mịn hơn | -        Phần nhân khi làm bạn chú ý phải trộn trứng với đường và đánh cho bông hẳn thì bánh mới ngon và không bị chảy nước"
Bánh mì que nước Pháp,60 phút,4 người,Dễ,Bột mì-650 gr | Muối-1 muỗng canh (loại dùng cho người ăn kiêng) | Men nở-2 muỗng canh cà phê | Bột bắp-1 chén | Nước ấm-2 chén,"Sơ chế nguyên liệu | -        Các bạn rây lại bột mì cho mịn để bánh được ngon hơn | Các bước thực | Bước 1:Các bạn tạo một hỗn hợp bột nhão trước. | -       Bạn cần chuẩn bị một cái bát tô lớn rồi cho men nở, ¼ số bột mì cùng với 1 bát nước ấm. | -        Sau đó các bạn dùng phới đánh trứng và hòa thật đều hỗn hợp bột và men lên nhé. Các bạn trộn thật đều tay đến khi thu được một hỗn hợp bột nhão và nổi bọt thì thôi | -        Tiếp theo, các bạn cho số bột còn lại cùng với một chút muối vào một cái bát tô lớn khác. Bạn dùng muỗng và trộn cho thật đều | -        Sau đó các bạn đổ phần bột nhão chúng ta vừa mới trộn vào trong bát bột mì và bắt đầu dùng phới đánh trứng trộn thật đều để được một hỗn hợp đồng nhất | -        Tiếp theo,bạn cho chén nước ấm còn lại vào rồi trộn bột cho thật đều và trộn nhẹ để hỗn hợp được minh, nhuyễn và dẻo. (Bạn có thể thử bằng cách kéo dài bột ra nếu bột dai, mềm và không bị đứt là được). Bạn để bột nghỉ vài phút sau khi đã trộn ( khoảng 3-5 phút) | -        Sau thời gian bột nghỉ bạn lại tiếp tục trộn. Nếu thấy bột bị khô quá khoặc chưa đủ độ thì bạn có thể cho thêm nước hoặc thêm bột mì nếu bột bị nhão. | -        Sau đó các bạn tiếp tục trộn bột sao cho phần bột không bị dính vào thành bát nữa là được, nếu bột còn dính các bạn hãy cho thêm một chút bột áo. | -        Sau đó bạn lấy khối bột ra ngoài bàn và bắt đầu nhào bột bằng tay. Để khi nhào bột không bị dính tay và dễ dàng hơn thì bạn nên xoa một chút bột lên lòng bàn tay rồi bắt đầy nhào bột. Thời gian nhào bột bánh khoảng 10 – 15 phút hoặc đến khi nào các bạn thu được một khối bột mềm, không dính tay và thống nhất là được. | -        Sau khi bột đã được nhào thật kĩ, bạn cho khối bột  vào một chiếc bát lớn hơn gấp ba lần chiếc bát cũ. Các bạn hãy phết một lớp dầu ăn mỏng xung quanh bát  và để ủ để cho bột nở | -        Các bạn dùng một chiếc khăn ẩm hoặc màng bọc nilon bọc kín miệng bát lại và để bát bột ở một nơi ấm áp. Bạn ủ bột khoảng một giờ đồng hồ | -        Sau một giờ đồng hồ,khi các bạn thấy khối bột nở gần gấp ba thì các bạn bỏ phần lớp bọc nilon đi và ấn tay mình xuống khối bột, để cho khối bột trở lại với kích thước ban đầu rồi các bạn tiếp tục để bột tăng lần thứ hai. Dùng màng bọc nilon bọc kín miệng bát lại, và ủ bột ở nơi ấm áp. | -        Khi các bạn thấy khối bột tăng gấp đôi kích cỡ ban đầu thì các bạn lại tiếp tục ấn tay mình xuống cho bột xẹp trở lại và chúng ta thực hiện tăng bột lần thứ ba. Bạn dùng khăn ấm bọc miệng bát lại và ủ bột ở nơi ấm áp. | -        Khi bột có kích thước tăng gấp đôi ban đầu thì chúng ta sẽ chuyển sang bước làm bánh tiếp theo. | Bước 2:Các bạn hãy chia khối bột thành ba hoặc bốn phần bột bằng nhau. | -        Sau đó, các bạn lấy một phần bột ra bàn và dùng gậy cán bột, cán mỏng phần bột ra rồi bạn bắt đầu cuộn miếng bột. Bạn làm tương tự như vậy cho đến khi hết các phần bột còn lại nhé. | -        Sau đó, các bạn rắc bột bắp ra khắp một khay nướng và xếp các phần bột đã chuẩn bị lên trên. | -        Tiếp theo, chúng ta sẽ làm bột tăng lên lần cuối cùng. Các bạn dùng một chiếc khăn ẩm phủ kín lên bánh. Thời gian ủ bánh lần cuối sẽ mất khoảng 45 phút hoặc nhiều hơn tùy thuộc vào độ ẩm cũng như hơi ấm trong căn bếp nhà bạn. | -        Các bạn đợi bột cho đến khi bột tăng lên gấp đôi là được. | Bước 3:Nướng bánh | -        Các bạn làm nóng lò nướng ở nhiệt độ là 280 độ C | -        Tiếp theo bạn dùng một con dao sắc và khía vào từng chiếc bánh mì. Các bạn khía khoảng 3-4 đường dọc theo thân bánh, chiều dài mỗi vết khía là 2,5cm. | -        Sau đó bạn cho bánh vào lò nướng đã làm nóng sẵn và bạn đặt một bát nước xuống phía dưới khay đựng bánh mì hoặc các bạn có thể dùng bình xịt nước và xịt ra khắp lò nướng để làm tăng độ ẩm. | -        Chúng ta sẽ nướng bánh trong 10 phút đầu tiên. | -        Sau 10 phút đầu, các bạn hạ nhiệt độ trong lò nướng xuống là 180 độ C và  nướng bánh thêm 20 phút nữa nhé. | -        Bánh chín, các bạn lấy bánh ra ngoài để nguội rồi thưởng thức. | Chúc các bạn thành công và ngon miệng! | Lưu ý | -        Khi nướng bánh các bạn phải thường xuyên kiểm tra thời gian và nhiệt độ nướng bánh, nếu như nhiệt độ quá lớn sẽ làm bánh bị khô còn ngược lại nếu nhiệt độ thấp thì sẽ làm bánh bị nhão. | -        Bạn có thể tạo một lớp vỏ bánh mặn bằng cách phun một lớp mỏng nước và rắc một ít muối thô hay các bạn hòa hỗn hợp 1 lòng trắng trứng+ 1 muỗng canh muối + 1 ít nước ấm, sau đó các bạn chỉ cần phết hỗn hợp này lên mặt bánh là được (Bạn nên dùng cách phết hỗn hợp trứng vì nó sẽ giúp bánh thơm hơn và có màu sắc bắt mắt hơn) | -        Bạn nên đặt một bát nước hoặc phun nước xung quanh lkhu vực nướng báng giúp khi nướng  bánh vừa không bị khô, không bị nở quá lớn làm mất đi hình dáng ban đầu của bánh và cũng không làm vỡ phần đường rạch trên bánh mì."
Bánh trung thu hình con heo dễ thương,60 phút,4 người,Dễ,Phần vỏ bánh- | Bột mì-400 gr | Lòng đỏ trứng gà-2 cái | Nước đường-190 ml | Dầu-80 ml | mạch nha-1 muỗng cà phê (nếu có) | phần nhân đậu xanh- | Đậu xanh không vỏ-600 gr | Đường-240 gr | 50 gr bột bánh dẻo + 70 ml dầu-hòa chung trong 1 cái chén | Dầu-100 ml | Muối-1 muỗng cà phê | Vanilla-1 gói,"Cách làm nhân bánh: | Bước 1:Các bạn ngâm đậu xanh trong nước ít nhất 3 tiếng (bạn càng ngâm lâu thì đậu xanh khi nấu càng tơi)  Sau đó bạn vo sạch đậu xanh. Tiếp theo các bạn cho đậu xanh đã vo sạch, 700 ml nước lạnh và muối vào nồi hấp đã có sẵn nước rồi nấu với lửa vừa. Khi nước hơi cạn bạn đậy nắp lại nấu cho đậu chín. Khi nước đã cạn hẳn và đậu xanh sền sệt thì bạn tắt bếp. | Bước 2:Các bạn cho đậu xanh còn nóng cùng với đường vào máy xay nhuyễn. | Bước 3:Tiếp theo các bạn cho đậu xanh đã xay nhuyễn vào chảo chống dính cùng với 80 ml dầu, bắc lên bếp sên 15 phút. Tiếp theo các bạn cho chén bột bánh dẻo hòa chung với dầu vào sên tiếp cho đến khi đậu xanh quyện lại một khối không dính nồi là tắt bếp. Bạn để cho nhân đâuk xanh nguội hẳn rồi vo thành những viên nhỏ | Nhân đậu xanh thưởng được sên trong thời gian khoảng 40 phút. | Cách làm vỏ bánh trung thu hình con heo dễ thương: | Bước 1:Các bạn cho đường, dầu, mạch nha và trứng vào 1 cái tô lớn hòa tan. | Bước 2:Tiếp theo các bạn cho bột ra âu to, khoanh lỗ ở giữa rồi cho nước đường vào nhồi. Các bạn nhồi cho bột mịn dẻo là được. Để kiểm tra bột được hay chưa thì bạn kéo bột bạn thấy bột chạy bài không rời rạc là được. Sau khi xong bạn lấy màng thực phẩm bọc bột lại để 30 phút cho bột nghỉ. | Cách phân lượng nhân và bột: | Bạn chia nhân và bột bằng nhau: viên bột 50gram và viên nhân nặng 50 gram. | Bước 1:Các bạn cho nhân vào bột, viên tròn lại. | Bước 2:Tiếp theo bạn gắn hai hạt đậu đỏ làm mắt. Viên tròn 1 viên bột nhỏ, đè dẹp gắn dưới 2 mắt làm mũi. | Bước 3:Sau đó bạn lấy 1 miếng bột nhỏ ve tròn rồi miết 1 đầu hơi nhọn làm tai của chú heo. Các bạn gắn phần tai lên phía trên mắt. | Bước 4:Cuối cùng các bạn đầu đũa chích 2 lỗ nơi mũi. | Bước 5:Trước khi nướng các bạn làm nóng lò nướng ở 210 độ C hai lửa để nóng trước 10 phút. Sau đó bạn cho khay bánh vào ngăn giữa của lò nướng 5 phút.  5 phút sau bạn lấy khay bánh ra, dùng cọ phết trứng lên mặt bánh. | Bước 6:Sau đó bạn cho khay bánh vào lò nướng tiếp 6 phút ở nhiệt độ 200 độ C.Sau đó các bạn lấy khay bánh ra, tiếp tục quét 1 lớp màu lần nữa để chiếc bánh có màu sắc đẹp hơn. Sau đó cho khay bánh vào nướng tiếp 6 phút nữa. Qua 6 phút, bạn bật lửa trên nướng thêm 1-2 phút nữa là xong. | Lưu ý: | Khi nướng lửa trên bạn phải xem chừng để bánh không bị cháy nhé. | Khi sên đậu xanh bạn chú ý không để đậu bị cháy hoặc quá nát sẽ khiến bánh dễ bị hỏng | Thời gian nướng và phết bánh có thể chênh lệch 1-2 phút tùy thuộc vào chiếc bánh bạn tạo ra | Phần trứng thoa mặt bánh: | Lòng đỏ trứng các bạn đánh hơi nổi với 1 muỗng dầu mè, 1 muỗng nước lã, 1/2 muỗng cà phê nước màu kho cá và 1 giọt màu vàng thực phẩm."
Bánh bao khoai lang tím thơm ngon hấp dẫn,60 phút,4 người,Dễ,Bột mì-280 gr | Đường trắng-30 gr | Men nở-20 gr | Khoai lang tím-150 gr | Sữa tươi không đường-90 ml | Dầu ăn-một ít,"Bước 1:Các bạn đem khoai lang tím đi rửa thật sạch rồi mang hấp chín hoặc luộc chín (các bạn nên hấp chín vì khi luộc khoai chất ngọt trong khoai sẽ bị hòa vào nước còn khi hấp khoai thì vẫn giữ được chất ngọt mà vẫn đảm bảo khoai chín bở). Khi khoai chín, các bạn bóc vỏ, dầm nhuyễn và rây qua rây để bột khoai được mịn hơn. | Bước 2:Các bạn cho khoai lang tím vừa dầm nhuyễn vào một bát tô to cùng 100g bột mì, dùng tay nhào hỗn hợp bột cho thật dẻo và nhuyễn để tạo thành khối bột màu tím. | Tiếp theo các bạn cho vào bát 15g đường trắng cùng 10g men nở vào một chiếc bát với ít nước ấm đợi khoảng 5 phút cho men phồng lên thì đem trộn cùng hỗn hợp bột khoai lang vừa nhào. | Bước 3:ở bước này bạn cho nốt 15g đường trắng, 10g men nở và 180g bột mì còn lại cho vào nước ấm trộn đều để tạo ra hỗn hợp bột màu trắng. | Bước 4:Sau đó các bạn đun sữa cho âm ấm rồi cho 1/2 sữa vào bột màu trắng trộn đều. Phần sữa còn lại bạn cho vào bột màu tím. tiếp theo các bạn cho bột màu tím, màu trắng vào hai bát to khác nhau, đậy kín lại ủ khoảng 2 tiếng cho bột nở to gấp đôi ra | Bước 5:Sau khi bột đã được ử và nở to, bạn cho bột màu tím vào máy cán khoảng 7 – 10 lần cho bột mềm, mịn rồi để riêng ra. Các bạn làm tương tự đối với bột màu trắng. (Nếu không có máy cán bột, các bạn có thể nhào bột thật kĩ rồi dùng dụng cụ cán bột bằng tay cán cho bột mỏng ra là được) | Bước 6:Sau khi  bột màu trắng với bột màu tím đã được cán thành những tấm mỏng bằng nhau thì bạn dải bột màu trắng xuống bàn, dùng tay phết một ít nước sạch lên mặt bột rồi dải bột màu tím lên cho khớp. Miết nhẹ xung quanh cho hai mảng bột dính liền với nhau. (Việc phết nước lên lớp bánh sẽ giúp bánh không bị dính vào nhau và khi hấp bánh cũng không bị khô) | Bước 7:Sau khi đặt từng lớp bánh cán mỏng lên thì bạn cuộn tròn bột lại thành một khúc dài rồi dùng dao thái thành những miếng dầy 5 – 7 cm. Có một cách khác là bạn có thể để lại một ít bột màu tím sau đó vo thành những viên tròn nhỏ để làm nhân. Bạn dùng dụng cụ cán bánh cán những miếng bột hình xoắn ốc dẹt ra rồi cho nhân bánh màu vào bên trong, ve tròn lại hay tạo hình tùy bạn. Cách làm kiểu này sẽ giúp những chiếc bánh có nhân vô cùng bắt mắt) | Bước 8:Bước cuối cùng bạn dùng ít dầu ăn phết vào mặt của từng chiếc bánh rồi cho chúng vào nồi hấp khoảng 15 phút là xong. | Chúc các bạn thành công và ngon miêng! | Lưu ý: | Khi rây bột khoai bạn càng để bột khoai mịn bao nhiêu thì khi bánh chín ăn sẽ càng tơi và không bị vón cục | Khi nhào bột bạn nên nhào thật kĩ để bột bánh được đều và không vón cục | Bạn nên bôi một ít dầu lên bánh trước khi hấp để khi chín lấy bánh ra sẽ không bị dính nồi"
Gà bó xôi chiên giòn thơm ngon hấp dẫn,150 phút,4 người,Dễ,"Gà làm sẵn-1 con khoảng 1,2 kg | Gạo nếp-1 kg | Hành lá-một ít | Nước cốt dừa-1 lon | Muối-Vừa đủ | Hành khô-1- 2 củ | Gừng-1 - 2 nhánh | Đường-Vừa đủ | Hạt tiêu-Vừa đủ | Bột nêm gà-Vừa đủ","Sơ chế nguyên liệu cho món gà bó xôi chiên giòn | – Các bạn mua gà làm sẵn mang về lấy muối xát lên khắp mình gà để làm sạch lông tơ và chất bẩn rồi dùng nước rửa sạch. Sau đó cho bạn gà ngâm vào nước muối loãng khoảng 10 phút rồi vớt ra rổ thưa để cho ráo nước. Vì là gà mua sẵn nên bạn nhớ sơ chế lại cho sạch sẽ, vừa là để đảm bảo an toàn vệ sinh thực phẩm, vừa là để cách làm cho món gà bọc xôi chiên giòn ngọt thơm và hấp dẫn hơn. | – Tiếp theo các bạn nhặt hành lá rồi rửa sạch, đem thái khúc nhỏ. | – Gừng, hành khô các bạn bỏ vỏ, băm nhỏ. | – Sau đó các bạn vo gạo nếp cho sạch rồi cho nước ngập khoảng gần 2 đốt ngón tay +1/2 lon nước cốt dừa+ 1 thìa cà phê muối, ngâm khoảng 5 tiếng cho gạo nở, sau đó vớt gạo ra để ráo nước. | Các bước thực hiện món gà bó xôi chiên giòn | Bước 1:Các bạn cho dầu ăn vào chảo đun nóng rồi phi thơm gừng, hành khô sau đó trút ra bát để riêng. | Bước 2:Khi chảo vẫn đang nóng thì bạn cho thêm dầu ăn vào đun nóng già rồi thả hết hành lá vào đảo đều qua là được. Sau đó bạn cho hành lá ra bát khác để tách riêng với gừng, hành khô. | Bước 3:Gạo nếp các bạn trút vào bát to cùng với 1 thìa muối và bột nêm gà, hỗn hợp gừng, hành khô vừa phi vàng vào trộn đều. | Bước 4:Để thịt gà ngon hơn bạn nên ướp thêm với một chút muối + một chút hạt tiêu khoảng 30 phút | Bước 5:Các bạn cho nước vào nồi hấp đun sôi rồi đổ gạo nếp vào, cho gà lên trên gạo nếp hấp chung. Các bạn hấp đến khi nào gà gần chín thì gắp ra đĩa, tiếp tục hấp xôi đến khi xôi chín mềm, dẻo là được. Khi xôi đã chín mềm, bạn cho nốt 1/2 lon nước cốt dừa vào để xôi thơm và béo ngậy hơn nhé. | Bước 6:Khi xôi đã chín và còn nóng bạn tiến hành bọc xôi kín xung quanh gà, càng kín càng tốt. | – Để cho quá trình bọc xôi đơn giản, dễ dàng hơn bạn nên dùng màng bọc thực phẩm hay giấy bạc, sau đó trải rộng giấy bạc ra mâm rồi cho xôi nếp đã chín vào dàn đều dầy khoảng 1,5cm và nhớ nén chặt xôi lại cho thành một khối. Sau đó bạn cho gà vào giữa xôi rồi cuốn lại, bọc xôi cho kín hết gà không bị hở thì thôi. Đợi một lúc rồi bạn bóc giấy bạc ra, đợi xôi nguội rồi tiếp tục thực hiện các bước tiếp theo của món ăn. | Bước 7:Cuối cùng các bạn cho dầu ăn vào chảo sâu lòng, nhớ là cho nhiều dầu ăn để ngập ít nhất 1/2 con gà bạn nhé. Tiếp theo bạn đun dầu cho nóng già rồi thả gà bó xôi vào tiến hành chiên. Chiên đến khi nào xôi bọc bên ngoài giòn, vàng đều là được. Bạn vớt gà ra rổ thưa để ráo dầu. | Chỉ với những bước làm đơn giản bạn đã hoàn thành xong món gà bọc xôi chiên giòn ngon, hấp dẫn và béo ngậy tại nhà rồi. Bạn đợi xôi chiên bớt nóng rồi tách xôi ra để thưởng thức thịt gà thôi nào. Xôi chiên và gà chặt thành những miếng vừa ăn rồi xếp vào đĩa, cho xôi chiên xếp xung quanh để trang trí sẽ hấp dẫn hơn rất nhiều. | Xem thêm:Hướng dẫn cách làm món gà hấp muối hột | Lưu ý: | Khi mua gà bạn nên chọn gà ta để thịt gà được ngon hơn và không bị mủn | Gạo nếp các bạn nên ngâm lâu một chút vì nếu không ngâm đủ lâu thì khi thổi xôi hạt xôi sẽ bị cứng và không ngon | Khi phi gừng, hành khô bạn chỉ cần thấy chúng hơi vàng thì vớt ra luôn. Nếu để quá lâu sẽ khiến chúng bị cháy và có mùi khét | Trong quá trình bọc xôi quanh gà bạn bọc xôi càng kín càng tốt nó sẽ giúp xôi được chiên giòn mà thịt gà cũng không mất đi vị của nó | Khi chiên xôi bạn nên để trong chảo sâu lòng và nhiều dầu một chút để có thể đủ lượng giúp xôi chín và không bị sát chảo"
Học cách làm món gà sốt Tứ Xuyên lừng danh,60 phút,4 người,Dễ,Gà-Nửa con | Trứng bắc thảo-1 quả | Bánh phở-2 lá | Lạc giã nhỏ-25 gr | Cần tây-20 gr | Hành tím-1 củ | Tỏi-3 gr | Gừng-3 gr | Ớt đỏ-3 gr | Rau mùi-vài nhánh | Phần sốt tứ xuyên- | Bột nêm gà-15 gr | Muối-7 gr | Xì dầu-15 ml | Bột thì là-15 gr | Ớt sa tế-ml | Dầu mè-15 ml,"Bước 1:Cần tây các bạn rủa sạch rùi thái nhỏ. | Hành tím các bạn bỏ vỏ rùi rửa sạch, băm nhỏ | Gừng bạn cạo vỏ rùi rửa sạch và băm nhỏ | Ớt các bạn cũng rửa sạch rồi băm nhỏ | Sau đó các bạn trộn tất cả các nguyên liệu trên vào một bát tô cùng với nước sốt và trộn cho thật đều sao cho các nguyên liệu đều ngấm gia vị | Bước 2:Các bạn cắt phở thành miếng vửa ăn rồi xếp ra đĩa cho sạch | Trứng bắc thảo các bạn cắt thành những miếng nhỏ cho vừa ăn | Bước 3:Luộc gà | Bạn bắc nồi lên bếp có sẵn nước rồi cho thêm gừng, tỏi rùi cho gà vào luộc (Gừng và tỏi giúp gà luộc có hương thơm hấp dẫn và đậm đà hơn). Bạn nên cho thêm một chút bột canh, mì chính để thịt gà thêm ngọt | Bước 4:Gà chín các bạn lấy gà ra và để ráo nước và để gà nguội. Bạn có thể để gà trog tủ lạnh 15 phút giúp thịt gà săn chắc. Sau đó các bạn chặt gà thành những miếng vừa ăn rồi xếp lên đĩa đựng bánh phỏ đã cắt ở trên. Bạn cho thêm trứng bắc thảo đã chuẩn bị rồi rưới nước sốt đã chuẩn bị. | Bước 5:Bước cuối cùng chúng ta chỉ cần rắc thêm một chút vừng, lạc xung quanh và thêm vài nhánh rau mùi trang trí bên trên . | Chúc các bạn thành công và ngon miệng!"
Món tôm xào thập cẩm cực thơm ngon,35 phút,4 người,Dễ,Tôm đã bóc vỏ-200g | Muối-Vừa ăn | Rượu gạo-15ml | Hạt tiêu-Vừa đủ | Ngô ngọt-100g | Cần tây-2 nhánh | Tỏi băm-30g | Hành tây-1 ít | Dầu mè-15ml | Dầu hào-15ml | Đường-5g | Dầu mè-5ml,"Bước 1:Tôm rửa sạch. Cho rượu gạo, dầu hào, đường, dầu mè, muối và hạt tiêu vào tôm, ướp trong 15 phút. | Bước 2:Cần tây thái hạt lựu. Tỏi băm nhỏ, hành tây thái nhỏ. | Bước 3:Trên một chảo lớn, cho thêm dầu ăn cho tỏi vào xào thơm. Thêm tôm vào xào cho đến khi gần chín, cho ra đĩa. | Bước 4:Trong một chảo khác, thêm một ít dầu, sau đó cho cần tây vào xào mềm. | Bước 5: Thêm ngô, tôm, ít hành tây vào xào cho đến khi tôm chín. | Thêm ít dầu mè, muối và hạt tiêu vừa đủ. Cho tôm xào thập cẩm ra đĩa rồi thưởng thức với cơm. | Chúc các bạn thành công và ngon miệng với cách làm tôm xào thập cẩm!"
Sườn sốt me ngon mê mẩn,60 phút,4 người,Dễ,"Sườn non-500g | Nước cốt me-5ml | Gia vị-đường, hạt tiêu, bột nghệ, bột canh. | Hành khô, tỏi khô- | Cà chua-1 quả thái hạt lựu","Bước 1:Sườn rửa sạch, ướp với gia vị, hạt tiêu, để 15 phút cho ngấm. | Bước 2:Hành khô, tỏi khô băm nhỏ, phi với dầu ăn cho thật thơm. | Bước 3:Lọc bỏ xác hành tỏi khô, chắt lấy dầu đã phi thơm. Dùng chính dầu này để rán sườn. Cách làm này giúp miếng sườn vẫn thơm mùi hành tỏi phi, nhưng không bị cháy đắng vì có hành tỏi khô dính quanh miếng sườn khi rán. Sườn rán vàng hai mặt, vớt để riêng cho ráo mỡ. | Bước 4:Dùng một chiếc chảo khác, cho chút dầu ăn rồi đảo qua cà chua cho mềm. | Bước 5:Sau đó, cho nước cốt me, nêm chút gia vị và đường cho vừa khẩu vị, rồi cho tiếp sườn vào đun cho đến khi gần cạn, nước sốt sánh lại là được. | Gắpsườn sốt mera đĩa, đổ nước sốt trong chảo lên sườn.  Sườn sốt me sẽ là món ngon cho cả nhà. | Chúc bạn và gia đình ngon miệng với cách làm sườn sốt me thơm ngon đậm đà này nhé! | Tham khảo thêm:Hướng dẫn cách làm sườn sốt cà chua ngọt"
Mực chiên xù giòn ngon đơn giản tại nhà,60 phút,4 người,Dễ,"Mực vừa-2 con | Bột chiên xù-300 gr | Bột chiên giòn-1 gói | Bột mì-150 gr | Tương ớt-100 ml | Nước tương-15 ml | Hành lá, ngò rí-100 gr | Trứng-2 quả | dầu ăn, tiêu xay, muối, rượu trắng, gừng tươi, sốt mayonnaise-gia vị","-    Trước tiên các bạn đổ nước sôi lên mực rồi xát muối và cọ sạch phần ngoài cho bớt nhớt | -    Tiếp theo các bạn cắt mực thành từng khoanh nhỏ vừa ăn rồi để rao nước | -     Sau khi mực đã ráo nước các bạn ướp mực với một chút muối tiêu, rượu trắng khoảng 15 phút cho ngấm gia vị và rượu trắng giúp mực khử bớt mùi tanh. | -    Sau khoảng 15 phút ướp gia vị, mực đã ngấm thì các bạn đổ bột chiên giòn và chiên xù ra 2 bát riêng. Nên để vào bát tô rộng miệng cho dễ nhúng. | -    Trứng gà các bạn đập ra bát riêng. | Bước 1: Các bạn đổ ngập dầu vào chảo, đun nóng trên bếp cho đến khi dầu sôi. Bạn cũng có thể lựa nồi đáy nhỏ và sâu cho ít tốn dầu và dễ rán. Dầu ngập miếng mực sẽ giúp mực chiên được giòn và ngon hơn, màu sắc cũng bắt mắt hơn. | Bước 2:Bạn gắp mực đã thái nhúng từng miếng một lần lượt vào bát bột chiên, lăn cho đều bột chiên rồi nhúng vào bát trứng và cuối cùng là lăn đều qua bột chiên xù. | Sau khi mực đã được lăn qua bột chiên, trứng và bột chiên xù thì bạn bỏ mực vào chảo dầu chiên khoảng 2-3 phút cho đến khi mực chuyển màu vàng. | Bước 3:Mực chuyển sang màu vàng đẹp mắt thì các bạn gắp mực ra đĩa có giấy thấm dầu cho ráo dầu rồi thưởng thức | Chúc các bạn thành công và ngon miệng! | Lưu ý | -    Mực chiên xù để đỡ ngán thì bạn ăn kèm với salad rau, tương ớt và sốt mayonase. | -    Khi chiên bạn nhớ chú ý lửa vì để lâu quá mực sẽ bị dai, cỏ vỏ cháy, màu không đệp mắt và làm mất hương vị của món ăn | -    Món mực chiên xù thành công có vỏ ngoài vàng giòn, bên trong dai mềm, ngọt vị mực tươi và rất phù hợp cho các ông chồng nhắm rượu hoặc trẻ con ăn. Đừng ngần ngại bỏ ra chút thời gian để chuẩn bị một món ngon cho bữa cơm gia đình thêm ấm cúng nhé! | -     Cách chọn mực ngon: Mực tươi gồm chủ yếu 2 loại: mực nang và mực ống. Mực nang thân to và dẹp gần như hình bầu dục. Nên chọn con to, dày mình, trắng đục như cùi dừa, thịt chắc không bị nát, lớp màng màu nâu bao quanh đều bên ngoài. Mực ống thân cuộn tròn (hình ống), hơi dài, mình mỏng hơn so với mực nang. Chọn mực ống nên chọn con thịt còn sáng hơi hồng, dầu vẫn dính chặt vào thân, túi mực chưa bị vỡ. Nhìn chung mực kém tươi là mực đã chuyển sang màu hơi xanh ngà, thịt nhão, đầu không dính chặt với thân, mùi rất tanh. | Mực khô: Chon con to vừa, không nên chọn loại nhỏ quá hoặc lớn quá. Trung bình từ 100 - 150 gam một con là vừa. Chọn con dày mình, màu hồng nhạt, thân mực phẳng đều có lớp phấn trắng trên bề mặt, sờ tay thấy khô cứng, có mùi thơm đặc trưng không tanh."
Thịt ba chỉ kho nấm rơm đậm đà ngon cơm,60 phút,4 người,Dễ,"Thịt ba chỉ-300g | Nấm rơm-150g | Hành củ, hành lá, ớt- | Gia vị-Nước mắm, bột nêm, đường, nước màu dừa, tiêu, muối.","Bước 1:Thịt ba chỉ rửa sạch với chút muối, để ráo, thái miếng nhỏ. Chú ý: Khi kho với nấm rơm thì các bạn thái thịt nhỏ hơn một chút so với các món kho khác. | Bước 2:Ướp thịt với hành củ bằm nhỏ, nước mắm, bột nêm, nước màu dừa (hoặc nước hàng), xíu đường để khoảng 15-20 phút cho thịt ngấm. Nếu không quen tỷ lệ các loại gia vị, bạn có thể sử dụng gói gia vị thịt kho mua sẵn. | Bước 3:Nấm rơm cắt bỏ chân, phần dập nát, rửa sạch, ngâm trong nước vo gạo có thêm chút muối khoảng 30 phút cho nấm sạch, trắng. | Nếu không có nước vo gạo bạn sử dụng nước lã có thêm chút muối là được. Sau đó, vớt ra rổ, rửa lại với nước cho sạch, để ráo. | Bước 4:Bắc nồi lên bếp, cho thịt vào đảo cho săn. | Bước 5:Khi thịt săn, thêm chút nước sôi sao cho ngập mặt thịt, kho với lửa vừa đến khi nước gần cạn, thịt chín mềm. | Bước 6:Cho nấm rơm vào đảo kỹ, kho thêm khoảng 5-7 phút nữa. Nêm nếm cho vừa ăn. Tắt bếp, rắc chút hành lá xắt nhỏ, ớt xắt và xíu tiêu là được. | Chúc các bạn thành công với món thịt ba chỉ kho nấm rơm mềm ngon cho gia đình!"
Bánh khoai lang nhân phô mai cho bé ăn ngon khó cưỡng,60 phút,4 người,Dễ,Khoai lang-180 gr ( luộc chín) | Bột gạo tẻ-100 gr | phô mai mozzarella-30 gr | phô mai mềm-2 lát,"Sơ chế nguyên liệu: | Khoai lang các bạn rửa sạch với nước cho bớt đất cát dính trên vỏ khoai và khoai không bị sạn. Sau đó các bạn đem khoai đi luộc với nước. Các bạn nhớ để ý bếp vì nước sẽ rất nhanh cạn nếu bạn không chú ý thì khoai rất dễ bị cháy khét sẽ làm hỏng mất nguyên liệu và món ăn không được ngon. | Bột mì các bạn rây lại cho mịn để khi làm sẽ không bị vón cục | Bước 1: Các bạn sau khi để nguội khoai một chút thì đem nghiền nhuyễn khoai lang luộc rồi cho vào trộn cùng bột gạo, 1 thìa đường, 1 chút xíu muối và 70ml nước ấm nhé! | Bước 2:Bạn nhào kĩ cho đến khi khối bột mịn, mềm và không còn dính tay. | Bước 3:Tiếp theo các bạn chia đều bột thành từng viên nhỏ, cán mỏng rồi bạn cho 2 loại phô mai vào giữa rồi viên tròn. Bạn chú ý không cán khoai quá mỏng hoặc quá dày. Nếu cán quá mỏng thì khi rán khoai dễ bị vỡ nên phô mai sẽ bị chảy ra ngoài và bánh mất ngon. Nếu bạn cán quá dày thì khi ăn sẽ gây cảm giác ngán khoai vì nó có quá nhiều trong khi phô mai lại quá ít. | Bước 4:Tiếp theo các bạn đun chảo dầu thật nóng rồi cho bánh vào chiên cho vàng. Các bạn chú ý để dầu ngập bánh và đảo nhẹ trong khi chiên để bánh được tròn và đều màu nhé! | Bước 5:Cuối cùng nếu thích ăn ngọt, sau khi để bánh ráo dầu, các bạn cho bánh vào chảo đảo nhanh với 1 thìa đường. Sao cho đường chảy và bám đều vào bánh là được. | Chúc các bạn thành công và ngon miệng! | Bánh khoai lang nhân phô mai là một món ăn đơn giản, dễ làm với những nguyên liệu quen thuộc, tất cả tạo nên những chiếc bánh với màu vàng giòn rụm, mùi thơm lừng của khoai lang và từng miếng phô mai tan chảy trong miệng khi căn miếng bánh. Những chiếc bánh xinh xắn này rất thích hợp cho hững ngày se lạnh hay mưa gió và đặc biệt là các em nhỏ sẽ rất thích thú khi được thưởng thức những chiếc bánh ngon tuyệt này đấy. | Lưu ý: | Khi nhào bột bánh các bạn phải nhào cho kĩ để các nguyên liệu được hòa quyện với nhau và bột bánh mềm, mịn, dẻo và không bị dính tay | Khi chiên bạn nhớ để chảo ngập dầu thì khi chiên bánh sẽ giòn, vàng đều và không bị ngấm dầu. | Khi chiên xong nếu không thích ăn ngọt thì bạn để những chiếc bánh đã chiên vàng lên giấy thấm dầu cho bớt dầu để khi ăn không bị ngán | Cách chọn khoai lang ngon:Các bạn nên chọn củ khoai lang còn cứng, tươi, không bị thâm, dập hay bị nứt, sứt. Không nên mua củ to quá dễ bị xơ, mà chỉ nên chọn củ cỡ vừa.- Những củ bị rỗ, có màu đen là những củ bị hà, đã hỏng không ăn được.- Khoai lang mua không nên bảo quản trong tủ lạnh, nó sẽ nhanh hỏng và bị mất mùi vị, bị héo. Bạn nên để khoai ở nơi thoáng mát, không bọc kín trong túi nilon, đừng để ở chỗ ấm và ẩm thấp khoai sẽ mọc mầm. Nếu bảo quản tốt có thể để khoai từ 7 – 10 ngày."
Sườn rim chua ngọt ngon mê ly cho bữa cơm nhà,60 phút,4 người,Dễ,"Sườn non-700 gr | Trứng gà-1 quả | Ớt sừng-10 gr | Hành tím-10 gr | Tỏi-10 gr | Tương ớt-1.5 muỗng canh | Tương cà-1.5 muỗng canh | Nước tương-5 muỗng cà phê | Giấm-2 muỗng cà phê | Bột bắp-2 muỗng canh | Dầu ăn-50 ml | Gia vị-Muối, đường, hạt nêm, bột ngọt, tiêu","1. Sơ chế nguyên liệu | Sơ chế sườn: Sử dụng muối hoặc chanh để chà xát mặt thịt của sườn heo. Sau đó, rửa sườn lại với nước sạch để loại bỏ muối hoặc chanh trên bề mặt, sau đó để ráo. Tiếp theo, chặt sườn thành các miếng nhỏ vừa ăn. | Trụng sườn: Chuẩn bị một thau hoặc nồi lớn, đổ nước sôi vào thau sao cho mặt sườn được ngập trong nước. Trụng sườn trong nước sôi khoảng 5 - 10 phút, sau đó vớt sườn ra và xả sạch bằng nước lạnh để loại bỏ cặn bẩn. | Rửa và để ráo: Xả sườn bằng nước sạch để loại bỏ bất kỳ tạp chất nào còn lại trên bề mặt. Sau đó, để sườn ráo trong một chỗ khô thoáng. | 2. Ướp và chiên sườn | Chuẩn bị gia vị: Trong một tô, trộn đều 1/3 muỗng cà phê muối, 2 muỗng cà phê hạt nêm, 1/3 muỗng cà phê bột ngọt, 1 muỗng cà phê nước tương, 1 muỗng canh đường, 1/3 muỗng cà phê tiêu xay, 5g tỏi băm và 10g hành tím băm. | Ướp sườn: Đặt sườn vào một tô và rắc đều gia vị đã chuẩn bị lên sườn. Đảo đều để sườn thấm đều gia vị. Ướp sườn trong khoảng 15 - 20 phút để gia vị thấm vào sườn đều. | Chuẩn bị hỗn hợp bột áo: Đập 1 quả trứng gà và tách lấy lòng trắng. Hòa lòng trắng trứng với 2 muỗng canh bột bắp. | Áo sườn bằng hỗn hợp bột áo: Cho hỗn hợp bột bắp và lòng trắng trứng vào tô chứa sườn. Trộn đều để bột áo phủ đều lên sườn. | Một gợi ý nhỏ: Ướp thịt với lòng trắng trứng gà và bột bắp giúp sườn khi chiên có màu vàng đẹp và trở nên giòn hơn. | Chiên sườn: Đặt một chảo lên bếp và đổ dầu ăn vào chảo. Chờ đến khi dầu ăn nóng, sau đó đặt phần sườn đã được áo bột vào chảo và chiên ở lửa vừa. Chiên sườn cho đến khi sườn chín vàng và cạnh sườn trở nên giòn. Sau đó, vớt sườn ra khỏi chảo để ráo dầu. | 3. Rim sườn | Đổ bớt dầu từ chảo, giữ lại một ít dầu và cho tỏi vào phi thơm. | Thêm 10g ớt sừng băm nhuyễn và toàn bộ phần sốt đã pha trước đó vào chảo. Tiếp theo, đổ 50ml nước lọc vào tô chứa nước sốt, tráng đều rồi đổ vào chảo. Đun nước sốt cho đến khi hỗn hợp sôi lên và hơi sánh lại. | Rim sườn ở lửa nhỏ trong khoảng 5 phút cho đến khi nước sốt sánh kẹo lại và sườn ngấm đều gia vị. Sau đó, tắt bếp. | Bày sườn ra đĩa và trang trí để tạo thành một món ăn đẹp mắt. | 4. Thành phẩm | Món sườn rim chua ngọt dễ thực hiện, với các nguyên liệu đơn giản và dễ tìm kiếm. Tuy nhiên, hương vị của nó lại vô cùng thơm ngon và hấp dẫn, tạo cảm giác thèm thuồng khiến bạn muốn ăn thêm. Mỗi miếng sườn thấm đầy hương vị, kết hợp với sốt chua chua, ngọt ngọt, tạo ra một cảm giác kích thích vị giác tuyệt vời khi ăn kèm cơm."
Canh cua mồng tơi ngon mát cho mùa hè,40 phút,4 người,Dễ,Cua đồng-300 gram | Rau mồng tơi-300 gram | Hành tím-2 củ | Dầu ăn-2 muỗng canh | Nước mắm-1 muỗng canh | Muối-Một ít,"1. Sơ chế của đồng | Đầu tiên, bắt đầu với 300 gram cua đồng, hãy sử dụng tay để tách bỏ mai và yếm, sau đó rửa cua một vài lần với nước cho sạch và để ráo. Đồng thời, lấy muỗng để gạch cua từ yếm cho vào một chén riêng. Tiếp theo, chuẩn bị máy xay sinh tố và đổ số cua đồng đã để ráo cùng 300ml nước lọc vào máy, sau đó xay nhuyễn hỗn hợp trong khoảng 3 phút ở mức vừa. | Khi thấy hỗn hợp đã nhuyễn, tắt máy và sử dụng rây để lọc phần xác cua, chỉ giữ lại nước riêu cua để sử dụng trong chế biến. | 2. Sơ chế nguyên liệu khác | Tiếp theo, với 300 gram rau mồng tơi, bạn hãy nhặt lấy các lá non và đồng thời loại bỏ những lá dập úng hoặc héo úa. | Sau đó, ngâm rau mồng tơi trong nước muối pha loãng trong khoảng 10 phút, sau đó rửa lại 1-2 lần với nước để làm sạch và để ráo. Sau đó, sử dụng dao để cắt rau thành khúc dài khoảng 1-2 phần ngón tay. | Cuối cùng, lột vỏ hành tím và băm nhuyễn nó. | 3. Xào gạch cua | Sau khi chuẩn bị xong nguyên liệu, hãy đặt một chảo lên bếp và thêm 1 muỗng canh dầu ăn, sau đó đun chảo với lửa vừa. Chờ đến khi dầu nóng, bạn hãy cho hành tím đã băm nhuyễn vào chảo và phi thơm trong khoảng 3 phút. | Tiếp theo, thêm chén gạch cua vào chảo và sử dụng sạn dẹt để xào đều trong khoảng 3-5 phút, cho đến khi thấy gạch cua trở nên hơi sánh và đặc. Khi đó, bạn có thể tắt bếp. | 4. Nấu canh | Khi vô tình chạm mắt, tô canh cua mồng tơi đã tỏa sáng với màu sắc bắt mắt từ riêu cua và sự tươi tốt của rau xanh, nhanh chóng thu hút mọi người! | Đặc biệt, riêu cua mềm mịn và ngọt ngào, kết hợp với hương vị tươi ngon của rau và nước dùng đậm đà, thực sự là một món ăn không thể thiếu trên bàn cơm!"
Thịt lợn mán tái chanh thơm ngon ngọt,60 phút,4 người,Dễ,Thịt lợn mán (Chọn phần thịt vai hoặc thịt đùi)-500gr | Gừng-1 nhánh | Sả-2 cây | Vừng trắng rang vàng-3 thìa | Dầu vừng-1 thìa | Chanh-1/2 quả | Đường-1 thìa | Bột canh-1 thìa | Chuối xanh-1 quả | Khế chua-1 quả | Ớt-Tuỳ thích | Giấm-2 thìa | Muối-1 thìa,"Gừng và 2 củ sả đập dập chia thành 2 phần, 1 củ sả còn lại băm nhỏ. | Chuối xanh lột vỏ, cắt lát mỏng, ngâm vào nước pha muối và giấm cho đỡ bị thâm rồi để ráo. Khế chua rửa sạch, cắt lát. Vừng rang vàng. | Thịt lợn rửa sạch, dùng dao cao sạch phần bì. Đun sôi nước, thả một phần gừng, sả vào rồi cho thịt vào trần trong khoảng 2-3 phút để loại bỏ các chất bẩn và mùi hôi của thịt, sau đó rửa sạch lại với nước. | Hấp thịt với chỗ gừng và sả còn lại cho tới khi chín (mất khoảng 10-15 phút sau khi nước sôi, các bạn dùng đũa châm không thấy nước đỏ chảy ra là thịt chín). Gắp thịt ra thả vào bát nước đá ngay cho thịt trắng và mềm. | Dùng dao sắc thái thịt lợn mán đã luộc thật mỏng, cho vào tô. | Vắt nửa quả chanh vào tô, thêm đường, muối, dầu vừng, 1/2 chỗ vừng rang, ớt thái nhỏ vào, dùng găng tay trộn đều. Sau khi trộn xong các bạn có thể nêm nếm lại gia vị cho vừa miệng rồi xếp thịt ra đĩa, rắc chỗ vừng còn lại lên trên là ta đã làm xong món thịt lợn mán tái chanh. Các bạn ăn thịt lợn mán tái chanh cùng với khế chua và chuối xanh không thôi cũng ngon, nếu thích, các bạn có thể chấm tương gừng ăn cũng siêu hợp vị nhé."
Xôi cốm dẻo thơm ngon khó chối từ,2 giờ 00 phút,4 người,Dễ,Cốm-300g | Đỗ xanh-100g | Dừa tươi-50g | Đường kính trắng-4 thìa cà phê | Dầu ăn-2 thìa,"Bước 1:Đậu xanh ngâm trong nước nóng 2h rồi đãi sạch, để ráo nước, trộn với 1/3 thìa cà phê muối để trong chiếc chén con. Nếu là đỗ xanh chưa bỏ vỏ thì bạn nên ngâm trước đó 3h rồi đãi sạch vỏ đi nhé. | Bước 2:Cho đỗ xanh vào nồi hấp và hấp cho đến khi chín. Nếu không có xoong hấp bạn có thể cho vào nồi cơm điện và nấu như cơm. Không nên cho nhiều nước, khi đỗ sôi sẽ trào nước ra nồi. | Khi đậu chín thì cho vào cối giã nhuyễn hoặc nghiền bằng thìa. | Bước 3:Trộn cốm với 2 thìa dầu ăn, rồi cho vào hấp. Khi hấp bạn nên cho lửa liu riu, đợi trong 5-7 phút là cốm chín. | Bước 4:Lấy cốm đã chín và trộn với 2 thìa đường trắng, rồi đem hấp lại trong 5 phút. | Bước 5:Dừa nạo thành sợi ướp với chỗ đường còn lại, để trong 20 phút. | Cho 1 chút dầu ăn vào chảo, để lửa nhỏ cho dừa tươi ướp đường vào xào cho săn lại. Bạn có thể nhận thấy dừa săn lại là khi đường cô lại, bám chặt vào từng sợi dừa, tuy nhiên bạn không nên để quá lửa để dừa bị cháy có màu vàng nhìn sẽ không đẹp mắt. | Bước 6:Đổ xôi ra một cái khay rộng rồi trộn đều xôi cốm với dừa và đậu xanh đã giã nhuyễn. | Để có hình thức bắt mắt bạn có thể trải lá sen hoặc lá chuối lót dưới đĩa hay mẹt nhỏ rồi hãy đổ xôi cốm lên. | Chúc bạn và gia đình thành công với cách nấu xôi cốm thơm ngon hấp dẫn này!"
Món cá hấp bia ngon tuyệt,60 phút,4 người,Dễ,"Cá-1 kg | Thịt nạc thăn-200 gr | Hành củ tươi-300 gr | Bia-600 ml | Gừng tươi, hạt tiêu, muối, đường, nước mắm, xả, chanh, tỏi, ớt, bánh đa nem-gia vị | rau húng, giá, thì là, kinh giới-rau sống","- Gừng , sả các bạn rửa sạch, đập nhỏ, băm nhuyễn. | - Cá bạn làm sạch, khứa nhẹ vài đường trên mình con cá, chặt khúc, rồi ướp cùng với muối, sả và gừng khoảng 30 phút. | - Cà chua các bạn rửa sạch, bổ múi cau. | - Thì là các bạn cắt gốc rửa sạch, thái nhỏ. | - Cần tây bạn rửa sạch, cắt khúc. | - Hành củ cắt đôi, phần củ chẻ làm đôi hoặc ba tùy vào củ to hoặc nhỏ. | Bước 1:Chuẩn bị nồi hấp cá rồi các bạn cho phần sả và gừng ướp cá xếp xuống dưới đáy nồi rồi cho cá lên trên, đổ bia vào sao cho phần ngập sả. | Bước 2:Đun đến khi cá đã chín thì bạn cho thêm hành, thì là, cần tây và cà chua vào trong nồi, để khoảng 3-5 phút rồi tắt bếp. | Bước 3:Các bạn pha nước chấm cho món cá hấp bia bao gồm: nước mắm, tỏi, gừng, đường, nước cốt chanh, ớt theo tỷ lệ 1:1:1::1:1:1. | - Trước khi nấu món cá hấp bia thì bạn nên ướp cá với một ít muối để cá được cứng thịt, không bị nát, ăn sẽ ngon hơn. | - Để khi hấp cá không bị dính và không có mùi tanh thì bạn nên cho sả và gừng xếp xuống dưới đáy nồi. | - Nếu gia đình bạn có trẻ nhỏ thì nên chọn loại cá trắm để hấp, có nhiều thịt sẽ dễ ăn hơn. | - Cách chọn cá tươi ngon: | Trước tiên, các bạn nên mua những con cá còn bơi trong thau, chậu. Bạn hãy nhìn bề ngoài cá, nếu còn nhớt bóng, mắt cá còn trong suốt, vảy cá không rời ra, mang cá còn hồng, bỏ con cá vào nước thì cá chìm xuống, đó là con cá tươi. Còn nếu bề ngoài cá có dịch dính, mắt lõm xuống, vảy cá dễ rơi ra, có màu nhợt nhạt, thịt cá không còn đàn hồi, bụng cá và hậu môn cá trương ra, bỏ vào nước cá nổi, thì con cá đó đã bị ươn. | Còn một cách phân biệt cá tươi và ươn nữa là: hậu môn cá trắng bệch và co vào trong bụng là cá tươi còn nếu lồi ra và bầm tím là cá ươn. | Phân biệt cá bị nhiễm độc | Các bà nội trợ cần phải biết cách chọn cá để bữa ăn thêm ngon, hấp dẫn và đảm bảo an toàn thực phẩm | – Mang cá là cơ quan hô hấp của cá, giống như buồng phổi của con người, phần lớn chất độc có lẽ tập trung tại đây. Mang cá độc không sáng trơn, hơi thô và có màu hồng thâm đậm. | – Cá bị nhiễm độc nặng thì mình cá không còn nguyên, đầu to đuôi nhỏ, lưng cong gù thậm chí có u. Có con da còn bị vàng và đuôi xanh. | – Mắt cá bị nhiễm độc thường bị đục, mất vẻ tinh anh bình thường, có con thậm chí mắt còn lồi ra ngoài. | – Con cá bình thường có mùi tanh, cá bị nhiễm độc sẽ có những mùi bất thường như mùi tỏi, mùi dầu hôi… | Cách phân biệt cá tươi và cá ươn | Một vài mẹo nhỏ sau đây sẽ giúp bạn chọn mua được con cá ngon khi đi chợ hàng ngày. | Mắt cá: Cá tươi mắt sẽ lồi và trong suốt, giác mạc đàn hồi. Còn mắt cá ươn thì lõm vào trong hốc mắt, có màu đục và giác mạc mắt nhăn nheo hoặc rách nát. | Hậu môn: Cá tươi có hậu môn (trôn) thụt sâu vào bên trong, có màu trắng nhạt và bụng cá lép. Còn cá ươn thì hậu môn màu hồng hay đỏ bầm, lòi ra ngoài, bụng cá phình to. | Mang cá: Cá tươi có màu đỏ hồng, dính chặt với hoa khế, không nhớt, không có mùi hôi. Mang cá ươn màu xám, không dính chặt với hoa khế, có nhớt, có mùi hôi. | Vảy cá: Cá tươi có vảy óng ánh, bám chặt với thân cá, không có niêm dịch, không có mùi hôi. Còn vây cá ươn thì mờ, không sáng óng ánh, dễ tróc khỏi thân cá, có mùi. | Ngoài ra, miệng cá tươi ngậm kín, còn cá ươn, ôi thì miệng hé mở. Thịt cá tươi rắn chắc, đàn hồi, không để lại vết ấn của ngón tay vào thịt cá. Còn cá ươn thì ngược lại."
Công thức cho món cá kho thịt ngon hết ý tại nhà,60 phút,4 người,Dễ,"Cá tươi-2 kg | Thịt ba chỉ-1 kg | Riềng-1 củ | Lá chè tươi-50 gr | nước mắm, đường, tiêu,…-gia vị","- Cá các bạn đem sơ chế thật sạch với nước và muối rồi cắt thành các khúc vừa ăn. | - Thịt ba chỉ bạn đem rửa sạch, thái miếng dày. | - Riềng các bạn rửa sạch, thái miếng mỏng, lá chè rửa sạch, để ráo nước. | Bước 1 :Các bạn lót 1 lớp lá chè tươi và riềng thái mỏng xuống đáy nồi. Bạn nhớ không lót quá dày hoặc quá mỏng nhé. Nếu quá mỏng thì khi kho cá dễ bị cháy và dính đít nồi còn dày quá sẽ làm cá lâu chín và bị lấn át mùi vị | Bước 2 :Tiếp theo các bạn cho cá, thịt, riềng, nước mắm, hạt tiêu vào nồi, ướp khoảng 15-20 phút cho ngấm gia vị. | Bước 3 :Sau đó ở lớp trên cùng các bạn cho thêm lá chè tươi vò hơi nát lên. | Bước 4 :Bạn cho nồi cá lên bếp, đun với lửa to. Khi thấy nước trong nồi gần cạn thì bạn thêm nước hàng vào nồi cá rồi đun ở lửa vừa | Bước 5 :Các bạn đun nồi cá cho đến khi nước gần cạn thì tắt bếp để nguội. | Bước 6 :Sau đó lại tiếp tục cho nồi cá lên đun với lửa nhỏ đến khi nước cạn và chín nhừ là được. | - Các bạn nhớ sơ chế cá thật sạch sẽ, bạn có thể chọn cá trắm để kho sẽ ngon hơn. Việc sơ chế cá sạch sẽ giúp cá không bị tanh, sạch nhớt và bản, khi kho cá sẽ ngon và thơm hơn | - Các bạn nên kho thịt với cá đến khi chín mềm sẽ ngon hơn. | - Ngoài thịt ra thì bạn có thể kho thêm cá với chuối cũng rất ngon. Chuối kho với cá chín mềm, bở tơi và mang đầy hương vị. | - Nếu không thích dùng nước hàng thì bạn có thể kho cá bằng kẹo đắng theo iểu truyền thống vì kẹo đắng sẽ có độ mặn ngọt nhất định và khi nấu sẽ mang đến hương thơm hấp dẫn. | Món cá kho với thịt hoặc chuối rất thích hợp ăn với cơm nóng hoặc những ngày đông lạnh giá. Món ngon này sẽ tăng hương vị cho bữa cơm gia đình và chắc chắn sẽ khiến cả nhà tấm tắc khen ngon đấy. Hãy vào bếp và làm món ngon này nhé! | - Cách chọn cá ngon: | - Mắt cá tươi lồi và trong suốt, cá ươn thì mắt thường lõm và có màu đục. | - Cá tươi, phần hậu môn thụt sâu vào bên trong, có màu trắng nhạt và bụng cá lép, ngược lại, cá ươn phần hậu môn màu hồng hay đỏ bầm, lòi ra ngoài, bụng cá phình to. | - Mang cá tươi có màu đỏ hồng, không nhớt và không có mùi hôi. Còn cá ươn thì mang cá có màu xám và có nhớt. | - Miệng cá tươi ngậm kín, còn cá ươn, ôi thì miệng hé mở. | - Thịt cá tươi rắn chắc, đàn hồi, không để lại vết ấn của ngón tay vào thịt cá."
Nấm nhồi thịt sốt cà chua thơm ngon hấp dẫn,60 phút,4 người,Dễ,"nấm đông cô tươi (loại lớn)-15 cái | Thịt xay-200 gr | muối, tiêu, hạt nêm, một chút bột ngọt-gia vị | Cà chua-2 quả","Bước 1:Các bạn ngâm nấm đông cô trong nước muối loãng, rửa sạch rồi cắt bỏ chân. | Bước 2:Sau đó bạn ướp thịt xay với đầu hành băm nhuyễn, hạt nêm và bột ngọt, để 10 phút cho thịt ngấm gia vị | Bước 3:Các bạn múc từng muỗng thịt nhỏ nhồi vào nấm. | Bước 4:Tiếp theo bạn làm nóng chảo, cho dầu ăn vào và chiên sơ nấm đã nhồi thịt. | Bước 5:CÁc bạn cắt cà chua thành các múi cau. | Bước 6:Bạn cho dầu vào chảo, cho cà chua vào xào, nêm nếm gia vị vừa miệng rồi cho thêm chút nước. | Bước 7:Cuối cùng các bạn cho nấm vào đun lửa nhỏ để ngấm nước cà chua là hoàn thành rồi."
Mì xào thập cẩm đơn giản ngon hết nức,35 phút,4 người,Dễ,Mì xào-2 gói | Xì dầu-15ml | Đường-2.5g | Xì dầu loại đậm màu-5ml | Dầu hào-5ml | Dầu mè-2.5ml | Hạt tiêu trắng-1 ít | Dầu hạt cải-30ml | Tỏi-2 tép | Ớt chuông-¼ chén | Nấm hương-5 cái | Cà rốt-1 củ bào sợi | Bắp cải-1 bát thái sợi | Hà Lan-1 chén đậu | Giá đỗ-1 chén | Hành lá-2 nhánh | Rượu nấu ăn-15ml,"Bước 1:Chần mì trong nồi nước sôi khoảng 45 giây. Dùng đũa khuấy thường xuyên để mì chín đều. Vớt mì ra và rửa sạch dưới vòi nước lạnh để mì không dính vào nhau. | Bước 2:Kết hợp xì dầu, dầu hào, đường, dầu mè, hạt tiêu trong một bát và để sang một bên. | Bước 3:Đun nóng chảo với lửa lớn, thêm dầu và tỏi vào xào, sau đó thêm ớt, nấm hương tươi, cà rốt, bắp cải, rồi xào tất cả trong một phút. Thêm rượu vào xào trong 15 giây. | Bước 4:Sau đó thêm mì vào, đảo nhanh tay và tách mì ra để chúng không dính vào nhau. Đổ hỗn hợp xì dầu vào xào trong 20 giây. Thêm giá đỗ, đậu Hà Lan tươi, hành lá vào. | Đảo thêm 1 phút rồi cho ra đĩa thưởng thức nhé! | Chúc các bạn thành công và ngon miệng với cách làm mì xào thập cẩm! | Xem thêm:Cách làm mì xào giòn thập cẩm hải sản ngon"
Trứng chưng cà chua đơn giản mà lại ngon,20 phút,4 người,Dễ,Cà chua-1 quả to | Trứng-4 quả | Hành lá-1 nhánh | Dầu thực vật- | Muối-1 nhúm | Hạt tiêu-Vừa đủ | Dầu mè-2.5ml | Rượu nấu ăn-5ml | Đường-1 nhúm,"Bước 1 :Cà chua cắt thành các miếng nhỏ. | Bước 2 :Đập trứng ra một bát, thêm muối, hạt tiêu, dầu mè, rượu nấu ăn. | Bước 3 :Đánh đều trứng. Làm nóng dầu ăn rồi cho trứng vào, đảo một lát rồi cho ra bát. | Bước 4 :Thêm dầu ăn vào chảo, cho cà chua vào cùng 1 nhúm đường. Xào cho đến khi cà chua mềm. | Bước 5 :Cho trứng trở lại chảo cùng hành lá xắt nhỏ, chưng trong vài phút. | Bước 6 :Nêm nếm thêm gia vị cho vừa miệng rồi cho trứng chưng cà chua ra đĩa và ăn với cơm nóng nhé! | Chúc các bạn ngon miệng với món trứng chưng cà chua!"
Bún măng vịt thơm ngon đúng vị,60 phút,4 người,Dễ,"Vịt cỏ-1 con | Măng tươi-1 củ | Hành hoa-1 ít | Gừng-1 củ | Ớt-1 quả | Hành khô-1 củ | Rau sống ăn kèm- | Gia vị-Bột canh, bột nêm, mắm, mì chính, dầu ăn. | Bún ăn kèm-tùy thuộc vào số người ăn","Bước 1:Vịt cỏ làm sạch, chặt phần đầu, cánh và phần chân để riêng cho vào bát tô, ướp thịt vịt với chút bột nêm, hành khô băm nhỏ, gừng thái chỉ. | Bước 2:Măng tươi thái lát mỏng sau đó cho vào nồi luộc cho bớt chua. | Bước 3:Đặt chảo lên bếp phi thơm hành khô với chút xíu dầu ăn cho phần đầu, cánh và chân vịt vào xào. Tiếp đến cho măng vào xào cùng. Với cách này nồi nước dùng sẽ ngon đậm đà hơn. | Bước 4:Cho phần thân vịt còn lại vào nồi luộc chín, vớt thịt vịt ra để khô sau đó chặt miếng vừa ăn. | Bước 5:Phần nước luộc vịt chế vào nồi vịt măng vừa  xào và đun sôi. Khi nồi nước dùng sôi nêm nếm lại gia vị vừa miệng. | Bước 6:Cho bún vào bát tô, xếp thịt vịt vào bát rồi chan nước dùng lên trên. Bún vịt ăn kèm với rau sống thái nhỏ, còn thịt vịt chấm với nước mắm tỏi ớt magi rất hợp nhé. | Bún vịt rất đơn giản nhưng lại vô cùng hấp dẫn. | Mùa hè cũng là mùa vịt nên không thể bỏ lỡ làm món bún vịt cho cả nhà bạn nhé. | Chúc bạn thành công với cách làm bún măng vịt đãi cả gia đình món bún hấp dẫn này!"
Bánh anh đào vừa ngon vừa đẹp,1 giờ 2 phút,4 người,Dễ,Bột mì-320 gr | Bơ nhạt-200 gr | Muối-1 thìa cà phê | Đường bột-4 thìa cà phê | Mắm nước-4 chén nước | nhân bánh- | Bột bắp-1 ít | Đường-100 gr | Mắm nước-1 chén nước | Anh đào tươi-400 gr,"Sơ chế nguyên liệu | Trước tiên các bạn cần chuẩn bị đầy đủ các dụng cụ cần thiết: âu trộn, máy trộn bột, tăm, dao, thớt gỗ, lò nướng, nồi đun. | Anh đào mua về các bạn rửa sạch nước rồi cắt làm hai hoặc ba, bỏ hạt rồi bỏ vào âu. | Các bước làm: | Bước 1:Các bạn cho bột mỳ, bơ, muối, đường và nước vào âu và cho vào máy trộn bột trộn thật đều lên. Đến khi thành một hỗn hợp bột đồng nhất, nhuyễn mịn, không bị vón cục là được | Bước 2:Sau đó các bạn lấy âu bột ra và nhào nặn thật kỹ, nặn thành một cục bột, sau đó gói kĩ bằng màng bọc thực phẩm rồi cho vào ngăn mát tủ lạnh trong vòng 1 tiếng cho bột nở to. | Bước 3:Trong thời gian ủ bột trong tủ lạnh, các bạn đổ quả anh đào vào nồi đun và bắc lên bếp, thêm vào đường bột, bột bắp và nước vào nồi. Để lửa nhỏ xào anh đào đến khi anh đào mềm, hơi nát ra chút cũng được và hỗn hợp nhân hơi sền sệt. Khi xào bạn nhớ đảo đều tay để các nguyên liệu được hòa quyện đều với nhau và anh đào cũng không bị cháy hay xém cạnh | Bước 4:Bột sau khi ủ đủ thì các bạn lấy ra, chia làm 2 phần đều nhau. Bạn lấy từng phần một ra cán mỏng sao cho bột chỉ dày khoảng 5mm và ước lượng to hơn khuôn bánh một chút. Bạn chú ý không để vỏ bánh quá mỏng vì như thế khi nướng bánh sẽ dễ bị cháy và làm mất đi làm vỏ ngoài thơm giòn | Sau khi bột đã được cán mỏng thì các bạn đặt bánh vào khuôn rồi láy tăm chọc các lỗ nhỏ rải rác trên mặt bột nhưng không được làm thủng bột để hơi nóng có thể vào bên trong bánh giúp bánh chín. | Bước 5:Sau đó các bạn đổ nhân anh đào lên trên bột bánh trong khuôn. | Bước 6:Tiếp theo các bạn lấy phần bột còn lại cắt dọc thành những dải bột dài rộng khoảng 2cm. | Bước 7:Sau đó các bạn dùng những dải bột vừa cắt để đan nong mốt lên như hình như một nắp đậy. | Bước 8:Bánh sau khi đan xong cho thì các bạn cho vào lò nướng ở nhiệt độ 175 độ C trong 40-45 phút. | Bước 9:Sau khi bánh chín thì các bạnlấy bánh ra, để nguội rồi cắt thành miếng để ăn. | Chúc các bạn thành công và ngon miệng!"
Sườn kho ngũ sắc thơm ngon hấp dẫn,60 phút,4 người,Dễ,"Sườn heo-300 gr | Ớt chuông đỏ-1 quả | Ớt chuông xanh-1 quả | Hành tây-1 củ | Ớt tươi, gừng, tỏi, hành lá-gia vị","Bước 1:Các bạn rửa sạch sườn rồi ướp với muối, tiêu và xì dầu trong khoảng 15-20' cho sườn ngấm gia vị và khi ăn sẽ không bị nhạt | Bước 2:Tiếp theo các bạn bắc chảo lên bếp. Phi thơm tỏi rồi cho sườn vào, đảo đều cho đến khi sườn chín và chuyển màu hơi nâu. | Bước 3: Sau đó các bạn cho nước sâm sấp mặt thịt, thêm xì dầu và nước màu vào rồi đậy nắp, đun khoảng 20', đến khi nước sốt cạn bớt và sánh lại | Bước 4:Ở bước này các bạn rửa sạch hành tây, tỏi và ớt rồi xắt nhỏ hành tây, tỏi và ớt thành hạt lựu cho vừa ăn | - Trong 1 chảo khác, bạn cho hành tây và tỏi vào phi thơm, sau đó đến 2 phần ớt chuông và ớt tươi. | Bước 5:Cuối cùng các bạn đảo đều cho đến khi các nguyên liệu chín hẳn thì cho cả sườn và sốt vào. Xóc đều tay để các nguyên liệu đều nhau và ngấm sốt, sau đó tắt bếp. Trước khi thưởng thức bạn có thể cho thêm một chút hạt tiêu để tăng hương vị cho món ăn. | Chúc các bạn thành công và có một bữa cơm ngon miệng! | Lưu ý: | Trước khi chiên sườn bạn nên ướp sườn và để ít nhất 15 phút để sườn ngấm gia vị nêu không khi ăn sườn sẽ rất nhạt và không nhiều hương vị | Khi chiên sườn bạn nhớ để ý lật đều các mặt để sườn chín đều và có vỏ ngoài đẹp mắt, không bị cháy | Món sườn này rất thích hợp ăn với cơm nóng và đặc biệt là trong mùa đông. | Món sườn kho ngũ sắc sau khi hoàn thành có màu sắc bắt từ màu xanh của các loại rau, màu đỏ tươi hay vàng của ớt chuông, màu tím của hành cùng chút vàng nâu của sườn tươi ngon. Món ăn hấp dẫn, đậm hương vị mà không gây ngán cho người thưởn thức. Hãy làm món ngon này đãi gia đình và bạn bè nhé! | Cách chọn sườn ngon và bảo quản sườn: | + Với các món sườn xào chua ngọt, kho, rán… các bạn nên chọn sườn nạc, ít hoặc không có mỡ. Có sụn là sườn non ăn rất ngon. Sườn làm các món ăn này các bạn nên chọn sườn thăn là ngon nhất nhé. | + Cho món canh, cháo, bún: nên chọn sườn có lẫn cả nạc lẫn mỡ để cho khi ăn được mềm, thơm, béo. | + Với loại sườn cốt lết thì các bạn nên chọn loại có quả thăn dày, ít lẫn mỡ thì thịt sẽ mềm và ngon hơn. Sườn cốt lết hợp nhất là chế biến các món như nướng, rán, quay, rim, hun khói. | Các bạn nên đi chợ sớm để chọn mua được sườn lợn tươi, ngon nhất. Đi chợ muộn, nhiều khi các miếng ngon đã được bán hết rồi hay thậm chí là hết sườn không mua được hoặc mua được thì sườn dễ bị ôi do ảnh hưởng của thời tiết. | Ngoài ra, các bạn cũng lưu ý là nên chọn mua sườn (hay các nguyên liệu tươi sống khác) cuối cùng sau khi đã mua xong các loại rau, củ, quả… để hạn chế thời gian cất sườn trong túi ni lông vì có thể làm sườn bị ôi và các chất độc hại trong túi có thể thấm vào thịt sườn. | Khi mua sườn về, phải bỏ ra khỏi túi, chế biến ngay. Nếu không, các bạn phải rửa sạch, cho vào hộp kín hoặc túi zipper cất trong tủ lạnh để bảo quản nhé."
Món tôm tẩm vừng chiên giòn hấp dẫn,60 phút,4 người,Dễ,"Tôm sú-300 gr | Vừng trắng-100 gr | Trứng vịt-1 quả | Bột bắp-tùy thích | hạt tiêu, rượu nấu, muối, hạt nêm-gia vị | Gừng-1 nhánh nhỏ | Dầu ăn-nguyên liệu","Tôm sú các bạn rửa sạch, bóc bỏ vỏ tôm và chỉ đen ở lưng tôm | Trứng vịt các bạn đập ra bát và tách riêng lòng trắng. | Gừng các bạn cạo vỏ, đập dập hoặc thái sợi. | Vừng trắng các bạn rang chín nhé. | -        Đầu tiên các bạn hãy dùng khăn giấy thấm hết nước rửa tôm đi. | -        Sau đó bạn ướp tôm với các gia vị sau: 2 thìa cà phê hạt tiêu, 2 thìa cà phê hạt nêm, 1/2 thìa cà phê muối, 2 thìa cà phê rượu nấu, gừng thái sợi. | -        Các bạn trộn đều các nguyên liệu lên cho tôm thấm gia vị rồi ướp tôm 5 phút. | -        Tiếp đến các bạn cho bột bắp vào hòa tan trong bát có lòng trắng trứng để tạo thành hỗn hợp bột không quá loãng cũng không quá đặc | -        Tiếp theo các bạn cầm đuôi một con tôm nhúng vào bát bột bắp, nhúng sao cho bột bám đều vào cả con tôm. | -        Sau đó bạn lăn vào bát vừng đã rang chín cho lớp áo vừng phủ kín tôm. | -        Các bạn làm tương tự như vậy cho đến khi hết tôm nhé. | -        Các bạn bắc một cái chảo lên bếp, cho dầu ăn vào đun nóng. | -        Khi dầu ăn sôi, các bạn thả tôm vào chiên chín. | -        Trong quá trình chiên tôm các bạn chú ý lật tôm thường xuyên, khi tôm có màu vàng đẹp mắt, mùi thơm thì bạn gắp tôm ra ngoài cho ráo dầu. | -        Bạn thấm tôm qua một lần giấy nữa cho hết hẳn dầu nhé. | -        Trình bày ra đĩa là chúng ta có thể thưởng thức được rồi. | -        Khi hòa bột nếu các bạn thấy lòng trắng hơi ít làm bột quá đặc thì bạn hãy cho thêm một ít nước vào hòa lẫn nhé. | -        Việc dùng rượu nấu để ướp tôm sẽ giúp cho tôm không có mùi tanh và sẽ tăng thêm mùi vị thơm ngon của tôm. Tuy nhiên nếu bạn không thích thì bạn có thể bỏ nguyên liệu này đi. | -        Ngoài cách dùng  vừng trắng thì bạn có thể thay bằng vừng đen nhé. | -        Tương tự nếu bạn không có bột bắp thì có thể thay thế bằng bột mì cũng được. | -        Khi chiên tôm bạn không nên chiên lâu bởi tôm rất dễ chín nếu chiên quá lâu thì tôm sẽ bị khô, vừng cũng dễ bị cháy ăn sẽ mất ngon. | Chúc cá bạn thành công và ăn ngon miệng với món tôm tẩm vừng chiên giòn nhé!"
Trứng cút xào chua ngọt đưa cơm,60 phút,4 người,Dễ,"Trứng cút-10 quả | Ớt chuông xanh-1 quả | Ớt chuông đỏ-1 quả | Mộc nhĩ-tùy thích | Hành lá, gừng tỏi băm, bột năng-nguyên liệu | Giấm, xì dầu, dầu thực vật, rượu trắng, nước dùng, gia vị-nguyên liệu","Bước 1:Các bạn luộc chín trứng rồi để cho ráo nước. Sau đó, bạn chiên trứng cho tới khi vàng đều thì vớt ra. | Bước 2:Các bạn rửa sạch mộc nhĩ, ớt rồi cắt nhỏ. Cho gừng tỏi băm, rượu trắng, giấm, xì dầu, hạt nêm, muối, đường và nước dùng vào rồi trộn đều. | Bước 3:Bạn chuẩn bị một chảo nóng với một ít dầu ăn. Cho phần xì dầu mình pha phía trên vào, tiếp đến cho ớt, mộc nhĩ vào xào đều. | - Sau đó, bạn cho phần trứng cút chiên vàng vào xào cùng | Bước 4:CÁc bạn đổ phần nước hòa với chút bột năng vào đảo đều. | Bước 5:Cuối cùng các bạn rắc hành lá vào, xào đều khoảng 5-7 phút, nêm nếm gia vị cho vừa miệng ăn rồi tắt bếp"
Bữa sáng nhanh gọn với bánh mì kẹp cá ngừ,60 phút,4 người,Dễ,"cá ngừ đóng hộp, để ráo nước-180 gr | mayonnaise-2-3 thìa | dưa chuột ngâm chua, xắt nhỏ-2 thìa | Cần tây-2 thìa thân cây | Muối; hạt tiêu xay-gia vị | Bánh mì-4 lát | Bơ-1-2 thìa | pho mát cheddar-2-4 lát","Bước 1:Dưa chuột, cần tây các bạn băm nhỏ. | Bước 2:Các bạn trộn cá ngừ với mayonnaise, dưa chuột, cần tây với nhau. Nêm muối, hạt tiêu xay, nước cốt chanh cho vừa miệng. | Bước 3:Tiếp theo các bạn phết bơ lên các lát bánh mì. | Ở mặt không có bơ của bánh mì, xếp pho mát rồi xúc cá ngừ trộn vào. | Sau đó đặt miếng bánh mì thứ 2 ốp lên (ốp mặt không bơ xuống). Làm tương tự với phần bánh mì còn lại. | Bước 4:Cuối cùng các bạn làm nóng chảo, cho hai phần bánh mì kẹp vào chảo chiên cho đến khi bánh vàng giòn. Khi bánh có màu hơi nâu, pho mát bằng đầu chảy ra thì hạ nhiệt. Khi pho mát tan chảy thì lật bánh mì. Chiên thêm cho bánh vàng giòn là được. Cho bánh mì ra đĩa và thưởng thức luôn nhé! | Món bánh mì sandwich kẹp cá ngừ thưởng thức với sữa thì quá tuyệt!"
Thịt đùi gà chiên mới lạ đưa cơm,60 phút,4 người,Dễ,Đùi gà-3 cái | Cà rốt-1 củ | Bông cải xanh-nửa cái | Gừng-1 nhánh nhỏ | Nước tương-2 muỗng | Đường-1 thìa cà phê | Muối-1/2 thìa cà phê | Dầu hào-15 ml | Rượu-15 ml,"Cà rốt các bạn cắt khoanh vừa ăn. | Bông cải xanh các bạn gọt hết phần vỏ bên ngoài thân, cắt nhánh vừa ăn. | Đùi gà các bạn rửa sạch, sau đó dùng kéo cắt đôi đùi gà theo chiều dọc và lọc hết phần xương đùi. | Các bạn dùng gáy của con dao chặt xương dần lên miếng thịt đùi để làm cho phần thịt mềm hơn, nếu  đùi gà to các bạn có thể cắt nhỏ bớt. | Gừng các bạn đập dập. | -        Các bạn cho thịt đùi gà vào một bát tô, cho tiếp các gia vị sau vào trộn đều: nước tương, dầu hào, đường, muối, rượu, gừng với khối lượng mình đã nêu ở trên. Các bạn trộn đều thịt với các gia vị cho thịt được thấm đều, ướp thịt khoảng 30 phút. | -        Trong lúc chờ thịt ngấm vị, các bạn bắc một nồi nước lên bếp, rắc thêm một ít muối vào nồi. | -        Khi nước sôi các bạn cho cà rốt, bông cải xanh vào luộc sơ qua. | -        Sau đó bạn vớt rau ra ngoài cho ráo nước, xếp rau vào một cái đĩa lớn, các bạn chú ý dồn rau vào một góc cho gọn. | -        Tiếp theo các gắp thịt ra một cái đĩa khác cho ráo bớt nước. | -        Các bạn bắc một cái chảo lên bếp, cho thêm một chút dầu ăn. | -        Khi dầu ăn nóng, các bạn cho thịt gà vào chiên kiểu giống như áp chảo thịt. | -        Sau khi được một mặt thịt thứ nhất, các bạn lật mặt thứ hai lên chiên tiếp. | -        Sau khi thịt chín, có màu vàng hơi xém các bạn gắp thịt ra ngoài cho ráo dầu. | -        Khi thịt nguội bớt các bạn thái thịt thành những miếng nhỏ theo chiều dài của miếng thịt. | -        Các bạn xếp thịt vào đĩa đã để sẵn rau rồi cho thêm phần cơm trắng vào nữa là chúng ta đã có thể thưởng thức được rồi. | -        Các bạn có thể phụt thêm một ít tương ớt lên phần thịt gà, hoặc rắc một ít hạt tiêu. | -        Thịt gà thì các bạn có thể lựa chọn, nếu nhà bạn có ông bà lớn tuổi thì bạn có thể trọn thịt gà công nghiệp nếu không thì có thể trọn gà ta, và tất nhiên cả hai đều ngon cả. | -        Việc chúng ta dần thịt trước khi chiên sẽ giúp cho thịt gà được thấm gia vị dễ hơn, thịt mềm và ăn sẽ ngon hơn rất nhiều. | -        Bên cạnh đó, rượu cũng là một gia vị giúp cho món ăn tăng thêm hương vị, và các bạn cũng không cần lo vì mùi hương của rượu sẽ không còn khi thức ăn chín nhé. | -        Các rau củ ăn kèm các bạn cũng có thể thay thế theo sở thích của bản thân. Tuy nhiên với cà rốt và bông cải xanh khi luộc các bạn chỉ luộc sơ qua thôi như vậy ăn sẽ ngon hơn rất nhiều."
Bí quyết nấu canh chua cá lóc thơm ngon tròn vị,60 phút,4 người,Dễ,"Cá lóc cắt khúc-500g | Cà chua-2 trái | Dứa-1/4 trái | Me ngào-30g | Đậu bắp-200g | Bạc hà (dọc mùng)-1 cây | Tỏi-2 tép | Hành tím-1 củ | Gia vị-40g muối; 30g đường; 40g bột nêm. | Các loại rau khác như ngò gai, ngổ, giá, ớt đỏ-","Nguyên liệu cần có: | Bước 1:Làm sạch, sơ chế các loại rau: tước vỏ, cắt khúc bạc hà; cắt nhỏ đậu bắp. Thái múi cau cà chua. Thái lát dứa. | Bước 2:Bóc vỏ, băm nhuyễn tỏi và hành tím. Đặt một chiếc nồi lớn cùng dầu ăn lên bếp, mở lửa vừa, thả hành tỏi vào phi thơm. | Bước 3:Tiếp tục cho cá lóc vào, lật đều các mặt đến khi thịt trắng đục. | Bước 4:Đổ 1.2 lít nước cùng me ngào, đậu bắp, bạc hà, ngổ, ngò gai, giá vào nấu khoảng 10 phút. | Bước 5:Thả cà chua, dứa và nêm 40g muối, 30g đường, 40g bột nêm. Nấu thêm 5 phút rồi tắt bếp. | Bước 6:Dọncanh chua cá lócra tô, ăn kèm với cơm. Có thể cho thêm một ít ớt để tạo vị cay nồng. | Lưu ý: | - Không nên nấu canh quá lâu, sẽ khiến thịt cá bị rã nát. | - Nếu muốn hương vị thêm đậm đà, có thể thay muối bằng nước mắm nhưng nước canh sẽ không được trong đẹp. | Chúc bạn và gia đình có bữa cơm ngon miệng và đưa cơm với cách nấu canh chua cá lóc!"
Sườn rim chua ngọt ngon mê ly cho bữa cơm nhà,60 phút,4 người,Dễ,"Sườn non-700 gr | Trứng gà-1 quả | Ớt sừng-10 gr | Hành tím-10 gr | Tỏi-10 gr | Tương ớt-1.5 muỗng canh | Tương cà-1.5 muỗng canh | Nước tương-5 muỗng cà phê | Giấm-2 muỗng cà phê | Bột bắp-2 muỗng canh | Dầu ăn-50 ml | Gia vị-Muối, đường, hạt nêm, bột ngọt, tiêu","1. Sơ chế nguyên liệu | Sơ chế sườn: Sử dụng muối hoặc chanh để chà xát mặt thịt của sườn heo. Sau đó, rửa sườn lại với nước sạch để loại bỏ muối hoặc chanh trên bề mặt, sau đó để ráo. Tiếp theo, chặt sườn thành các miếng nhỏ vừa ăn. | Trụng sườn: Chuẩn bị một thau hoặc nồi lớn, đổ nước sôi vào thau sao cho mặt sườn được ngập trong nước. Trụng sườn trong nước sôi khoảng 5 - 10 phút, sau đó vớt sườn ra và xả sạch bằng nước lạnh để loại bỏ cặn bẩn. | Rửa và để ráo: Xả sườn bằng nước sạch để loại bỏ bất kỳ tạp chất nào còn lại trên bề mặt. Sau đó, để sườn ráo trong một chỗ khô thoáng. | 2. Ướp và chiên sườn | Chuẩn bị gia vị: Trong một tô, trộn đều 1/3 muỗng cà phê muối, 2 muỗng cà phê hạt nêm, 1/3 muỗng cà phê bột ngọt, 1 muỗng cà phê nước tương, 1 muỗng canh đường, 1/3 muỗng cà phê tiêu xay, 5g tỏi băm và 10g hành tím băm. | Ướp sườn: Đặt sườn vào một tô và rắc đều gia vị đã chuẩn bị lên sườn. Đảo đều để sườn thấm đều gia vị. Ướp sườn trong khoảng 15 - 20 phút để gia vị thấm vào sườn đều. | Chuẩn bị hỗn hợp bột áo: Đập 1 quả trứng gà và tách lấy lòng trắng. Hòa lòng trắng trứng với 2 muỗng canh bột bắp. | Áo sườn bằng hỗn hợp bột áo: Cho hỗn hợp bột bắp và lòng trắng trứng vào tô chứa sườn. Trộn đều để bột áo phủ đều lên sườn. | Một gợi ý nhỏ: Ướp thịt với lòng trắng trứng gà và bột bắp giúp sườn khi chiên có màu vàng đẹp và trở nên giòn hơn. | Chiên sườn: Đặt một chảo lên bếp và đổ dầu ăn vào chảo. Chờ đến khi dầu ăn nóng, sau đó đặt phần sườn đã được áo bột vào chảo và chiên ở lửa vừa. Chiên sườn cho đến khi sườn chín vàng và cạnh sườn trở nên giòn. Sau đó, vớt sườn ra khỏi chảo để ráo dầu. | 3. Rim sườn | Đổ bớt dầu từ chảo, giữ lại một ít dầu và cho tỏi vào phi thơm. | Thêm 10g ớt sừng băm nhuyễn và toàn bộ phần sốt đã pha trước đó vào chảo. Tiếp theo, đổ 50ml nước lọc vào tô chứa nước sốt, tráng đều rồi đổ vào chảo. Đun nước sốt cho đến khi hỗn hợp sôi lên và hơi sánh lại. | Rim sườn ở lửa nhỏ trong khoảng 5 phút cho đến khi nước sốt sánh kẹo lại và sườn ngấm đều gia vị. Sau đó, tắt bếp. | Bày sườn ra đĩa và trang trí để tạo thành một món ăn đẹp mắt. | 4. Thành phẩm | Món sườn rim chua ngọt dễ thực hiện, với các nguyên liệu đơn giản và dễ tìm kiếm. Tuy nhiên, hương vị của nó lại vô cùng thơm ngon và hấp dẫn, tạo cảm giác thèm thuồng khiến bạn muốn ăn thêm. Mỗi miếng sườn thấm đầy hương vị, kết hợp với sốt chua chua, ngọt ngọt, tạo ra một cảm giác kích thích vị giác tuyệt vời khi ăn kèm cơm."
Canh cua mồng tơi ngon mát cho mùa hè,40 phút,4 người,Dễ,Cua đồng-300 gram | Rau mồng tơi-300 gram | Hành tím-2 củ | Dầu ăn-2 muỗng canh | Nước mắm-1 muỗng canh | Muối-Một ít,"1. Sơ chế của đồng | Đầu tiên, bắt đầu với 300 gram cua đồng, hãy sử dụng tay để tách bỏ mai và yếm, sau đó rửa cua một vài lần với nước cho sạch và để ráo. Đồng thời, lấy muỗng để gạch cua từ yếm cho vào một chén riêng. Tiếp theo, chuẩn bị máy xay sinh tố và đổ số cua đồng đã để ráo cùng 300ml nước lọc vào máy, sau đó xay nhuyễn hỗn hợp trong khoảng 3 phút ở mức vừa. | Khi thấy hỗn hợp đã nhuyễn, tắt máy và sử dụng rây để lọc phần xác cua, chỉ giữ lại nước riêu cua để sử dụng trong chế biến. | 2. Sơ chế nguyên liệu khác | Tiếp theo, với 300 gram rau mồng tơi, bạn hãy nhặt lấy các lá non và đồng thời loại bỏ những lá dập úng hoặc héo úa. | Sau đó, ngâm rau mồng tơi trong nước muối pha loãng trong khoảng 10 phút, sau đó rửa lại 1-2 lần với nước để làm sạch và để ráo. Sau đó, sử dụng dao để cắt rau thành khúc dài khoảng 1-2 phần ngón tay. | Cuối cùng, lột vỏ hành tím và băm nhuyễn nó. | 3. Xào gạch cua | Sau khi chuẩn bị xong nguyên liệu, hãy đặt một chảo lên bếp và thêm 1 muỗng canh dầu ăn, sau đó đun chảo với lửa vừa. Chờ đến khi dầu nóng, bạn hãy cho hành tím đã băm nhuyễn vào chảo và phi thơm trong khoảng 3 phút. | Tiếp theo, thêm chén gạch cua vào chảo và sử dụng sạn dẹt để xào đều trong khoảng 3-5 phút, cho đến khi thấy gạch cua trở nên hơi sánh và đặc. Khi đó, bạn có thể tắt bếp. | 4. Nấu canh | Khi vô tình chạm mắt, tô canh cua mồng tơi đã tỏa sáng với màu sắc bắt mắt từ riêu cua và sự tươi tốt của rau xanh, nhanh chóng thu hút mọi người! | Đặc biệt, riêu cua mềm mịn và ngọt ngào, kết hợp với hương vị tươi ngon của rau và nước dùng đậm đà, thực sự là một món ăn không thể thiếu trên bàn cơm!"
Thịt lợn mán tái chanh thơm ngon ngọt,60 phút,4 người,Dễ,Thịt lợn mán (Chọn phần thịt vai hoặc thịt đùi)-500gr | Gừng-1 nhánh | Sả-2 cây | Vừng trắng rang vàng-3 thìa | Dầu vừng-1 thìa | Chanh-1/2 quả | Đường-1 thìa | Bột canh-1 thìa | Chuối xanh-1 quả | Khế chua-1 quả | Ớt-Tuỳ thích | Giấm-2 thìa | Muối-1 thìa,"Gừng và 2 củ sả đập dập chia thành 2 phần, 1 củ sả còn lại băm nhỏ. | Chuối xanh lột vỏ, cắt lát mỏng, ngâm vào nước pha muối và giấm cho đỡ bị thâm rồi để ráo. Khế chua rửa sạch, cắt lát. Vừng rang vàng. | Thịt lợn rửa sạch, dùng dao cao sạch phần bì. Đun sôi nước, thả một phần gừng, sả vào rồi cho thịt vào trần trong khoảng 2-3 phút để loại bỏ các chất bẩn và mùi hôi của thịt, sau đó rửa sạch lại với nước. | Hấp thịt với chỗ gừng và sả còn lại cho tới khi chín (mất khoảng 10-15 phút sau khi nước sôi, các bạn dùng đũa châm không thấy nước đỏ chảy ra là thịt chín). Gắp thịt ra thả vào bát nước đá ngay cho thịt trắng và mềm. | Dùng dao sắc thái thịt lợn mán đã luộc thật mỏng, cho vào tô. | Vắt nửa quả chanh vào tô, thêm đường, muối, dầu vừng, 1/2 chỗ vừng rang, ớt thái nhỏ vào, dùng găng tay trộn đều. Sau khi trộn xong các bạn có thể nêm nếm lại gia vị cho vừa miệng rồi xếp thịt ra đĩa, rắc chỗ vừng còn lại lên trên là ta đã làm xong món thịt lợn mán tái chanh. Các bạn ăn thịt lợn mán tái chanh cùng với khế chua và chuối xanh không thôi cũng ngon, nếu thích, các bạn có thể chấm tương gừng ăn cũng siêu hợp vị nhé."
Xôi cốm dẻo thơm ngon khó chối từ,2 giờ 00 phút,4 người,Dễ,Cốm-300g | Đỗ xanh-100g | Dừa tươi-50g | Đường kính trắng-4 thìa cà phê | Dầu ăn-2 thìa,"Bước 1:Đậu xanh ngâm trong nước nóng 2h rồi đãi sạch, để ráo nước, trộn với 1/3 thìa cà phê muối để trong chiếc chén con. Nếu là đỗ xanh chưa bỏ vỏ thì bạn nên ngâm trước đó 3h rồi đãi sạch vỏ đi nhé. | Bước 2:Cho đỗ xanh vào nồi hấp và hấp cho đến khi chín. Nếu không có xoong hấp bạn có thể cho vào nồi cơm điện và nấu như cơm. Không nên cho nhiều nước, khi đỗ sôi sẽ trào nước ra nồi. | Khi đậu chín thì cho vào cối giã nhuyễn hoặc nghiền bằng thìa. | Bước 3:Trộn cốm với 2 thìa dầu ăn, rồi cho vào hấp. Khi hấp bạn nên cho lửa liu riu, đợi trong 5-7 phút là cốm chín. | Bước 4:Lấy cốm đã chín và trộn với 2 thìa đường trắng, rồi đem hấp lại trong 5 phút. | Bước 5:Dừa nạo thành sợi ướp với chỗ đường còn lại, để trong 20 phút. | Cho 1 chút dầu ăn vào chảo, để lửa nhỏ cho dừa tươi ướp đường vào xào cho săn lại. Bạn có thể nhận thấy dừa săn lại là khi đường cô lại, bám chặt vào từng sợi dừa, tuy nhiên bạn không nên để quá lửa để dừa bị cháy có màu vàng nhìn sẽ không đẹp mắt. | Bước 6:Đổ xôi ra một cái khay rộng rồi trộn đều xôi cốm với dừa và đậu xanh đã giã nhuyễn. | Để có hình thức bắt mắt bạn có thể trải lá sen hoặc lá chuối lót dưới đĩa hay mẹt nhỏ rồi hãy đổ xôi cốm lên. | Chúc bạn và gia đình thành công với cách nấu xôi cốm thơm ngon hấp dẫn này!"
Công thức cách làm Panna Cotta xoài thơm ngon ngày hè,45 phút,4 người,Dễ,Phần Whipping- | Whipping-200 ml | sữa tươi không đường-100 ml | ờng cát trắng-50 gr | vanilla-5 ml | gelatin-4 lá (8gr) | Phần xoài- | Xoài xay mịn-200 gr | Đường-15 gr | Mật ong-15 gr | Nước-30 ml | Gelatin-4 lá (8gr),"1. Làm lớp thạch kem sữa | Đầu tiên, hãy ngâm 7g gelatin trong 30ml nước lọc và để cho gelatin nở trong khoảng 5 phút. Bạn có thể sử dụng gelatin dạng lá hoặc dạng bột để làm bánh Panna Cotta xoài. Nếu dùng gelatin dạng bột, hãy ngâm nó trong 30ml sữa tươi. | Tiếp theo, trong một nồi, hòa quyện 30g đường, sữa tươi và whipping cream. Đun nhẹ và khuấy đều cho đường tan hoàn toàn. Khi sữa trong nồi bắt đầu bốc hơi và ấm, tắt bếp mà không cần đun sôi. | Thêm gelatin đã nở vào hỗn hợp sữa, khuấy đều. Nếu bạn sử dụng gelatin dạng lá, hãy loại bỏ phần nước ngâm gelatin. Còn nếu bạn sử dụng gelatin dạng bột, hãy cho cả phần sữa ngâm gelatin vào hỗn hợp này. | Sau đó, đổ hỗn hợp sữa và gelatin vào các khuôn đã chuẩn bị trước đó và đặt chúng vào ngăn mát của tủ lạnh. Đợi cho đến khi lớp thạch kem sữa đông hoàn toàn. Thời gian cần thiết để lớp thạch kem sữa đông sẽ khác nhau tuỳ theo kích cỡ của khuôn. | 2. Lớp thạch xoài | Lựa chọn loại xoài chín để sử dụng trong công thức Panna Cotta xoài là quan trọng. Nếu bạn có xoài ngọt, không cần thêm đường vào công thức. Tuy nhiên, nếu xoài có hơi chua, bạn có thể điều chỉnh lượng đường theo sở thích cá nhân. | Tiếp theo, hãy ngâm phần gelatin còn lại để cho nở. | Rửa sạch xoài, gọt vỏ và lấy phần thịt xoài. Cho phần thịt xoài vào máy xay và xay nhuyễn cùng với 50ml nước ấm. Nếu muốn, bạn có thể lọc hỗn hợp này qua rây. | Thêm gelatin vào hỗn hợp sốt xoài và khuấy đều cho gelatin tan rồi để nguội. Nếu sốt xoài nguội trước khi thêm gelatin, bạn có thể đun hỗn hợp này bằng cách sử dụng phương pháp nấu chảy (đun nước xung quanh) để tan gelatin. | 3. Hoàn thành Panna Cotta xoài | Sau khi lớp thạch kem sữa đã đông đặc, bạn tiếp tục đặt phần thạch xoài lên trên và để cho nó nguội. Sau đó, đặt toàn bộ vào ngăn mát của tủ lạnh cho đến khi lớp thạch xoài đông đặc hoàn toàn. Khi đó, bạn đã có một phần Panna Cotta xoài với hương vị chính xác. | Panna Cotta xoài sau khi hoàn thành sẽ có vẻ mềm mịn, thơm mùi xoài. Khi thưởng thức, bạn sẽ cảm nhận được cảm giác tan chảy trong miệng, vị béo ngậy và ngọt thanh hấp dẫn. Đây sẽ là một lựa chọn tuyệt vời cho những ngày hè nóng bức. | Với công thức này, bạn cũng có thể thay thế xoài bằng chanh leo, quả bơ hoặc bất kỳ loại trái cây nào mà bạn yêu thích. | Chúc các bạn thành công và ngon miệng!"
Bánh mì cuộn trứng phô mai thơm ngon hấp dẫn,20 phút,4 người,Dễ,Bánh mì sandwich-3 lát | Trứng-2 quả | Phô mai-3 lát | Xúc xích-3 cây,"Bước 1: | Các bạn cắt bỏ viền bánh mì rồi dùng cây cán bột lăn đều cho bánh mềm và mỏng. | Bước 2: | Các bạn đánh tan trứng với 1 thìa nước nhỏ cùng một chút xíu gia vị nhé! | Bước 3:Tiếp theo,các bạn đun chảo nóng vừa rồi tráng 1 lớp dầu ăn thật mỏng rồiđổ 1 lớp trứng mỏng vào chảo, nhanh tay xếp lần lượt bánh mì, phô mai, xúc xích lên trên | Bước 4: | - Sau đó, các bạn tắt bếp, nhẹ nhàng cuộn cuộn trứng lại. Tiếp sau, bạn bật bếp và lăn đi lăn lại cuộn bánh mì khoảng 1' để lớp trứng chín hoàn toàn. | Bước 5: | - Các bạn làm tương tự với 2 cuộn bánh còn lại. | - Cuối cùng, bạn nhớ đợi cho bánh mì cuộn trứng phô mai nguội khoảng 5 phút rồi hãy cắt để thưởng thức nhé!"
Bánh bao hoa hồng đẹp mắt,55 phút,4 người,Dễ,Bột mì-270 gr | Sữa tươi-140 ml | Đường-75 gr | Muối-1 ít | Bơ chảy-20 gr | Men nở-4 gr,"Sơ chế nguyên liệu | -Dùng dây lọc mắt nhỏ, lọc lại phần bột mì để bột thật mịn. | -Trộn bột mì, men nở, 1 chút xíu muối, đường vào một âu lớn. | Các bước làm | -Các bạn đổ sữa vào một nồi sạch, đun cho sữa hơi ấm ấm. | -Đổ sữa từ từ vào hỗn hợp bột mì, vừa đổ vừa nhào bột đều tay đến khi bột dẻo thành một khối đặc quánh. | -Tiếp theo các bạn cho thêm nước dâu tây vào nhào đều thêm 5 phút. | -Các bạn lấy khăn nhúng nước ấm vắt khô đậy lên bột để bột nở trong vòng 40 phút. | -Sau đó bạn lấy bột ra, nhào lại, dùng gậy cán bột cán mỏng miếng bột, sử dụng khuôn tròn có các kích cỡ khác nhau cắt bột thành phần cánh hoa. | -Xếp 4 khoanh tròn bột liên tiếp nhau. Vo 1 chút bột thành nhị để vào giữa các khoanh tròn rồi cuộn tròn 4 khoanh lại. | -Dùng dao sắc cắt đôi phần bột này lại, ta sẽ có 2 bông hoa hồng. | -Bạn dùng tay bóp nhẹ phần chân hoa để chúng gắn vào nhau, sau đó chỉnh sửa cho cách hoa thật đẹp. | -Đặt bánh lên vỉ hấp, hấp từ 10-15 phút là bánh chín. | -Cuối cùng các bạn lấy bánh ra trang trí bằng lá hoa hồng. | Lưu ý: | -Bạn có thể tạo màu cho cánh hoa bằng cách trôn bột bánh với nước ép cà rốt, nước ép lá dứa | -Không hấp bánh quá lâu, thời gian hấp bánh kéo dài sẽ làm bánh bao hoa hồng bị ướt, nát"
Giá đỗ ở nhà an toàn hợp vệ sinh,60 phút,4 người,Dễ,"đỗ xanh mẩy, không có hạt lép, hạt bị mọt để tránh đỗ không nảy mầm-100 gr | rổ nhựa đế cao khoảng 2 cm trở lên-1 cái | 1 khăn mùi xoa to hoặc 2-3 khăn mùi xoa nhỏ-dụng cụ | khăn bông to-1 cái","Đỗ xanh các bạn rửa sạch với nước 2-3 lần cho hết đất cát, bụi bẩn. Sau đó ngâm ngập trong nước ấm 38 độ từ 8-12 tiếng cho đỗ đủ độ ẩm tích trong hạt. Hạt đỗ đủ nước sẽ thấy có một mầm non nhỏ xíu nhú lên khỏi phần đầu. Khi đó nhẹ nhàng xả hết nước đi, đặt đỗ dưới dòng nước lạnh chảy nhẹ để rửa lại. | Tiếp theo các bạn vò khăn mùi xoa qua nước cho khăn ẩm. Sau đó lót khăn dưới chiếc rổ nhựa đế cao. Dàn đỗ xanh đều lên trên mặt khăn mùi xoa. | Chiếc khăn bông to đem thấm nước, gấp làm 4 lần rồi trùm lên trên dải đỗ xanh trong rổ. Khăn bông và khăn mùi xoa sẽ giữ độ ẩm cả bên trên lần bên dưới, bảo đảm không khí xung quanh hạt đỗ luôn có độ ẩm cao, tạo điều kiện tốt cho hạt nảy mầm. | Sau đó bạn đặt rổ nhựa ra nơi thoáng mát, tránh ánh nắng trực tiếp của mặt trời. Mỗi  ngày xả khoảng 20 lần nước. Thường xuyên kiểm tra độ phát triển, tránh để đỗ bị thối, không lên được mầm. Khoảng ngày thứ 4 là giá của bạn có thể thu hoạch. | Nhẹ nhàng nhấc cả tấm khăn mùi xoa ra, gỡ giá đỗ bám trên mặt khăn rồi rửa lại với nước. | Chúc các bạn thành công với giá dỗ tự làm!"
Chè trái cây đơn giản – Ăn là mê mẩn,50 phút,4 người,Dễ,Dưa hấu-1 miếng | Xoài-1/2 quả | Nho xanh-tùy thích | Thanh long-1/2 quả | Đào-1 quả | Chuối-1 quả | Nấm tuyết-4 tai | Đường phèn-100 gr | Nước lọc-1.5 l,"Bước 1:Các bạn ngâm nấm tuyết cho nở rồi cắt nhỏ ra. Chuẩn bị một nồi nước lạnh, cho một ít đường phèn vào đun với lửa lớn cho sôi, sau đó cho nấm vào rồi đun nhỏ lửa trong khoảng 12-15 phút. | Bước 2:Đào, chuối, nho, thanh long và xoài các bạn bỏ vỏ rồi cắt thành miếng nhỏ. | Bước 3:Dưa hấu, bạn cắt bỏ vỏ rồi cắt thành miếng hạt lựu luôn nhé! | Bước 4:Các bạn lần lượt cho nho, chuối, dưa hấu, xoài, đào, thanh long vào nồi nước đã để nguội, khuấy đều lên rồi múc ra bát thưởng thức. | Bạn có thể cho nồi chè trái cây vào tủ lạnh trong 1-2 tiếng để món chè được ngon nhé!"
Công thức thạch hai màu mát lạnh cho ngày hè nóng bức,60 phút,4 người,Dễ,phần thạch màu xanh- | Lá nếp (dứa)-1 bó | Bột rau câu-1 thìa | Nước lạnh-400 ml | Đường-1/4 bát con | phần thạch màu trắng- | Bột rau câu-1 thìa | Sữa tươi không đường-400 ml | Đường cát trắng-1/4 bát con | phần thạch màu xanh- | Lá nếp (dứa)-1 bó | Bột rau câu-1 thìa | Nước lạnh-400 ml | Đường-1/4 bát con | phần thạch màu trắng- | Bột rau câu-1 thìa | Sữa tươi không đường-400 ml | Đường cát trắng-1/4 bát con,"Bước 1:Các bạn rửa sạch lá nếp hoặc lá dứa rồi thái thành những khúc nhỏ. | Bước 2:Các bạn cho lá vào máy xay, xay thật nhỏ rồi trộn chung với khoảng 200ml nước lọc. | Bước 3:Các bạn lọc bỏ bã lá, lấy nước cốt để làm thạch. | Bước 4:Các bạn trộn chung nước cốt với rau câu, đường và khoảng 200ml. Sau đó, các bạn hoà tan và để khoảng 15 phút cho bột được ngấm. | Bước 5:các bạn đặt nồi lên bếp rồi đun lửa nhỏ, khuấy đều tay cho bột và đường tan đều | Bước 6:Đến phần thạch trắng, các bạn hãy hoà tan đường với sữa tươi, bột rau câu, cũng để 15 phút rồi đun và quấy đều tay. | Bước 7:Khi hai loại bột đã chín, các bạn hãy đổ một phần rau câu màu trắng vào cốc hay bát nhỏ. Tiếp đến, đợi khoảng vài phút khi rau câu hơi se lại thì các bạn đổ tiếp phần rau câu màu xanh lên. Sau đó, các bạn đợi và lại đổ tiếp lớp màu trắng… Đến khi được số lớp như ý muốn của bạn là được. | Bước 8:Đợi rau câu nguội hoàn toàn các bạn cho cốc rau câu vào tủ lạnh từ 2-3 tiếng là dùng được."
Quẩy nóng giòn ngon miệng,60 phút,4 người,Dễ,Bột mì-200 gr | Nước lạnh-108 gr | Dầu lạc-3 muỗng canh | Men nở-2.5 muỗng cà phê | Muối-,"CÁc bạn chuẩn bị 1 tô lớn, Nilon bọc thực phẩm, cán bột và nồi hoặc chảo rán có lòng sâu (đường kính khoảng 24cm), dao, giấy thấm dầu. | Các bước làm | - Bước 1:Các bạn lấy tô, rây hết 200g bột đã chuẩn bị. | - Bước 2:Sau đó các bạn đổ men nở và dầu lạc vào, thêm vào một nhúm muối. | - Bước 3:Bạn rót nước lạnh vào bột từ từ, vừa rót vừa lấy tay trộn đều lên | -Bước 4:Tiếp tục lấy tay nhào bột đến khi bột mềm mịn, hết dính khoảng 3-4 phút. Sau khi nhào xong bột, cứ để bột ở bát, bọc kín bằng nilon bọc thực phẩm và để ở nhiệt độ ngoài trời từ 28-30 độ C trong khoảng 1 giờ. | - Bước 5:Sau đó các bạn lấy giấy nướng đặt lên mặt phẳng, sau đó cho bột lên. Lấy nắm đấm tay ấn bẹp bột, sau đó gấp bột lại, tiếp tục dùng nắm đấm tay ấn bẹp bột, cứ làm như thế trong vòng 5-7 phút. | - Bước 6:Bọc kín bột vào nilon bọc thực phẩm, cho bột vào tủ ngăn đá tủ lạnh qua đêm. | - Bước 7:Các bạn lấy bột ra khỏi ngăn làm đá và để ở nhiệt độ phòng trong vòng 45 phút để bột mềm ra. Sau đó lấy thớt sạch khô, quết 1 lớp dầu lạc đều lên mặt thớt, cho bột lên, lăn thành khối dài khoảng 30cm. | - Bước 8:Lấy cán cán mỏng bột thành hình chữ nhật có chiều ngang khoảng 8-10cm, như thế bột sẽ dày khoảng 0,5cm. | - Bước 9:Các bank cắt bột thành những miếng bột nhỏ rộng 1,5-2cm, dài 6-7cm. Lấy 2 miếng bột xếp chồng lên nhau, lấy 1 que xiên hay sống dao ấn nhẹ cho miếng bột trên dính vào miếng bột dưới. Cứ làm thế cho đến khi hết bột. | - Bước 10:lấy tay kéo dài 2 đầu miếng bột đến khi miếng bột có chiều dài gần bằng với đường kính của chảo (hoặc nồi), sau đó xoắn nhẹ 2 đầu lại. | - Bước 11:Các bạn lấy nồi hoăc chảo rán đặt lên bếp, đổ dầu ngập khoảng 3-4cm, chờ đến khi dầu nóng, sôi thì nhẹ nhành thả quẩy vào. Quẩy lúc đầu chìm trong dầu, sau khi nở phồng sẽ nổi lên trên mặt dầu, lấy đũa nhẹ nhàng lật đi lật lại đến khi quẩy chín vàng cả 2 mặt, nở hết cỡ thì gắp ra để vào đĩa đã lót giấy thấm dầu. | - Khi để bột ở nhiệt độ thường  để bột nở, bạn chú ý là thời gian nở của bột sẽ ngắn hơn nếu trời nóng và lâu hơn nếu trời lạnh nhé, do đó cần canh thời gian cho chuẩn. | - Bạn có thể dùng chảo hoặc nồi bé hơn, nhưng nhớ là phải kéo dài bột làm quẩy cho gần bằng đường kính chảo hoặc nồi nhé. | - Trước khi rán quẩy lửa nên để ở nhiệt độ mà dầu nóng sôi nhưng không bốc khói . | - Nếu bạn có mỡ nước thì nên dùng thay cho dầu ăn để rán quẩy nhé, chiên bánh trong mỡ nước bánh sẽ giòn, xốp và béo hơn là dùng dầu ăn thường đấy. | - Quẩy có thể bảo quản trong tủ lạnh 2-3 ngày"
Món cánh gà xào húng quế cay xè kiểu thái,60 phút,4 người,Dễ,"Cánh gà-400 gr | Lá húng quế, tỏi, ớt-nguyên liệu | Nước mắm, xì dầu, đường-gia vị","Bước 1:Các bạn chặt cánh gà thành những miếng nhỏ | Bước 2:Các bạn băm nhỏ tỏi rồi phi thơm. | Bước 3:Các bạn cho cánh gà vào xòa chung với tỏi | Bước 4:Các bạn cần nêm thêm ớt, xì dầu, nước mắm và đường cho vừa ăn nhé! | Bước 5:Các bạn cho húng quế vào xào chung là xong"
Sườn chua ngọt ngon cơm,60 phút,4 người,Dễ,"Sườn non-400 gr | Hành tây-1 củ | Ớt chuông-3 quả | trứng-1 quả | rau thơm, ớt-trang trí | đường, muối, tiêu, tỏi, tương, giấm, hạt nêm, bột năng-gia vị","-              Trứng các bạn tách lấy lòng trắng | -              Sườn bạn chặt miếng vừa ăn | -             Tiếp theo các bạn ướp sườn với 1 muỗng đường, ½ muỗng muối, ½ muỗng bột ngọt, nước tương, tiêu, hành băm khoảng 10 phút cho ngấm gia vị. | -              Sau đó các bạn trộn lòng trắng trứng, rắc bột năng bên ngoài. | Bước 2:bạn cho dầu ăn vào chảo, đun nóng dầu rồi đổ sườn vào chiên vàng, rồi vớt ra cho ráo dầu | Bước 3:pha nước sốt sườn: cho ½ muỗng dấm gạo, 1 muỗng đường, ½ muỗng nước tương, 1 muỗng hạt nêm, ½ chén nước, 1 muỗng tương cà, khuấy đều. có thể cho thêm ớt băm. | Bước 4:các bạn phi thơm tỏi, cho sườn và nước sốt vào, để lửa vừa, ban đầu đảo đều tay rồi để lửa liu riu cho ngấm trong 10 phút. | Sau đó các bạn cho hành tây, ớt chuông đã xào vào, nêm nếm vừa ăn. | Cuối cùng là múc sườn ra đĩa, rắc rau thơm lên trên. | -               Sườn non nên lấy chỗ có dính nhiều nạc và sụn. | -              Nước sốt có thể pha theo khẩu vị của bạn tuỳ ý nhưng nên đảm bảo độ mặn, chua, ngọt dịu. | -              Đun nước sốt sền sệt, quyện dính sẽ tăng độ hấp dẫn."
Thạch phô mai thơm ngon hấp dẫn,60 phút,4 người,Dễ,Bột argar hoặc bột làm thạch-tùy thích | Phô mai con bò cười-tùy thích | Siro (mùi vị tuỳ thích)-tùy thích | Đường-tùy thích | Khuôn hoặc khay làm đá-tùy thích,"Bước 1:Các bạn hòa siro vào với nước. Ở đây, nếu bạn thích ăn thạch ngọt nhiều thì cho thêm đường nhé! | Bước 2:Các bạn cho bột argar vào ngâm cùng nước ở trên. Các bạn chú ý đọc hướng dẫn sử dụng trên bao bì để cho tỉ lệ bột và nước đúng nhé! | Nếu thích ăn thạch giòn thì bạn dùng bột argar, còn thích thạch dẻo thì dùng bột làm thạch hoặc nếu thích thạch mềm thì dùng gelatine. | Bước 3:Các bạn xếp phô mai vào khuôn thạch. Các bạn nên mua loại phô mai miếng vuông để có thể cắt và xếp khuôn cho đẹp | Bước 4:Bạn đun hỗn hợp thạch trên lửa nhỏ cho sôi rồi để nguội khoảng 5'. | Bước 5:Bạn chia đều thạch vào khuôn. | Bước 6:Các bạn có thể làm thêm các vị thạch khác cho ngon nhé! Vì phần nhân có phô mai béo nên các bạn chú ý chọn thạch vị chua hoặc dùng cafe cho ngon. | Bước 7:Cuối cùng các bạn để thạch vào ngăn mát của tủ lạnh khoảng 30' hoặc đến khi thạch đông lạị là xong!"
Hoa quả dầm (trái cây dầm) thơm ngon mát rượi,25 phút,4 người,Dễ,Mít-150 gr | Lê-250 gr | Dưa hấu-300 gr | Dâu tây-300 gr | Xoài-400 gr | Vải-12 quả | sữa tươi không đường-220 ml | Đá bào-500 gr,"1. Cách làm hoa quả dầm (trái cây dầm) sữa tươi | Sơ chế nguyên liệu: | - Mít các bạn tách múi, bỏ hạt, thái sợi chỉ. | - Lê các bạn gọt bỏ, bỏ hạt và phần cùi ở giữa, thái hạt lựu. | - Dưa hấu các bạn cũng gọt vỏ, bỏ luông phần cùi trắng, bỏ hạt, cắt thành miếng vừa ăn. | - Dâu tây rửa sạch, thái làm đôi. | - Xoài bạn gọt vỏ, thái hạt lựu bằng lê. | - Vải bỏ vỏ và hạt. | Các bước làm: | - Trái cây đã được chuẩn bị thì bạn chia chúng thành những phần bằng nhau cho vào 4 ly, tùy ý bạn sắp xếp loại trái cây nào vào trước vào sau, miễn sao nhìn nó hài hòa về màu sắc để món ăn trông hấp dẫn. | - Sau đó bạn cho tiếp mỗi ly 4 thìa sữa tươi không  đường và 2 thìa sữa đặc. | - Cuối cùng các bạn cho đá bào vào ly trái cây và thưởng thức, tùy sơ thích của bạn mà lượng đá bào cho vào nhiều hay ít bạn nhé. | Lưu ý: | - Bạn có thể rắc dừa khô lên trên mỗi ly. | - Bạn có thể ăn ngay hoặc làm xong thì bỏ vào tủ lạnh, dùng nilon bọc thực phẩm bọc kín lại, đến khi nào ăn thì bỏ đá bào vào là có thể thưởng thức. | 2. Cách làm hoa quả dầm sữa chua | Nguyên liệu chuẩn bị | 1 hộp sữa chua có đường | 1/4 trái dưa hấu | 8 trái nho | 1 trái xoài chín | 1/2 trái thanh long | 1 trái táo | 1 trái lê | 2 muỗng canh sữa đặc | 4 muỗng canh siro dâu | Các bước thực hiện làm hoa quả dầm sữa chua | Bước 1: Tiến hành sơ chế các loại quả. Đầu tiên, lấy dưa hấu và gọt vỏ, sau đó cắt thành những miếng vuông nhỏ. Bạn có thể lựa chọn loại bỏ hạt để tăng tính thẩm mỹ. Tiếp theo, rửa sạch nho, tách cuống và cắt đôi. Nếu bạn chọn nho có hạt, hãy loại bỏ hạt trước. Với xoài và thanh long, lột vỏ và cắt theo chiều dọc thành những miếng vuông nhỏ vừa ăn. | Bước 2: Trải qua bước cuối cùng, hãy xếp các loại trái cây lên tô lớn theo từng lớp. Tuân thủ quy tắc: lớp trái cây, sau đó là lớp sữa chua. Làm xen kẽ cho đến khi hết nguyên liệu. Trên bề mặt, rưới đều siro dâu theo lượng mong muốn. Để tăng hương vị, hãy để tô hoa quả dầm trong ngăn mát khoảng 30 phút trước khi thưởng thức. Trước khi ăn, hãy trộn đều để tận hưởng hương vị ngọt ngào của hoa quả dầm sữa chua, một món tráng miệng thú vị cho những ngày hè nóng bức. | 3. Cách làm hoa quả dầm sữa đặc | Nguyên liệu chuẩn bị | 1 quả dứa nhỏ | ⅓ trái dưa hấu | 1 quả xoài chín | 10 quả nhãn | 10 múi mít đã bỏ hạt | 200ml sữa tươi không đường | 100ml sữa đặc | Các bước thực hiện | Bước 1: Khi mua dứa, hãy chọn những quả đã được loại bỏ vỏ và mắt dứa để tiết kiệm thời gian. Sau khi mua về, chỉ cần rửa sơ lại với nước và cắt thành từng miếng vừa ăn. Đối với hoa quả dầm sữa đặc này, cắt nhỏ các loại trái cây. Bạn có thể bỏ vỏ dưa hấu và chia thành từng miếng nhỏ tùy theo sở thích. Lê và xoài cũng cắt thành từng ô vuông vừa ăn. Mít sau khi tách hạt, có thể cắt làm đôi hoặc chia thành từng sợi dài và đều nhau. | Bước 2: Tiếp theo, hãy cho các loại trái cây vào một tô lớn. Sau đó, thêm lượng sữa tươi và sữa đặc đã chuẩn bị vào tô. Trộn đều tay để các thành phần kết hợp. Bạn có thể điều chỉnh lượng sữa theo khẩu vị cá nhân. Nếu muốn, bạn có thể thêm đá viên hoặc để tô vào ngăn mát tủ lạnh khoảng 30 phút để làm món hoa quả dầm thêm ngon."
Món nghêu nướng ốc luộc đơn thơm ngon hấp dẫn,60 phút,4 người,Dễ,"Nghêu, bơ, tỏi bằm, tiêu.-nguyên liệu | Ốc, vài lá chanh-nguyên liệu | Nước mắm sả ớt ăn kèm-nguyên liệu","Nghêu nướng bơ tỏi | Nghêu mua về các bạn ngâm rửa sạch, dùng dao tách vỏ rửa qua nước lạnh cho sạch cát bên trong. | Sau đó các bạn cho lên vỉ nướng , múc một chút bơ và chút tỏi cho lên nghêu. | Cho vào lò nướng khoảng 5 phút nhiệt độ 200 độ C. | Nghêu chín các bạn lấy ra thêm tiêu và chút muối ăn nóng | Ốc hấp lá chanh | Ốc mua về các bạn ngâm qua nước lạnh , xóc rửa cho sạch. | Sau đó các bạn cho vào nồi với lá chanh, thêm chút xíu nước. Hấp khoảng 2 đến 5 phút ốc chín | Cách pha nước mắm sả: | Các bạn pha 2 muỗng canh nước ấm, 1 muỗng canh nước mắm, 1 muỗng canh đường cho tan. | Thêm 1 muỗng canh chanh, sả, ớt bằm nhuyễn tùy khẩu vị mà thêm hay bớt lượng sả cũng như chanh. | Nêm nếm cho chua chua ngọt ngọt là được. | Lấy ra ăn kèm với nước mắm sả ớt chua ngọt. | Chú ý: | Nếu không thích tách vỏ nghêu khi còn sống có thể cho vào lò vi sóng bấm 10 đến 30 giây. Nghêu sẽ há vỏ. | Khi làm nước mắm nên quậy cho tan đường và nước sau đó cho nước mắm vào. Tiếp đó hãy cho chanh và tỏi/gừng, ớt như thế ớt tỏi sẽ nổi lên trên trông đẹp hơn."
Món tôm xiên dứa nướng đơn giản cực ngon tại nhà,60 phút,4 người,Dễ,"nước xốt Teriyaki-120 ml | Tỏi-nửa củ | gừng tươi-15 gr | Đường cát trắng-15 gr | Ớt khô-1 thìa cà phê hoặc bạn có thể thay bằng ớt tươi | Chanh-nửa quả | Hành lá-2 nhánh | Dứa canh ngọt-1 trái | Tôm-900 gr | Thịt xông khói-450 gr | Muối, tiêu-tùy thích | Que tre thân nhỏ để xiên nguyên liệu.-nguyên liệu","-        Gừng, tỏi và hành lá các bạn băm nhỏ | -        Tôm các bạn rửa sạch, bỏ vỏ, bỏ chỉ đen. Sau đó, bạn ướp tôm với một tẹo muối và hạt tiêu. | -        Thịt xông khói các bạn thái lát mỏng như hình rồi cắt làm đôi. | -        Dứa xanh các bạn gọt sạch vỏ, cắt mắt dứa, bỏ lõi dứa và thái miếng nhỏ dài hơn con tôm chỉ chút xíu thôi | -        Que tre các bạn ngâm với nước để cho que mềm, không bị giòn gãy và không bị cháy khi nướng. | -        Bạn đổ nước xốt teriyaki ra bát, trộn thêm gừng băm, hành lá băm và bột ớt vào khuấy đều rồi bạn cho thêm đường cát trắng và tỏi băm vào nữa là xong phần nước xốt. | -        Tiếp theo, bạn lấy một con tôm, đặt một miếng dứa lên trên con tôm, sau đó bạn dùng một miếng thịt xông khói cuộn chặt tôm và dứa lại, lấy một que tre xiên các nguyên liệu lại với nhau là xong. | -        Bạn làm tương tự như vậy cho đến khi hết nguyên liệu nhé. | -        Các bạn đặt các xiên tôm dứa lên vỉ nướng, sau đó bạn dùng chổi quết phần nước xốt lên từng xiên tôm dứa. Bạn chú ý quết nước xốt thật đều và kín hết các mặt của que xiên như vậy khi chín mới có màu đẹp mắt. | -        Bạn cho các vỉ nướng vào lò nướng ở nhiệt độ khoảng 180-200 độ C, bạn nướng trong 10-12 phút là có thể lấy các xiên tôm ra ngoài. | -        Trình bày ra đĩa và ăn nóng luôn mới ngon bạn nhé. Bạn có thể chấm món ăn với tương ớt, hay xốt mayonnaise. | -        Ngoài cách nướng bằng lò thì các bà mẹ có thể nướng bằng than hoa đều được nhé. | -        Trong lúc nướng bạn chú ý đến màu sắc của món ăn và nhớ lật mặt còn lại của xiên thịt lên để xiên tôm dứa chín đều nhé. | -        Dứa bạn chọn những loại dứa đã chín ương mặc dù vỏ ngoài màu xanh nhưng bên trong dứa lại rất ngọt. Như vậy, dứa mới không bị nát, quá mềm khi nướng. | -       Gừng, tỏi các bạn nên xay nhuyễn như vậy phần nước xốt gần như được hòa tan các nguyên liệu phụ, khi nướng tỏi và gừng sẽ không bị cháy, không gây đắng. | Chúc các bạn thành công và ăn ngon miệng với món tôm xiên dứa nướng!"
Sườn rim chua ngọt ngon mê ly cho bữa cơm nhà,60 phút,4 người,Dễ,"Sườn non-700 gr | Trứng gà-1 quả | Ớt sừng-10 gr | Hành tím-10 gr | Tỏi-10 gr | Tương ớt-1.5 muỗng canh | Tương cà-1.5 muỗng canh | Nước tương-5 muỗng cà phê | Giấm-2 muỗng cà phê | Bột bắp-2 muỗng canh | Dầu ăn-50 ml | Gia vị-Muối, đường, hạt nêm, bột ngọt, tiêu","1. Sơ chế nguyên liệu | Sơ chế sườn: Sử dụng muối hoặc chanh để chà xát mặt thịt của sườn heo. Sau đó, rửa sườn lại với nước sạch để loại bỏ muối hoặc chanh trên bề mặt, sau đó để ráo. Tiếp theo, chặt sườn thành các miếng nhỏ vừa ăn. | Trụng sườn: Chuẩn bị một thau hoặc nồi lớn, đổ nước sôi vào thau sao cho mặt sườn được ngập trong nước. Trụng sườn trong nước sôi khoảng 5 - 10 phút, sau đó vớt sườn ra và xả sạch bằng nước lạnh để loại bỏ cặn bẩn. | Rửa và để ráo: Xả sườn bằng nước sạch để loại bỏ bất kỳ tạp chất nào còn lại trên bề mặt. Sau đó, để sườn ráo trong một chỗ khô thoáng. | 2. Ướp và chiên sườn | Chuẩn bị gia vị: Trong một tô, trộn đều 1/3 muỗng cà phê muối, 2 muỗng cà phê hạt nêm, 1/3 muỗng cà phê bột ngọt, 1 muỗng cà phê nước tương, 1 muỗng canh đường, 1/3 muỗng cà phê tiêu xay, 5g tỏi băm và 10g hành tím băm. | Ướp sườn: Đặt sườn vào một tô và rắc đều gia vị đã chuẩn bị lên sườn. Đảo đều để sườn thấm đều gia vị. Ướp sườn trong khoảng 15 - 20 phút để gia vị thấm vào sườn đều. | Chuẩn bị hỗn hợp bột áo: Đập 1 quả trứng gà và tách lấy lòng trắng. Hòa lòng trắng trứng với 2 muỗng canh bột bắp. | Áo sườn bằng hỗn hợp bột áo: Cho hỗn hợp bột bắp và lòng trắng trứng vào tô chứa sườn. Trộn đều để bột áo phủ đều lên sườn. | Một gợi ý nhỏ: Ướp thịt với lòng trắng trứng gà và bột bắp giúp sườn khi chiên có màu vàng đẹp và trở nên giòn hơn. | Chiên sườn: Đặt một chảo lên bếp và đổ dầu ăn vào chảo. Chờ đến khi dầu ăn nóng, sau đó đặt phần sườn đã được áo bột vào chảo và chiên ở lửa vừa. Chiên sườn cho đến khi sườn chín vàng và cạnh sườn trở nên giòn. Sau đó, vớt sườn ra khỏi chảo để ráo dầu. | 3. Rim sườn | Đổ bớt dầu từ chảo, giữ lại một ít dầu và cho tỏi vào phi thơm. | Thêm 10g ớt sừng băm nhuyễn và toàn bộ phần sốt đã pha trước đó vào chảo. Tiếp theo, đổ 50ml nước lọc vào tô chứa nước sốt, tráng đều rồi đổ vào chảo. Đun nước sốt cho đến khi hỗn hợp sôi lên và hơi sánh lại. | Rim sườn ở lửa nhỏ trong khoảng 5 phút cho đến khi nước sốt sánh kẹo lại và sườn ngấm đều gia vị. Sau đó, tắt bếp. | Bày sườn ra đĩa và trang trí để tạo thành một món ăn đẹp mắt. | 4. Thành phẩm | Món sườn rim chua ngọt dễ thực hiện, với các nguyên liệu đơn giản và dễ tìm kiếm. Tuy nhiên, hương vị của nó lại vô cùng thơm ngon và hấp dẫn, tạo cảm giác thèm thuồng khiến bạn muốn ăn thêm. Mỗi miếng sườn thấm đầy hương vị, kết hợp với sốt chua chua, ngọt ngọt, tạo ra một cảm giác kích thích vị giác tuyệt vời khi ăn kèm cơm."
Canh cua mồng tơi ngon mát cho mùa hè,40 phút,4 người,Dễ,Cua đồng-300 gram | Rau mồng tơi-300 gram | Hành tím-2 củ | Dầu ăn-2 muỗng canh | Nước mắm-1 muỗng canh | Muối-Một ít,"1. Sơ chế của đồng | Đầu tiên, bắt đầu với 300 gram cua đồng, hãy sử dụng tay để tách bỏ mai và yếm, sau đó rửa cua một vài lần với nước cho sạch và để ráo. Đồng thời, lấy muỗng để gạch cua từ yếm cho vào một chén riêng. Tiếp theo, chuẩn bị máy xay sinh tố và đổ số cua đồng đã để ráo cùng 300ml nước lọc vào máy, sau đó xay nhuyễn hỗn hợp trong khoảng 3 phút ở mức vừa. | Khi thấy hỗn hợp đã nhuyễn, tắt máy và sử dụng rây để lọc phần xác cua, chỉ giữ lại nước riêu cua để sử dụng trong chế biến. | 2. Sơ chế nguyên liệu khác | Tiếp theo, với 300 gram rau mồng tơi, bạn hãy nhặt lấy các lá non và đồng thời loại bỏ những lá dập úng hoặc héo úa. | Sau đó, ngâm rau mồng tơi trong nước muối pha loãng trong khoảng 10 phút, sau đó rửa lại 1-2 lần với nước để làm sạch và để ráo. Sau đó, sử dụng dao để cắt rau thành khúc dài khoảng 1-2 phần ngón tay. | Cuối cùng, lột vỏ hành tím và băm nhuyễn nó. | 3. Xào gạch cua | Sau khi chuẩn bị xong nguyên liệu, hãy đặt một chảo lên bếp và thêm 1 muỗng canh dầu ăn, sau đó đun chảo với lửa vừa. Chờ đến khi dầu nóng, bạn hãy cho hành tím đã băm nhuyễn vào chảo và phi thơm trong khoảng 3 phút. | Tiếp theo, thêm chén gạch cua vào chảo và sử dụng sạn dẹt để xào đều trong khoảng 3-5 phút, cho đến khi thấy gạch cua trở nên hơi sánh và đặc. Khi đó, bạn có thể tắt bếp. | 4. Nấu canh | Khi vô tình chạm mắt, tô canh cua mồng tơi đã tỏa sáng với màu sắc bắt mắt từ riêu cua và sự tươi tốt của rau xanh, nhanh chóng thu hút mọi người! | Đặc biệt, riêu cua mềm mịn và ngọt ngào, kết hợp với hương vị tươi ngon của rau và nước dùng đậm đà, thực sự là một món ăn không thể thiếu trên bàn cơm!"
Thịt lợn mán tái chanh thơm ngon ngọt,60 phút,4 người,Dễ,Thịt lợn mán (Chọn phần thịt vai hoặc thịt đùi)-500gr | Gừng-1 nhánh | Sả-2 cây | Vừng trắng rang vàng-3 thìa | Dầu vừng-1 thìa | Chanh-1/2 quả | Đường-1 thìa | Bột canh-1 thìa | Chuối xanh-1 quả | Khế chua-1 quả | Ớt-Tuỳ thích | Giấm-2 thìa | Muối-1 thìa,"Gừng và 2 củ sả đập dập chia thành 2 phần, 1 củ sả còn lại băm nhỏ. | Chuối xanh lột vỏ, cắt lát mỏng, ngâm vào nước pha muối và giấm cho đỡ bị thâm rồi để ráo. Khế chua rửa sạch, cắt lát. Vừng rang vàng. | Thịt lợn rửa sạch, dùng dao cao sạch phần bì. Đun sôi nước, thả một phần gừng, sả vào rồi cho thịt vào trần trong khoảng 2-3 phút để loại bỏ các chất bẩn và mùi hôi của thịt, sau đó rửa sạch lại với nước. | Hấp thịt với chỗ gừng và sả còn lại cho tới khi chín (mất khoảng 10-15 phút sau khi nước sôi, các bạn dùng đũa châm không thấy nước đỏ chảy ra là thịt chín). Gắp thịt ra thả vào bát nước đá ngay cho thịt trắng và mềm. | Dùng dao sắc thái thịt lợn mán đã luộc thật mỏng, cho vào tô. | Vắt nửa quả chanh vào tô, thêm đường, muối, dầu vừng, 1/2 chỗ vừng rang, ớt thái nhỏ vào, dùng găng tay trộn đều. Sau khi trộn xong các bạn có thể nêm nếm lại gia vị cho vừa miệng rồi xếp thịt ra đĩa, rắc chỗ vừng còn lại lên trên là ta đã làm xong món thịt lợn mán tái chanh. Các bạn ăn thịt lợn mán tái chanh cùng với khế chua và chuối xanh không thôi cũng ngon, nếu thích, các bạn có thể chấm tương gừng ăn cũng siêu hợp vị nhé."
Xôi cốm dẻo thơm ngon khó chối từ,2 giờ 00 phút,4 người,Dễ,Cốm-300g | Đỗ xanh-100g | Dừa tươi-50g | Đường kính trắng-4 thìa cà phê | Dầu ăn-2 thìa,"Bước 1:Đậu xanh ngâm trong nước nóng 2h rồi đãi sạch, để ráo nước, trộn với 1/3 thìa cà phê muối để trong chiếc chén con. Nếu là đỗ xanh chưa bỏ vỏ thì bạn nên ngâm trước đó 3h rồi đãi sạch vỏ đi nhé. | Bước 2:Cho đỗ xanh vào nồi hấp và hấp cho đến khi chín. Nếu không có xoong hấp bạn có thể cho vào nồi cơm điện và nấu như cơm. Không nên cho nhiều nước, khi đỗ sôi sẽ trào nước ra nồi. | Khi đậu chín thì cho vào cối giã nhuyễn hoặc nghiền bằng thìa. | Bước 3:Trộn cốm với 2 thìa dầu ăn, rồi cho vào hấp. Khi hấp bạn nên cho lửa liu riu, đợi trong 5-7 phút là cốm chín. | Bước 4:Lấy cốm đã chín và trộn với 2 thìa đường trắng, rồi đem hấp lại trong 5 phút. | Bước 5:Dừa nạo thành sợi ướp với chỗ đường còn lại, để trong 20 phút. | Cho 1 chút dầu ăn vào chảo, để lửa nhỏ cho dừa tươi ướp đường vào xào cho săn lại. Bạn có thể nhận thấy dừa săn lại là khi đường cô lại, bám chặt vào từng sợi dừa, tuy nhiên bạn không nên để quá lửa để dừa bị cháy có màu vàng nhìn sẽ không đẹp mắt. | Bước 6:Đổ xôi ra một cái khay rộng rồi trộn đều xôi cốm với dừa và đậu xanh đã giã nhuyễn. | Để có hình thức bắt mắt bạn có thể trải lá sen hoặc lá chuối lót dưới đĩa hay mẹt nhỏ rồi hãy đổ xôi cốm lên. | Chúc bạn và gia đình thành công với cách nấu xôi cốm thơm ngon hấp dẫn này!"
Bún bề bề ngon tại nhà,50 phút,4 người,Dễ,"Bề bề-500 gr | Bún tươi-1 kg | Xương đuôi lợn-400 gr | Đậu phụ-3 bìa | Rau cần-1 mớ nhỏ | Cà chua-2 quả to | Nguyên liệu-Hành hoa, mùi tàu (hoặc thì là), hành khô | Gia vị-Tương ớt, chanh, mắm, hạt nêm.","Sơ chế nguyên liệu: | Bước 1:Xương đuôi lợn các bạn rửa sạch, cho vào nồi, đổ ngập nước, đun sôi trong 3-4 phút rồi chắt bỏ nước luộc xương, rửa vài lần với nước lã cho sạch bọt bẩn. Sau đó bạn cho xương trở lại nồi, đổ nước, ninh nhừ xương để làm nước dùng. | Bước 2:Bề bề các bạn cho vào rổ, xóc đều dưới vòi nước chảy để rửa sạch. Cho bề bề vào nồi, thêm 1 mẩu gừng và 1 củ hành đập dập, cho nồi bề bề lên bếp, luộc chín bề bề. | Bước 3:Các bạn dùng kéo cắt bỏ đầu và 2 bên mép dọc thân bề bề, bóc bỏ phần vỏ cứng của bề bề, lột lấy phần thịt bề bề. | Bước 4:Đậu phụ các bạn cắt miếng nhỏ, rán chín vàng các mặt. | Bước 5:Rau cần các bạn nhặt rửa sạch, để ráo nước rồi thái khúc ngắn. | Cách nấu | Bước 1:Hành khô các bạn thái mỏng, cho vào chảo dầu vừa rán đậu, phi cho hành bắt đầu chuyển màu hơi vàng thì vớt ngay ra. | Bước 2:Phần đầu và vỏ của bề bề các bạn đem giã (hoặc xay) nhỏ, lọc lấy nước cho vào nồi nước ninh xương. | Bước 3:Các bạn chần bún qua nước nóng rồi cho vào từng bát to. Rau cần cũng đem chần trong nồi nước dùng cho chín tới, rồi đem xếp lên 1 góc của bát bún. | Bước 4:Các bạn gạn bớt dầu ăn vừa phi hành ra bát, cho cà chua thái miếng vào xào cho cà chua chín, dùng thìa dằm nhuyễn. Các bạn đổ cà chua đã xào chín vào nồi nước dùng. Nêm mắm, gia vị hạt nêm cho vừa miệng. | Bước 5:Cuối cùng các bạn xếp đậu rán vàng, hành, mùi tàu (hoặc thì là) thái nhỏ, bề bề, hành phi vào bát bún rồi chan nước dùng vào bún bề bề và thưởng thức. | Lưu ý: | Khi luộc bề bề bạn không cần cho nước vì nước trong bề bề sẽ tự ra | Đậu phụ bạn nên chọn đậu non thì khi chiên thì vỏ ngoài vàng mà bên trong vẫn mềm mịn. | Bạn chú ý vớt hành ra khi hành bắt đầu chuyển màu vàng nhé"
Bánh xốp nhân oreo độc đáo,60 phút,4 người,Dễ,"Bơ-100 gr | Đường nâu-50 gr | Đường cát-40 gr | Trứng-1 quả | Bột mì-215 gr | Bột nổi-5 gr | Một ít muối, vanilla, chocolate chip,Bánh oreo-tùy thích","Bước 1:Các bạn cho bơ vào 1 tô lớn, đun chảy rồi thêm đường vào và dùng máy đánh trứng đánh đều. | Bước 2:Tiếp theo các bạn cho trứng vào tô và tiếp tục đánh đến khi thu được một hỗn hợp mịn mượt. | Bước 3:Giờ thì các bạn rây bột mì vào tô rồi cho bột nổi, một ít muối và vanilla vào trộn đều.- Kế tiếp, bạn cho chocolate chip vào trộn đều với hỗn hợp bột nhé. | Bước 4:Khi hỗn hợp bột quyện đều, các bạn ngắt bột thành các viên nhỏ đều nhau. | Bước 5:các bạn dùng tay ấn dẹt 1 viên bột, đặt bánh oreo vào và dùng 1 viên bột khác phủ lên trên. Sau đó, các bạn dùng tay miết viền mép lại cho kín và vê tròn phần vỏ tạo hình cho bánh nhé. | - Làm tương tự với chỗ bột và bánh oreo còn lại. | - Cuối cùng, bạn đặt bánh vào khay và đem nướng ở 180 độ C trong vòng 15 phút là được."
Spaghetti trong ly độc đáo,60 phút,4 người,Dễ,Hoành thánh hoặc sủi cảo-6 lá | Sốt spaghetti thịt bò-100 gr | Mì spaghetti-200 gr | Phô mai sợi-50 gr | Tỏi băm-2 tép,Bước 1:Các bạn cho hoành thánh vào khuôn và nướng 8-10 phút ở 180 độ C. | Bước 2:Các bạn luộc mì rồi để ráo nước. | Bước 3:Tiếp theo các bạn trộn mì vào với sốt và tỏi. | Bước 4:Các bạn gắp mì cho vào lá hoành thánh rồi rắc phô mai lên trên. | Bước 5:Sau đó các bạn đem nướng 5 phút ở 180 độ C là được
Trứng muối dễ dàng tiện lợi tại nhà,60 phút,4 người,Dễ,Trứng vịt-19 quả | Nước-1.5 l | Muối-300-400 gr | Rượu-80 ml | Rượu để ngâm trứng-tùy thích | Lọ chứa thủy tinh dung tích 3 lít-1 cái,"Bước 1:Trứng sau khi mua về các bạn rửa sạch rồi để ráo nước. | Bước 2:Tiếp theo các bạn đổ 1,5 lít nước vào nồi, thêm muối vào đun sôi, vừa đun vừa khuấy để muối tan hết rồi tắt bếp, để nguội. | Bước 3:Các bạn lau khô trứng rồi cho vào thố rượu ngâm khoảng 1 giờ. | Sau đó các bạn xếp trứng vào lọ thủy tinh sạch, đổ phần nước muối đã để nguội cùng 80ml rượu vào. | Bước 4:Đậy kín nắp và để ở nơi có ánh sáng mặt trời từ 35-45 ngày là bạn đã có món trứng muối ngon tuyệt"
"Cơm cháy chà bông đơn giản, thơm ngon tại nhà",50 phút,4 người,Dễ,"Cơm-nấu không khô cũng không quá ướt | Hành phi-Vừa đủ | Gia vị-Mắm, đường, bột nêm.... | Hành tươi-Vừa đủ | Ruốc thịt-Vừa đủ","Bước 1:Các bạn cho cơm đã nguội bỏ vào chảo chống dính, ép mỏng, để lửa nhỏ và đều sao cho cơm cháy vừa tới, có mùi thơm của cơm cháy. | Bước 2:Khi cơm có một lớp xém bên dưới, các bạn tắt lửa, lấy cẩn thận miếng cơm ra khỏi chảo. Bỏ vào thớt cắt thành miếng vuông vừa miệng. | Bước 3:Sau đó các bạn đem cơm cháy ra phơi dưới nắng tới khi nào cơm khô, miếng cơm đã cắt cong lên. | Bước 4:Các bạn làm nóng chảo, cho nhiều dầu, khi nào dầu già thì bỏ cơm cháy đã phơi khô vào chiên vàng đều. Khi đã vàng đều vớt ra cho vào giấy thấm dầu | Bước 5:Tiếp theo các bạn đun sôi một muỗng canh nước, cho một thìa cà phê đường, một muỗng canh nước mắm, ớt băm nhỏ, và dầu phi hành. Đun nhỏ lửa cho sôi và đổ ra bát. | Bước 6:Các bạn sắp cơm ra đĩa, rưới nước dùng lên, rắc hành phi, hành lá, ruốc thịt. | Chúc các bạn thành công và ngon miệng!"
Chè đậu đỏ nước cốt dừa giải nhiệt mùa hè,1 giờ 5 phút,4 người,Dễ,Đậu đỏ-300 gr | Đường cát trắng-250 gr | Bột đao hoặc bột sắn dây-10 gr | Nước cốt dừa-1 lon,"Bước 1: sơ chế nguyên liệu | -        Đậu đỏ các bạn ngâm với nước khoảng 6-8 tiếng đồng hồ. | Bước 2: các bước thực hiện | -        Đậu sau khi đã ngâm xong, các bạn sẽ thấy nở to và mềm hơn mà chúng ta có thể bẻ làm đôi được. Các bạn vớt đậu ra cho ráo nước. | -        Sau đó các bạn cho đậu vào nồi áp suất, cho nước ngập đậu một chút vào khoảng 1 lít nước. Bạn cho thêm một chút xíu muối, rồi đun đậu khoảng 30-40 phút. | -        Để kiểm tra đậu đã nhừ chưa, bạn lấy một chiếc thìa vớt một hạt đậu, bạn thử dặm hạt đậu ra nếu đậu nát nhuyễn thì đậu đã được rồi đó. | -        Tiếp theo, bạn cho đường vào đun cùng, khuấy đều cho đường tan hết, để nồi ở chế độ nấu. | -        Sau đó các bạn hòa tan bột năng hoặc bột sắn dây, sau đó bạn đổ từ từ vào nồi đậu. Bạn khuấy đều tay để bột tan hết. khi nồi đậu sôi lại một lần nữa, bột trong không vón cục là bạn có thể tắt nồi đun được rồi đó. | -        Bạn múc chè ra từng bát nhỏ và đổ nước cốt dừa lên trên và thưởng thức | Lưu ý: | -       Các bạn thấy chè còn loãng mà lai thích ăn đặc hơn thì bạn cho thêm lượng bột vào chè. Nhưng bạn nhớ phải hòa tan trước nhé. | -        Nếu bạn không có nồi áp suất, bạn hãy sử dụng nồi cơm điện để đun đậu, tuy hơi lâu một chút nhưng đậu vẫn chín bở và rất ngon. | -        Các bạn có thể trộn chè với sữa chua, đảm bảo món chè sẽ ngon hơn gấp nhiều lần đấy. | -        Đậu đỏ: các bạn chọn loại hạt vừa phải không chọn loại quá to ăn sẽ không ngon. Chọn loại hạt mới không mua hạt đã cũ để lâu, màu đỏ tươi đẹp, không sâu mọt, không có mùi hôi."
Trứng nướng khoai tây-món ngon vừa lạ vừa quen,60 phút,4 người,Dễ,"Khoai tây củ to-6-8 củ | Trứng gà-12 quả | Khuôn cupcake-1 khuôn 12 ô | Muối, tiêu, dầu ăn-nguyên liệu","Bước 1:Các bạn nướng chín khoai tây, gọt vỏ và bào sợi nhuyễn. Sau đó các bạn cho thêm một chút muối và tiêu vào phần khoai tây bào này cho đậm đà | Bước 2:Các bạn tráng một lớp mỏng dầu ăn vào khuôn bánh. Nếu bạn không có chai xịt dầu ăn thì ta có thể thay thế bằng cách dùng chổi cọ quét cũng được. | Bước 3: Sau đó các bạn cho khoai tây bào sợi vào từng ô trong khuôn bánh. Dùng tay ấn nhẹ khoai lên thành khuôn để tạo thành chỗ rỗng ở giữa. | Bước 4:tiếp theo các bạn rắc thêm một chút muối và tiêu, đồng thời quét thêm một lớp mỏng dầu ăn nữa. | Bước 5:Bây giờ thì bạn cho khuôn khoai tây vào lò và nướng ở 220 độ C trong vòng 20 – 25 phút. Khi thấy khoai chín giòn chuyển màu vàng nâu là được. | Bước 6:Khi khoai tây nguội thì bạn đập trứng vào từng ô trong khuôn bánh nhé. | Cuối cùng, các bạn đem khuôn trứng vào lò và tiếp tục nướng 1 lần nữa ở 220 độ C trong vòng 10-15 phút là được."
Bánh pizza khoai tây không cần lò nướng,60 phút,4 người,Dễ,"Khoai tây-2 củ | Thịt ba chỉ hun khói-2 lát | Xúc xích hoặc thịt muối-tùy thích | Ớt chuông-nửa quả | Hành tây-1/4 củ | Phomai mozzarella, parmesan-tùy thích | Bột gạo-23 muỗng canh | tiêu, muối, ketchup-gia vị","Bước 1:khoai tây các bạn gọt vỏ rồi rửa sạch, thái từng sợi mỏng dài rồi ngâm với nước muối loãng. | Bước 2:xúc xích và thịt ba chỉ hun khói các bạn cắt thành từng miếng nhỏ vừa ăn. Hành tây thái mỏng, ớt chuông cắt khoanh nhỏ. | Bước 3:Bạn đặt chảo dầu lên bếp, khi dầu nóng, bạn cho khoai tây vào đảo đều, sau đó thêm gia vị vừa ăn. Khi khoai tây chín mềm, bạn cho vào chảo  2-3 muỗng canh bột gạo, sau đó đảo đều để tạo độ kết dính giữa các sợi khoai tây. | Bước 4:Sau đó các bạn cho phô mai mozzarella lên trên hỗn hợp vừa làm, rồi rưới ít ketchup,  xếp thịt,  xúc xích lên trên tuỳ thích. Bạn tiếp tục xếp  ít hành tây và ớt chuông, sau đó cho thêm 1 lớp phomai mozzarella lên trên. | Bước 5:Bạn đậy nắp chảo trong khoảng 5 phút."
Tôm cuốn khoai tây thơm ngon hấp dẫn,60 phút,4 người,Dễ,"Tôm to-10-12 con | Khoai tây to-2 củ | Bột ngô (hoặc bột mì hay bột chiên)-50 gr | Giò sống-50-70 gr | Muối, hạt tiêu, dầu ăn, tương ớt-tùy thích","-        Khoai tây các bạn gọt sạch vỏ, chia làm hai. | -        Một củ các bạn cắt miếng và luộc chín. | -        Một củ các bạn bào nhỏ thành sợi, các bạn bào sợi khoai càng dài càng tốt nhé. Bạn trần khoai qua nước sôi rồi nhanh chóng ngâm khoai vào nước lạnh. Như vậy khi cuốn tôm khoai mềm sẽ dễ làm và khoai cũng không bị thâm. | -        Tôm các bạn rửa sạch, bóc hết vỏ, bỏ chỉ đen ở sống lưng, để ráo nước. | -        Khoai tây sau khi đã luộc chín các bạn nghiền thật nhuyễn. | -        Tiếp theo các bạn trộn với bột ngô, giò sống, chút muối, hạt tiêu. Nếu hỗn hợp quá đặc bạn cho thêm một chút nước nhé. Bạn khuấy đều hỗn hợp bột sao cho thật mịn và dẻo là được. | -       Sau đó, bạn lấy một con tôm và lấy một phần hỗn hợp trên quết đều lên thân con tôm. Bạn nhớ để chừa lại phần đuôi tôm nhé. | -        Cuối cùng, bạn lấy những sợi khoai tây, quấn đều lên phần bột trên thân con tôm chúng ta vừa mới làm. | -        Bước tiếp theo các bạn bắc một chiếc chảo lên bếp, cho thật nhiều dầu ăn sao cho dầu ăn ngập hết tôm như vậy khoai tây mới giòn và không thấm nhiều dầu mỡ. | -        Bạn thả từng con tôm vào chiên, bạn nhớ lật chúng thường xuyên để có thể chín đều và vàng hết các mặt. khi tôm đã có màu vàng đẹp mắt bạn vớt tôm ra để ráo dầu. | -        Bạn cho tôm thấm dầu qua giấy một lần nữa để làm hết dầu đi. | -        Cuối cùng các bạn trình bày tôm ra đĩa, trang trí theo ý thích của bạn. | -        Nước chấm: bạn có thể dùng nước chấm tỏi ớt, tương ớt hoặc xốt mayonnaise nhé. | -        Khi chiên tôm, bạn nhớ khi món ăn có màu vàng tươi là có thể vớt ra rồi bởi các nguyên liệu của chúng ta rất dễ chín. Nếu chiên lâu khoai sẽ bị cứng, dai ảnh hưởng đến độ ngon của món ăn. | -        Các bạn mua loại tôm thật tươi, tôm còn sống bơi được trong nước, chú ý không mua loại tôm đã bóc vỏ và đã làm đông lạnh hoặc ướp nước đá. | -        Khoai tây bạn chọn những củ khoai mới, tươi, màu vàng đẹp, khoai cứng không bị mềm, không có đốm xanh | -        Phần giò sống không bắt buộc phải có bạn nhé. Nhưng chắc chắn khi có thêm thành phần này thì sẽ ngon hơn."
Món mực xốt chua cay cho bữa cơm thêm ngon miệng,60 phút,4 người,Dễ,"Mực ống đã làm sạch-2 con | Ớt xanh, ớt đỏ-mỗi loại 10 quả | Gừng, tỏi-mỗi loại 1 củ | Hành lá-1-2 cây | Hành tây-1 củ | Đường-2 thìa cà phê | Muối-1 ít | Giấm-10 ml | Xốt dầu hào maggi-tùy thích","-        Các bạn thái mực ống thành những khoanh tròn nhỏ vừa ăn. | -        Tiếp theo bạn đun một nồi nước sôi nóng, bạn cho mực vào trần sơ qua, sau đó nhanh chóng cho mực vào chậu nước đá lạnh, ngâm mực khoảng 10-15 phút rồi mới vớt ra để ráo nước. | -        Hành tây các bạn cắt nhỏ. Hành lá các bạn cắt thành những khúc dài | -        Ớt các bạn bỏ cuống, quả nào dài thì các bạn cắt làm đôi còn lại thì giữ nguyên. | -        Tỏi các bạn bóc vỏ để nguyên củ | -        Gừng bạn cạo sạch vỏ, đập dập. | -       Các bạn bắc một chiếc chảo lên bếp, cho thêm một chút dầu ăn. | -        Sau đó bạn cho tỏi, gừng, ớt xanh đỏ, hành tây vào phi thơm. | -        Khi các nguyên liệu dậy mùi thơm, bạn cho tiếp mực vào đảo đều, cho thêm giấm, đường, một chút muối và 2-3 thìa dầu hào. Bạn đảo đều tay khoảng 2-3 phút thì tắt bếp. | -        Cuối cùng bạn cho hành lá vào, đảo qua một chút thì múc mực ra đĩa. Bạn có thể trang trí thêm theo ý thích của mình. | Lưu ý | -        Món ăn này khá cay nên nếu bạn không ăn được cay thì bạn bỏ bớt số lượng ớt đi nhé hoặc bạn có thể thay bằng ớt đà lạt và chỉ cho một vài quả ớt kia thôi. | -       Mực các bạn chỉ được đun khoảng 2 phút thôi, bởi đun lâu mực sẽ bị dai đến nỗi khi bạn ăn sẽ gặp khó khăn trong việc nhai luôn đó. Hơn nữa chúng ta đã trần mực qua nước sôi rồi nên bạn không phải lo lắng sợ mực không chín nhé. | -        Trong bước chúng ta trần sơ mực và ngâm nước lạnh sẽ giúp mực có độ giòn, dai nhất định ăn sẽ cực ngon luôn. Hoặc bạn có thể trần nguyên cả con mực vào nước sôi nóng, nhưng phải tắt bếp luôn, như vậy mực cũng giòn mà khi xào sẽ nhanh hơn. | -         Muốn khử bớt mùi tanh của mực thì bạn hãy bóp mực với chút giấm nhé. | -        Mực bạn nên chọn những con thịt còn sáng hơi hồng, đầu vẫn dính chặt vào thân, túi mực chưa bị vỡ, xúc tu (râu mực), sờ vào thấy cứng là mực tươi. | Chúc các thành công và ăn ngon miệng nhé!"
Súp lơ xào thịt bò ngon tại nhà,60 phút,4 người,Dễ,Xì dầu-2 muỗng cà phê | Rượu trắng-1  muỗng cà phê | Tinh bột khoai tây-1.5 muỗng cà phê | Dầu mè-1/2 muỗng cà phê | Thịt bò-200 gr thái lát mỏng | Tỏi-10 gr | Gừng tươi-14 gr | Bông cải xanh-300 gr | Nước-2 muỗng canh | Nước súp gà-1/3 muỗng canh | Dầu hào-1 muỗng canh | Tiêu trắng xay-1/8 muỗng cà phê | Dầu thực vật-2 muỗng canh,"- Các bạn cho xì dầu, rượu, 1/2 thìa tinh bột khoai tây và dầu mè vào một bát nhỏ, khuấy đều. Cho nước xốt này vào bát đựng thịt bò để ướp. | - Tỏi các bạn băm nhỏ, gừng thái sợi rồi cho vào bát nhỏ. | - Súp lơ các bạn rửa sạch và thái nhỏ. | - Tiếp theo các bạn cho 2 muỗng canh nước vào bát nhỏ. | - Trong một bát khác các bạn trộn dầu hào, nước súp gà, 1 muỗng tinh bột khoai tây, hạt tiêu xay cho quyện . | - Sau đó các bạn làm nóng chảo, cho dầu ăn, thêm gừng và tỏi phi thơm, sau đó cho thịt bò đã ướp vào xào. Xào tới khi thịt bò chín vừa thì cho ra bát. | - Tiếp đó các bạn cho súp lơ và nước vào chảo vừa xào và đun trong khoảng 2 phút. | - Cuối cùng các bạn cho thịt bò trở lại chảo và xào với súp lơ, thêm hỗn hợp (1) vào đảo đều cho chín, nước xốt sền sệt rồi nhấc chảo xuống. | Bạn trình bày món xào ra đĩa và ăn cùng cơm nóng"
"Bánh chuối nướng thơm ngon, bổ dưỡng",4 giờ 00 phút,4 người,Dễ,Trứng gà-7 quả | Sữa đặc có đường-1 lon | Nước cốt dừa-60 ml | Bột quế-2 gr | Vani-1 ống | Bơ nhạt-250 gr | Bột mì đa dụng-200 gr | Đường cát-50 gr | Chuối tiêu chín tới-5 quả | Đường nâu-100 gr | Kem tươi-1/2 chén | Rượu rum-30 ml | Muối-1 ít,"Sơ chế nguyên liệu | -Chuốc các bạn bóc vỏ cắt thành những khoanh tròn dày 0.5 cm. | -Bơ các bạn để ở nhiệt độ phòng cho chảy. | -Các bạn trộn chuối thái lát và đường cát lại với nhau. | -Làm nóng lò nướng ở nhiệt độ 375 độ F phun một lớp dầu ăn mỏng vào khuôn tròn có đường kính 22.4cm đã lót giấy nướng, đặt khuôn làm bánh sang một bên. | Các bước làmbánh chuối nướng | - Các bạn trộn trứng, sữa đặc, sữa dừa, quế, vani, bơ vào trong một bát lớn, trộn đều tới khi thu được hỗn hợp đồng nhất. | -Sau đó bạn đổ từ từ bột mì vào, vừa đổ vừa đánh đều để bột mì tan đều không vón cục. | -Tiếp theo bạn đổ phần chuối đã chuẩn bị sẵn vào cốt bánh. | -Dàn đều bánh ra khuôn nướng, nướng bánh đến khi bánh chín ( khoảng 40 phút). | -Trong khi chờ bánh chín, các bạn đặt chảo chống dính lên bếp, làm tan bơ, thêm một thìa đường và đánh đều tới khi đường tan thì tắt bếp. | -Các bạn đổ kem tươi, vani, rượu rum và một chút muối vào đánh đều cho hỗn hợp thật nhuyễn. | -Sau khi bánh chín bạn cắt làm 6 miếng rưới nước sốt caramen vào và thưởng thức."
Kem chanh dừa lạ miệng tại nhà,60 phút,4 người,Dễ,"Chanh-4 quả | Sữa chua-250 ml | Nước cốt dừa loại trắng-200 ml | Đường bột-55 gr | Dừa nạo-30 gr | Máy xay sinh tố (hoặc giá rây), khuôn làm kem, 4 que kem gỗ-dụng cụ","-Chanh các bạn rửa sạch với nước và ngâm trong nước muối 10 phút. Dùng nạo bào vỏ chanh thành các sợi nhỏ (dùng vỏ của 3 quả chanh). | - Tiếp theo các bạn cắt 4 quả chanh lấy nước cốt, bỏ hạt. | - Sau đó các bạn cho sữa chua, đường bột vào trộn cùng với nước cốt chanh và vỏ. Khuấy đều hỗn hợp. | - Bạn cho hỗn hợp trên vào máy say sinh tố cùng với nước cốt dừa, say đến khi được hỗn hợp mịn mượt hoặc có thể dùng giá rây để rây hỗn hợp, làm 3-4 lần sẽ thu được hỗn hợp mịn như say bằng máy. | - Các bạn trộn hỗn hợp trên với 30g dừa nạo. Sau đó đổ vào khuôn làm kem. | - Đặt que gỗ vào chính giữa mỗi ô kem, bảo quản trong ngăn đá của tủ từ 3-4 tiếng là được | Nếu không có khuôn, các bạn có thể đổ kem vào khay rồi dùng thìa tròn múc thành những viên tròn. Trang trí thêm vỏ chanh hoặc dừa khô, kem chanh dừa sẽ thơm ngậy hơn đấy."
Sườn rim chua ngọt ngon mê ly cho bữa cơm nhà,60 phút,4 người,Dễ,"Sườn non-700 gr | Trứng gà-1 quả | Ớt sừng-10 gr | Hành tím-10 gr | Tỏi-10 gr | Tương ớt-1.5 muỗng canh | Tương cà-1.5 muỗng canh | Nước tương-5 muỗng cà phê | Giấm-2 muỗng cà phê | Bột bắp-2 muỗng canh | Dầu ăn-50 ml | Gia vị-Muối, đường, hạt nêm, bột ngọt, tiêu","1. Sơ chế nguyên liệu | Sơ chế sườn: Sử dụng muối hoặc chanh để chà xát mặt thịt của sườn heo. Sau đó, rửa sườn lại với nước sạch để loại bỏ muối hoặc chanh trên bề mặt, sau đó để ráo. Tiếp theo, chặt sườn thành các miếng nhỏ vừa ăn. | Trụng sườn: Chuẩn bị một thau hoặc nồi lớn, đổ nước sôi vào thau sao cho mặt sườn được ngập trong nước. Trụng sườn trong nước sôi khoảng 5 - 10 phút, sau đó vớt sườn ra và xả sạch bằng nước lạnh để loại bỏ cặn bẩn. | Rửa và để ráo: Xả sườn bằng nước sạch để loại bỏ bất kỳ tạp chất nào còn lại trên bề mặt. Sau đó, để sườn ráo trong một chỗ khô thoáng. | 2. Ướp và chiên sườn | Chuẩn bị gia vị: Trong một tô, trộn đều 1/3 muỗng cà phê muối, 2 muỗng cà phê hạt nêm, 1/3 muỗng cà phê bột ngọt, 1 muỗng cà phê nước tương, 1 muỗng canh đường, 1/3 muỗng cà phê tiêu xay, 5g tỏi băm và 10g hành tím băm. | Ướp sườn: Đặt sườn vào một tô và rắc đều gia vị đã chuẩn bị lên sườn. Đảo đều để sườn thấm đều gia vị. Ướp sườn trong khoảng 15 - 20 phút để gia vị thấm vào sườn đều. | Chuẩn bị hỗn hợp bột áo: Đập 1 quả trứng gà và tách lấy lòng trắng. Hòa lòng trắng trứng với 2 muỗng canh bột bắp. | Áo sườn bằng hỗn hợp bột áo: Cho hỗn hợp bột bắp và lòng trắng trứng vào tô chứa sườn. Trộn đều để bột áo phủ đều lên sườn. | Một gợi ý nhỏ: Ướp thịt với lòng trắng trứng gà và bột bắp giúp sườn khi chiên có màu vàng đẹp và trở nên giòn hơn. | Chiên sườn: Đặt một chảo lên bếp và đổ dầu ăn vào chảo. Chờ đến khi dầu ăn nóng, sau đó đặt phần sườn đã được áo bột vào chảo và chiên ở lửa vừa. Chiên sườn cho đến khi sườn chín vàng và cạnh sườn trở nên giòn. Sau đó, vớt sườn ra khỏi chảo để ráo dầu. | 3. Rim sườn | Đổ bớt dầu từ chảo, giữ lại một ít dầu và cho tỏi vào phi thơm. | Thêm 10g ớt sừng băm nhuyễn và toàn bộ phần sốt đã pha trước đó vào chảo. Tiếp theo, đổ 50ml nước lọc vào tô chứa nước sốt, tráng đều rồi đổ vào chảo. Đun nước sốt cho đến khi hỗn hợp sôi lên và hơi sánh lại. | Rim sườn ở lửa nhỏ trong khoảng 5 phút cho đến khi nước sốt sánh kẹo lại và sườn ngấm đều gia vị. Sau đó, tắt bếp. | Bày sườn ra đĩa và trang trí để tạo thành một món ăn đẹp mắt. | 4. Thành phẩm | Món sườn rim chua ngọt dễ thực hiện, với các nguyên liệu đơn giản và dễ tìm kiếm. Tuy nhiên, hương vị của nó lại vô cùng thơm ngon và hấp dẫn, tạo cảm giác thèm thuồng khiến bạn muốn ăn thêm. Mỗi miếng sườn thấm đầy hương vị, kết hợp với sốt chua chua, ngọt ngọt, tạo ra một cảm giác kích thích vị giác tuyệt vời khi ăn kèm cơm."
Canh cua mồng tơi ngon mát cho mùa hè,40 phút,4 người,Dễ,Cua đồng-300 gram | Rau mồng tơi-300 gram | Hành tím-2 củ | Dầu ăn-2 muỗng canh | Nước mắm-1 muỗng canh | Muối-Một ít,"1. Sơ chế của đồng | Đầu tiên, bắt đầu với 300 gram cua đồng, hãy sử dụng tay để tách bỏ mai và yếm, sau đó rửa cua một vài lần với nước cho sạch và để ráo. Đồng thời, lấy muỗng để gạch cua từ yếm cho vào một chén riêng. Tiếp theo, chuẩn bị máy xay sinh tố và đổ số cua đồng đã để ráo cùng 300ml nước lọc vào máy, sau đó xay nhuyễn hỗn hợp trong khoảng 3 phút ở mức vừa. | Khi thấy hỗn hợp đã nhuyễn, tắt máy và sử dụng rây để lọc phần xác cua, chỉ giữ lại nước riêu cua để sử dụng trong chế biến. | 2. Sơ chế nguyên liệu khác | Tiếp theo, với 300 gram rau mồng tơi, bạn hãy nhặt lấy các lá non và đồng thời loại bỏ những lá dập úng hoặc héo úa. | Sau đó, ngâm rau mồng tơi trong nước muối pha loãng trong khoảng 10 phút, sau đó rửa lại 1-2 lần với nước để làm sạch và để ráo. Sau đó, sử dụng dao để cắt rau thành khúc dài khoảng 1-2 phần ngón tay. | Cuối cùng, lột vỏ hành tím và băm nhuyễn nó. | 3. Xào gạch cua | Sau khi chuẩn bị xong nguyên liệu, hãy đặt một chảo lên bếp và thêm 1 muỗng canh dầu ăn, sau đó đun chảo với lửa vừa. Chờ đến khi dầu nóng, bạn hãy cho hành tím đã băm nhuyễn vào chảo và phi thơm trong khoảng 3 phút. | Tiếp theo, thêm chén gạch cua vào chảo và sử dụng sạn dẹt để xào đều trong khoảng 3-5 phút, cho đến khi thấy gạch cua trở nên hơi sánh và đặc. Khi đó, bạn có thể tắt bếp. | 4. Nấu canh | Khi vô tình chạm mắt, tô canh cua mồng tơi đã tỏa sáng với màu sắc bắt mắt từ riêu cua và sự tươi tốt của rau xanh, nhanh chóng thu hút mọi người! | Đặc biệt, riêu cua mềm mịn và ngọt ngào, kết hợp với hương vị tươi ngon của rau và nước dùng đậm đà, thực sự là một món ăn không thể thiếu trên bàn cơm!"
Thịt lợn mán tái chanh thơm ngon ngọt,60 phút,4 người,Dễ,Thịt lợn mán (Chọn phần thịt vai hoặc thịt đùi)-500gr | Gừng-1 nhánh | Sả-2 cây | Vừng trắng rang vàng-3 thìa | Dầu vừng-1 thìa | Chanh-1/2 quả | Đường-1 thìa | Bột canh-1 thìa | Chuối xanh-1 quả | Khế chua-1 quả | Ớt-Tuỳ thích | Giấm-2 thìa | Muối-1 thìa,"Gừng và 2 củ sả đập dập chia thành 2 phần, 1 củ sả còn lại băm nhỏ. | Chuối xanh lột vỏ, cắt lát mỏng, ngâm vào nước pha muối và giấm cho đỡ bị thâm rồi để ráo. Khế chua rửa sạch, cắt lát. Vừng rang vàng. | Thịt lợn rửa sạch, dùng dao cao sạch phần bì. Đun sôi nước, thả một phần gừng, sả vào rồi cho thịt vào trần trong khoảng 2-3 phút để loại bỏ các chất bẩn và mùi hôi của thịt, sau đó rửa sạch lại với nước. | Hấp thịt với chỗ gừng và sả còn lại cho tới khi chín (mất khoảng 10-15 phút sau khi nước sôi, các bạn dùng đũa châm không thấy nước đỏ chảy ra là thịt chín). Gắp thịt ra thả vào bát nước đá ngay cho thịt trắng và mềm. | Dùng dao sắc thái thịt lợn mán đã luộc thật mỏng, cho vào tô. | Vắt nửa quả chanh vào tô, thêm đường, muối, dầu vừng, 1/2 chỗ vừng rang, ớt thái nhỏ vào, dùng găng tay trộn đều. Sau khi trộn xong các bạn có thể nêm nếm lại gia vị cho vừa miệng rồi xếp thịt ra đĩa, rắc chỗ vừng còn lại lên trên là ta đã làm xong món thịt lợn mán tái chanh. Các bạn ăn thịt lợn mán tái chanh cùng với khế chua và chuối xanh không thôi cũng ngon, nếu thích, các bạn có thể chấm tương gừng ăn cũng siêu hợp vị nhé."
Xôi cốm dẻo thơm ngon khó chối từ,2 giờ 00 phút,4 người,Dễ,Cốm-300g | Đỗ xanh-100g | Dừa tươi-50g | Đường kính trắng-4 thìa cà phê | Dầu ăn-2 thìa,"Bước 1:Đậu xanh ngâm trong nước nóng 2h rồi đãi sạch, để ráo nước, trộn với 1/3 thìa cà phê muối để trong chiếc chén con. Nếu là đỗ xanh chưa bỏ vỏ thì bạn nên ngâm trước đó 3h rồi đãi sạch vỏ đi nhé. | Bước 2:Cho đỗ xanh vào nồi hấp và hấp cho đến khi chín. Nếu không có xoong hấp bạn có thể cho vào nồi cơm điện và nấu như cơm. Không nên cho nhiều nước, khi đỗ sôi sẽ trào nước ra nồi. | Khi đậu chín thì cho vào cối giã nhuyễn hoặc nghiền bằng thìa. | Bước 3:Trộn cốm với 2 thìa dầu ăn, rồi cho vào hấp. Khi hấp bạn nên cho lửa liu riu, đợi trong 5-7 phút là cốm chín. | Bước 4:Lấy cốm đã chín và trộn với 2 thìa đường trắng, rồi đem hấp lại trong 5 phút. | Bước 5:Dừa nạo thành sợi ướp với chỗ đường còn lại, để trong 20 phút. | Cho 1 chút dầu ăn vào chảo, để lửa nhỏ cho dừa tươi ướp đường vào xào cho săn lại. Bạn có thể nhận thấy dừa săn lại là khi đường cô lại, bám chặt vào từng sợi dừa, tuy nhiên bạn không nên để quá lửa để dừa bị cháy có màu vàng nhìn sẽ không đẹp mắt. | Bước 6:Đổ xôi ra một cái khay rộng rồi trộn đều xôi cốm với dừa và đậu xanh đã giã nhuyễn. | Để có hình thức bắt mắt bạn có thể trải lá sen hoặc lá chuối lót dưới đĩa hay mẹt nhỏ rồi hãy đổ xôi cốm lên. | Chúc bạn và gia đình thành công với cách nấu xôi cốm thơm ngon hấp dẫn này!"
Món canh thịt bò hầm rau củ giàu dinh dưỡng,60 phút,4 người,Dễ,"Thịt bò-300 gr | Củ sen-200 gr | Bắp ngô ngọt-1 cái | Bông cải xanh-100 gr | Cà chua-1 trái | Gừng-3 lát | 15ml rượu, một ít muối-gia vị","-        Ngô các bạn cắt thành khúc nhỏ | -        Củ sen các bạn gọt bỏ vỏ rồi cắt nhỏ | -        Bông cải xanh các bạn gọt phần vỏ sơ ở ngoài, tách ra thành từng nhánh nhỏ. | -        Cà chua các bạn thái miếng nhỏ. | -        Thịt bò các bạn rửa sạch, thái miếng vừa ăn. | -        Thịt bò, các bạn cho vào nồi lớn cùng ít gừng, đổ nước xâm xấp. | -        Khi thịt bắt đầu chuyển chín thì bạn vớt thịt ra cho vào một chiếc nồi khác, thêm nước và ít rượu vào. | -        Sau đó các bạn cho ngô, củ sen vào, đậy nắp và đun khoảng 90 phút trên lửa vừa và nhỏ. | -        Tiếp đó các bạn thêm cà chua, bông cải vào, đun thêm 5 phút nữa. | -        Cuối cùng, bạn nêm nếm lại với ít muối cho vừa ăn rồi tắt bếp. Bày canh thịt bò nấu rau củ ra bát dùng kèm với bát cơm nóng sẽ rất ngon. | Lưu ý | -      Nếu không mua được củ sen và ngô, bạn có thể thay bằng cà rốt và khoai tây cũng rất ngon bạn nhé. | -        Bạn cũng có thể áp dụng công thức này với thịt gà để những bạn không ăn được thịt bò đều có thể thưởng thức được vị ngon của món ăn theo cách nấu như trên."
Món bánh đa kê ngon tại nhà,300 phút,4 người,Dễ,Hạt kê-500gr | Đậu xanh-250gr | Đường cát trắng-50 gr | Dừa nạo sợi-50 gr | Nước vôi trong-1 ít | Muối-1 nhúm nhỏ | Bánh đa đã nướng chín-5 chiếc,"Bước 1: Sơ chế nguyên liệu | Để làm mềm đậu xanh, hãy ngâm đậu xanh trong nước khoảng 4 tiếng trước khi nấu. Thời gian ngâm giúp đậu xanh chín nhanh hơn. Sau khi ngâm, hãy rửa sạch và để ráo nước. | Đối với hạt kê nếp, hãy ngâm chúng trong nước vôi trong khoảng 2 tiếng. Sau đó, hãy rửa kê nếp với nước sạch khoảng 2-3 lần để làm sạch. | Đối với dừa khô, hãy nạo lấy phần cơm dừa và bỏ vào một chiếc chén riêng. | Bước 2: Hấp chín đậu xanh | Sau khi đậu xanh đã được rửa sạch, bạn đặt nó vào dụng cụ hấp và đặt dụng cụ lên nồi. Tiến hành hấp đậu xanh trong khoảng thời gian từ 20-25 phút cho đến khi đậu xanh chín mềm. | Khi đậu xanh đã chín, bạn chuyển nó vào cối và sử dụng chày để giã nhuyễn đậu xanh, hoặc sử dụng máy xay sinh tố để xay đậu. Sau đó, lấy đậu xanh nhuyễn ra và đặt lên đĩa. | Bước 3: Nấu nhân bánh kê | Thêm kê vào nồi nấu với một chút muối, đảm bảo thể tích nước gấp khoảng 3 lần thể tích kê. Để tránh bén nồi, lựa chọn một nồi có đáy dày, trong trường hợp này chúng ta sử dụng nồi gang. | Đun nhiệt độ đến khi nước sôi, sau đó hạ lửa nhỏ. Đều đặn mỗi vài phút, khuấy đều để kê không bén và khê. | Tiếp tục nấu cho đến khi kê chín nhừ, khi nắm hạt kê trong tay và cảm nhận được sự nhuyễn ra. Và cháo kê sẽ có độ đặc và sánh vừa ăn. | Bước 4: Nướng bánh đa sống | Để nướng bánh đa sống, cần chuẩn bị bếp than và đợi đến khi than cháy đỏ. Sau đó, đặt các miếng bánh đa sống lên vỉ nướng và nướng chín cả hai mặt trong khoảng 2 phút, cho đến khi chín vàng. | Ngoài việc sử dụng bếp than, bạn cũng có thể nướng bánh đa bằng bếp ga hoặc sử dụng lò nướng mà vẫn đạt được kết quả tương tự. | Bước 5: Hoàn thành món bánh đa kê | Bắt đầu bẻ một miếng bánh đa lớn, sau đó phết một lớp cháo kê lên bề mặt bánh. Tiếp theo, thêm một lớp đậu xanh nhuyễn và một chút đường trắng lên trên. Rải đều dừa bào sợi lên miếng bánh kê, sau đó dùng một miếng bánh đa khác để kẹp lại nhân. | Và vậy là bạn đã hoàn thành mónbánh đa kêngọt bùi, hấp dẫn!"
Bánh sandwich kẹp đơn giản cho bữa sáng,60 phút,4 người,Dễ,"Bánh mì Sandwich-4 lát | Bắp cải-1/4 cái | Trứng gà-3 quả | Pho mát-2 lát | Dưa leo-1/3 trái | Dưa leo muối-1/2 trái | Cà rốt-1/4 củ | Thịt giăm bông đóng hộp-1 hộp | Xốt mayonnaise, sốt cà chua, hạt tiêu-gia vị","-        Rau cải bắp rửa sạch thái nhỏ | -        Dưa leo rửa sạch thái lát mỏng theo đường chéo | -        thịt giăm bông các bạn thái sợi nhỏ | -        Dưa leo muối và cà rốt rửa sạch bằm nhỏ. | -        Các bạn đập 3 quả trứng vào bát, cho tất cả nguyên liệu: thịt giăm bông, cà rốt và dưa leo muối băm nhỏ vào trộn đều. | -        Bạn bắc chảo lên bếp, cho ít dầu vào chảo đun nóng cho hỗn hợp trứng, thịt giăm bông, cà rốt và dưa leo muối vào chiên. Tiếp theo cho 2 lát pho mát lên một bên mặt chảo và gập mặt trứng chồng lên trên. | -        Bạn làm nóng bánh mì sandwich bằng lò nướng, lần lượt đặt ½ lát trứng chiên lên trên, tiếp theo đặt 4 lát dưa leo, phủ lớp cải thái sợi và rưới xốt cà chua trên cùng. | -        Cuối cùng thì bạn chỉ việc đặt miếng lát sandwich còn lại lên. Cắm chiếc cờ nhỏ bằng que tăm giữa mặt bánh thật bắt mắt. | Lưu ý | -        Nếu bạn không ăn được rau bắp cải sống thì bạn có thể thay bằng rau cải xoăn hoặc rau xà lách nhé. | -        Các nguyên liệu cũng vậy bạn có thể linh động thay thế như xúc xích, thịt nguội chẳng hạn đều rất tuyệt đấy."
Sữa đậu xanh nước cốt dừa thơm ngon hấp dẫn,40 phút,4 người,Dễ,"Đậu xanh đã cà vỏ-300 gr | Đường cát trắng-1/4 bát con | Muối-1/2 thìa cà phê | Lá nếp-1-2 cọng | Sữa tuwoi, nước cốt dừa-tùy thích","Đậu xanh các bạn đãi sạch vỏ , bỏ những hạt hỏng rồi ngâm 3-4 tiếng, khi ngâm bỏ thêm chút muối. Sau đó vớt đậu ra và rửa lại cho sạch. | Lá nếp các bạn rửa sạch, bó tròn lại. | Tiếp theo các bạn đổ đậu vào nồi, thêm nước lạnh đến cách mặt đậu khoảng 1 đốt ngón tay rồi đun cho đến khi đậu mềm. Thỉnh thoảng hớt bớt bọt. | Sau đó các bạn đổ hỗn hợp đậu vào máy xay, xay với đường. Nếu hỗn hợp đặc quá có thể thêm chút nước. | Tiếp đó các bạn đổ lại hỗn hợp vào nồi và bỏ lá nếp vào, vừa đun vừa khuấy đều tay, thêm nước cốt dừa cho vừa ăn. | Cuối cùng bạn đun khoảng 15-20 phút và nêm nếm lại cho vừa khẩu vị. Bắc hỗn hợp xuống vớt bỏ lá nếp vào và để nguội. Sau đó cho vào bình thủy tinh cất vào tủ lạnh và dùng khi thích | Cách làm sữa đậu xanh mè hạnh nhân: | Nguyên liệu chuẩn bị | 200g đậu xanh đã cà vỏ | Mè rang | 50g hạnh nhân rang | Nước | 500ml sữa tươi hoặc sữa đậu nành | 100g đường phèn | Một ít sữa đặc | Các bước thực hiện | Rửa sạch đậu xanh và ngâm trong nước từ 2 đến 3 tiếng để đậu nở. | Cho đậu xanh đã ngâm vào nồi cùng 1 lít nước và đun đến khi nước sôi. Vớt bớt bọt nổi lên trên mặt nước. | Tiếp tục đun đậu xanh ở lửa nhỏ trong khoảng 15-20 phút cho đến khi đậu mềm. | Khi đậu xanh đã mềm, thêm 500ml sữa tươi, nước hoặc sữa đậu nành vào nồi. Sau đó, thêm mè và hạnh nhân đã rang vào nồi và khuấy đều để tránh sữa bị khét. | Đổ hỗn hợp sữa đã nấu chín vào máy xay cho đến khi tất cả thành phần trở nên nhuyễn. Bạn có thể lọc dung dịch sau khi xay qua rây để có sữa mịn hơn hoặc sử dụng trực tiếp nếu không có rây. | Cách làm sữa đậu xanh lá dứa: | Nguyên liệu chuẩn bị | 300g đậu xanh đã cà vỏ | Đường cát trắng | Một ít muối | 1 bó lá dứa nhỏ | Sữa tươi | Đá lạnh | Các bước thực hiện | Vo sạch đậu xanh, loại bỏ hạt hư và ngâm đậu trong nước pha thêm một chút muối trong khoảng 3-4 giờ. Sau khi ngâm, rửa lại đậu một lần bằng nước lạnh. | Rửa sạch lá dứa và cuộn lại thành một bó. | Đặt đậu xanh và nước vào nồi sao cho nước cao hơn mặt đậu xanh khoảng một đốt ngón tay. Bắc nồi lên bếp đun lửa vừa cho đến khi đậu xanh mềm. Trong quá trình đun, hớt bớt bọt trong nồi. | Khi đậu mềm, đổ vào máy sinh tố cùng một ít đường và xay cho đến khi đậu mịn. Nếu đậu quá đặc, có thể thêm ít nước vào khi xay. | Cho đậu xanh đã xay nhuyễn cùng lá dứa vào nồi và vừa đun vừa khuấy đều. Có thể pha thêm ít nước lạnh trong quá trình nấu đậu, nhưng không nên cho quá nhiều nước để tránh làm loãng sữa sau khi pha với sữa tươi. | Đun hỗn hợp trong khoảng 10-15 phút và nêm thêm đường theo khẩu vị. | Khi nấu xong, đổ hỗn hợp ra bình thủy tinh để nguội. Khi muốn sử dụng, pha sữa đậu xanh với sữa tươi theo tỷ lệ thích hợp và thưởng thức. | Cách làm sữa đậu xanh hạt sen: | Nguyên liệu chuẩn bị | 200g hạt sen tươi | 200g đậu xanh đã cà vỏ | Đường | Sữa tươi | Cách nấu sữa đậu xanh với hạt sen | Bóc bỏ màng bao bên ngoài của hạt sen tươi, lấy phần tim bên trong để tránh đắng. Rửa sạch hạt sen. | Rửa sạch đậu xanh và ngâm trong nước từ 4 đến 6 giờ cho đậu nở đều. | Đặt hạt sen và đậu xanh đã ngâm vào nồi cùng 1 lít nước, hầm trong 20 phút cho tới khi chín mềm. | Để hạt sen và đậu xanh nguội rồi cho vào máy xay cùng một ít đường, xay cho đến khi hỗn hợp trở thành mịn. | Lấy hỗn hợp ra khỏi máy xay và thêm một ít sữa để thưởng thức. Nếu muốn uống lạnh, bạn có thể thêm đá vào."
Nộm sứa tai heo ngon tại nhà,30 phút,4 người,Dễ,Sứa tươi hoặc đã sơ chế đóng túi-400 gr | Tai heo-300 gr | Khế chua-1 quả | Sả-1cây | Húng quế-10 gr | Lạc-50 gr | Ớt chỉ thiên-2 quả | Hành tây-1 củ nhỏ | Muối-1 thìa cà phê | Nước mắm-3 thìa súp | Bột nghệ-1 thìa cà phê | Chanh-1 quả | Đường-2 thìa cà phê,"- Sứa các bạn rửa nhiều lần cho hết mặn. Sau đó các bạn cho sứa vào chần qua nước sôi pha bột nghệ, để ráo. | - Tai heo các bạn đem hơ qua lửa nhỏ, nhất là những chỗ nhiều lông, sau đó dùng dao cạo sạch, đem rửa sạch với nước có pha muối, sau đó luộc chín, thái sợi nhỏ vừa ăn. | - Lạc các bạn rang chín, chà xát cho bong vỏ rồi sảy vỏ đi, đem lạc đi giã, lưu ý, giã sao cho hạt lạc không bị quá nát nhé. | - Chanh các bạn vắt lấy nước, bỏ hạt. | - Khế các bạn thái lát mỏng. | - Sả các bạn bóc vỏ ngoài, thái vát phần củ non. | - Hành tây các bạn rửa sạch, bào mỏng, ngâm qua nước đá lạnh. | - Ớt bạn bỏ hạt, thái nhỏ. | - Húng quế các bạn nhặt rửa sạch, để ráo. | - Tiếp theo các bạn cho sứa + tai heo + húng quế + khế chua + sả + hành tây + ớt vào tô, sau đó cho nước mắm + nước cốt chanh + đường vào, trộn đều, để qua một bên khoảng 15 phút cho ngấm gia vị. Trong thời gian đó, thỉnh thoảng bạn lại trộn nộm lên cho ngấm đều gia vị nhé. | - Khi nào ăn, bạn bày ra đĩa, rắc lạc rang lên và dùng ngay."
Mực nhồi thịt chiên giòn thơm ngon hấp dẫn,60 phút,4 người,Dễ,"Mực nguyên con-300 gr khoảng 4-5 con | Thịt băm-150 gr | Mộc nhĩ, nấm hương-ngâm nở, thái chỉ | Thì là, hành lá-thái nhỏ | Hành tây-1/2 củ băm nhỏ | Gia vị, hạt nêm-gia vị","- Các bạn làm sạch mực, cắt riêng phần mình và râu mực, râu mực bạn băm nhỏ để trộn cùng thịt. | - Các bạn ngâm nở mộc nhĩ, nấm hương. Rửa sạch rồi thái nhỏ. | - Hành tây các bạn bóc vỏ, rửa sạch, băm nhỏ. | - Hành lá các bạn bỏ gốc, rửa rồi cắt khúc nhỏ. | Bước 1:Các bạn trộn lẫn thịt băm, mộc nhĩ, nấm hương, hành, thì là, hành tây với tiêu, hạt nêm cho vừa khẩu vị và ướp chừng 20 phút. | Bước 2:- Mực các bạn để nguyên con, nhồi thịt vào trong con mực. | - Sau đó các bạn gắn đuôi mực, dùng que tăm xiên phần đuôi với thân mực lại. | Bước 3: - Các bạn cho dầu ăn vào chảo. Chiên vàng 2 mặt. Lúc đầu chiên, bạn nên cho nhỏ lửa, đậy vung, để mực và thịt có thể chín đều. Sau đó mở vung, cho to lửa, để mực hơi xém vàng là được. | -  Các bạn ăn nóng, chấm với tương ớt và sốt mayonnaise. | - Không nên chiên kỹ quá, mực sẽ bị dai. | - Chỉ nên nhồi thịt vừa phải, không quá chặt hay lỏng quá (khi chiên, nếu nhồi thịt chặt, mực sẽ bị vỡ, rách. Nhồi lỏng quá, khi cắt khoanh, thịt sẽ rời ra ngoài)."
Món canh hến nấu chua,60 phút,4 người,Dễ,"Hến-500 gr | Cà chua-2 quả | Thì là-1 ít | Muối, hạt nêm, hành khô.-nguyên liệu","- Hến mua về các bạn ngâm vào thau nước lạnh có pha một ít muối, ngâm khoảng 1 tiếng. Sau đó rửa lại nhiều lần nước cho thật sạch. | - Tiếp theo các bạn đun nồi nước sôi, thả hến vào đun cùng đến khi hến hả miệng, tắt bếp, đợi nguội, đổ nước luộc hến ra để riêng qua một bát sạch, lựa lấy phần thịt hến, bỏ vỏ hến đi. | - Cà chua các bạn rửa sạch, bổ múi cau. | - Thì là rửa sạch, thái nhỏ. | - Tiếp đến các bạn đun nóng hai thìa nhỏ dầu ăn, phi hành khô thơm, đổ cà chua vào xào chín, xào khoảng tầm 3 phút. | - Tiếp theo các bạn đổ nước luộc hến và hến vào đun cùng đến khi sôi, nêm vào hai thìa nhỏ muối, nửa thìa nhỏ hạt nêm, nêm nếm lại tùy theo khẩu vị của bạn. | - Cuối cùng các bạn tắt bếp, rắc thì là thái nhỏ vào, múc ra bát dùng làm món canh ăn với cơm."
Canh ngao đậu phụ ngon tuyệt,60 phút,4 người,Dễ,"Ngao-nửa kg | đậu phụ-2 bìa | Hành lá, tương miso-nguyên liệu","- Các bạn sơ chế ngao thật sạch. Thái đậu thành từng miếng vừa ăn. | - Tiếp theo các bạn đun sôi một nồi nước, nêm nếm gia vị cho vừa ăn (bạn có thể dùng thêm sa tế hoặc tương miso cho vào nồi nước dùng)- Cuối cùng các bạn cho đậu vào nồi. Khi nước sôi trở lại, các bạn cho ngao vào và khi nước sôi thì tắt bếp."
Tôm xào đậu phụ đơn giản mà ngon,60 phút,4 người,Dễ,"Tôm-250g (bóc vỏ, bỏ chỉ đen, rửa sạch) | Đậu phụ-200g (cắt miếng vuông vừa ăn) | Ớt chuông xanh, thái dải dài-1 quả | Tỏi băm nhỏ-2 tép | Tinh bột ngô- | Xốt-2.5ml sốt hosin(bán ở siêu thị);2.5ml dầu hào;1.5ml xì dầu","Bước 1:Lăn đậu phụ qua bột ngô. | Bước 2: | -Trong một chảo chống dính, làm nóng dầu ô liu ở lửa vừa rồi cho đậu phụ vào chiên. Chiên đậu phụ cho đến khi đậu có màu vàng nâu Tắt bếp, cho đậu phụ ra giấy thấm dầu. Làm nóng một ít dầu ăn trong chảo, thêm tỏi vào xào thơm.Sau đó cho tôm vào xào trong 1 phút hoặc cho đến khi tôm hồng lên. | - Thêm ớt chuông xanh vào, đảo đều trong 1 phút. Sau đó cho đậu phụ chiên vào, chiên và thêm hỗn hợp nước xốt. | Cho tôm xào đậu phụ ra đĩa rồi ăn cùng cơm nóng nhé! | Chúc bạn thành công và ngon miệng!"
Thịt bê xào cần tỏi thơm ngon tuyệt hảo,60 phút,4 người,Dễ,Bê non-300g | Cần tây-2 nhánh | Tỏi tây-2 nhánh | Hành tây-1/2 củ | Hành khô-1 củ | Cà chua-2 quả,"Nguyên liệu cần chuẩn bị : | Bước 1:Hành tây bóc bỏ lớp vỏ ngoài rửa sạch thái mỏng; cần, tỏi tây cắt bỏ gốc, nhặt lá sâu, rửa sạch thái khúc. Cà chua rửa sạch bổ múi cau. | Bước 2:Bê non thái mỏng, ướp bê non với ½ thìa bột nêm, 1 thìa dầu ăn, hành khô và gừng băm nhỏ. | Bước 3:Phi thơm hành khô với chút dầu ăn, cho bê non vào xào với lửa lớn. Xào khoảng 2-3 phút rồi cho thịt bê non ra đĩa. | Bước 4:Vẫn chảo đó, cho cà chua, hành tây vào xào, tiếp đó là cần, tỏi tây. Xào lửa lớn để rau được xanh. | Bước 5:Cho thịt bê non vào cùng, đảo đều. Nêm lại gia vị cho vừa miệng. | Tắt bếp cho hành hoa, mì chính và chothịt bê xào cần tỏira đĩa dùng nóng. | Chúc bạn và gia đình ngon miệng !"
Canh rau cải thịt viên giải nhiệt ngày nắng nóng,60 phút,4 người,Dễ,"Thịt nạc vai băm nhỏ-100gr | Rau cải canh nhặt và rửa sạch-1 bó | Trứng-1 quả | Hành, gừng, muối, dầu mè, bột bắp, rượu vang-gia vị","Gừng các bạn cạo sạch vỏ, băm nhỏ rồi trộn với thịt lợn theo tỷ lệ: 1:4. Thêm 1 muỗng canh bột bắp, 1 quả trứng, ½ muỗng cà phê muối, 1 muỗng cà phê dầu mè rồi trộn đều cho ngấm gia vị | Tiếp theo các bạn đun sôi nồi với chừng 1 bát canh nước. Khi nồi nước sôi, các bạn thả rau cải canh vào chần vừa chín tới thì vớt ra đĩa để riêng. Sau đó dùng kéo cắt thành từng đoạn nhỏ. | Sau đó các bạn đun sôi nồi nước trở lại, viên thịt thành từng viên tròn vừa ăn, chờ nước sôi thì lần lượt thả từng viên thịt vào. Dùng muỗng canh hoặc đũa đẩy nhẹ từng viên thịt di chuyển để tránh viên thịt bị dính nồi. | Chờ nồi nước sôi lại thì hạ nhỏ lửa, đun liu riu cho viên thịt chín kỹ. Khi thấy viên thịt nổi lên mặt nước là thịt đã chín. Các bạn hớt sạch bọt trong nồi để nước canh trong hơn. | Cuối cùng bạn thả phần rau cải đã được xắt nhỏ vào nồi thịt viên. Rắc thêm chút hạt nêm cho vừa miệng, rưới 1 muỗng canh dầu mè, nước sôi lại thì tắt lửa. Múc canh ra bát, dùng nóng."
Sườn rim chua ngọt ngon mê ly cho bữa cơm nhà,60 phút,4 người,Dễ,"Sườn non-700 gr | Trứng gà-1 quả | Ớt sừng-10 gr | Hành tím-10 gr | Tỏi-10 gr | Tương ớt-1.5 muỗng canh | Tương cà-1.5 muỗng canh | Nước tương-5 muỗng cà phê | Giấm-2 muỗng cà phê | Bột bắp-2 muỗng canh | Dầu ăn-50 ml | Gia vị-Muối, đường, hạt nêm, bột ngọt, tiêu","1. Sơ chế nguyên liệu | Sơ chế sườn: Sử dụng muối hoặc chanh để chà xát mặt thịt của sườn heo. Sau đó, rửa sườn lại với nước sạch để loại bỏ muối hoặc chanh trên bề mặt, sau đó để ráo. Tiếp theo, chặt sườn thành các miếng nhỏ vừa ăn. | Trụng sườn: Chuẩn bị một thau hoặc nồi lớn, đổ nước sôi vào thau sao cho mặt sườn được ngập trong nước. Trụng sườn trong nước sôi khoảng 5 - 10 phút, sau đó vớt sườn ra và xả sạch bằng nước lạnh để loại bỏ cặn bẩn. | Rửa và để ráo: Xả sườn bằng nước sạch để loại bỏ bất kỳ tạp chất nào còn lại trên bề mặt. Sau đó, để sườn ráo trong một chỗ khô thoáng. | 2. Ướp và chiên sườn | Chuẩn bị gia vị: Trong một tô, trộn đều 1/3 muỗng cà phê muối, 2 muỗng cà phê hạt nêm, 1/3 muỗng cà phê bột ngọt, 1 muỗng cà phê nước tương, 1 muỗng canh đường, 1/3 muỗng cà phê tiêu xay, 5g tỏi băm và 10g hành tím băm. | Ướp sườn: Đặt sườn vào một tô và rắc đều gia vị đã chuẩn bị lên sườn. Đảo đều để sườn thấm đều gia vị. Ướp sườn trong khoảng 15 - 20 phút để gia vị thấm vào sườn đều. | Chuẩn bị hỗn hợp bột áo: Đập 1 quả trứng gà và tách lấy lòng trắng. Hòa lòng trắng trứng với 2 muỗng canh bột bắp. | Áo sườn bằng hỗn hợp bột áo: Cho hỗn hợp bột bắp và lòng trắng trứng vào tô chứa sườn. Trộn đều để bột áo phủ đều lên sườn. | Một gợi ý nhỏ: Ướp thịt với lòng trắng trứng gà và bột bắp giúp sườn khi chiên có màu vàng đẹp và trở nên giòn hơn. | Chiên sườn: Đặt một chảo lên bếp và đổ dầu ăn vào chảo. Chờ đến khi dầu ăn nóng, sau đó đặt phần sườn đã được áo bột vào chảo và chiên ở lửa vừa. Chiên sườn cho đến khi sườn chín vàng và cạnh sườn trở nên giòn. Sau đó, vớt sườn ra khỏi chảo để ráo dầu. | 3. Rim sườn | Đổ bớt dầu từ chảo, giữ lại một ít dầu và cho tỏi vào phi thơm. | Thêm 10g ớt sừng băm nhuyễn và toàn bộ phần sốt đã pha trước đó vào chảo. Tiếp theo, đổ 50ml nước lọc vào tô chứa nước sốt, tráng đều rồi đổ vào chảo. Đun nước sốt cho đến khi hỗn hợp sôi lên và hơi sánh lại. | Rim sườn ở lửa nhỏ trong khoảng 5 phút cho đến khi nước sốt sánh kẹo lại và sườn ngấm đều gia vị. Sau đó, tắt bếp. | Bày sườn ra đĩa và trang trí để tạo thành một món ăn đẹp mắt. | 4. Thành phẩm | Món sườn rim chua ngọt dễ thực hiện, với các nguyên liệu đơn giản và dễ tìm kiếm. Tuy nhiên, hương vị của nó lại vô cùng thơm ngon và hấp dẫn, tạo cảm giác thèm thuồng khiến bạn muốn ăn thêm. Mỗi miếng sườn thấm đầy hương vị, kết hợp với sốt chua chua, ngọt ngọt, tạo ra một cảm giác kích thích vị giác tuyệt vời khi ăn kèm cơm."
Canh cua mồng tơi ngon mát cho mùa hè,40 phút,4 người,Dễ,Cua đồng-300 gram | Rau mồng tơi-300 gram | Hành tím-2 củ | Dầu ăn-2 muỗng canh | Nước mắm-1 muỗng canh | Muối-Một ít,"1. Sơ chế của đồng | Đầu tiên, bắt đầu với 300 gram cua đồng, hãy sử dụng tay để tách bỏ mai và yếm, sau đó rửa cua một vài lần với nước cho sạch và để ráo. Đồng thời, lấy muỗng để gạch cua từ yếm cho vào một chén riêng. Tiếp theo, chuẩn bị máy xay sinh tố và đổ số cua đồng đã để ráo cùng 300ml nước lọc vào máy, sau đó xay nhuyễn hỗn hợp trong khoảng 3 phút ở mức vừa. | Khi thấy hỗn hợp đã nhuyễn, tắt máy và sử dụng rây để lọc phần xác cua, chỉ giữ lại nước riêu cua để sử dụng trong chế biến. | 2. Sơ chế nguyên liệu khác | Tiếp theo, với 300 gram rau mồng tơi, bạn hãy nhặt lấy các lá non và đồng thời loại bỏ những lá dập úng hoặc héo úa. | Sau đó, ngâm rau mồng tơi trong nước muối pha loãng trong khoảng 10 phút, sau đó rửa lại 1-2 lần với nước để làm sạch và để ráo. Sau đó, sử dụng dao để cắt rau thành khúc dài khoảng 1-2 phần ngón tay. | Cuối cùng, lột vỏ hành tím và băm nhuyễn nó. | 3. Xào gạch cua | Sau khi chuẩn bị xong nguyên liệu, hãy đặt một chảo lên bếp và thêm 1 muỗng canh dầu ăn, sau đó đun chảo với lửa vừa. Chờ đến khi dầu nóng, bạn hãy cho hành tím đã băm nhuyễn vào chảo và phi thơm trong khoảng 3 phút. | Tiếp theo, thêm chén gạch cua vào chảo và sử dụng sạn dẹt để xào đều trong khoảng 3-5 phút, cho đến khi thấy gạch cua trở nên hơi sánh và đặc. Khi đó, bạn có thể tắt bếp. | 4. Nấu canh | Khi vô tình chạm mắt, tô canh cua mồng tơi đã tỏa sáng với màu sắc bắt mắt từ riêu cua và sự tươi tốt của rau xanh, nhanh chóng thu hút mọi người! | Đặc biệt, riêu cua mềm mịn và ngọt ngào, kết hợp với hương vị tươi ngon của rau và nước dùng đậm đà, thực sự là một món ăn không thể thiếu trên bàn cơm!"
Thịt lợn mán tái chanh thơm ngon ngọt,60 phút,4 người,Dễ,Thịt lợn mán (Chọn phần thịt vai hoặc thịt đùi)-500gr | Gừng-1 nhánh | Sả-2 cây | Vừng trắng rang vàng-3 thìa | Dầu vừng-1 thìa | Chanh-1/2 quả | Đường-1 thìa | Bột canh-1 thìa | Chuối xanh-1 quả | Khế chua-1 quả | Ớt-Tuỳ thích | Giấm-2 thìa | Muối-1 thìa,"Gừng và 2 củ sả đập dập chia thành 2 phần, 1 củ sả còn lại băm nhỏ. | Chuối xanh lột vỏ, cắt lát mỏng, ngâm vào nước pha muối và giấm cho đỡ bị thâm rồi để ráo. Khế chua rửa sạch, cắt lát. Vừng rang vàng. | Thịt lợn rửa sạch, dùng dao cao sạch phần bì. Đun sôi nước, thả một phần gừng, sả vào rồi cho thịt vào trần trong khoảng 2-3 phút để loại bỏ các chất bẩn và mùi hôi của thịt, sau đó rửa sạch lại với nước. | Hấp thịt với chỗ gừng và sả còn lại cho tới khi chín (mất khoảng 10-15 phút sau khi nước sôi, các bạn dùng đũa châm không thấy nước đỏ chảy ra là thịt chín). Gắp thịt ra thả vào bát nước đá ngay cho thịt trắng và mềm. | Dùng dao sắc thái thịt lợn mán đã luộc thật mỏng, cho vào tô. | Vắt nửa quả chanh vào tô, thêm đường, muối, dầu vừng, 1/2 chỗ vừng rang, ớt thái nhỏ vào, dùng găng tay trộn đều. Sau khi trộn xong các bạn có thể nêm nếm lại gia vị cho vừa miệng rồi xếp thịt ra đĩa, rắc chỗ vừng còn lại lên trên là ta đã làm xong món thịt lợn mán tái chanh. Các bạn ăn thịt lợn mán tái chanh cùng với khế chua và chuối xanh không thôi cũng ngon, nếu thích, các bạn có thể chấm tương gừng ăn cũng siêu hợp vị nhé."
Xôi cốm dẻo thơm ngon khó chối từ,2 giờ 00 phút,4 người,Dễ,Cốm-300g | Đỗ xanh-100g | Dừa tươi-50g | Đường kính trắng-4 thìa cà phê | Dầu ăn-2 thìa,"Bước 1:Đậu xanh ngâm trong nước nóng 2h rồi đãi sạch, để ráo nước, trộn với 1/3 thìa cà phê muối để trong chiếc chén con. Nếu là đỗ xanh chưa bỏ vỏ thì bạn nên ngâm trước đó 3h rồi đãi sạch vỏ đi nhé. | Bước 2:Cho đỗ xanh vào nồi hấp và hấp cho đến khi chín. Nếu không có xoong hấp bạn có thể cho vào nồi cơm điện và nấu như cơm. Không nên cho nhiều nước, khi đỗ sôi sẽ trào nước ra nồi. | Khi đậu chín thì cho vào cối giã nhuyễn hoặc nghiền bằng thìa. | Bước 3:Trộn cốm với 2 thìa dầu ăn, rồi cho vào hấp. Khi hấp bạn nên cho lửa liu riu, đợi trong 5-7 phút là cốm chín. | Bước 4:Lấy cốm đã chín và trộn với 2 thìa đường trắng, rồi đem hấp lại trong 5 phút. | Bước 5:Dừa nạo thành sợi ướp với chỗ đường còn lại, để trong 20 phút. | Cho 1 chút dầu ăn vào chảo, để lửa nhỏ cho dừa tươi ướp đường vào xào cho săn lại. Bạn có thể nhận thấy dừa săn lại là khi đường cô lại, bám chặt vào từng sợi dừa, tuy nhiên bạn không nên để quá lửa để dừa bị cháy có màu vàng nhìn sẽ không đẹp mắt. | Bước 6:Đổ xôi ra một cái khay rộng rồi trộn đều xôi cốm với dừa và đậu xanh đã giã nhuyễn. | Để có hình thức bắt mắt bạn có thể trải lá sen hoặc lá chuối lót dưới đĩa hay mẹt nhỏ rồi hãy đổ xôi cốm lên. | Chúc bạn và gia đình thành công với cách nấu xôi cốm thơm ngon hấp dẫn này!"
Bánh tiêu đơn giản tại nhà,60 phút,4 người,Dễ,Bột mì-400 gr | Bột nở-7 gr | Bột nở – baking powder-1 thìa cà phê | Đường-20 gr | Vừng-15 gr | Nước ấm 40 độ C-220 ml | Muối-5 gr,"Sơ chế nguyên liệu làm bánh tiêu: | -  Các bạn hòa khoảng 80-100g đường vào nước ấm cho tan rồi cho men nở và bột nở vào khuấy đều, chờ 10 phút cho men nổi trên mặt nước. | - Tiếp theo các bạn trộn đều bột mì, 1 muỗng muối vào bát để nhào bột rồi cho hỗn hợp nước đường đã hòa vào, dùng tay sạch có thoa chút dầu ăn nhào cho đến khi bột mịn, bóng, không dính tay khoảng 15-20 phút. | - Sau đó các bạn cho bột vào bát, dùng khăn ẩm đậy kín bên trên và ủ bột ở nơi kín gió khoảng 40-50 phút cho bột nở hết đến khi nở gấp đôi. | -Vừng: các bạn đãi sạch, rang vừng cho đến khi có màu vàng và có mùi thơm. | Các bước thực hiện làm bánh tiêu: | -Bước 1:Các bạn dùng tay ấn nhẹ đều bột cho bọt khí thoát ra hết và đổ vani vào nhào lên. | -Bước 2:Tiếp đó các bạn vắt bột thành khối hình trụ tròn dài và dùng tay cắt thành 20-25 miếng bột đều nhau, vo tròn lại, ấn đều 2 mặt của viên bột vào đĩa vừng rồi để ra ngoài 20 phút. | -Bước 3:các bạn dùng dụng cụ cán bột hoặc 1 chai thủy tinh tròn cán miếng bột đã lăn qua vừng dẹp đều ra. | -Bước 4:các bạn cho dầu vào chảo hoặc nồi nhỏ, để dầu nóng già, rồi hạ lửa trung bình, thả từng miếng bột đã cán vào. Các bạn dùng đũa đè 2 mép bột để phần giữa phồng đều, lật bánh, chiên vàng đều 2 mặt bánh rồi vớt bánh ra đĩa có lót giấy thấm dầu cho ráo dầu | Lưu ý khi làm bánh tiêu: | -    Khi chiên bánh các bạn nên chọn nồi đáy nhỏ cho dầu ngập bánh để tạo màu đẹp. | -    Các bạn chiên lần lượt từng cái một để không bị cháy. | -    Bánh ăn nóng sẽ rất ngon và giòn khi để nguội sẽ bị cứng."
Công thức gà sốt cam chua ngọt ngon mê mẩn,60 phút,4 người,Dễ,"Phần gà- | Thị ức gà-2 miếng | Dầu thực vật, muối-nguyên liệu | Lòng trắng trứng-2 lòng | Giấm gạo-30 ml | Bột ngô-60 gr | Men nở-3 gr | Phần sốt cam- | Nước dùng  gà-300 ml | Nước cam-30 ml | Nước cốt chanh-70 ml | vỏ cam-15 gr | Giấm gạo-100 ml | Đường cát-50 gr | Đường nâu-50 gr | Ớt-2 quả | Bột ngô-30 gr | Nước-30 ml | Gừng bào nhuyễn-5 gr | Xì dầu, dầu mè, hành lá, vừng trắng-trang trí","Bước 1:Các bạn cắt gà thành từng miếng nhỏ vừa ăn, sau đó cho thịt vào túi nylon thực phẩm. Trộn lòng trắng trứng, bột ngô, giấm gạo, men nở và muối vào một bát rồi cho vào cùng thịt gà. | Bước 2:Các bạn đậy kín nắp lại rồi ướp gà trong khoảng 30’ cho ngấm đều thịt gà | Bước 3:Làm phần sốt, bạn bào lấy vỏ cam và vắt cam để lấy nước nhé! | Bước 4:Các bạn phi gừng và vỏ cam trong chảo dầu nóng. | Bước 5:Các bạn cho tất cả các nguyên liệu làm sốt vào chảo trừ hành lá và vừng trắng ra, đun cho đến khi hỗn hợp sốt đặc lại. | Bước 6: Trong 1 chảo khác, các bạn rán gà ngập dầu cho đến khi gà có màu vàng nâu đều các mặt. Sau khi chiên xong, bạn vớt gà ra rồi để cho ráo dầu. | Bước 7: Các bạn cho thịt gà vào phần sốt vừa đun ở bước 5, sau đó rắc hành lá và vừng trắng lên trên để trang trí."
"Canh riêu cua ngon, bổ, rẻ",60 phút,4 người,Dễ,"Cua đồng-500 gr | Mỡ phần-15 gr | Khế chua-1 quả | Mắm tôm-1 thìa con | Mẻ-1 thìa canh | Rau thơm-2 mớ | Cà chua-100 gr | Dọc xanh-1 quả | Hành hoa-100 gr | Nước mắm, muối-gia vị | Rau mùi-1 mớ | xà lách-200 gr","Cua các bạn cho vào nước lạnh bỏ vào ít muối khuấy và rửa sạch. Xé bỏ mai, mồm, yếm, đem giã nhỏ, cho nước lạnh vào, lọc lấy nước cua, gạn bỏ bã (làm như vậy khoảng 2-3 lần). Các bạn dùng tăm gảy lấy gạch vàng ở mai cua để riêng. | Cà chua các bạn rửa sạch thái miếng vừa ăn. Quả dọc các bạn nướng chín, bóc bỏ vỏ. | Khế chua các bạn rửa sạch, cắt bỏ rìa cạnh, bổ  thành miếng dài theo chiểu dọc của quả. Mẻ và mắm tôm các bạn nghiền nhỏ lọc lấy nước. Mỡ phần rửa sạch, băm nhỏ. Hành hoa các bạn rửa sạch, băm nhỏ củ. | Tiếp theo các bạn phi thơm hành mỡ chưng gạch cua lấy màu để riêng. Các bạn cho tiếp khế và cà chua vào đảo qua, để riêng. | Sau đó bạn cho mắm tôm, muối vào nước cua lọc, khuấy đều đun sôi. Khi váng thịt cua nổi lên, vớt ra để riêng. Cuối cùng bạn cho dọc, khế, nước mẻ, cà chua vào đun chín rồi cho thịt cua vào. Nêm vừa nước mắm, muối, khi nào ăn mỏi dầm khế và dọc. Cho màu đã chưng vào. Ăn nóng kèm rau sống, rau thơm. | Yêu cầu thành phẩm: Nước canh trong, màu hơi hồng nhạt. Thịt cua nổi thành váng chắc, không nát, vị chua dịu vừa ăn."
Sinh tố xoài sữa tươi bổ dưỡng tại nhà,60 phút,4 người,Dễ,Sữa tươi-100 ml | Sữa chua có đường-1 hộp | Xoài chín-1 quả | Đá viên-tùy thích,"Sơ chế nguyên liệu làm sinh tố xoài với sữa tươi: | -Các bạn đem xoài đi rửa sạch, cắt phần bên má quả xoài thật sát với phần hạt xoài. | -Tiếp theo bạn dùng mũi dao tròn, rạch các đường vuông trên mặt xoài xuống đến sát vỏ xoài rồi dùng dao gạt nhẹ để miếng xoài tự rơi ra. | Các bước làm sinh tố xoài: | Bước 1 :Các bạn cho đá viên vào máy xay sinh tố, xay trước 10s, sau đố những miếng xoài vào cùng. | Bước 2:Bạn dùng muỗng đong 100ml sữa tươi cho vào cùng xoài. | Bước 3:Các bạn đổ thêm 30 ml sữa chua vào sau đó xay nhuyễn, tới khi thấy phần sinh tố xoài mịn, màu vàng tươi là được. | Bước 4:Cuối cùng các bạn đổ sinh tố xoài ra cốc và trang trí cho cốc sinh tố bắt mắt. | Những lưu ý khi làm sinh tố xoài với sữa tươi: | Các bạn nên chọn quả xoài chín tới, như vậy khi gọt xoài sẽ không bị nát và chảy nước. Nếu xoài quá chín sẽ thưởng có vị chua chua, có sơ làm món sinh tố không được mịn. | -Nếu thích uống lạnh bạn có thể bỏ thêm đá viên vào ly sinh xoài  với sữa tươi hoặc bảo quản trong ngăn mát tủ lạnh trong vòng 2-3 giờ"
"Bim bim khoai tây siêu đơn giản, siêu ngon",60 phút,4 người,Dễ,Khoai tây-300 gr | Muối-1 ít | Gia vị hoàn hảo-1 gói,"Bước 1:Khoai tây các bạn rửa sạch, gọt vỏ, dùng nạo hoặc dao gọt trái cây nạo càng mỏng càng tốt. Tiếp theo các bạn ngâm khoai tây vào nước muối pha loãng khoảng 30 phút để khoai không bị thâm và giòn hơn. | Bước 2: Các bạn vớt khoai tây ra để ráo nước rồi cho vào bát to, ướp cùng với 1,5 – 2 gói bột canh mì hảo hảo, trộn đều để khoai ngấm đều gia vị, ướp tầm 30 phút cho khoai tây ngấm đều gia vị | Bước 3:Bắc chảo lên bếp, các bạn cho dầu vào đun nóng, cho khoai tây vào chiên, lượng dầu ăn sao cho khoai tây ngập kín trong dầu, khoai sẽ không bị cháy. Khi khoai chín vàng nổi lên thì các bạn vớt ra cho ráo dầu là có thể thưởng thức | Chúc các bạn thành công!"
Cóc dầm bò khô-món ngon ăn mãi không chán,60 phút,4 người,Dễ,"cóc bao tử-300 gr | Thịt bò khô sợi-40 gr | Lạc rang-30 gr | Đường, nước mắm-gia vị","Bước 1:Các bạn đun sôi đường và nước mắm theo tỉ lệ 1:1 để làm nước trộn gỏi rồi để nguội nhé | Bước 2:Các bạn gọt bỏ vỏ cóc rồi thái thành từng lát hoặc từng múi tuỳ ý. | Bước 3:Các bạn ngâm cóc vào trong nước đá khoảng 30' để cho cóc bớt chua và được giòn hơn. Vì độ chua của cóc non không nhiều nên bạn không cần cho muối hay đường vào nước ngâm. | Bước 4:Các bạn để cóc ráo nước rồi trộn đều với nước mắm đường và để yên khoảng 10' để cóc được ngấm (bạn nên để cóc vào ngăn mát của tủ lạnh nhé) | Bước 5:Cuối cùng, các bạn trộn thêm thịt bò khô và lạc rang vào cóc là ăn được rồi!"
Lạc rang muối ngon như ngoài hàng,30 phút,4 người,Dễ,"Lạc-200 gr | Bột canh-1-1,5 thìa ăn cơm | Dầu ăn-1-2 thìa ăn cơm","Bước đầu tiên là đặt chảo lên bếp và để chảo được làm nóng trong một thời gian. Sau đó, thêm lạc vào chảo để rang. Hạ lửa ở mức nhỏ để đảm bảo lạc không bị cháy. | Tiếp theo, rang lạc một cách đều để đảm bảo các hạt lạc chín đều nhau. Rang lạc trong khoảng từ 7-9 phút. Khi các hạt lạc bắt đầu tách ra nhưng vỏ lạc chưa bong hẳn, thêm khoảng 1-1/5 thìa dầu vào chảo và tiếp tục đảo. Vẫn để lửa nhỏ để dầu ngấm dần vào lạc. | Quá trình này sẽ tạo ra lạc giòn và bùi. Nếm hạt lạc để kiểm tra xem chúng đã chín hoàn toàn, có vị bùi và hơi giòn (do lạc vẫn còn nóng, không thể giòn như sau khi nguội). | Khi lạc đã chín vàng đều, đặt chúng ra ngoài để nguội, nhưng vẫn tiếp tục đảo đều bằng tay vì chảo vẫn còn nóng. Nếu không đảo, lạc có thể cháy. Ngoài ra, bạn cũng có thể đảo lạc trên chảo rồi cho vào một bát tô lớn để không cần đảo liên tục (bát tô đã nguội, không có nguy cơ lạc bị cháy). | Khi lạc vẫn còn hơi ấm, thêm bột canh và đảo đều để bột canh bám vào lạc. Với 200g lạc rang, bạn có thể thêm khoảng 1-1,5g thìa bột canh. | Thường mọi người thêm bột canh ngay khi lạc vừa ra khỏi bếp. Tuy nhiên, bằng cách làm như vậy, bột canh sẽ bám nhanh vào lạc, nhưng khi lạc nguội, bột canh sẽ rơi ra và không còn bám vào lạc nhiều nữa. | Sau khi trộn đều, đợi lạc nguội hoàn toàn rồi cho vào hũ đậy kín. Bằng cách rang và bảo quản lạc như vậy, lạc sẽ giòn ngon."
Đậu phụ viên chiên lạ miệng,60 phút,4 người,Dễ,"Đậu phụ-2 bìa | Cà rốt-1/2 củ | Óc đậu-50 gr | Bột ngô-30 gr | Trứng gà-1 quả | Bột mỳ-100 gr | Dầu mè, đường, hạt tiêu, bột nêm, muối, dầu ăn-gia vị","Bước 1 :Đậu phủ các bạn đem cắt nhỏ, cho đậu vào một chiếc khăn mỏng bóp cho đậu nhuyễn (hoặc dùng muôi dằm nhuyễn ) và vắt bớt nước để đậu khi trộn không bị nước, có độ kết dính tốt hơn. | Bước 2:Cà rốt các bạn gọt vỏ, bào sợi vụn rồi ướp với một chút muối | Bước 3 :Các bạn rửa sạch rau mùi, thái nhỏ | Bước 4 :Cho đậu vào bát, các bạn đeo bao tay nilon bóp đậu một lần nữa cho nhuyễn rồi cho cà rốt, rau mùi, bột mỳ, bột ngô, trứng gà vào trộn thật đều. Tiếp đó bạn cho thêm nêm 1/2 thìa cafe đường, 1/2 thìa cafe hạt tiêu trắng, 1/2 thìa cafe bột nêm, 1 thìa cafe muối, 1 thìa cafe dầu mè, dùng tay bóp đều lên một lần nữa cho các nguyên liệu ngấm gia vị | Bước 5 :Các bạn bắc chảo lên bếp, cho dầu vào đun, lượng dầu cho nhiều để có thể chiên ngập mặt đậu, khi dầu nóng già vo tròn từng viên đậu cho vào chiên chín vàng. Chiên lửa nhỏ đến khi đậu chuyển sang màu vàng đậm thì các bạn vớt ra để ráo dầu là được | Các bạn bày đậu viên chiên ra đĩa, trang trí lên một ít rau mùi hoặc cà rốt tỉa hoa cho đẹp mắt"
Bánh pizza hoa quả vừa ngon vừa lạ miệng,60 phút,4 người,Dễ,"Nguyên liệu làm đế bánh pizza:- | Bột mì-100 gr | Sữa tươi-55 ml | Bơ-15 gr | Men nở-1 gr | Nguyên liệu làm nhân bánh pizza:- | Phomai Mozzarella-30 gr | Táo-1 quả | Chuối-1 quả | Cà chua bi-2 quả | Mè đen rang chín-1 thìa nhỏ | Trứng-1 quả | Bơ, đường-15 gr mỗi loại | Mật ong-vài giọt","Làm đế bánh pizza hoa quả: | Bước 1:Trước tiên bạn đun 55ml sữa tươi bằng lửa nhỏ tới khi sữa ấm chừng 35 độ C thì tắt bếp và rắc men nở nhẹ nhàng phủ đầy mặt sữa. Để yên 5 phút cho men nở phồng. | Bước 2:Bạn nhào bột thật kĩ cùng với sữa và men trong chừng 10 phút, thêm 15g bơ vào nhào đều 5 phút nữa. Vê tròn bột và để trong nồi đậy kín, ủ nơi ấm áp cho tới khi bột nở to gấp đôi (chừng 30 – 60 phút sau). | Bước 3:Các bạn thoa bột áo vào tay rồi đập nhẹ cho bột ra bớt bọt khí, bạn cán bột mỏng tròn phủ vừa lòng khuôn bánh. Dùng dĩa xiên nhiều lỗ nhỏ trên nền đế bánh. Phủ màng bọc thực phẩm kín mặt khuôn ủ đế bánh thêm nửa tiếng nữa. Trong lúc chờ đợi bạn bào phomai thành sợi lớn và chuẩn bị nhân bánh. | Làm nhân bánh pizza hoa quả: | Bước 1:Bạn làm nóng chảy 15g bơ . Gọt vỏ táo, xắt miếng nhỏ vừa ăn và đổ vào chảo. Rắc 15g đường đều bề mặt táo rồi chiên nhẹ cho táo ngấm đường và dậy mùi mứt táo. Tiếp theo bạn rắc mè và xắt nhỏ các hoa quả còn lại vào xào nhỏ lửa cùng táo tới khi cạn nước. Tắt bếp và rưới mật ong vào đảo đều. | Bước 2:Các bạn khuấy trứng trong một bát nhỏ, dùng bàn chải/chổi nhỏ phết trứng khắp bề mặt đế bánh. Rắc đều một chút phomai trong lòng bánh. Trút hoa quả chiên vào dàn đều, sau cùng phủ hỗn độn một lớp mỏng các sợi pho mai lên trên bề mặt bánh. Nướng bánh ở 200 độ C trong chừng 10 phút hoặc cho tới khi đế bánh vàng giòn và phomai chảy dẻo mượt là được | Chúc các bạn thành công và ngon miệng!"
Tôm chiên cốt dừa thơm nức mũi,60 phút,4 người,Dễ,Tôm tươi-450 gr | Bông cải xanh-1 cây | Nước cốt dừa-225 ml | Đường-30 gr | Sốt mayonnaise-25 gr | Bột chiên xù-100 gr | Rượu nấu ăn-5 ml | Dừa sấy-tùy thích,"Bước 1:Bạn bóc vỏ tôm và lấy sạch chỉ lưng, sau đó cho vào một ít muối, tiêu, rượu, để ướp trong 15 phút vừa ngấm gia vị vừa đỡ tanh tôm | Bước 2:Các bạn rửa sạch bông cải xanh rồi cắt thành nhiều phần nhỏ. Trần qua nước sôi trong khoảng 2 phút cho bông cải mềm. | Bước 3:Bạn lăn tôm qua lớp vụn bánh mì và bột ngô rồi cho vào chảo dầu nóng chiên với lửa vừa trong khoảng 2-3 phút. Khi thấy lớp vỏ ngoài của tôm chuyển sang màu vàng thì vớt ra | Bước 4:Các bạn để tôm lên giấy thấm cho ráo dầu. | Bước 5:Các bạn cho nước cốt dừa và đường vào chảo, khuấy đều tay trên lửa vừa cho đến khi đường tan hết. | Bước 6: Cuối cùng bạn thêm tôm và sốt mayonnaise vào chảo, đảo nhẹ trong vài phút sao cho phần tôm ngấm nước sốt. | chúc các  bạn thành công và ngon miệng!"
Mì trộn -món ngon “giải ngán” cho ngày nóng chán ăn,60 phút,4 người,Dễ,"Mì khô-150 gr | Ớt chuông-1 quả | Hành tây-1 củ | Thịt gà-100 gr | Bơ lạc-100 gr | Xì dầu-60 ml | Nước ấm-80 ml | Gừng-1 củ băm nhỏ | Tỏi-1 tép vừa băm nhỏ | Vừng rang vàng-40 gr | Dưa chuột-1 quả | Mật ong, ớt bột, hành lá, giấm gạo, muối, tiêu, dầu vừng-gia vị","Bước 1:Các bạn rửa sạch ớt chuông, dưa chuột, hành tây, hành lá rồi cắt thành những miếng mỏng vừa ăn. | Bước 2:Các bạn cho hành tây vào xào cho đến khi thơm thì cho tiếp ớt chuông vào đảo nhanh. | Bước 3:Các bạn luộc chín mì, sau đó dội sơ bằng nước lạnh cho mì dai rồi để ráo. | Bước 4:Tiếp theo các bạn thái thịt gà thành miếng nhỏ rồi xào chín với dầu mè và tiêu. Bạn nêm nếm gia vị cho vừa miệng nhé. | Bước 5:Để làm nước sốt, các bạn cho bơ lạc, xì dầu, nước ấm, vừng rang, gừng, tỏi, mật ong, ớt bột, giấm gạo, dầu vừng, tiêu và muối vào trộn đều. | Bước 6:Cuối cùng, bạn trộn đều mì với dưa chuột, ớt chuông, thịt gà và nước sốt với nhau cho ngấm gia vị rồi thưởng thức nhé! | Chúc các bạn ngon miệng!"
"Chè nha đam giòn, mát xua tan cái nóng mùa hè",60 phút,4 người,Dễ,"Nha đam dày bản, tươi-1 lá | Đậu xanh bóc vỏ-150 gr | Nước cốt-1 chén | Muối-2 thùa nhỏ | Vani-1 ống","Sơ chế nguyên liệu nấu chè nha đam: | -Đầu tiên đậu xanh các bạn bóc vỏ đem rửa sạch với nước, ngâm với nước ấm trong vòng 30 phút. | Tiếp theo các bạn cắt lá nha đam thành những phần nhỏ, gọt sạch vỏ xanh, xắt thành hạt lựu rồi ngâm với nước có pha vài giọt nước chanh và 2 thìa muối. | Các bạn dùng tay chà xát nhẹ nhàng từng iếng nha đam cho hết nhớt. | Tiếp theo bạn vớt nha đam ra rổ, xát dưới nước, vừa xát vừa xả nước, xóc đều. Các bạn nhớ xát nha đam cho đến khi miếng nha đam chuyển màu trong suốt là được. | Cách nấu chè nha đam: | Các bạn vớt đậu xanh ra, để ráo nước rồi đổ vào nồi với 600ml nước, đun sôi. Khi đun bạn nhớ mở nắp xoong và hớt hết phần bọt nổi lên | -Đến khi đậu xanh nở đều, bạn cho thêm đường cho vừa khẩu vị của bạn. | Vớt nha đạm, các bạn thả vào nồi chè, khuấy nhẹ tay, rồi đổ ống vani vào. | -Đợi đến khi chè sôi khoảng 1 phút thì bạn tắt bếp, chờ chè nguội thì múc ra bát và thưởng thức với 2-3 thìa nước cốt dừa. | Mẹo nhỏ khi nấu chè nha đam: | Bạn nên mua những lá nha đam còn tươi, không dập nát, không bị sẹo và rửa sạch lá trước khi sơ chế. | -Nha đam mua về ban đầu có nhớt và mùi hăng vì thế bạn nên ngâm qua nước chanh muối. hoặc nước vôi trong thì nha đam giòn hơn. Sau đó bạn rửa sạch lại với nước. | -Sử dụng đường phèn ướp với nha đam sau khi sơ chế sẽ làm cho món chè nha đam có vị ngọt mát có tính giải nhiệt nhiều hơn."
Gà nướng giấy bạc ngon ngất ngây,60 phút,4 người,Dễ,"Thịt gà ( phần ức gà hoặc đùi gà)-500 gr | Hành ba-rô-2-3 cây | Rượu trắng, xì dầu, tiêu, mật ong-ướp thịt gà","Bước 1:Cácbạn lọc bỏ xương gà ra nhé! | Bước 2:Sau khi lóc sạch xương, các bạn dùng tăm, xiên nhẹ lên khắp mặt da gà. Sau đó, lật phần thịt gà lại rồi ướp với xì dầu, muối và tiêu trong khoảng 15-20 phút cho ngấm gia vị | Bước 3:Tiếp theo các bạn rửa sạch hành ba rô rồi cắt thành khúc dài. Trải giấy bạc lên thớt, sau đó xếp thịt gà và hành lên. | Bước 4:Các bạn gói giấy bạc lại, quấn chặt ở 2 đầu để thịt gà không bị rơi ra ngoài khi nướng | Bước 5:Các bạn pha xì dầu với mật ong để làm nước sốt ướp. Nếu bạn dùng sốt ướp mua sẵn thì có thể bỏ qua bước này nhé! | Bước 6:Các bạn làm nóng lò ở 200 độ C, sau đó cho gà vào nướng trong 20'.Sau khi nướng đủ thời gian, bạn lấy gà ra, phết sốt ướp đã làm ở bước 5 đều lên thịt gà rồi lại cho gà vào lò, nướng ở 180 độ C (các bạn nên chú ý nhìn màu gà tránh để gà cháy nhé!) | Bước 7:Sau khi lấy gà ra khỏi lò, bạn để một lúc cho nguội bớt, có thể cắt được thì cắt gà thành khoanh, xếp vào đĩa, rắc tiêu lên trên rồi dùng ngay. | Chúc các bạn ngon miệng nhé!"
Sườn rim chua ngọt ngon mê ly cho bữa cơm nhà,60 phút,4 người,Dễ,"Sườn non-700 gr | Trứng gà-1 quả | Ớt sừng-10 gr | Hành tím-10 gr | Tỏi-10 gr | Tương ớt-1.5 muỗng canh | Tương cà-1.5 muỗng canh | Nước tương-5 muỗng cà phê | Giấm-2 muỗng cà phê | Bột bắp-2 muỗng canh | Dầu ăn-50 ml | Gia vị-Muối, đường, hạt nêm, bột ngọt, tiêu","1. Sơ chế nguyên liệu | Sơ chế sườn: Sử dụng muối hoặc chanh để chà xát mặt thịt của sườn heo. Sau đó, rửa sườn lại với nước sạch để loại bỏ muối hoặc chanh trên bề mặt, sau đó để ráo. Tiếp theo, chặt sườn thành các miếng nhỏ vừa ăn. | Trụng sườn: Chuẩn bị một thau hoặc nồi lớn, đổ nước sôi vào thau sao cho mặt sườn được ngập trong nước. Trụng sườn trong nước sôi khoảng 5 - 10 phút, sau đó vớt sườn ra và xả sạch bằng nước lạnh để loại bỏ cặn bẩn. | Rửa và để ráo: Xả sườn bằng nước sạch để loại bỏ bất kỳ tạp chất nào còn lại trên bề mặt. Sau đó, để sườn ráo trong một chỗ khô thoáng. | 2. Ướp và chiên sườn | Chuẩn bị gia vị: Trong một tô, trộn đều 1/3 muỗng cà phê muối, 2 muỗng cà phê hạt nêm, 1/3 muỗng cà phê bột ngọt, 1 muỗng cà phê nước tương, 1 muỗng canh đường, 1/3 muỗng cà phê tiêu xay, 5g tỏi băm và 10g hành tím băm. | Ướp sườn: Đặt sườn vào một tô và rắc đều gia vị đã chuẩn bị lên sườn. Đảo đều để sườn thấm đều gia vị. Ướp sườn trong khoảng 15 - 20 phút để gia vị thấm vào sườn đều. | Chuẩn bị hỗn hợp bột áo: Đập 1 quả trứng gà và tách lấy lòng trắng. Hòa lòng trắng trứng với 2 muỗng canh bột bắp. | Áo sườn bằng hỗn hợp bột áo: Cho hỗn hợp bột bắp và lòng trắng trứng vào tô chứa sườn. Trộn đều để bột áo phủ đều lên sườn. | Một gợi ý nhỏ: Ướp thịt với lòng trắng trứng gà và bột bắp giúp sườn khi chiên có màu vàng đẹp và trở nên giòn hơn. | Chiên sườn: Đặt một chảo lên bếp và đổ dầu ăn vào chảo. Chờ đến khi dầu ăn nóng, sau đó đặt phần sườn đã được áo bột vào chảo và chiên ở lửa vừa. Chiên sườn cho đến khi sườn chín vàng và cạnh sườn trở nên giòn. Sau đó, vớt sườn ra khỏi chảo để ráo dầu. | 3. Rim sườn | Đổ bớt dầu từ chảo, giữ lại một ít dầu và cho tỏi vào phi thơm. | Thêm 10g ớt sừng băm nhuyễn và toàn bộ phần sốt đã pha trước đó vào chảo. Tiếp theo, đổ 50ml nước lọc vào tô chứa nước sốt, tráng đều rồi đổ vào chảo. Đun nước sốt cho đến khi hỗn hợp sôi lên và hơi sánh lại. | Rim sườn ở lửa nhỏ trong khoảng 5 phút cho đến khi nước sốt sánh kẹo lại và sườn ngấm đều gia vị. Sau đó, tắt bếp. | Bày sườn ra đĩa và trang trí để tạo thành một món ăn đẹp mắt. | 4. Thành phẩm | Món sườn rim chua ngọt dễ thực hiện, với các nguyên liệu đơn giản và dễ tìm kiếm. Tuy nhiên, hương vị của nó lại vô cùng thơm ngon và hấp dẫn, tạo cảm giác thèm thuồng khiến bạn muốn ăn thêm. Mỗi miếng sườn thấm đầy hương vị, kết hợp với sốt chua chua, ngọt ngọt, tạo ra một cảm giác kích thích vị giác tuyệt vời khi ăn kèm cơm."
Canh cua mồng tơi ngon mát cho mùa hè,40 phút,4 người,Dễ,Cua đồng-300 gram | Rau mồng tơi-300 gram | Hành tím-2 củ | Dầu ăn-2 muỗng canh | Nước mắm-1 muỗng canh | Muối-Một ít,"1. Sơ chế của đồng | Đầu tiên, bắt đầu với 300 gram cua đồng, hãy sử dụng tay để tách bỏ mai và yếm, sau đó rửa cua một vài lần với nước cho sạch và để ráo. Đồng thời, lấy muỗng để gạch cua từ yếm cho vào một chén riêng. Tiếp theo, chuẩn bị máy xay sinh tố và đổ số cua đồng đã để ráo cùng 300ml nước lọc vào máy, sau đó xay nhuyễn hỗn hợp trong khoảng 3 phút ở mức vừa. | Khi thấy hỗn hợp đã nhuyễn, tắt máy và sử dụng rây để lọc phần xác cua, chỉ giữ lại nước riêu cua để sử dụng trong chế biến. | 2. Sơ chế nguyên liệu khác | Tiếp theo, với 300 gram rau mồng tơi, bạn hãy nhặt lấy các lá non và đồng thời loại bỏ những lá dập úng hoặc héo úa. | Sau đó, ngâm rau mồng tơi trong nước muối pha loãng trong khoảng 10 phút, sau đó rửa lại 1-2 lần với nước để làm sạch và để ráo. Sau đó, sử dụng dao để cắt rau thành khúc dài khoảng 1-2 phần ngón tay. | Cuối cùng, lột vỏ hành tím và băm nhuyễn nó. | 3. Xào gạch cua | Sau khi chuẩn bị xong nguyên liệu, hãy đặt một chảo lên bếp và thêm 1 muỗng canh dầu ăn, sau đó đun chảo với lửa vừa. Chờ đến khi dầu nóng, bạn hãy cho hành tím đã băm nhuyễn vào chảo và phi thơm trong khoảng 3 phút. | Tiếp theo, thêm chén gạch cua vào chảo và sử dụng sạn dẹt để xào đều trong khoảng 3-5 phút, cho đến khi thấy gạch cua trở nên hơi sánh và đặc. Khi đó, bạn có thể tắt bếp. | 4. Nấu canh | Khi vô tình chạm mắt, tô canh cua mồng tơi đã tỏa sáng với màu sắc bắt mắt từ riêu cua và sự tươi tốt của rau xanh, nhanh chóng thu hút mọi người! | Đặc biệt, riêu cua mềm mịn và ngọt ngào, kết hợp với hương vị tươi ngon của rau và nước dùng đậm đà, thực sự là một món ăn không thể thiếu trên bàn cơm!"
Thịt lợn mán tái chanh thơm ngon ngọt,60 phút,4 người,Dễ,Thịt lợn mán (Chọn phần thịt vai hoặc thịt đùi)-500gr | Gừng-1 nhánh | Sả-2 cây | Vừng trắng rang vàng-3 thìa | Dầu vừng-1 thìa | Chanh-1/2 quả | Đường-1 thìa | Bột canh-1 thìa | Chuối xanh-1 quả | Khế chua-1 quả | Ớt-Tuỳ thích | Giấm-2 thìa | Muối-1 thìa,"Gừng và 2 củ sả đập dập chia thành 2 phần, 1 củ sả còn lại băm nhỏ. | Chuối xanh lột vỏ, cắt lát mỏng, ngâm vào nước pha muối và giấm cho đỡ bị thâm rồi để ráo. Khế chua rửa sạch, cắt lát. Vừng rang vàng. | Thịt lợn rửa sạch, dùng dao cao sạch phần bì. Đun sôi nước, thả một phần gừng, sả vào rồi cho thịt vào trần trong khoảng 2-3 phút để loại bỏ các chất bẩn và mùi hôi của thịt, sau đó rửa sạch lại với nước. | Hấp thịt với chỗ gừng và sả còn lại cho tới khi chín (mất khoảng 10-15 phút sau khi nước sôi, các bạn dùng đũa châm không thấy nước đỏ chảy ra là thịt chín). Gắp thịt ra thả vào bát nước đá ngay cho thịt trắng và mềm. | Dùng dao sắc thái thịt lợn mán đã luộc thật mỏng, cho vào tô. | Vắt nửa quả chanh vào tô, thêm đường, muối, dầu vừng, 1/2 chỗ vừng rang, ớt thái nhỏ vào, dùng găng tay trộn đều. Sau khi trộn xong các bạn có thể nêm nếm lại gia vị cho vừa miệng rồi xếp thịt ra đĩa, rắc chỗ vừng còn lại lên trên là ta đã làm xong món thịt lợn mán tái chanh. Các bạn ăn thịt lợn mán tái chanh cùng với khế chua và chuối xanh không thôi cũng ngon, nếu thích, các bạn có thể chấm tương gừng ăn cũng siêu hợp vị nhé."
Xôi cốm dẻo thơm ngon khó chối từ,2 giờ 00 phút,4 người,Dễ,Cốm-300g | Đỗ xanh-100g | Dừa tươi-50g | Đường kính trắng-4 thìa cà phê | Dầu ăn-2 thìa,"Bước 1:Đậu xanh ngâm trong nước nóng 2h rồi đãi sạch, để ráo nước, trộn với 1/3 thìa cà phê muối để trong chiếc chén con. Nếu là đỗ xanh chưa bỏ vỏ thì bạn nên ngâm trước đó 3h rồi đãi sạch vỏ đi nhé. | Bước 2:Cho đỗ xanh vào nồi hấp và hấp cho đến khi chín. Nếu không có xoong hấp bạn có thể cho vào nồi cơm điện và nấu như cơm. Không nên cho nhiều nước, khi đỗ sôi sẽ trào nước ra nồi. | Khi đậu chín thì cho vào cối giã nhuyễn hoặc nghiền bằng thìa. | Bước 3:Trộn cốm với 2 thìa dầu ăn, rồi cho vào hấp. Khi hấp bạn nên cho lửa liu riu, đợi trong 5-7 phút là cốm chín. | Bước 4:Lấy cốm đã chín và trộn với 2 thìa đường trắng, rồi đem hấp lại trong 5 phút. | Bước 5:Dừa nạo thành sợi ướp với chỗ đường còn lại, để trong 20 phút. | Cho 1 chút dầu ăn vào chảo, để lửa nhỏ cho dừa tươi ướp đường vào xào cho săn lại. Bạn có thể nhận thấy dừa săn lại là khi đường cô lại, bám chặt vào từng sợi dừa, tuy nhiên bạn không nên để quá lửa để dừa bị cháy có màu vàng nhìn sẽ không đẹp mắt. | Bước 6:Đổ xôi ra một cái khay rộng rồi trộn đều xôi cốm với dừa và đậu xanh đã giã nhuyễn. | Để có hình thức bắt mắt bạn có thể trải lá sen hoặc lá chuối lót dưới đĩa hay mẹt nhỏ rồi hãy đổ xôi cốm lên. | Chúc bạn và gia đình thành công với cách nấu xôi cốm thơm ngon hấp dẫn này!"
Món cua đồng rang lá lốt,60 phút,4 người,Dễ,"Cua đồng-300g | Lá lốt-vừa đủ | Xả, ớt-vừa đủ | Mắm, muối, tiêu, bột ngọt, dầu ăn-vừa đủ","1. Sơ chế nguyên liệu | Sau khi mua cua về, hãy ngâm chúng trong nước trong khoảng 10 phút và thay nước một lần, tiếp tục thay đến khi nước không còn đục. Sau đó, cho thêm một ít muối vào nước và ngâm cua thêm khoảng 10 phút nữa. Sau khi ngâm, để cua ráo nước. | Tiếp theo, hãy đặt cua đồng vào một tô và thêm 1/2 muỗng canh hạt nêm, 1/2 muỗng canh hành lá băm, 1 muỗng canh tỏi băm và 1 muỗng canh hành tím băm. Trộn đều các nguyên liệu với nhau và ướp cua trong khoảng 30 phút. | 2. Chế biến | Đầu tiên, hãy rửa sạch những con cua đồng bằng nước. Sau đó, loại bỏ phần mai (vỏ lưng cua) và yếm (phần vỏ ở dưới bụng). Tiếp theo, hãy rửa sạch lá lốt và cắt nhỏ khoảng 5-10mm. Tách mai và yếm, giữ lại gạch và trứng (lớp gạch béo trên lưng cua). Đặt cua đồng đã tách yếm vào một tô và ướp với 1/2 muỗng cà phê muối, 1/4 muỗng cà phê đường, và 1/4 muỗng cà phê bột ngọt trong khoảng 10 phút để cua hấp thụ hương vị. | Để làm món cua rang lá lốt thơm ngon, hãy trộn nước mắm và gia vị tẩm ướp vào cua đã ướp, và để trong khoảng 10 phút để cua thấm đều gia vị. Sau đó, cho một chút dầu ăn vào chảo và chế biến cua. Hãy nhớ đảo tay đều để cua chín đồng đều mà không bị cháy. | Tiếp theo, khi cua đã chín, thêm lá lốt và tiếp tục rang chung với cua. Đảo tay đều trong khoảng 5 phút cho đến khi lá lốt chín một chút và khô hơn. | Khi cua đã được rang xong, hãy trình bày chúng trên đĩa và trang trí bằng vài lá lốt sống. Bạn cũng có thể sử dụng rau ngổ và ớt tươi cắt nhỏ để trang trí và ăn kèm với món ăn, tạo thêm hương vị tuyệt vời. | 3. Thành phẩm: | Để thêm hương vị, bạn có thể dùng các loại nước chấm như tương ớt, xì dầu hoặc tương bần. Mỗi loại nước chấm sẽ mang đến cho bạn một trải nghiệm hương vị độc đáo và khác nhau. | Bằng cách thử món ăn này, bạn sẽ trải nghiệm được hương vị đặc biệt của cua tươi rang giòn cùng với mùi thơm đặc trưng từ lá lốt. Sự kết hợp hài hòa và tinh tế của món ăn này sẽ tạo nên một trải nghiệm ẩm thực tuyệt vời, phù hợp cho buổi tiệc nhậu hay bữa ăn gia đình vào cuối tuần. | Sổ tay nấu ănchúc các bạn ngon miệng!"
Món thịt bò hầm thơm ngon hấp dẫn,60 phút,4 người,Dễ,"Thịt bò-500 gr | Thịt xông khói-3 lát | Hành tây-1/2 củ | Cà rốt-1 củ | Khoai tây-1 củ | Rượu vang-350 ml | Nấm tươi-100 gr | Sốt cà-30 ml | Tỏi băm, ngò tây khô, tiêu đen-nguyên liệu","Bước 1:Các bạn đun nóng chảo với một ít dầu ăn rồi cho thịt xông khói và hành vào đảo đến khi vàng | Bước 2:Tiếp theo các bạn thêm thịt bò , tỏi băm và ngò tây vào chảo rồi đảo đều tay. Các bạn nêm nếm gia vị cho vừa miệng nhé! | Bước 3:Các bạn cho cà rốt và rượu vào chảo, đun trong 5 phút rồi đổ thêm nước cho ngập thịt, đậy nắp và ninh nhỏ lửa trong khoảng 1 tiếng rưỡi. | Bước 4:Tiếp đến bạn cho khoai tây, nấm và sốt cà chua vào. Đảo đều, đậy nắp và ninh trong 40 phút với lửa nhỏ, thỉnh thoảng, dùng đũa khuấy đều để tránh khét ở đáy chảo. | Bước 5:Bạn mở nắp vung ra, để sôi thêm 20 phút nữa cho nước sánh lại. | Bước 6Các bạn thưởng thức món bò hầm ngon tuyệt này với bánh mì nhé!"
Canh mướp nấu tôm đơn giản mà ngon,60 phút,4 người,Dễ,"Mướp hương-2-3 quả | Tôm khô-100 gr | Kỳ tử-10-20 hạt | Hạt nêm, nước mắm, bột canh, mì chính...-gia vị","-Các bạn gọt vỏ mướp rồi bổ đôi, thái vát miếng vừa ăn như thế bát canh trông sẽ đẹp mắt hơn | - Tôm khô các bạn để vào bát, đổ nước ấm cho ngập. Ngâm khoảng 20 phút cho tôm nở | - Tiếp theo các bạn dùng tay bóp nhẹ tôm, để ra hết cát, cặn bẩn rồi vắt khô. Sau đó, cho tôm vào cối giã nhẹ. | - Các bạn phi thơm ít hành củ khô, nhớ cho thật ít dầu rồi thêm tôm khô nước vừa đủ dùng (các bạn có thể dùng nước dùng từ xương để món ăn thêm ngon),  đun sôi. | - Nồi canh sôi thì bạn hạ bớt lửa, để liu riu để tôm ra chất ngọt. Sau đó thả mướp, nêm gia vị. | - Khi ăn các bạn rắc ít hạt tiêu, hành lá cắt nhỏ | -Cuối cùng là múc canh ra bát và thưởng thức | Chúc các bạn ngon miệng!"
Dưa bắp cải muối đơn giản mà ngon tại nhà,60 phút,4 người,Dễ,"Bắp cải-1 cái | Cần-1 mớ | Cà rốt-1 củ | Hành lá-3 cây | Rau răm-1 bó | Muối, bột canh, mì chính...-gia vị","Bước 1:Bắp cải các bạn thái sợi, rửa sạch, để ráo nước. Rau cần các bạn nhặt sạch rễ và lá, cắt khúc ngâm nước. Còn cà rốt thì các bạn thái sợi. | Bước 2:Các bạn pha nước muối bắp cải: hoà nước sôi để nguội với 1 lít nước sôi pha 25g muối, 50g đường, ¼ chén giấm. | Bước 3:Rau răm các bạn thái nhỏ, hành cắt khúc rồi trộn cùng với cà rốt và rau cần. Sau đó các bạn xếp rau vào hũ, cho rau bắp cải vào hũ, ấn chặt xuống, tiếp theo cho hỗn hợp rau cần, cà rốt trên vào bên trên, đổ nước muối bắp cải ở bước 2 vào, nén chặt, sau một ngày là có thể thưởng thức. | Chúc các bạn thành công với món ăn dễ làm này nhé!"
Mì Quảng hấp dẫn cho ngày cuối tuần,60 phút,4 người,Dễ,"Xương heo-200 gr | Thịt ba chỉ-150 gr | Ức gà-300 gr | Tôm tươi-200 gr | Trứng gà-1 quả | Mỳ quảng vàng-1 kg | Bánh tráng nướng-1 cái | Hành tây-1/2 củ | Bột nghệ-10 gr | Dầu điều-40 ml | Ớt bột-5 gr | Muối, bột nêm, tiêu, đường, nước mắm, dầu hào-gia vị | Tỏi-2 tép | Hành tím-1 củ","Bước 1:Hành tây các bạn rửa sạch, thái múi cau nhỏ . Ức gà các bạn lọc để thịt và xương riêng. Rửa sạch xương gà và xương heo. Đặt nồi lên bếp, bạn cho 2 loại xương vào và đổ nước sạch xâm xấp mặt xương. Mở lửa lớn, đun nóng trong 5 phút để xương ra hết chất dơ. Đổ bỏ phần nước đó đi. Tiếp theo bạn cho khoảng 600ml nước sạch mới cùng hành tây, 3g muối và 15g bột nêm vào, đun lửa nhỏ trong 20 phút. | Bước 2:Tỏi và hành tím các bạn đập dập, bóc vỏ, băm nhuyễn. Rửa sạch thịt gà và thịt ba chỉ, bạn cắt miếng nhỏ vừa ăn. Các bạn ướp thịt gà và thịt ba chỉ cùng hành tỏi băm, 40ml nước mắm, 10g bột nghệ, 5g ớt bột, 20g bột nêm, 3g tiêu, 15g đường, 10ml dầu hào khoảng 20 phút. | Bước 3:Bỏ đầu, lột vỏ tôm và ướp cùng 5g bột nêm, 2g tiêu | Bước 4:Các bạn luộc chín và bóc vỏ trứng gà. Đập dập, bóc vỏ và băm nhuyễn 1 tép tỏi. Đặt chảo lên bếp, bạn cho 40ml dầu điều, cùng tỏi băm vào và mở lửa vừa. Khi tỏi thơm, cho hỗn hợp thịt ướp vào xào đều khoảng 3 phút. | Bước 5:Bạn múc nước dùng đổ vào chảo xâm xấp mặt thịt. Thả trứng gà và tôm vào, tiếp tục nấu thêm 20 phút nữa rồi tắt bếp. | Bước 6:Bạn chomì Quảngvào tô. Vớt thịt, tôm, trứng đặt lên trên. Đổ một ít nước kho và nước dùng vào xâm xấp mặt mì. Thả một ít bánh tráng nướng, đậu phộng, hành lá và các loại rau sống vào ăn cùng tùy sở thích. | Chúc các bạn ngon miệng nhé!"
Miến trộn chua cay mát giòn cho ngày nắng nóng,60 phút,4 người,Dễ,"Miến-50 gr | Giá đỗ-10 gr | Mộc nhĩ-vài tai | Tôm khô-30 gr | Dừa nạo-20 gr | Lá bạc hà-1 nắm, rửa sạch, bằm vụn | Chanh-3 quả | Ớt-2 quả bỏ hạt | Đường, muối-gia vị","Bước 1:Dừa các bạn nạo thái vụn, cho lên chảo rang vàng (các bạn nhớ để ý đừng để dừa cháy vì như thế khi trọn món ăn sẽ có mùi khét) | Bước 2:Mộc nhĩ các bạn ngâm nở, rửa sạch rồi luộc khoảng 2 phút trong nước sôi và lấy ra để ráo, thái sợi. | Bước 3:Tôm khôbạn trụng qua nước nóng khoảng vài phút cho nở rồi rửa lại cho sạch sạn. | Tiếp theo các bạn cho tôm, ớt, đường và một nhúm muối vào máy xay. Vắt chanh lấy khoảng 110ml nước cốt, rưới lên hỗn hợp tôm - ớt rồi xay nhuyễn. | Bước 4:Miến các bạn luộc trong nước sôi vài phút cho mềm rồi vớt ra thả ngay vào tô nước lạnh để miến khỏi dính bết, sau đó vớt ra rổ, để ráo. | Bước 5:Các bạn trụng giá đỗ trong nước sôi khoảng 30 giây cho giá đỗ chín tái, bớt hăng rồi vớt ra rổ, để ráo. | Cuối cùng các bạn cho miến, giá đỗ, tôm xay, lá bạc hà, mộc nhĩ vào một tô lớn, trộn đều rồi lấy ra đĩa, rắc dừa rang vàng ăn kèm rất ngon."
Bánh quy phủ kem dâu tây,60 phút,4 người,Dễ,"Phần bánh quy- | Bột mì-250 gr | Bơ không muối để ở nhiệt độ phòng cho mềm-150 gr | Trứng gà-2 quả | Đường cát trắng-2 thìa | Siro ngô, vani-1 thìa canh mỗi loại | Vỏ chanh đã bào nhỏ-1 thìa nhỏ | Sữa chua-1/2 hộp | Muối, bột nở-1 thìa nhỏ mỗi loại | Khuôn cắt bánh-dụng cụ | Phần kem dâu tây- | Dâu tây-200 gr | Vỏ chanh đã bào nhỏ-1/2 thìa nhỏ","Bước 1:- Phần làm bánh quy: Bạn cho bơ, bột mỳ, muối và bột nở vào âu to. | Bước 2:- Các bạn đập trứng đổ vào. | Bước 3:- Tiếp theo bạn cho vỏ chanh đã bào nhỏ, siro ngô, vani. | Bước 4:- Bạn bật máy đánh trứng cầm tay trộn đều các nguyên liệu, khi máy vừa đánh bạn vừa cho nửa hộp sữa chua vào. | Bước 5:- Đến khi hỗn hợp bơ và bột mỳ quyện sánh lại với nhau thì tắt máy. | Bước 6:- Bạn bọc kín bột trong túi nilon sạch, để vào ngăn mát tủ lạnh từ 6 đến 12 tiếng. | Bước 7:- Bỏ bột ra, bạn dùng tay nhào kỹ, cho bột ra bàn gỗ có rắc chút bột mỳ để không bị dính, dùng cán gỗ dàn cho bột đều. | - Tiếp theo bạn lấy khuôn cắt bánh thành từng miếng hình tròn hay bầu dục tùy thích. | Bước 8:- Xếp bánh vào khay, bạn cho vào lò nướng nướng ở 200 độ C trong vòng 8 phút, lấy bánh ra để nguội. | Bước 9:- Phần kem dâu tây: dâu tây bạn rửa sạch, cắt đôi cho vào máy xay sinh tố cùng 1/2 thìa nhỏ vỏ chanh, 2 thìa canh đường, xay mịn. | Bước 10:- tiếp theo bạn đổ dâu tây ra rổ lọc, bỏ phần cặn lấn cấn. | Bước 11:- Bạn cho bơ vào bát dâu tây cùng 1,5 thìa canh siro ngô, 1/2 thìa nhỏ vani. | Bước 12:- Tiếp theo bạn thêm nốt 2 thìa canh đường vào, dùng cái đánh trứng cầm tay trộn đều. | Bước 13:- Cho đến khi hỗn hợp kem dâu tây thật mịn, khi nhấc lên thấy chảy thành dòng là được. | Bước 14: -Bạn dùng thìa múc kem dâu tây phủ đều bề mặt của từng chiếc bánh quy. | Bước 15:- Làm lần lượt cho đến hết. Bánh có thể ăn ngay mà không cần cho vào lò nướng lại nữa"
Bánh xèo ngon tại nhà,60 phút,4 người,Dễ,"Bột bánh xèo-400 gr | Bột nghệ-một ít | Tôm, thịt ba chỉ-mỗi loại 150 gr | Nấm hương-10 cái | Hành hoa-vài nhánh | Giá đỗ-100 gr | Cà rốt-1 củ | Nước lọc-500 ml | Đỗ xanh cà vỏ-50 gr | Dầu ăn, nước mắm, ớt, rau diếp, rau thơm các loại.-nguyên liệu","Bạn cho gói bột bánh xèo vào âu sạch cùng 1 thìa cà phê bột nghệ rồi đổ 500 ml nước vào âu cùng hành lá thái nhỏ. Đánh đều để khoảng 30 phút trước khi đổ bánh. | Tôm, thịt bạn đem rửa sạch. Thịt thái mỏng, nấm hương ngâm nở, cắt bỏ chân cho đỡ hôi thái sợi. | Bạn cho 1 ít dầu ăn vào chảo rồi cho thịt vào xào tiếp rồi cho tôm vào xào cùng nấm hương. Nêm ½ thìa bột nêm rồi cho tôm thịt ra bát. | Đậu xanh bạn vo sạch, ngâm nước khoảng 30 phút rồi cho vào chõ hấp chín. Giá đỗ bạn rửa sạch để ráo, cà rốt gọt vỏ bào sợi. | Bạn láng đều 2-3 muôi bột bánh xèo, vừa láng vừa cầm tay cầm của chảo lắc đều để hỗn hợp bánh xèo đều khắp chảo. | Bạn xếp lên bề mặt một vài con tôm, thịt, thêm đỗ xanh, giá đỗ, cà rốt rồi đậy kín nắp chảo. | Đun lửa lớn từ 3-4 phút dùng muôi gấp bánh xèo làm đôi, rán đến khi phần vỏ vừa ý thì tắt bếp gắp bánh xèo ra đĩa. | Lần lượt làm như vậy cho đến khi hết bột bánh và phần nhân. | Chúc các bạn thành công và ngon miệng nhé!"
Ngao nấu riêu – món ăn ngọt mát của mùa hè,60 phút,4 người,Dễ,Ngao sống-500 gr ngâm nước và ớt để nhả sạch cát | Cà chua chín-2 quả cắt miếng vừa ăn | Hành tím-1 củ băm nhuyễn | Rau răm-thái nhỏ | Hành lá-3 nhánh cắt khúc vừa ăn | Nước-4 bát | Gia vị hoàn chỉnh-1 gói | Tiêu-1/4 muỗng cà phê | Dầu ăn-1 muỗng canh,Mẹo vặt
Nem cua bể cực ngon tại nhà,45 phút,4 người,Dễ,"Thịt lợn nạc-200 gr | Cua biển-1 con | Trứng gà, trứng muối-mỗi loại một quả | Su hào, cà rốt-mỗi loại một củ | Bánh tráng-20 cái | Giá-50 gr | Miến-10 gr | Nấm mèo-10 gr | Tỏi, hành tím, đu đủ xanh, cà rốt-nguyên liệu | nước mắm, bột nêm, tiêu, muối, dấm, chanh-gia vị","Bước 1:Cua biển các bạn rửa sạch rồi mang luộc chín và gỡ lấy thịt.Thịt heo các bạn đem rửa sạch, băm nhỏ.Trứng muối bạn đem hấp chín, lấy lòng đỏ trứng dặm nhuyễn. | Bước 2:Su hào, cà rốt các bạn gọt vỏ, rửa sạch rồi thái sợi nhuyễn.Miến, nấm mèo bạn đem ngâm với nước nóng cho nở, ngâm riêng mỗi loại vào bát to. Riêng nấm mèo bạn đem rửa sạch lại một lần nữa, cắt bỏ chân cho đỡ hôi. Miến cắt khúc nhỏ, nấm mèo băm nhỏ.Giá rửa sạch, thái nhỏ | Bước 3:Bạn cho vào tô lớn thịt heo, thịt cua, trứng muối, cà rốt, su hào, nấm, giá và đập trứng gà vào trộn thật đều, nêm thêm muối, hạt nêm, tiêu vào và đảo đều tiếp sao cho tất cả ngấm đều gia vị | Bước 4:Bạn cho giấm vắt chanh vào bát nhỏ. Nhúng bánh tráng vào để khi rán giòn hơn. | Tiếp theo bạn trải bánh tráng ra mặt phẳng rồi cho nhân vào giữa, dẹp đều, gấp 4 góc lại thành hình vuông. | Bước 5:Các bạn cho dầu vào chảo, dầu sôi già mới cho nem vào rán, lật đều các mặt đến khi nem vàng ươm, chín đều và giòn rụm thì cho ra đĩa đã lót giấy thấm dầu. Bạn lấy dao cắt nem ra làm đôi hoặc làm 4 tùy khẩu vị. Tiếp theo bạn xếp rau sống lên đĩa rồi cho nem lên trên. | Bước 6:Pha nước chấm chua ngọt: Gồm đu đủ xanh, cà rốt đem gọt vỏ, rửa sạch rồi thái lát mỏng. Các bạn cho chút nước mắm, chanh, đường, hạt nêm, nước dùng vừa đủ lên đun, nước sôi cho đu đủ, cà rốt thái lát vào trần qua cho ngấm. Đổ nước chấm ra bát nhỏ. Bạn có thể thái lát ớt cho vào bát nước chấm nếu thích | Chúc cả nhà thành công nhé!"
Kem rán siêu ngon như ngoài quán,60 phút,4 người,Dễ,Kem-1 hộp | Bỏng ngô-120 gr | Dừa nạo-70 gr | Bột quế-1 thìa | Trứng gà-2 quả | Sữa tươi-1 chén | Dầu ăn-nguyên liệu,"Bước 1:Các bạn nhúng 2 thìa vào trong nước ấm để múc kem dễ dàng hơn | Bước 2:Tiếp theo các bạn dùng thìa múc từng viên kem tròn đặt lên khay lót giấy thấm dầu nhé, làm thế kem sẽ không bị dính. | Sau đó các bạn cho kem vào ngăn đá để trong khoảng 1 tiếng để các viên kem đông cứng lại thì mới chiên được. | Bước 3:Trong lúc chờ đợi,các bạn sẽ làm phần vỏ kem. Cho bỏng ngô hoặc vụn bánh quế vào túi, các bạn dùng chày cán mỏng rồi cho 1 muỗng dừa nạo vào trộn cùng. Các bạn cho thêm 1 thìa bột quế cho thơm nữa này rồi trộn đều tất cả với nhau | Bước 4:Tiếp đến các bạn sẽ đánh bông 2 lòng đỏ trứng gà cùng sữa tươi | Bước 5:Sau khi kem đã đông cứng, các bạn bỏ ra lăn vào hỗn hợp bỏng ngô rồi lăn kem vào bát trứng rùi lại lăn tiếp lần 2 vào bỏng ngô. | Bước 6:Cuối cùng bạn cho thật nhiều dầu ăn vào chảo, đun sôi rùi cho kem vào chiên, kem vàng đều các mặt là chín đó. | Vì là kem rán nên nhớ ăn cùng hoa quả cho bớt ngán nha."
Gỏi xoài tôm thịt ngon tại nhà,45 phút,4 người,Dễ,"xoài hơi chín-1 quả | Tôm to-10 con | Thịt nạc dăm hoặc thịt đùi-150 gr | Tôm khô-1 nắm nhỏ | Nước mắm trộn- | Nước mắm-2 muỗng canh | Đường-2 muỗng canh | Nước cốt chanh-2 thìa canh | Tỏi băm-2 tép | Ớt băm-tùy thích | Rau răm hoặc rau húng lủi, lạc rang giã dập, hành phi-nguyên liệu","- Xoài bạn gọt vỏ rồi bào sợi to vừa. | - Tôm bạn luộc chín rồi bóc vỏ, xé thành 2-3 miếng. | - Tôm khô các bạn luộc hay ngâm nước cho mềm, để ráo rồi giã hay xay nhỏ. | - Thịt các bạn luộc chín rồi cắt thành sợi. | - Rau các bạn thái nhỏ. | - Toàn bộ nguyên liệu của phần nước mắm bạn trộn hòa với nhau cho đều. Tùy theo loại xoài sử dụng chua hay ngọt mà gia giảm lượng đường và nước chanh cho phù hợp. | - Bạn trộn toàn bộ các nguyên liệu và nước mắm pha với nhau cho đều, nêm nếm lại cho vừa ăn rồi cho ra đĩa, trên rắc thêm lạc rang và hành phi."
Sườn rim chua ngọt ngon mê ly cho bữa cơm nhà,60 phút,4 người,Dễ,"Sườn non-700 gr | Trứng gà-1 quả | Ớt sừng-10 gr | Hành tím-10 gr | Tỏi-10 gr | Tương ớt-1.5 muỗng canh | Tương cà-1.5 muỗng canh | Nước tương-5 muỗng cà phê | Giấm-2 muỗng cà phê | Bột bắp-2 muỗng canh | Dầu ăn-50 ml | Gia vị-Muối, đường, hạt nêm, bột ngọt, tiêu","1. Sơ chế nguyên liệu | Sơ chế sườn: Sử dụng muối hoặc chanh để chà xát mặt thịt của sườn heo. Sau đó, rửa sườn lại với nước sạch để loại bỏ muối hoặc chanh trên bề mặt, sau đó để ráo. Tiếp theo, chặt sườn thành các miếng nhỏ vừa ăn. | Trụng sườn: Chuẩn bị một thau hoặc nồi lớn, đổ nước sôi vào thau sao cho mặt sườn được ngập trong nước. Trụng sườn trong nước sôi khoảng 5 - 10 phút, sau đó vớt sườn ra và xả sạch bằng nước lạnh để loại bỏ cặn bẩn. | Rửa và để ráo: Xả sườn bằng nước sạch để loại bỏ bất kỳ tạp chất nào còn lại trên bề mặt. Sau đó, để sườn ráo trong một chỗ khô thoáng. | 2. Ướp và chiên sườn | Chuẩn bị gia vị: Trong một tô, trộn đều 1/3 muỗng cà phê muối, 2 muỗng cà phê hạt nêm, 1/3 muỗng cà phê bột ngọt, 1 muỗng cà phê nước tương, 1 muỗng canh đường, 1/3 muỗng cà phê tiêu xay, 5g tỏi băm và 10g hành tím băm. | Ướp sườn: Đặt sườn vào một tô và rắc đều gia vị đã chuẩn bị lên sườn. Đảo đều để sườn thấm đều gia vị. Ướp sườn trong khoảng 15 - 20 phút để gia vị thấm vào sườn đều. | Chuẩn bị hỗn hợp bột áo: Đập 1 quả trứng gà và tách lấy lòng trắng. Hòa lòng trắng trứng với 2 muỗng canh bột bắp. | Áo sườn bằng hỗn hợp bột áo: Cho hỗn hợp bột bắp và lòng trắng trứng vào tô chứa sườn. Trộn đều để bột áo phủ đều lên sườn. | Một gợi ý nhỏ: Ướp thịt với lòng trắng trứng gà và bột bắp giúp sườn khi chiên có màu vàng đẹp và trở nên giòn hơn. | Chiên sườn: Đặt một chảo lên bếp và đổ dầu ăn vào chảo. Chờ đến khi dầu ăn nóng, sau đó đặt phần sườn đã được áo bột vào chảo và chiên ở lửa vừa. Chiên sườn cho đến khi sườn chín vàng và cạnh sườn trở nên giòn. Sau đó, vớt sườn ra khỏi chảo để ráo dầu. | 3. Rim sườn | Đổ bớt dầu từ chảo, giữ lại một ít dầu và cho tỏi vào phi thơm. | Thêm 10g ớt sừng băm nhuyễn và toàn bộ phần sốt đã pha trước đó vào chảo. Tiếp theo, đổ 50ml nước lọc vào tô chứa nước sốt, tráng đều rồi đổ vào chảo. Đun nước sốt cho đến khi hỗn hợp sôi lên và hơi sánh lại. | Rim sườn ở lửa nhỏ trong khoảng 5 phút cho đến khi nước sốt sánh kẹo lại và sườn ngấm đều gia vị. Sau đó, tắt bếp. | Bày sườn ra đĩa và trang trí để tạo thành một món ăn đẹp mắt. | 4. Thành phẩm | Món sườn rim chua ngọt dễ thực hiện, với các nguyên liệu đơn giản và dễ tìm kiếm. Tuy nhiên, hương vị của nó lại vô cùng thơm ngon và hấp dẫn, tạo cảm giác thèm thuồng khiến bạn muốn ăn thêm. Mỗi miếng sườn thấm đầy hương vị, kết hợp với sốt chua chua, ngọt ngọt, tạo ra một cảm giác kích thích vị giác tuyệt vời khi ăn kèm cơm."
Canh cua mồng tơi ngon mát cho mùa hè,40 phút,4 người,Dễ,Cua đồng-300 gram | Rau mồng tơi-300 gram | Hành tím-2 củ | Dầu ăn-2 muỗng canh | Nước mắm-1 muỗng canh | Muối-Một ít,"1. Sơ chế của đồng | Đầu tiên, bắt đầu với 300 gram cua đồng, hãy sử dụng tay để tách bỏ mai và yếm, sau đó rửa cua một vài lần với nước cho sạch và để ráo. Đồng thời, lấy muỗng để gạch cua từ yếm cho vào một chén riêng. Tiếp theo, chuẩn bị máy xay sinh tố và đổ số cua đồng đã để ráo cùng 300ml nước lọc vào máy, sau đó xay nhuyễn hỗn hợp trong khoảng 3 phút ở mức vừa. | Khi thấy hỗn hợp đã nhuyễn, tắt máy và sử dụng rây để lọc phần xác cua, chỉ giữ lại nước riêu cua để sử dụng trong chế biến. | 2. Sơ chế nguyên liệu khác | Tiếp theo, với 300 gram rau mồng tơi, bạn hãy nhặt lấy các lá non và đồng thời loại bỏ những lá dập úng hoặc héo úa. | Sau đó, ngâm rau mồng tơi trong nước muối pha loãng trong khoảng 10 phút, sau đó rửa lại 1-2 lần với nước để làm sạch và để ráo. Sau đó, sử dụng dao để cắt rau thành khúc dài khoảng 1-2 phần ngón tay. | Cuối cùng, lột vỏ hành tím và băm nhuyễn nó. | 3. Xào gạch cua | Sau khi chuẩn bị xong nguyên liệu, hãy đặt một chảo lên bếp và thêm 1 muỗng canh dầu ăn, sau đó đun chảo với lửa vừa. Chờ đến khi dầu nóng, bạn hãy cho hành tím đã băm nhuyễn vào chảo và phi thơm trong khoảng 3 phút. | Tiếp theo, thêm chén gạch cua vào chảo và sử dụng sạn dẹt để xào đều trong khoảng 3-5 phút, cho đến khi thấy gạch cua trở nên hơi sánh và đặc. Khi đó, bạn có thể tắt bếp. | 4. Nấu canh | Khi vô tình chạm mắt, tô canh cua mồng tơi đã tỏa sáng với màu sắc bắt mắt từ riêu cua và sự tươi tốt của rau xanh, nhanh chóng thu hút mọi người! | Đặc biệt, riêu cua mềm mịn và ngọt ngào, kết hợp với hương vị tươi ngon của rau và nước dùng đậm đà, thực sự là một món ăn không thể thiếu trên bàn cơm!"
Thịt lợn mán tái chanh thơm ngon ngọt,60 phút,4 người,Dễ,Thịt lợn mán (Chọn phần thịt vai hoặc thịt đùi)-500gr | Gừng-1 nhánh | Sả-2 cây | Vừng trắng rang vàng-3 thìa | Dầu vừng-1 thìa | Chanh-1/2 quả | Đường-1 thìa | Bột canh-1 thìa | Chuối xanh-1 quả | Khế chua-1 quả | Ớt-Tuỳ thích | Giấm-2 thìa | Muối-1 thìa,"Gừng và 2 củ sả đập dập chia thành 2 phần, 1 củ sả còn lại băm nhỏ. | Chuối xanh lột vỏ, cắt lát mỏng, ngâm vào nước pha muối và giấm cho đỡ bị thâm rồi để ráo. Khế chua rửa sạch, cắt lát. Vừng rang vàng. | Thịt lợn rửa sạch, dùng dao cao sạch phần bì. Đun sôi nước, thả một phần gừng, sả vào rồi cho thịt vào trần trong khoảng 2-3 phút để loại bỏ các chất bẩn và mùi hôi của thịt, sau đó rửa sạch lại với nước. | Hấp thịt với chỗ gừng và sả còn lại cho tới khi chín (mất khoảng 10-15 phút sau khi nước sôi, các bạn dùng đũa châm không thấy nước đỏ chảy ra là thịt chín). Gắp thịt ra thả vào bát nước đá ngay cho thịt trắng và mềm. | Dùng dao sắc thái thịt lợn mán đã luộc thật mỏng, cho vào tô. | Vắt nửa quả chanh vào tô, thêm đường, muối, dầu vừng, 1/2 chỗ vừng rang, ớt thái nhỏ vào, dùng găng tay trộn đều. Sau khi trộn xong các bạn có thể nêm nếm lại gia vị cho vừa miệng rồi xếp thịt ra đĩa, rắc chỗ vừng còn lại lên trên là ta đã làm xong món thịt lợn mán tái chanh. Các bạn ăn thịt lợn mán tái chanh cùng với khế chua và chuối xanh không thôi cũng ngon, nếu thích, các bạn có thể chấm tương gừng ăn cũng siêu hợp vị nhé."
Xôi cốm dẻo thơm ngon khó chối từ,2 giờ 00 phút,4 người,Dễ,Cốm-300g | Đỗ xanh-100g | Dừa tươi-50g | Đường kính trắng-4 thìa cà phê | Dầu ăn-2 thìa,"Bước 1:Đậu xanh ngâm trong nước nóng 2h rồi đãi sạch, để ráo nước, trộn với 1/3 thìa cà phê muối để trong chiếc chén con. Nếu là đỗ xanh chưa bỏ vỏ thì bạn nên ngâm trước đó 3h rồi đãi sạch vỏ đi nhé. | Bước 2:Cho đỗ xanh vào nồi hấp và hấp cho đến khi chín. Nếu không có xoong hấp bạn có thể cho vào nồi cơm điện và nấu như cơm. Không nên cho nhiều nước, khi đỗ sôi sẽ trào nước ra nồi. | Khi đậu chín thì cho vào cối giã nhuyễn hoặc nghiền bằng thìa. | Bước 3:Trộn cốm với 2 thìa dầu ăn, rồi cho vào hấp. Khi hấp bạn nên cho lửa liu riu, đợi trong 5-7 phút là cốm chín. | Bước 4:Lấy cốm đã chín và trộn với 2 thìa đường trắng, rồi đem hấp lại trong 5 phút. | Bước 5:Dừa nạo thành sợi ướp với chỗ đường còn lại, để trong 20 phút. | Cho 1 chút dầu ăn vào chảo, để lửa nhỏ cho dừa tươi ướp đường vào xào cho săn lại. Bạn có thể nhận thấy dừa săn lại là khi đường cô lại, bám chặt vào từng sợi dừa, tuy nhiên bạn không nên để quá lửa để dừa bị cháy có màu vàng nhìn sẽ không đẹp mắt. | Bước 6:Đổ xôi ra một cái khay rộng rồi trộn đều xôi cốm với dừa và đậu xanh đã giã nhuyễn. | Để có hình thức bắt mắt bạn có thể trải lá sen hoặc lá chuối lót dưới đĩa hay mẹt nhỏ rồi hãy đổ xôi cốm lên. | Chúc bạn và gia đình thành công với cách nấu xôi cốm thơm ngon hấp dẫn này!"
Bí quyết làm thịt gà chiên xốt tương gừng ngon giòn rụm,60 phút,4 người,Dễ,Thịt đùi gà-200g | Bột mì-100g | Dầu ăn-200ml | Xà lách-20g | Cà chua-1/2 quả | Măng tây-3 cọng | Xốt tương cà-1 thìa súp | Gừng-,"Bước 1 : | – Cách làm nước xốt ướp đùi gà: bạn cho 1/2 thìa cà phê gừng nạo, 1 thìa súp tương đen, 1 thìa súp rượu vào bát  khuấy tan. | – Đùi gà bạn rửa sạch, lóc bỏ xương, cắt miếng vừa ăn khoảng 2-3 vuông. | Bước 2 : | – Cho gà vào xốt tương gừng, để khoảng 5-10 phút cho thấm. | – Vớt gà ra rổ (bỏ nước ngâm), để ráo, dùng khăn sách tẩm sơ cho khô nước. | Bước 3 : | – Lăn gà qua lớp bột mì khô, cho vào chảo dầu nóng chiên vàng, vớt ra, để ráo dầu. | – Cho gà ra đĩa, trang trí măng tây luộc, cà chua, xà lách cho đẹp mắt, món này chấm xốt tương cà là hợp nhất đó. | Chúc các bạn ngon miệng!"
Thịt chiên xốt dứa chua ngọt tuyệt hảo,60 phút,4 người,Dễ,"Thịt lợn-400g (nạc vai hoặc thịt thăn) | Dứa-1 quả | Trứng gà-1 quả | Tỏi-đập dập | Bột chiên- | Xốt cà chua, dấm, đường, xì dầu, muối tiêu-","Bước 1 : | -Dứa bạn chọn quả vừa ăn, các mắt dứa to đều nhau đó là quả dứa ngon. Sau đó gọt vỏ, cắt mắt, thái miếng vừa ăn. | -Thịt mua về bạn xát qua muối sau đó rửa sạch rồi thái miếng vừa ăn, cho vào bát. | -Lấy trứng gà đánh tan rồi cho vào bát thịt ướp với 1 thìa muối tiêu, chờ cho ngấm. | -Lăn thịt qua bột chiên, chỉ cần một lớp bột mỏng bao bên ngoài thịt là được. | Bước 2 : | -Cho chảo lên bếp chờ thật nóng cho dầu ăn vào chờ dầu sôi, sau đó bạn cho thịt vào chiên, ban đầu để lửa trung bình cho thịt chín từ bên trong, sau đó để to lửa rán vàng lớp vỏ bên ngoài. Chờ thịt được chiên chín, bạn xúc ra đĩa. | -Phi thơm tỏi đập dập vào cái chảo vừa chiên thịt. Sau đó, cho xốt cà chua, 1 thìa muối tiêu, 1 thìa đường, 1 thìa dấm, ½ bát nước, quấy cho các gia vị tan hết, nêm nếm chua mặn ngọt vừa ăn rồi đun sôi. | -Tiếp đến bạn cho dứa vào xào cùng nước xốt. Xào đến khi thấy dứa chín mềm, ngấm gia vị thì đổ thịt vào đảo cùng. Đun trong vài phút, đảo nhẹ nhàng cho thịt ngấm xốt. | Vậy là chúng ta đã hoàn thành xong món ăn tuyệt ngon này rùi đó! | Chúc các bạn thành công và ngon miệng!"
Trứng cuộn thịt ngon và đẹp mắt,1 giờ 00 phút,4 người,Dễ,Trứng-3-4 quả | Thịt heo xay nhuyễn hoặc giò sống-150g (nếu dùng thịt băm sẽ khó kết dính khi bạn cuộn trứng) | Nấm-200g (loại tuỳ chọn) | Nước dùng-1 bát con | 1 cây hành lá-Vừa đủ | Bột năng-2 muỗng cà phê | Hạt nêm-Vừa đủ | Gừng-1 củ | Dầu trộn salad-Vừa đủ | Bột bắp-Vừa đủ | Đường-Vừa đủ | Muối-Vừa đủ,"Bước 1: | -Nấm bạn rửa sạch và  để ráo. | -Hòa tan bột năng với 1 bát con nước dùng, sau đó bạn đổ vào chảo sâu lòng đun sôi, nêm chút hạt nêm cho đậm đà rồi thả nấm vào, chờ sôi lại thì tắt bếp vì nấm rất mau chín. | Bước 2: | - Bạn cho thịt băm trộn đều với  1 quả trứng, hành gừng bằm nhuyễn, vài cây nấm thái hạt lựu, 2 muỗng cà phê bột bắp và 1 ít hạt nêm thành khối dẻo quyện. | Bước 3: | -Đánh tan phần trứng còn lại. Làm nóng chảo chống dính với chút dầu ăn, đổ một lớp trứng thật mỏng. | -Khi trứng bắt đầu đông lại, bạn hạ nhỏ lửa cho trứng đủ thời gian chín mà không bị cháy xém, nếu cứ để lửa to thì trứng rất dễ cháy nhé. Dùng vá gỗ lật chiên nốt mặt còn lại rồi tắt lửa. Tráng 2 – 3 tấm trứng mỏng như thế. | -Trứng tráng xong bạn trải ra đĩa rộng, múc từng thìa nhân thịt đã trộn trước đó đổ vào mặt trứng, dùng thìa quết từng lớp thịt bám đều mỏng khắp mặt trứng. | -Sau đó nhấc mép trứng, từ từ cuộn lại như khi cuốn nem, lực cuốn vừa phải, không chặt cũng lỏng quá. Nếu chặt quá sẽ làm cuốn trứng bị vỡ khi hấp, trong khi lực cuốn lỏng sẽ làm cuốn trứng dễ bị bung ra do kết dính kém. Làm tương tự với các tấm trứng còn lại. | Bước 4: | -Sau khi cuộn xong bạn xếp các cuộn trứng vào nồi hấp cách thủy. Hấp chừng 15 phút là được vì lớp thịt khá mỏng, trứng cũng đã chín. | -Chờ cho nguội bớt, bạn gắp cuốn trứng ra, dùng dao mỏng sắc cắt thành từng khoanh dày 1cm. | Bước 5: | -Bạn xếp các khoanh trứng phủ kín lòng của bát tô lớn, kiểu như “lát gạch” cho bát tô, phần trống còn lại được lấp đầy bằng phần nấm ở bước 1. | -Sau đó đặt bát trở lại nồi hấp cách thủy, hấp chừng 3 – 4 phút kể từ khi nước sôi lại để trứng và nấm tăng độ kết dính. Lấy bát trứng ra, úp đĩa lên rồi úp ngược bát trở lại, thao tác này cũng giống như khi bạn bày đĩa xôi.-Rắc ít hành lá thái nhỏ lên mặt cho đẹp mắt. Có thể thêm chút tiêu xay cho thơm. | Nhờ cách hấp, hương vị của món trứng cuộn thịt cũng thanh ngon mà tự nhiên hơn. Thời điểm giao mùa, sức đề kháng giảm khiến cơ thể dễ ốm. Bạn có thể đổi khẩu vị cho gia đình bằng món ăn có đôi chút cầu kỳ này, vừa làm mới vị giác, vừa bổ sung thêm nhiều dinh dưỡng mà lại không ngán ngấy. | Chúc bạn thành công và ngon miệng với món trứng cuộn thịt này nhé!"
Bánh chưng rán giòn ngon không ngấy,40 phút,4 người,Dễ,"Bánh chưng- | Dầu ăn- | Xì dầu, dưa hành muối, giò (chả) để ăn kèm)-","1. Cách làm bánh chưng rán giòn ngon không ngấy | Cách 1: | -Bánh chưng bạn cắt bình thường thành 8 miếng hình tam giác. | -Bạn cho một chút dầu ăn (chừng 1 thìa café thôi) vào chảo làm nóng, rồi sắn từng miếngbánh chưng ránđều các mặt là được, khi thấy bánh chưng có màu vàng giòn là được nhé.Bạn nên rán bằng chảo chống dính thì miếng bánh chưng sau khi rán xong sẽ không bị nát, giữ được độ giòn nhé! | -Vì bánh chưng đa số được gói bằng thịt ba chỉ có mỡ ở trong nên khi rán cũng không cần cho nhiều dầu ăn quá. Đặc biệt tớ nhận thấy cho nhiều dầu ăn, ăn sẽ ngán và rán lâu giòn hơn đấy. | Cách 2 : | Bánh chưng không cần cắt thành miếng vuông vức mà cứ cầm miếng bánh rồi lấy dao cắt nhỏ vụn bánh ra là được (Đương nhiên là cả nhà có thể đặt xuống thớt cắt cũng được 😀 Nhưng nhiều khi tớ thấy phải rửa thớt cũng hơi mệt hehe) | - Cho chút dầu ăn (1/2 thìa café) vào chảo làm nóng rồi cho bánh chưng đã cắt nhỏ vào chảo. Đậy vung chảo khoảng 5 phút để cho hơi nước làm bánh mềm ra rồi dùng một cái thìa hoặc muôi gỗ miết để bánh chưng đóng lại thành một tảng bánh. | - Rán vàng hai mặt là được. Lưu ý khi lật mặt còn lại thì cho thêm ½ thìa café dầu ăn nữa nhé. | Bánh chưng ránăn ngon nhất là lúc vừa rán xong,ănkèm với dưa hành hay củ kiệu muối chua, rưới thêm ít xì dầu, thêm vài miếng giò, chả lụa  nữa thì cứ gọi là tuyệt vời ông mặt trời 🙂 | Cả nhà thích cách nào hơn ^^ Tớ thì thích cả hai hehe… Cách thứ nhất thì ưu điểm là cảm nhận được vị bánh chưng bình thường và vịbánh chưng ráncùng một lúc. Khi ăn đầu tiên là cắn vào lớp vỏ giòn rụm bên ngoài rồi sau đó là lớp bánh và nhân mềm mềm bên trong. | Cách thứ hai thì mọi thứ được nhuyễn vào nhau nên khi ăn cắm miếng nào cũng thấy giòn và có một lớp mềm rất mỏng thôi. Ăn bánh chưng rán kiểu này nếu là lần đầu ăn và không biết, có lẽ nhiều người không nhận ra được đây là bánh chưng ý hehe … | 2. Cách làm bánh chưng rán với nước | Nguyên liệu chuẩn bị | 20 gram mè rang | 300 ml nước lọc | Bánh chứng | Cách rán với nước | Khi cắt bánh chưng, bạn có thể sử dụng dây lạt gói để chia bánh thành 8 miếng hoặc dùng dao để cắt thành những miếng nhỏ. Sau đó, xếp các miếng bánh chưng vào chảo và thêm 300ml nước lọc, đun sôi trên lửa vừa. Dùng dụng cụ để dằm nhuyễn và phẳng bánh thành một lớp mỏng. | Tiếp theo, bạn nên chiên bánh trong khoảng 4-5 phút cho đến khi một mặt bánh chưng có màu vàng đồng đều, sau đó lật bánh và chiên thêm khoảng 3 phút cho mặt còn lại. Sau khi hoàn thành, tắt bếp và lấy bánh chưng đã chiên ra khỏi chảo. Trình bày bánh theo sở thích của bạn, rắc thêm một ít mè rang và kèm theo nước tương và dưa món. | Bánh chưng và bánh tét chiên sẽ có vị giòn rụm, thơm ngon và không gây ngán khi ăn, tạo nên một trải nghiệm ẩm thực hấp dẫn. | 3. Cách làm bánh chưng rán ngập dầu | Nguyên liệu chuẩn bị | Bánh chưng | Dầu ăn | Cách chế biến | Sau khi bóc vỏ bánh chưng, bạn có thể sử dụng dao để cắt thành những miếng nhỏ phù hợp để ăn. | Một gợi ý nhỏ là sử dụng dây buộc bánh để cắt bánh chưng thay vì dùng dao. Điều này sẽ giúp tránh làm dao dính và khó rửa. | Để chiên bánh, hãy đặt một chảo lên bếp và bật lửa vừa. Sau đó, cho khoảng hai muỗng canh dầu ăn vào chảo và tráng đều khắp chảo cho đến khi dầu nóng. | Xếp từng miếng bánh vào chảo và bắt đầu chiên mặt đầu tiên với lửa nhỏ trong khoảng năm phút. Khi một mặt của bánh đã có màu vàng giòn, hãy lật bánh để chiên phần mặt còn lại trong khoảng ba đến bốn phút. | Sau khi bánh đã có màu vàng giòn, hãy lấy bánh ra và đặt lên một tấm giấy thấm dầu để hấp thụ dầu thừa. | Chúc các bạn ngon miệng nhé!"
Bí quyết nấu lẩu bò cực ngon ngày Tết,60 phút,4 người,Dễ,"Thịt bò thăn-600g | Xương lợn-1kg | Đậu phụ-5 cái | Cà chua-300g | Rau cải ngọt, cải cúc, rau cần-bạn muốn ăn bao nhiêu tuỳ thích | Gia vị , gừng-","Bước 1 : | -Xương lợn bạn rửa sạch chặt khúc lớn, đun sôi nước rồi cho xương lợn vào, khi nước sôi bùng thì bạn đổ nước trong nồi đi, cho nước lạnh mới vào ninh tiếp để lấy nước dùng. | Bước 2 : | -Thịt bò bạn thái lát mỏng ngang thớ rồi tẩm cùng gừng đã băm nhỏ và gia vị. | -Cà chua bạn cắt bỏ núm rồi thái miếng vừa ăn . | -Đậu xắt miếng vuông, vừa ăn.Rau cải ngọt, cải cúc,rau cần bạn nhặt sau đó rửa sạch và để riêng từng loại và cắt thành từng khúc khoảng 15cm cho dễ ăn. | -Hành hoa phi thơm . | Bước 3: | -Khi ăn, bạn đổ nước ra nồi lẩu,cho thêm gói lẩu, nêm thật vừa gia vị bạn cũng có thể cho thêm sa tế nếu muốn rồi cho những thứ đã chuẩn bị ra đĩa bày lên bàn. | -Khi thấy nước vơi bạn  cần chế thêm  nước dùng cho đủ ăn. | -Sau khi thêm những đồ trên có thể cho chút mì vào nồi lẩu ăn cho chắc bụng. | Chúc các bạn thành công và ngon miệng !"
Giá đỗ xào lòng gà cực ngon,45 phút,4 người,Dễ,"Gan gà, mề gà-mối loại 3 chiếc | Giá đỗ-300g | Hành lá, rau mùi-5g | Hành khô-1 củ | Gia vị-Dầu ăn, mì chính, muối, nước mắm","Bước 1: | Gan gà, mề gà sau khi mua về bạn rửa sạch, bóp muối để khử mùi hôi. | Gan bạn thái miếng mỏng, mề gà thái khía hình hoa cúc để khi xào sẽ mềm và giòn. | Ướp gan, mề gà với  gia vị, mì chính. | Bước 2: | Giá đỗ bạn rửa sạch và để ráo nhé. | Hành khô bạn bóc vỏ, thái mỏng,hành hoa rửa sạch, thái nhỏ ra nhé. | Bước 3: | Cho chảo lên bếp, đun dầu cho nóng rồi cho ½ số hành khô vào phi thơm. | Tiếp đến bạn cho mề, gan gà vào xào to lửa, đảo nhanh tay để mề và gan chín giòn, mềm mà không bị dai, cứng rồi trút ra đĩa. | Bước 4: | Cho tiếp dầu ăn vào chảo đun nóng, cho chỗ hành khô còn lại phi thơm, sau đó đổ giá vào xào to lửa, nếm gia vị rồi trút gan, mề gà và hành tươi vào đảo đều. | Đổ gan gà, mề gà xào giá ra đĩa rồi rắc rau mùi lên ăn nóng cho thơm. | Chúc các bạn thành công và ngon miệng với món giá đỗ xào lòng gà nhé!"
Canh mọc nấm hương thơm ngon cho Tết ấm áp,1 giờ 5 phút,4 người,Dễ,"Nấm hương-10-12 cái | Giò sống-100g | Su hào-1 củ | Nước dùng xương-400-500ml Nước dùng xương: tốt nhất (ít lượng chất béo) là chế biến từ xương gà, cánh gà.) | Gừng tươi cắt mỏng-5-8 lát | Muối, hạt tiêu, gia vị.- | Hành lá, rau mùi-","Bước 1: | Su hào, cà rốt bạn tỉa hoa cắt lát mỏng (nếu bạn không quá cầu kì về hình thức thì có thể cắt thế nào vừa ăn là được). | Nấm hương thì bạn ngâm nước ấm cho mềm,sau đó cắt bỏ cuống. | Giò sống (thịt thăn giã nhuyễn dùng làm giò chả) trộn chút hạt tiêu, nhồi vào nấm hương, với lượng giò đủ tạo khum hình tròn trên nấm (mọc). | Bước 2: | Mọc luộc chín trong nước dùng gà. | Cho hành và gừng đã thái vào nước dùng cho thơm. Chỉ cần luộc chín tới (5-6 phút) rồi vớt ra. (Nếu bạn luộc lâu miếng mọc sẽ bị bong ra khỏi nấm như vậy thì không đạt yêu cầu đâu nhé). | Bạn cũng có thể cho mọc vào xửng hấp chín. (Cách này sẽ đảm bảo hơn mọc không bị bong ra khỏi nấm) | Bước 3: | Cho cà rốt vào nước dùng nấu 5-10 phút, sau đó bạn cho tiếp su hào vào nấu thêm 5 phút. | Chú ý nấu vừa chín tới để giữ độ giòn nhé(không quá già không thì sẽ mềm lắm đó ). Bạn nhớ nêm mắm muối cho vừa ăn. | Bước 4: | -Su hào, cà rốt cho vào tô, xếp mọc-nấm xung quanh, bạn đổ nước dùng ngập xâm xấp với mặt các đồ trên nhé, cuối cùng  rắc rau mùi trang trí cho đẹp. | Canh mọc nấm hươnglà một món canh dễ nấu, giàu nguyên liệu rau củ quả, vừa dễ làm lại vô cùng ngon miệng mà các chị em có thể thực hiện đãi cả nhà đấy. | Chúc bạn và gia đình ngon cơm với canh mọc nấm hương thanh mát, dễ ăn nhé!"
Thịt lợn sốt tương thơm ngon khó cưỡng,40 phút,4 người,Dễ,"Thịt lợn thăn-300 gr | Tỏi, gừng băm-1 thìa cà phê mỗi loại | Dầu ô liu, dầu mè, nước tương, đường, nước mắm tỏi ớt, nước-gia vị | Hành hoa-1 nhánh","1. Sơ chế nguyên liệu | Sau khi mua thịt heo về, bạn hãy chà sạch nó bằng muối, rửa lại với nước, sau đó để thịt ráo nước trên rổ. Tiếp theo, hãy sơ chần thịt heo. | Đặt một chiếc chảo có lòng sâu lên bếp, cho thịt heo vào chảo và đổ nước đủ để thịt heo ngập. Đun lửa vừa. Chần sơ thịt heo trong khoảng 5-7 phút cho đến khi thấy thịt heo săn lại, sau đó tắt bếp. | Vớt thịt heo ra một thau nước đá lạnh hoặc tráng qua nước lạnh để làm nguội. Dùng một khăn khô để thấm sạch phần nước và mỡ còn đọng lại trên thịt. Tiếp theo, hãy cắt thịt thành các miếng khoảng 2-3cm để phù hợp với khẩu phần ăn. | Gừng bạn rửa sạch, để nguyên vỏ gừng, cắt thành lát mỏng. | Hành lá rửa sạch tránh để dập lá. | 2. Hầm thịt chín mềm | Lấy lại cái chảo có lòng sâu đã sử dụng trước đó. Xếp hành lá và gừng vào đáy chảo để tạo thành một lớp lót, sau đó đặt thịt heo lên trên. | Tiếp theo, đổ theo thứ tự 240ml nước tương, 200gr đường phèn, và 500ml rượu Thiệu Hưng (dùng đặc biệt cho các món Hoa). Đặt chảo lên lửa lớn, khi nước bắt đầu sôi, hãy vớt bỏ bọt. Đậy nắp chảo, giảm lửa xuống mức vừa và hầm trong khoảng 90 phút. | Lưu ý: Nếu không có rượu Thiệu Hưng, bạn có thể thay thế bằng rượu gạo. | 3. Xào thịt với sốt tương | Thêm thịt vào chảo và xào đều cho tới khi thịt chín và có màu vàng đẹp. Sau khi thịt chín, thêm sốt tương vào chảo. Tùy theo khẩu vị, bạn có thể điều chỉnh lượng sốt tương theo sở thích cá nhân. | Khi sốt tương đã được thêm vào, bạn có thể gia vị thêm muối, đường và tiêu để điều chỉnh hương vị. Nếu muốn món ăn có độ ngọt, bạn có thể thêm một ít đường. Nếu muốn món ăn có độ mặn, bạn có thể thêm muối. Tiếp tục xào đều để thịt được ăn đều sốt tương. | Nếu muốn thêm rau củ, bạn có thể thêm vào chảo và xào thêm trong vài phút cho rau chín nhưng vẫn giữ được độ giòn. Khi món ăn đã hoàn thành, tắt bếp và trình bày lên đĩa. | Chúc cả nhà ngon miệng với món thịt lợn sốt tương nhé!"
Xôi đậu xanh nước cốt dừa bằng nồi cơm điện ngon,1 giờ 30 phút,4 người,Dễ,Gạo nếp-400g | Đỗ xanh-200g đã bỏ vỏ | Muối-vừa đủ | Nước cốt dừa-vừa đủ,"1. Cách nấu xôi đậu xanh nước cốt dừa | Bước 1: | Gạo và đỗ bạn cho ra thau, đổ nước ấm ngập mặt gạo và đỗ. Ngâm trong vòng 4-5 tiếng (hoặc trước khi đi ngủ bạn ngâm gạo đỗ, sáng hôm sau nấu), tùy theo nếu có thời gian, còn nếu không thì 3 tiếng cũng được. Gạo ngâm trước sẽ giúp xôi dền, dẻo, mềm hơn rất nhiều đó bạn. | Bước 2: | Gạo đỗ sau khi ngâm nở to hơn, đem vo nhẹ, xóc, để ráo nước. Cho muối vào xóc đều để gạo ngấm (bạn cho ít muối thui nhé, tránh cho nhiều sẽ làm xôi sau khi nấu bị mặn đó, mình nghĩ tầm 2 nhúm muối là ổn ) rồi đổ gạo  vào nồi cơm điện. Cho nước sôi (có thể cho thêm nước cốt dừa cho xôi thơm và ngậy hơn và tạo độ bóng cho hạt nếp) vào xâm xấp mặt nước, đậy nắp nồi cơm điện lại, nhấn nút, nấu như bình thường. | Bước 3: | Khoảng 5 phút thì bắt đầu sôi, bạn lấy đũa đảo đều gạo đỗ, đảo nhẹ nhàng vừa khiến gạo đỗ chín đều, đều nước, đều hơi. Đậy lại, sau khi nồi cơm điện nhảy nấc Warm thì khoảng 15 – 20 phút nữa là mở nắp ra, đảo xôi, vậy là chín rồi. | Chuẩn bị đĩa để xới xôi ra thôi. Bạn nhớ là khi xôi chín, không nên để xôi trong nồi mà đậy chặt nắp nồi lại sẽ khiến xôi bị hấp hơi nước, trở nên nhão, nát nhé! Xôi xới đều vào đĩa, có thể dùng khuôn đóng xôi để đóng xôi thành hình hoa văn đẹp mắt. | Lưu ý: | Bạn phải ngâm gạo và đỗ trước khi nấu, đổ nước xâm xấp mặt gạo để tránh xôi bị nát hoặc quá khô. Và quan trọng, phải cung cấp đủ nhiệt để xôi chín, nở đều. Xôi đỗ xanh là món ăn sáng và là món xôi ngon nổi tiếng của người Việt Nam. | 2. Xôi đậu xanh hạt sen | Nguyên liệu chuẩn bị | 500g gạo nếp | 200g hạt sen tươi | 100g đậu xanh cà | 50g dừa nạo sợi | 50ml nước cốt dừa | 20 - 30g đường | 5g muối | Sơ chế gạo và đậu xanh | Gạo nếp: Rửa sạch và ngâm trong nước từ 6 - 8 tiếng hoặc qua đêm. Sau đó, đổ gạo ra rổ để ráo nước. | Đậu xanh: Lựa chọn đậu xanh, loại bỏ hạt lép và hỏng. Rửa sạch và ngâm trong nước từ 3 - 4 tiếng để mềm. Sau đó, vớt đậu xanh ra để ráo. | Hạt sen tươi: Tách hạt sen ra khỏi gương sen và dùng dao nhọn lột vỏ cứng. Sau đó, bóc lớp màng mỏng bên ngoài hạt sen. Tiếp theo, cắt phần đầu trên của hạt sen để lộ phần tim sen. Sử dụng que nhọn từ phía đáy của hạt sen để đẩy tim sen ra ngoài. Rửa hạt sen bằng nước muối loãng và để ráo. | Nấu xôi | Sau khi gạo và đậu xanh đã ngâm nở, nhẹ nhàng vo qua một lần nước, xóc và để ráo. Tiếp theo, đặt gạo, đậu xanh và hạt sen vào một thố lớn, thêm 5g muối và trộn đều để hỗn hợp ngấm muối, tạo thêm hương vị đậm đà cho xôi. | Chuẩn bị xửng hấp (chõ đồ xôi), đặt hỗn hợp trên vào xửng, đậy kín nắp và hấp trong khoảng 20 - 25 phút. Trong khi đó, hòa 20g đường vào chén nước cốt dừa và khuấy nhẹ nhàng cho đường tan. Trộn đều phần dừa nạo với 20g đường. | Sau khi xôi đã hấp trong khoảng 20 phút, mở nắp và kiểm tra xem hạt sen đã mềm chưa. Sau đó, thêm dừa nạo vào xôi và trộn đều. Tiếp theo, rưới hỗn hợp nước cốt dừa vào xôi, đánh tơi ra và tiếp tục hấp trong khoảng 15 phút nữa để hạt xôi ngấm nước cốt dừa, trở nên mềm mịn và thấm đều. | Làm muối vừng mè | Sau khi đậu phộng đã được rang vàng, loại bỏ lớp vỏ lụa và giã nhuyễn. Trộn 3 muỗng đậu phộng rang với 3 muỗng mè rang, sau đó sử dụng chày để nhẹ nhàng giã nhuyễn để hỗn hợp hòa quyện. Thêm vào 3 muỗng cà phê đường cát trắng và 1 muỗng cà phê muối, trộn đều. Bạn có thể lưu trữ muối mè trong hũ thủy tinh để sử dụng dần. | Trước khi thưởng thức, mở nắp nồi để xôi nguội một chút, xới xôi ra đĩa và rắc muối mè lên trên. Bạn có thể mời cả gia đình cùng thưởng thức món xôi hấp dẫn này. Ngoài muối mè, xôi đậu xanh hạt sen cũng thích hợp kết hợp với ruốc thịt, thịt quay, giò chả hoặc hành phi. | Phương pháp nấu xôi đậu xanh như vậy sẽ tạo ra một sản phẩm cuối cùng là hạt nếp mềm mịn, với hương vị ngọt bùi từ các thành phần như dừa, đậu xanh và hạt sen hòa quyện với nước cốt dừa béo ngậy. Món xôi này sẽ mang đến một hương vị hòa quyện và hấp dẫn. | 3. Xôi đậu xanh lá dứa | Chuẩn bị nguyên liệu | Gạo nếp: 1 kg | Đậu xanh đã lột vỏ: 450 gr | Cùi dừa nạo: 300 gr | Lá dứa tươi: 80 gr | Tinh dầu lá dứa: 1/2 muỗng cà phê | Đường: 100 gr | Muối: 1.5 muỗng canh | Đậu phộng rang và giã nhuyễn: 40 gr | Mè rang: 20 gr | Sơ chế nguyên liệu | Sau khi mua lá dứa, hãy rửa sạch chúng và để ráo. Lấy khoảng 3 - 4 lá dứa riêng ra, còn lại thì dùng kéo để cắt nhỏ. | Đặt lá dứa đã cắt nhỏ vào máy xay sinh tố cùng với 300ml nước lọc, sau đó xay nhuyễn. Sau khi xay, đổ hỗn hợp qua rây hoặc lọc để lấy nước cốt. | Vắt nước cốt dừa | Sau khi mua phần dừa nạo về, bạn hòa chúng với 800ml nước lọc, sau đó đặt vào túi vải và vắt để lấy nước. Phần nước cốt đầu tiên (nước cốt từ lần vắt đầu tiên) này bạn để riêng. | Tiếp theo, bạn tiếp tục cho phần xác dừa nạo vào và thêm 1 lít nước lọc, sau đó vắt và lọc để lấy nước cốt (nước cốt dão). | Chuẩn bị đậu và nếp | Để làm sạch gạo nếp và đậu xanh sau khi mua về, đầu tiên bạn hãy rửa chúng bằng nước. | Sau đó, lấy một thau và đổ toàn bộ nước cốt dừa (nước cốt từ lần vắt thứ hai), toàn bộ nước cốt từ lá dứa và 1 muỗng canh muối, 1/2 muỗng cà phê tinh dầu lá dứa vào thau, sau đó khuấy đều. | Đối với đậu xanh đã lột vỏ, bạn hãy đổ nước vào thau sao cho đậu xanh ngập mặt. | Sau đó, để gạo nếp và đậu xanh ngâm trong thau trong khoảng 3 - 4 tiếng hoặc để qua đêm (nếu có thời gian). | Sau khi gạo nếp và đậu xanh đã ngâm mềm, bạn đổ chúng qua một cái rây hoặc rổ để để ráo nước. | Trộn và hấp xôi | Hãy lần lượt đổ gạo nếp và đậu xanh đã lột vỏ xen kẽ vào thau, sau đó trộn đều để đảm bảo các nguyên liệu hòa quyện vào nhau. | Tiếp theo, hãy chuẩn bị một nồi cơm điện. Lót một lớp lá dứa phía dưới đáy nồi, sau đó đặt toàn bộ phần gạo nếp và đậu xanh vào nồi. | Đổ phần nước cốt nhất (nước cốt từ lần vắt đầu tiên) lên nồi và đun ở lửa vừa cho đến khi sôi. Sau đó, tắt bếp và ngay lập tức đổ nước cốt vào nồi chứa gạo nếp và đậu xanh. | Đậy nắp nồi, chọn chế độ ""Cook"" và bắt đầu nấu xôi. Khi nồi chuyển sang chế độ ""Warm"" (giữ ấm), tiếp tục ủ xôi trong nồi thêm khoảng 10 phút. | Sau đó, mở nắp nồi, sử dụng đũa để xới đều xôi. Đậy nắp lại và bật chế độ ""Cook"" để nấu thêm khoảng 3 - 4 phút nữa để xôi nở mềm hoàn toàn và sẵn sàng để thưởng thức. | Để chuẩn bị phần muối mè, hãy trộn đều 100gr đường, 40gr đậu phộng rang giã nát và 20gr mè rang trong một chén. Sau đó, thêm 1/2 muỗng canh muối và khuấy đều. | 4. Xôi đậu xanh sầu riêng | Nguyên liệu chuẩn bị | 200 gr sầu riêng (tương đương khoảng 3 múi) | 500 gr gạo nếp | 250 gr đậu xanh | 200 ml nước cốt dừa | 5 lá dứa | Một ít đường và muối. | Sơ chế nguyên liệu | Để chuẩn bị nếp, bạn hãy rửa sạch nếp, sau đó ngâm trong nước trong vòng 6 - 8 tiếng hoặc qua đêm. Sau khi nếp đã được ngâm đủ thời gian, hãy đặt chúng vào một rổ để nước ráo. | Đối với đậu xanh, hãy rửa sạch và ngâm trong nước khoảng 2 tiếng để nó mềm. Sau khi đậu xanh đã được ngâm mềm, hãy để nước ráo và đặt nó vào xửng hấp. | Đun nồi nước trên bếp cho đến khi sôi, sau đó đặt xửng chứa đậu xanh lên trên nồi, đậy nắp và hấp trong khoảng 20 - 25 phút để đậu xanh chín mềm. Sau đó, tắt bếp và để cho đậu xanh nguội một chút. | Khi đậu xanh đã nguội, hãy đặt nó vào máy xay sinh tố và xay nhuyễn ở công suất vừa trong 2 phút. | Hấp xôi | Hãy lấy một nửa phần đậu xanh đã xay nhuyễn và trộn đều với nếp đã ngâm để ráo nước. Thêm vào hỗn hợp này một muỗng cà phê muối, sau đó cho vào xửng và dàn đều. Để lại một lỗ nhỏ ở giữa để hơi nóng có thể tỏa đều. | Bắc nồi lên bếp, thêm 5 lá dứa bó lại và 1.5 lít nước. Đun sôi ở lửa vừa. Tiếp theo, đặt xửng chứa hỗn hợp nếp và đậu xanh lên nồi, đậy nắp và hấp trong khoảng 20 phút. | Tiếp đến, hãy thêm phần đậu xanh còn lại vào xửng và xới đều lên. | Đưa 2 múi sầu riêng đã bỏ hạt vào tô, sau đó thêm 3 muỗng canh đường và 200ml nước cốt dừa. Sử dụng muỗng để khuấy đều để các thành phần hòa quyện với nhau. Sau đó, đổ đều hỗn hợp nước cốt dừa và sầu riêng lên trên xôi, sau đó xới đều để phân bố đều. Hấp tiếp trong 10 phút ở lửa nhỏ. | Sau khi hoàn thành các bước trên, món xôi sầu riêng với nước cốt dừa sẽ sẵn sàng để thưởng thức. | Chúc các bạn thành công và ngon miệng nhé!"
Bánh cookie trái tim cho ngày Valentine thêm ấm áp,60 phút,4 người,Dễ,"Bột mì-100 gr | Bơ-50 gr | Đường bột-40 gr | Lòng đỏ trứng-20 gr | Bột ca cao-5 gr | Khuôn hình trái tim, dao cắt bánh hình răng cưa-dụng cụ","Bước 1:Các bạn trộn bột mì với đường cho thật đều tay để bột mịn không bị vón cục | Bước 2:Bạn dùng dụng cụ đánh trứng để làm nhuyễn bơ rồi từ từ đổ phần trứng đã đánh tan vào bát bột vừa đánh | Bước 3:Khi bơ và trứng đã tạo thành hỗn hợp quyện với nhau, Bạn thêm hỗn hợp đường,và bột đã trộn bên trên vào rồi bạn nhồi bột cho thành 1 khối thật mịn | Bước 4:Bạn chia bột thành 2 phần, một phần bạn trộn với bột ca cao còn 1 phần để lại | Bước 5:Bạn dùng cán bột cán phẳng 2 miếng bột rồi dùng khuôn để tạo hình trái tim rồi dùng dao răng cưa cắt hình vuông. Bạn cắt hình vuông to hơn để hình trái tim có thể nằm vừa trong lòng hình vuông.  Bạn có thể xiên một lỗ để lồng dây ruy băng cho bánh được đẹp | Bước 6:Bạn nướng bánh ở nhiệt độ 180 độ C trong khoảng 7 phút là bánh chín. Bạn có thể dùng chocolate viết chữ lên bánh | Chúc các bạn thành công và ngon miệng nhé!"
Mứt đậu đỏ ngon ngọt đón Tết,60 phút,4 người,Dễ,Đậu đỏ-200g (bạn nhớ mua loại đậu to và không bị lép ) | Đường-250g | 1 chút xíu muối; vanilla nếu thích- | Bột baking soda-1/2 muỗng cà phê,"Bước 1: | -Đậu đỏ bạn ngâm với nước ấm qua đêm. Sau đó đổ hạt đậu đỏ ra rổ xả qua nước lạnh vài lần cho sạch. | Bước 2: | -Nấu 1 nồi nước cho chút muối và baking soda vào, khi nước sôi bạn  cho đậu vào luộc chín với lửa vừa. Khi đậu chín mềm bạn đổ đậu ra rổ xả qua nước lạnh. | Bước 3: | -Cho vào nồi 100g đường, 200ml nước, đậu đỏ, bắc lên bếp nấu lửa hơi thấp cho nước đường thấm từ từ vào đậu. Nấu cho tới khi nước cạn thì tắt bếp. Lúc này đậu đỏ mềm, mọng căng tròn rất đẹp. | Bước 4: | -Cho đậu, 150g đường vào chảo không dính, đảo nhẹ cho đường tan. Sau đó bạn cho lên bếp sên với lửa nhỏ. Trong thời gian sên cứ thỉnh thoảng trộn nhẹ và cứ thế sên cho đến khi đường kết tinh bám quanh sen và khô ráo là tắt bếp. | Bước 5: | -Đổmứt đậu đỏra khay hóng mát cho khô ráo và mau nguội. | Khi đậu nguội thì bạn cho vào hũ thủy tinh, đậy nắp, bảo quản nơi mát mẻ nhé. | Với cách làm này bạn yên tâm sẽ cómứt đậu đỏmọng tròn bùi - mềm rất ngon.Mứt đậu đỏ cho ra đĩa, pha thêm ấm trà mời khách trong ngày đầu năm thì  thật tuyệt. | Chúc các bạn thành công với cách làm mứt đậu đỏ ngọtngào đón Tết thêm ý nghĩa!"
Lẩu ếch chua cay ngon chuẩn miền Bắc,1 giờ 15 phút,4 người,Dễ,"Thịt ếch-400 gr | Cà chua-4 quả | Me xanh-6 quả | Hạt nêm, đường-mỗi thứ 1 muỗng canh | Tỏi bằm, ớt bằm, sả bằm-mỗi loại 2 muỗng cà phê | Nước mắm-2 muỗng canh | Nước dùng heo-1,5l | Bột chiên giòn-50 gr | Ngò gai, rau om, hành lá-mỗi loại 50 gr | Ớt sừng-1 trái cắt khoanh | Dầu ăn-nguyên liệu | Cọng rau muống, lá giang, chuối bào, giá, đầu hành, ớt sừng-rau ăn kèm | Bún-1 kg","1. Hướng dẫn cách làm lẩu ếch chua cay ngon chuẩn miền Bắc | Bước 1:Thịt ếch bạn làm sạch, để nguyên da rồi ướp với chút muối tiêu, ớt, sả băm, để khoảng 15 phút cho thấm gia vị. Tiếp đến bạn đem ếch lăn qua bột chiên giòn một lớp mỏng. Chiên ếch trong chảo ngập dầu đến vàng giòn thì vớt ra thấm ráo dầu. | Bước 2:Bạn cạo bỏ vỏ me, rửa sạch rồi cho vào nồi nấu với một chén nước khoảng 20 phút, rồi bạn lược qua rây lấy nước cốt. Cà chua các bạn cắt múi cam. Rau om và ngò gai cắt nhỏ. | Bước 3:Bạn phi thơm tỏi, ớt, sả băm rồi trút nước dùng, nước cốt me, cà chua vào nồi nấu trên lửa vừa. Khi nước dùng sôi bạn nêm đường, nước mắm, hạt nêm vừa ăn. Tiếp đến bạn thả ngò gai, rau om, đầu hành lá, ớt sừng vào đun thêm khoảng hai phút là xong. | Bước 4:Bạn bày ếch chiên giòn ra đĩa, dọn thêm bún, rau, nước mắm ớt ăn kèm. | Mách nhỏ:Ếch sau khi làm ruột, bạn bóp kỹ với muối hột, ớt bằm rồi xả sạch qua nhiều nước để loại bỏ nhớt và mùi tanh nhé! | Lẩu ếch chua cay có hương vị độc đáo, kích thích với sự hòa quyện giữa vị chua chua và cay cay. Khi thưởng thức món lẩu này, bạn có thể kết hợp với các loại rau như rau muống bào, đậu bắp,... Để đảm bảo ếch không bị bở và giữ được độ ngon nhừ, hãy đun nước lẩu ở lửa nhỏ suốt quá trình ăn. Khi ăn, bạn có thể thêm ếch, đậu hũ và lá lốt vào nồi lẩu tại chỗ để ăn từng phần, tránh việc ếch bị quá chín và mất đi độ giòn. | 2. Cách làm lẩu ếch lá lốt | 1. Nguyên liệu | Thịt ếch: 600g | Đậu hũ: 2 miếng | Măng tươi: 300g | Tàu hũ ky: 100g | Lá lốt: 100g | Cà chua: 2 quả | Sả: 2 cây | Hành tím băm: 1 muỗng | Tỏi băm: 1 muỗng | Nước dùng gà: 1.5 lít | Nước nghệ tươi: 2 muỗng | Gia vị: 10g (bột canh, muối, nước mắm, bột ngọt, giấm gạo, ...) | 2. Cách chế biến lá lốt | 2.1. Sơ chế nguyên liệu | Sả: Đập dập và cắt thành khúc dài khoảng 5cm để sử dụng. | Đậu hũ: Chia làm 6 khối vuông nhỏ. | Cà chua: Cắt thành hình múi cau. | Lá lốt: Loại bỏ phần cuống cứng, sau đó cắt nhỏ theo ý muốn. | Ngò gai và hành lá: Cắt thành khúc dài khoảng 1,5cm. | Măng: Cắt thành lát và luộc trong khoảng 20 - 30 phút để loại bỏ chất độc và giảm đắng. | Thịt ếch: Chặt nhỏ thành từng miếng vừa ăn. | 2.2. Ướp thịt ếch | Trộn đều thịt ếch với 2 muỗng canh nước nghệ tươi và 1 muỗng bột canh, sau đó ướp trong 5 - 10 phút. | 2.3. Xào ếch | Đầu tiên, phi 1 muỗng cà phê hành tím băm và tỏi băm với 1 muỗng dầu ăn cho thơm. | Khi hành và tỏi có mùi thơm, thêm thịt ếch vào xào chung. | Sau khi xào ếch trong 1 phút, thêm măng đã luộc, 1 muỗng cà phê hạt nêm, 1 muỗng nước mắm và 1 muỗng sa tế. Kế đó, đảo đều hỗn hợp này cho thịt ếch săn lại, sau đó thêm ngò gai và hành lá, đảo đều và tắt bếp. | 2.4. Nấu nước lẩu | Phi sả và hành tỏi băm còn lại với 2 muỗng dầu ăn cho thơm. | Khi có mùi thơm, thêm cà chua và đảo chung cho cà chua mềm. | Tiếp theo, thêm nước dùng gà, 1 muỗng bột nêm, 1 muỗng bột ngọt, 1 muỗng đường và 3 muỗng giấm. Nêm nếm lại cho vừa miệng và đợi cho nước sôi."
Lưỡi heo xào chua ngọt thơm ngon hấp dẫn,35 phút,4 người,Dễ,"Lưỡi heo-1 cái | Hành khô-1 củ | Cà chua-1 quả | Tỏi-1 củ | Dầu hào, tương ớt, hạt tiêu, hành hoa, rau mùi, bột năng, đường, mắm, dấm, bột canh-gia vị","Bước 1:Cà chua các bạn rửa sạch, thái múi cau. Hành hoa, rau mùi nhặt bỏ lá già và rễ rồi đem rửa sạch, thái nhỏ. Hành khô và tỏi lột bỏ vỏ, băm nhỏ. | Bước 2:Bạn cho lưỡi heo vào nồi nước đun đến khi nước sôi. | Bước 3: Bạn gạn bỏ nước trong nồi đi, dùng dao cạo bỏ sạch lớp màng trắng trên mặt lưỡi rồi rửa lại với nước cho sạch. | Bước 4:Thái lưỡi heo thành những miếng nhỏ vừa ăn. Bạn ướp lưỡi heo với 1 thìa ăn cơm dầu hào, 1 thìa cà phê bột canh. | Bước 5:Bạn làm nóng dầu ăn trong chảo, cho hành và tỏi vào phi thơm rồi cho lưỡi heo vào xào qua. | Bước 6: Bạn pha một bát hỗn hợp gồm 6 thìa cà phê dấm, 2 thìa cà phê đường, 1 thìa mắm, 1 thìa tương ớt. | Bước 7: Đổ hỗn hợp chua ngọt cùng cà chua vào chảo lưỡi vừa được xào qua. Đun liu riu ở lửa nhỏ nhất để lưỡi heo ngấm gia vị cho tới khi cạn hết nước. | Bước 8:Bạn hòa một thìa cà phê bột năng với 3 thìa ăn cơm nước. Dùng thìa dầm tan cà chua. Đổ bát bột năng vừa pha vào đun cho nước sệt lại, cho hành và rau mùi thái nhỏ vào đảo đều rồi tắt bếp. | Bước 9: Bạn xúc lưỡi heo ra đĩa, rắc hạt tiêu lên trên. Ăn nóng cùng cơm nhé."
Sườn rim chua ngọt ngon mê ly cho bữa cơm nhà,60 phút,4 người,Dễ,"Sườn non-700 gr | Trứng gà-1 quả | Ớt sừng-10 gr | Hành tím-10 gr | Tỏi-10 gr | Tương ớt-1.5 muỗng canh | Tương cà-1.5 muỗng canh | Nước tương-5 muỗng cà phê | Giấm-2 muỗng cà phê | Bột bắp-2 muỗng canh | Dầu ăn-50 ml | Gia vị-Muối, đường, hạt nêm, bột ngọt, tiêu","1. Sơ chế nguyên liệu | Sơ chế sườn: Sử dụng muối hoặc chanh để chà xát mặt thịt của sườn heo. Sau đó, rửa sườn lại với nước sạch để loại bỏ muối hoặc chanh trên bề mặt, sau đó để ráo. Tiếp theo, chặt sườn thành các miếng nhỏ vừa ăn. | Trụng sườn: Chuẩn bị một thau hoặc nồi lớn, đổ nước sôi vào thau sao cho mặt sườn được ngập trong nước. Trụng sườn trong nước sôi khoảng 5 - 10 phút, sau đó vớt sườn ra và xả sạch bằng nước lạnh để loại bỏ cặn bẩn. | Rửa và để ráo: Xả sườn bằng nước sạch để loại bỏ bất kỳ tạp chất nào còn lại trên bề mặt. Sau đó, để sườn ráo trong một chỗ khô thoáng. | 2. Ướp và chiên sườn | Chuẩn bị gia vị: Trong một tô, trộn đều 1/3 muỗng cà phê muối, 2 muỗng cà phê hạt nêm, 1/3 muỗng cà phê bột ngọt, 1 muỗng cà phê nước tương, 1 muỗng canh đường, 1/3 muỗng cà phê tiêu xay, 5g tỏi băm và 10g hành tím băm. | Ướp sườn: Đặt sườn vào một tô và rắc đều gia vị đã chuẩn bị lên sườn. Đảo đều để sườn thấm đều gia vị. Ướp sườn trong khoảng 15 - 20 phút để gia vị thấm vào sườn đều. | Chuẩn bị hỗn hợp bột áo: Đập 1 quả trứng gà và tách lấy lòng trắng. Hòa lòng trắng trứng với 2 muỗng canh bột bắp. | Áo sườn bằng hỗn hợp bột áo: Cho hỗn hợp bột bắp và lòng trắng trứng vào tô chứa sườn. Trộn đều để bột áo phủ đều lên sườn. | Một gợi ý nhỏ: Ướp thịt với lòng trắng trứng gà và bột bắp giúp sườn khi chiên có màu vàng đẹp và trở nên giòn hơn. | Chiên sườn: Đặt một chảo lên bếp và đổ dầu ăn vào chảo. Chờ đến khi dầu ăn nóng, sau đó đặt phần sườn đã được áo bột vào chảo và chiên ở lửa vừa. Chiên sườn cho đến khi sườn chín vàng và cạnh sườn trở nên giòn. Sau đó, vớt sườn ra khỏi chảo để ráo dầu. | 3. Rim sườn | Đổ bớt dầu từ chảo, giữ lại một ít dầu và cho tỏi vào phi thơm. | Thêm 10g ớt sừng băm nhuyễn và toàn bộ phần sốt đã pha trước đó vào chảo. Tiếp theo, đổ 50ml nước lọc vào tô chứa nước sốt, tráng đều rồi đổ vào chảo. Đun nước sốt cho đến khi hỗn hợp sôi lên và hơi sánh lại. | Rim sườn ở lửa nhỏ trong khoảng 5 phút cho đến khi nước sốt sánh kẹo lại và sườn ngấm đều gia vị. Sau đó, tắt bếp. | Bày sườn ra đĩa và trang trí để tạo thành một món ăn đẹp mắt. | 4. Thành phẩm | Món sườn rim chua ngọt dễ thực hiện, với các nguyên liệu đơn giản và dễ tìm kiếm. Tuy nhiên, hương vị của nó lại vô cùng thơm ngon và hấp dẫn, tạo cảm giác thèm thuồng khiến bạn muốn ăn thêm. Mỗi miếng sườn thấm đầy hương vị, kết hợp với sốt chua chua, ngọt ngọt, tạo ra một cảm giác kích thích vị giác tuyệt vời khi ăn kèm cơm."
Canh cua mồng tơi ngon mát cho mùa hè,40 phút,4 người,Dễ,Cua đồng-300 gram | Rau mồng tơi-300 gram | Hành tím-2 củ | Dầu ăn-2 muỗng canh | Nước mắm-1 muỗng canh | Muối-Một ít,"1. Sơ chế của đồng | Đầu tiên, bắt đầu với 300 gram cua đồng, hãy sử dụng tay để tách bỏ mai và yếm, sau đó rửa cua một vài lần với nước cho sạch và để ráo. Đồng thời, lấy muỗng để gạch cua từ yếm cho vào một chén riêng. Tiếp theo, chuẩn bị máy xay sinh tố và đổ số cua đồng đã để ráo cùng 300ml nước lọc vào máy, sau đó xay nhuyễn hỗn hợp trong khoảng 3 phút ở mức vừa. | Khi thấy hỗn hợp đã nhuyễn, tắt máy và sử dụng rây để lọc phần xác cua, chỉ giữ lại nước riêu cua để sử dụng trong chế biến. | 2. Sơ chế nguyên liệu khác | Tiếp theo, với 300 gram rau mồng tơi, bạn hãy nhặt lấy các lá non và đồng thời loại bỏ những lá dập úng hoặc héo úa. | Sau đó, ngâm rau mồng tơi trong nước muối pha loãng trong khoảng 10 phút, sau đó rửa lại 1-2 lần với nước để làm sạch và để ráo. Sau đó, sử dụng dao để cắt rau thành khúc dài khoảng 1-2 phần ngón tay. | Cuối cùng, lột vỏ hành tím và băm nhuyễn nó. | 3. Xào gạch cua | Sau khi chuẩn bị xong nguyên liệu, hãy đặt một chảo lên bếp và thêm 1 muỗng canh dầu ăn, sau đó đun chảo với lửa vừa. Chờ đến khi dầu nóng, bạn hãy cho hành tím đã băm nhuyễn vào chảo và phi thơm trong khoảng 3 phút. | Tiếp theo, thêm chén gạch cua vào chảo và sử dụng sạn dẹt để xào đều trong khoảng 3-5 phút, cho đến khi thấy gạch cua trở nên hơi sánh và đặc. Khi đó, bạn có thể tắt bếp. | 4. Nấu canh | Khi vô tình chạm mắt, tô canh cua mồng tơi đã tỏa sáng với màu sắc bắt mắt từ riêu cua và sự tươi tốt của rau xanh, nhanh chóng thu hút mọi người! | Đặc biệt, riêu cua mềm mịn và ngọt ngào, kết hợp với hương vị tươi ngon của rau và nước dùng đậm đà, thực sự là một món ăn không thể thiếu trên bàn cơm!"
Thịt lợn mán tái chanh thơm ngon ngọt,60 phút,4 người,Dễ,Thịt lợn mán (Chọn phần thịt vai hoặc thịt đùi)-500gr | Gừng-1 nhánh | Sả-2 cây | Vừng trắng rang vàng-3 thìa | Dầu vừng-1 thìa | Chanh-1/2 quả | Đường-1 thìa | Bột canh-1 thìa | Chuối xanh-1 quả | Khế chua-1 quả | Ớt-Tuỳ thích | Giấm-2 thìa | Muối-1 thìa,"Gừng và 2 củ sả đập dập chia thành 2 phần, 1 củ sả còn lại băm nhỏ. | Chuối xanh lột vỏ, cắt lát mỏng, ngâm vào nước pha muối và giấm cho đỡ bị thâm rồi để ráo. Khế chua rửa sạch, cắt lát. Vừng rang vàng. | Thịt lợn rửa sạch, dùng dao cao sạch phần bì. Đun sôi nước, thả một phần gừng, sả vào rồi cho thịt vào trần trong khoảng 2-3 phút để loại bỏ các chất bẩn và mùi hôi của thịt, sau đó rửa sạch lại với nước. | Hấp thịt với chỗ gừng và sả còn lại cho tới khi chín (mất khoảng 10-15 phút sau khi nước sôi, các bạn dùng đũa châm không thấy nước đỏ chảy ra là thịt chín). Gắp thịt ra thả vào bát nước đá ngay cho thịt trắng và mềm. | Dùng dao sắc thái thịt lợn mán đã luộc thật mỏng, cho vào tô. | Vắt nửa quả chanh vào tô, thêm đường, muối, dầu vừng, 1/2 chỗ vừng rang, ớt thái nhỏ vào, dùng găng tay trộn đều. Sau khi trộn xong các bạn có thể nêm nếm lại gia vị cho vừa miệng rồi xếp thịt ra đĩa, rắc chỗ vừng còn lại lên trên là ta đã làm xong món thịt lợn mán tái chanh. Các bạn ăn thịt lợn mán tái chanh cùng với khế chua và chuối xanh không thôi cũng ngon, nếu thích, các bạn có thể chấm tương gừng ăn cũng siêu hợp vị nhé."
Xôi cốm dẻo thơm ngon khó chối từ,2 giờ 00 phút,4 người,Dễ,Cốm-300g | Đỗ xanh-100g | Dừa tươi-50g | Đường kính trắng-4 thìa cà phê | Dầu ăn-2 thìa,"Bước 1:Đậu xanh ngâm trong nước nóng 2h rồi đãi sạch, để ráo nước, trộn với 1/3 thìa cà phê muối để trong chiếc chén con. Nếu là đỗ xanh chưa bỏ vỏ thì bạn nên ngâm trước đó 3h rồi đãi sạch vỏ đi nhé. | Bước 2:Cho đỗ xanh vào nồi hấp và hấp cho đến khi chín. Nếu không có xoong hấp bạn có thể cho vào nồi cơm điện và nấu như cơm. Không nên cho nhiều nước, khi đỗ sôi sẽ trào nước ra nồi. | Khi đậu chín thì cho vào cối giã nhuyễn hoặc nghiền bằng thìa. | Bước 3:Trộn cốm với 2 thìa dầu ăn, rồi cho vào hấp. Khi hấp bạn nên cho lửa liu riu, đợi trong 5-7 phút là cốm chín. | Bước 4:Lấy cốm đã chín và trộn với 2 thìa đường trắng, rồi đem hấp lại trong 5 phút. | Bước 5:Dừa nạo thành sợi ướp với chỗ đường còn lại, để trong 20 phút. | Cho 1 chút dầu ăn vào chảo, để lửa nhỏ cho dừa tươi ướp đường vào xào cho săn lại. Bạn có thể nhận thấy dừa săn lại là khi đường cô lại, bám chặt vào từng sợi dừa, tuy nhiên bạn không nên để quá lửa để dừa bị cháy có màu vàng nhìn sẽ không đẹp mắt. | Bước 6:Đổ xôi ra một cái khay rộng rồi trộn đều xôi cốm với dừa và đậu xanh đã giã nhuyễn. | Để có hình thức bắt mắt bạn có thể trải lá sen hoặc lá chuối lót dưới đĩa hay mẹt nhỏ rồi hãy đổ xôi cốm lên. | Chúc bạn và gia đình thành công với cách nấu xôi cốm thơm ngon hấp dẫn này!"
Món trứng bọc cơm vừa ngon vừa đẹp mắt,60 phút,4 người,Dễ,"Cho phần cơm chiên :-Thịt gà-250g | Hành tây-1 củ nhỏ | Tỏi-4 nhánh | Nấm đông cô-4 cây | Cơm-2 bát đầy (có thể tận dụng cơm nguội để chiên cơm luôn ) | Canh tương cà-3 muỗng | Dầu ăn, muối, tiêu- | Cho phần trứng bọc bên ngoài: -Trứng to-8 quả | Sữa tươi-4 thìa cà phê | Dầu ăn, muối, tiêu-","Bắt đầu thực hiện món trứng bọc cơm thôi nào ! | Bước 1 : | -Thịt gà thái miếng vuông nhỏ sau đó ướp với tiêu, muối, để riêng. | -Hành tây thái hình  hạt lựu,tỏi băm nhỏ đập dập, nấm đông cô thái mỏng | -Làm nóng dầu ăn trong chảo, cho hành tây vào xào đến khi hành mềm thì cho tỏi và nấm vào đảo cho mềm, sau đó trút thịt gà đã ướp vào xào chín. | Bước 2 : | -Khi gà đã chín, bạn thêm cơm vào đảo nhanh tay cho cơm tơi, nêm muối, tiêu vừa ăn. | -Đảo cơm khoảng 2 phút để cho cơm hơi săn lại thì bạn tắt bếp, thêm tương cà vào. | Bước 3 : | -Đảo nhanh tay để tương cà phủ đều bên ngoài các hạt cơm. | Bước 4 : | -Đánh tan 2 quả trứng trong 1 bát, thêm 1 muỗng cafe sữa tươi cùng chút muối, tiêu nguấy đều lên. | -Làm nóng chút dầu ăn trong chảo với lửa vừa, cho trứng vào rồi nghiêng chảo để trứng dàn đều trên chảo, tránh trường hợp cho trứng vào nhưng không dàn đều ra sẽ không được sản phẩm như ý muốn. | -Khi viền ngoài trứng se lại nhưng ở giữa trứng vẫn còn ướt thì bạn xúc 1/4 chỗ cơm vào giữa chảo trứng. | Bước 5 : | -Nhẹ nhàng gập phần viền trứng lên trên cơm. Bạn lưu ý rằng trứng có thể không cần phủ kín toàn bộ cơm,nhẹ nhàng để trứng không bị rời thành từng mảng nhé. Sau đó úp đĩa lên và lật ngược chảo để có phần mặt trứng đẹp mắt ở phía trên. | -Làm lần lượt tới khi hết trứng và cơm. Bày cơm lên đĩa, trang trí với tương cà và các loại rau củ ăn kèm tùy thích. | Cùng chiêm ngưỡng thành quả nào ! | Bạn cũng có thể trang trí hoặc biến tấu món này theo nhiều kiểu khác của riêng mình nhé! Chúc các bạn thành công !"
Thịt kho đông pha chuẩn vị miền Bắc,1 giờ 15 phút,4 người,Dễ,"Thịt chân giò-500 gr | Bì heo-100 gr | Mộc nhĩ, nấm hương-nguyên liệu | Hành khô-4-5 củ | Gia vị-hạt nêm, nước mắm, hạt tiêu, dầu ăn","1. Cách nấu thịt kho đông pha chuẩn vị miền Bắc | Bước 1: | Thịt chân giò, da heo cạo sạch lông ở da, rửa sạch rồi thái miếng vừa ăn. | Băm nhỏ hành khô. | Nấm hương, mộc nhĩ ngâm nở rồi thái sợi nhỏ. | Bước 2: | Ướp thịt đã thái với 1 thìa canh hạt nêm, 1 thìa canh nước mắm, chút gia vị, 1/3 chỗ hành khô đã băm nhỏ khoảng 25-30 phút cho thịt ngấm đều gia vị. | Bước 3: | Phi thơm 1/3 chỗ hành khô với dầu ăn | Rồi cho thịt vào đến khi hơi săn lại. | Tiếp theo đổ nước ngập mặt thịt, dùng cả phần nước ngâm nấm gạn bỏ cặn cho vào cùng, đun sôi rồi hớt bọt, hầm trong khoảng 30-40 phút đến khi thịt chín mềm. Trong quá trình hầm nếu vẫn có bọt thì các bạn cứ tiếp tục hớt đến khi hết bọt. | Bước 4: | Dùng chỗ hành khô còn lại tiếp tục phi thơm với 1 chút dầu ăn. | Các bạn cho nấm hương và mộc nhĩ vào xào săn, nêm chút gia vị. | Bước 5: | Khi thịt gần được thì cho nấm và mộc nhĩ vào, đun sôi thêm 3-5 phút nữa thì tắt bếp, rắc hạt tiêu vào đảo đều. | Tiếp đến các bạn rắc hạt tiêu và cà rốt, hoặc rau mùi xuống đáy bát để trang trí | Chờ thịt nguội bớt thì múc vào bát, để vào ngăn mát tủ lạnh | 2. Cách nấu thịt kho đông gà | Nguyên liệu chuẩn bị | 700g thịt gà | Mộc nhĩ | Nấm hương | Gia vị: muối, hạt tiêu, hạt nêm | Nửa con gà | Các bước tiến hành | Bước 1: Chuẩn bị nguyên liệu | Rửa sạch thịt gà và chặt thành từng miếng vừa ăn. Một mẹo nhỏ là đặt thịt gà trong tủ lạnh một lúc trước khi chặt để dễ dàng và không bị nát. | Ướp gà với nước mắm, hạt nêm và hạt tiêu trong khoảng 20-30 phút. | Rửa sạch mộc nhĩ và nấm hương, ngâm qua nước để nở ra. Sau đó, thái nhỏ mộc nhĩ và nấm hương. | Bước 2: Nấu món Thịt Gà Kho | Trong một nồi, xào thịt gà sơ qua trong khoảng 10 phút. Tiếp theo, thêm mộc nhĩ và nấm hương và xào thêm 5 phút. Cho thêm chút hạt nêm vào nồi và đảo đều. | Đổ nước lọc vào nồi sao cho thịt gà ngập. Đun sôi, sau đó giảm lửa nhỏ và hớt bọt để nồi thịt gà đông mà không bị đục. Nêm lại gia vị theo khẩu vị. | Đậy nắp nồi và đun sôi với lửa nhỏ trong khoảng 30 phút, sau đó tắt bếp. | Bước 3: Bảo quản | Đặt thịt gà vào khuôn đã chuẩn bị trước đó, sau đó đặt vào ngăn mát của tủ lạnh. Hãy để thịt trong tủ lạnh từ 4 đến 6 tiếng để nguyên liệu đông và hòa quyện hương vị. | Khi sử dụng phần thịt đã đông, hãy lưu ý chỉ lấy phần cần dùng và không cho phần thừa trở lại vào nồi. | 3. Cách làm thịt kho đông ba chỉ | Nguyên liệu chuẩn vị | 1kg thịt ba rọi | 3 cây hành lá | 1 nhánh gừng | Tỏi, hành tím, quế, hồi, thảo quả (mỗi vị một ít) | Gia vị: Nước tương, hắc xì dầu, rượu nấu ăn Thiệu Hưng, đường phèn | Cách làm thịt kho đông ba chỉ | Bước 1: Sơ chế thịt | Sau khi mua thịt ba rọi, bạn hãy làm sạch bề mặt da bằng cách cạo nhẹ bằng dao, sau đó rửa sạch. Điều này giúp loại bỏ các chất bẩn và lông dư thừa. Tiếp theo, hãy làm nóng chảo và áp chảo phần da heo để da trở nên vàng rám. Quá trình này sẽ làm cho da mềm và giữ nguyên vẹn khi nấu. | Sau khi áp chảo, đặt thịt vào nước sôi đã thêm một ít rượu và để trong khoảng 3 phút. Quá trình này giúp loại bỏ chất bẩn và làm giảm mùi của thịt. Tiếp theo, cắt thịt thành các miếng vuông lớn kích thước 4cm. Bạn có thể sử dụng chỉ cotton chịu nhiệt hoặc dây chuối để buộc thịt lại và giữ cho nó giữ dáng vuông đẹp sau khi kho mềm. | Bước 2: Kho thịt | Để nấu món này, bạn nên sử dụng một nồi đất. Nếu muốn, bạn có thể lót đáy nồi với vỉ tre để tránh nồi bị khét. | Lót hành lá vào đáy nồi, sau đó xếp từng lát gừng lên cùng với tỏi và hành tím. Cuối cùng, xếp thịt lên trên, úp mặt da xuống dưới. Thêm nửa chén nước tương, ¼ chén hắc xì dầu, 1 chén rượu nấu ăn Thiệu Hưng, 1 chén nước lọc và 50g đường phèn. Bật lửa lớn và đun cho đến khi nước sôi, sau đó vớt bọt và giảm lửa nhỏ. Đậy nắp và ninh trong khoảng 2 tiếng với lửa nhỏ. | Khi đã ninh được một nửa thời gian, hãy lật thịt để thịt thấm đều gia vị. Đồng thời, thêm vào quế, hồi và thảo quả để mang đến hương thơm hấp dẫn cho thịt kho. | Bước 3: Hấp thịt kho | Sau khi thịt đã được kho và có màu đẹp hấp dẫn, bạn hãy đặt nồi thịt lên nồi hấp và hấp thêm 30 phút để thịt trở nên mềm và ngấm đủ vị. Khi hấp như vậy, nước sốt sẽ hơi sệt lại cùng với mỡ, tạo nên một món ăn ngon tuyệt vời. | Sau khi hấp xong, món Thịt Kho Đông Pha của chúng ta đã hoàn thành. Đặt thịt lên đĩa cùng với một ít cải thìa luộc. Kết hợp giữa thịt đỏ và cải xanh tạo thành một cảnh quan hấp dẫn. Nhờ thời gian ninh lâu, thịt đã chín mềm, khi đặt một miếng vào miệng, thịt tan chảy mềm mại, đậm đà và thơm ngon đến khó cưỡng. Món ăn này rất tuyệt khi ăn kèm với cơm nóng."
Cà ri bò khoai tây cà rốt kiểu Nhật,1 giờ 5 phút,4 người,Dễ,Thịt bò-500 gr | Cà rốt-1 củ thái miếng vừa ăn | Khoai tây-1 củ thái miếng vừa ăn | Cà ri-3 muỗng canh | Tỏi băm-3 tép | Hành tây-1 củ thái miếng to | Nguyệt quế-2 lá | Hành lá-3 nhánh | Gừng-1 lát | Muối-Vừa đủ | Tiêu-Vừa đủ | Đường-Vừa đủ | Nước xì dầu-Vừa đủ,"Bước 1:Rửa sạch thịt bò, thái miếng không quá dày. Cho thịt bò vào nồi nước sôi luộc 5-7 phút cho thịt bò ra hết chất bột dơ và chín tái rồi đổ thịt bò ra rổ xả qua nước lạnh cho sạch. | Bước 2:Cho thịt bò vào nồi cùng với 2 lít nước, gừng và 3 nhánh hành lá. Bắc nồi lên bếp nấu với lửa vừa cho thịt mềm. | Bước 3:Bắc 1 cái chảo lên bếp, rồi cho vào 2 muỗng canh dầu, chờ dầu nóng cho hành tây vào xào trước 2 phút, sau đó cho tỏi cùng với cà rốt và khoai tây xào cho thơm, nêm chút muối cho đậm đà. | Bước 4:Khi thịt bò hơi mềm thì các bạn cho vào nồi khoai tây, cà rốt, lá nguyệt quế cùng với cà ri , nêm gia vị vừa ăn và tiếp tục hầm cho đến khi thịt mềm, nước hơi sánh là tắt bếp. | Chúc cả nhà ngon miệng với món cà ri bò kiểu Nhật nhé!"
"Cách luộc thịt lợn ngon, mềm, ngọt",60 phút,4 người,Dễ,"Thịt lợn ba chỉ (thịt chân giò)-0.5 kg | Đường, bột canh, mỳ chính.-gia vị | Nước sôi để nguội-1-2 lít","-Bỏ miếng thịt luộc vào xoong rồi  đổ nước lạnh ngập miếng thịt luộc 2-3 cm. Đun to lửa cho sôi lên 1 phút rồi bắc ra ngoài. Đổ nước luộc thịt đầu tiên này đi, rửa sạch miếng thịt và xoong rồi cho thịt và nước vào đun sôi như lần 1. | -Vặn to lửa cho nước luộc thịt sôi rồi các bạn thả hành tím thái lát nhỏ vào nồi. Sau đó lần lượt cho 1 chút 1 thìa cà phê bột canh, ½ thìa cà phê mì chính, ½ thìa cà phê đường vào nồi nước luộc thịt đang sôi. Các bạn hạ lửa nhỏ cho sôi lăn tăn. | Thời gian luộc lâu hay không còn tùy thuộc vào miếng thịt của bạn nhỏ hay to."
Cơm chiên ngũ sắc ngon tại nhà,45 phút,4 người,Dễ,"Cơm nguội hoặc nóng-tùy thích | Trứng gà-3 quả | Lạp sườn-2 cái | Đậu bắp-100 gr | Ớt đỏ Đà Lạt-1 quả | Hành tây-1 củ | Hành khô, hành lá, rau mùi-nguyên liệu | hạt tiêu, dầu ăn, nước mắm, xì dầu-gia vị","Bước 1: | – Đánh tơi cơm cho các hạt se và rời nhau ra. (Các bạn nên chọn gạo loại dẻo khô, không dẻo quá hay nhão quá, thì món cơm rang sẽ rất ngon) | – Xúc xích thái thành các khoanh nhỏ, lạp xường thái vát chéo mỏng. | – Hành tây và ớt Đà Lạt thái hạt lựu | – Thái thật nhỏ hành lá, hành khô băm nhuyễn, còn rau mùi thái rối. | Bước 2: | – Các bạn cho chút dầu ăn vào chảo, xào xúc xích và lạp xường cho xém cạnh là được rồi nêm chút gia vị trước khi đổ riêng ra đĩa | – Tiếp tục xào các loại rau, lần lượt là đậu bắp, ớt Đà Lạt, hành tây, … sao cho chúng vừa chín, giữ được độ giòn, không nát, và các bạn nhớ thêm gia vị cho vừa miệng. | – Sau khi xào xong, đổ riêng các loại rau ra đĩa nhỏ. | Bước 3: | – Đun nóng dầu ăn rồi trút hành khô vào phi thơm. Khi hành vàng, các bạn đập trứng vào, đảo nhanh tay. Ngay khi trứng còn mềm, chưa kịp khô hết thì cho cơm vào rang, để lửa to và đảo nhanh tay. Thêm tiếp hành lá đã băm nhỏ vào đảo đều. | Bước 4: | – Các bạn cho thêm gia vị và một chút nước mắm cho vừa ăn vào chảo rồi đảo tiếp. | – Khi cơm đã săn, xém, các bạn cho hỗn hợp rau, lạp xường và xúc xích vào đảo đều cho ngấm vào cơm. | –Đổ cơm ra đĩa, rắc rau mùi. Khi ăn có thể rắc hạt tiêu cho món cơm thêm ngon | Chúc các bạn ngon miệng nhé!"
Chả thịt heo nướng riềng mẻ thơm ngon bổ dưỡng,40 phút,4 người,Dễ,"Thịt ba chỉ ngon-300g | Củ riềng-100g | Cơm mẻ-100g | Bột nghệ-1 thìa cà phê | Nướng mắm, mắm tôm, đường, dầu ăn, chanh, ớt, rau quế, hành lá-","Sau khi đã chuẩn bị nguyên liệu rồi thì bây giờ chúng ta sẽ sơ chế qua những nguyên liệu này nhé: | - Thịt ba chỉ ( hay thịt ba rọi ) bạn chọn loại rút sườn để miếng thịt dày và nhiều nạc. Rửa sạch, để cho ráo rồi cắt miếng vừa ăn. | - Riềng thì bạn gọt vỏ, cắt mỏng, giã hay xay nát.Còn hành lá thì cắt nhỏ. | - Cơm mẻ bạn tán nhuyễn ra chế. | Bắt đầu chế biến thôi nào ! | Bước 1: | - Bạn cho thịt ướp chung với mắm tôm, nước mắm, đường, dầu ăn, bột nghệ, riềng, mẻ, hành lá để khoảng 1h cho thấm. | Bước 2: | - Xếp thịt vào vỉ rồi nướng trên than vừa, trở đều hai mặt cho đến khi thịt chín vàng thơm là được. | -Khi nướng thịt bạn có thể phết lên thịt một ít nước ướp thịt, sẽ dậy mùi và có màu đẹp hơn đó. | Bước 3: | -Cách pha mắm tôm:Bạn cắt chanh làm 2 nửa rồi vắt lấy nước cốt. Cho mắm tôm, chanh, đường vào tô quấy cho tan đường, đến khi mắm tôm nổi bọt. Nêm nếm cho vừa khẩu vị. | - Dọn kèm nước chấm (là mắm tôm vừa pha), húng quế. | Chú ý: | - Nếu không thích ăn thịt ba chỉ bạn có thể chọn thịt nạc dăm nhưng không dùng thịt đùi vì nó sẽ bị khô sau khi nướng. | -Món chả thịt heo nướng riềng mẻcó thể dùng chung với cơm hay bún đều ngon, nước chấm có thể thay bằng nước mắm chanh, ớt đều ngon nhé! | 2. Thịt heo nướng riềng mẻ bằng nồi chiên không dầu | Chuẩn bị nguyên liệu | 600g thịt ba chỉ | 1 củ riềng | 2 cây sả | 2 muỗng canh mẻ (đã lọc) | 1 muỗng canh bột nghệ | 2 muỗng canh dầu ăn | 1 muỗng canh mắm tôm | 2 muỗng canh nước mắm | 1 muỗng canh đường | 1 muỗng canh tiêu xay | Các bước chế biến | 1. Sơ chế nguyên liệu | Để nướng thịt ba chỉ riềng mẻ bằng nồi chiên không dầu, bước đầu tiên là ngâm thịt ba chỉ trong nước muối pha loãng trong khoảng 5-10 phút, sau đó rửa sạch và để ráo. | Tiếp theo, hãy cắt thịt ba chỉ thành các miếng vuông vừa ăn, với độ dày khoảng 1.5-2 cm để đảm bảo thịt không bị khô khi nướng. Hãy tránh cắt quá mỏng để giữ cho thịt thơm ngon và mềm mại. | Riềng cần được cạo vỏ, rửa sạch, sau đó giã nhuyễn hoặc băm nhỏ. Tương tự, với sả, bạn hãy cắt bỏ gốc, lột vỏ bên ngoài, rửa sạch và băm nhỏ. | 2. Ướp thịt | Để ướp thịt ba chỉ, hãy kết hợp thịt với một hỗn hợp gia vị bao gồm riềng đã băm nhỏ, sả đã băm nhỏ, 2 muỗng canh mẻ (đã lọc), 1 muỗng canh mắm tôm, 2 muỗng canh nước mắm, 1 muỗng canh tiêu, 1 muỗng canh bột nghệ, 1 muỗng canh đường và 2 muỗng canh dầu ăn. | Trộn đều các thành phần này trong khoảng 5 phút, sau đó ướp thịt trong hỗn hợp này trong khoảng 1 tiếng để thịt thấm đều gia vị. | 3. Nướng thịt bằng nồi chiên không dầu | Để nướng thịt nướng riềng mẻ ngon nhất bằng nồi chiên không dầu, bạn cần lót giấy bạc vào lồng nồi chiên không dầu và sau đó sắp xếp thịt đã ướp gia vị vào trong. | Bắt đầu bằng việc nướng thịt ở nhiệt độ 180 độ C trong khoảng 10 phút. Sau đó, hãy mở nồi và lật mặt thịt để đảm bảo nướng đều. | Tiếp theo, tiếp tục nướng thịt ở nhiệt độ 180 độ C trong thêm 25 phút để đảm bảo thịt chín đều, có màu vàng nâu hấp dẫn và bắt mắt hơn. | 4. Thành phẩm | Sau khi hoàn thành món thịt nướng riềng mẻ bằng nồi chiên không dầu, bạn có thể thêm mắm tôm, rau sống và bún tươi để tạo sự kết hợp tuyệt vời. | Món thịt heo nướng đã hoàn thành với hương thơm và màu sắc hấp dẫn. Thịt thơm ngon, mềm mịn và không bị khô, với gia vị ướp vừa phải. Nếu bạn chia sẻ món này với gia đình, chắc chắn mọi người sẽ bị cuốn hút bởi hương vị tuyệt vời của nó. | Đây là một món ăn đơn giản nhưng có sức hấp dẫn đối với nhiều người. Nếu bạn còn do dự, hãy thử nó và trải nghiệm vị ngon độc đáo của món ăn này. Chắc chắn bạn sẽ bất ngờ và hài lòng với hương vị đặc biệt mà nó mang lại."
Cật heo xào thập cẩm cho ngày Tết,35 phút,4 người,Dễ,"Tim lợn-1 quả | Cật lợn-2 cái | Cà rốt-1 củ | Ngô bao tử-50gr | cần tỏi, hành lá-1 mớ | Hành tây-1 củ | Nấm rơm-100gr | Tỏi-1 củ","1. Sơ chế nguyên liệu | Cật heo: Việc lựa chọn cật heo tươi và ngon là khá khó khăn, vì cật heo là một bộ phận nhạy cảm. Khi mua, hãy thử ấn vào cật. Nếu cật có độ đàn hồi tốt và bên ngoài có màu đỏ tím nhạt, đó là dấu hiệu tốt. | Tim heo: Tim heo là một nguyên liệu ngon và cũng khá đắt so với các loại nội tạng khác. Tuy nhiên, tim heo rất bổ dưỡng và thường được sử dụng để nấu cháo cho trẻ nhỏ. Khi chọn mua tim heo, hãy chạm vào và cảm nhận. Đảm bảo tim không có vấn đề gì. | Cà rốt: Lựa chọn những củ cà rốt đỏ tươi, không có chấm đen trên vỏ hoặc khuyết tật. Tốt nhất là mua cà rốt còn nguyên rễ. | Hành tây và cần tây: Chọn hành tây và cần tây tươi, không có dấu hiệu hư hỏng. | Nấm hương: Bạn có thể mua nấm hương ở cửa hàng đồ khô hoặc chọn mua trong siêu thị để đảm bảo chất lượng. | Hành khô: Tránh mua hành khô bị đen, mốc hoặc quá khô do bảo quản không tốt. | Dầu ăn: Nếu có thể, lựa chọn sử dụng dầu oliu để có lợi cho sức khỏe của bạn và gia đình. | Bột nêm, dầu hào, mì chính hoặc bột ngọt: Sử dụng những loại gia vị này để gia vị món ăn phù hợp với khẩu vị của gia đình. | 2. Mẹo làm tim cật heo sạch | Cách 1: Phương pháp ngâm nước | Đầu tiên, lột sạch lớp màng bên ngoài của tim và cật, sau đó bổ đôi để lấy hết phần máu và bụi bẩn bên trong. Tiếp theo, rửa sạch tim và cật. | Tiếp theo, ngâm tim và cật trong nước trong khoảng 30 tiếng. Sử dụng muối hạt khi rửa để loại bỏ các bụi bẩn. | Sau đó, rửa sạch tim và cật nhiều lần bằng nước. | Hãy đun sôi nước và cho tim và cật đã rửa sạch vào trong, chần chừng và thêm một chút rượu trắng để khử mùi. | Cách 2: Phương pháp ngâm giấm | Làm sạch tim và cật, sau đó chia thành 4 phần. | Đặt tim và cật vào một chậu ngâm và ngâm trong nước và giấm trắng trong khoảng 30 phút. | Tiếp theo, chần tim và cật trong nước sôi khoảng 5-10 phút để loại bỏ mùi hôi. | Cách 3: Sử dụng bột mì | Làm sạch tim và cật heo, sau đó chia thành 4 phần. Lăn từng phần qua bột mì vài lần. | Sau đó, dùng tay bóp mạnh để bột mì tạo thành một lớp hồ nhão trên bề mặt tim và cật. | Làm việc này trong khoảng 10 phút sẽ giúp khử mùi hôi của tim và cật lợn. | 3. Chế biến cật heo xào thập cẩm | Trên một chảo đặt trên bếp, đổ dầu và phi thơm tỏi. Tiếp theo, cho tim và cật vào chảo và xào cho đến khi chín. Sau đó, trút tim và cật ra đĩa riêng. | Thêm cà rốt, tỏi, nấm rơm, hành tây và ngô bao tử vào chảo và xào cho đến khi chín. Trong quá trình xào, hãy nêm nếm gia vị để phù hợp với khẩu vị gia đình bạn. | Tiếp theo, trở lại phần tim và cật đã xào, đảo đều cho đến khi rau củ và thịt được kết hợp đồng đều. Đảo trong khoảng 3 phút và sau đó tắt bếp. | Gỏi cật heo xào thập cẩm sẽ trở nên tuyệt vời khi được thưởng thức cùng cơm nóng, mang đến hương vị đậm đà khó cưỡng. Để làm món ăn thêm hấp dẫn, bạn có thể trang trí bằng chút rau mùi và tiêu xay."
Xôi dừa – món ăn ngon cho ngày Tết cổ truyền,3 giờ 45 phút,4 người,Dễ,Gạo nếp-300 gr | Dừa bánh tẻ-1/2 quả | Đường hoa mai-150 gr | Vừng rang-tùy thích,"Bước 1:Gạo nếp vo sạch, đem ngâm vào nước lạnh qua đêm cho nở  hoặc nếu muốn nhanh bạn có thể đem ngâm gạo vào nước hơi ấm chừng 3 giờ. | Bước 2:Gạo sau khi nở đều, xả qua vòi nước mạnh rồi để ráo nước | Bước 3:Nạo cùi dừa thành sợi nhỏ. | Bước 4:Đặt nồi hấp lên bếp, đổ 1 ít nước vào đáy nồi. Bật bếp đun sôi nước. Trộn gạo với dừa, đảo đều tay | Bước 5:Khi nước trong nồi hấp bắt đầu bốc hơi, bạn đổ gạo vào, dàn đều bề mặt, rồi giảm bớt lửa. | Bước 6:Đồ xôi dừa chừng 15 phút thì bạn lấy đũa đảo đều xôi lên. Sau đó bạn rưới 2 thìa cà phê dầu ăn lên bề mặt xôi, trộn đều giúp xôi không bị khô phần và hạt xôi được bóng hơn. Đồ tiếp chừng 10 phút nữa là xôi chín. Bạn có thể kiểm tra bằng cách nhìn hạt xôi đã nở đều, đảo đũa thấy dẻo. Và mùi thơm của dừa và gạo quện vào nhau ngào ngạt. | Bước 7:Dỡ xôi ra một tô lớn, rồithêm đường vào, trộn đều lên. Công đoạn này phải thực hiện ngay khi lấy xôi ra vì khi đó xôi còn nóng, đường mới tan hết được. | Bước 8:Tiếp theo các bạn cho vừng rang vào trộn đều lên, đổ xôi vào một bát ăn cơm, nén chặt xuống. Sau đó úp ngược bát con lên trên một đĩa tròn có đường kính bằng hoặc to hơn 1 chút xíu so với bát nén xôi. Xôi có thể ăn nóng hoặc nguội đều ngon."
Su su xào thịt ngon hấp dẫn,40 phút,4 người,Dễ,"Thịt lợn-100 gr | Su su-2 quả | Cà rốt-1 củ | Hành khô, hành lá, dầu ăn, gia vị-gia vị","1. Sơ chế nguyên liệu | Sơ chế thịt heo: | Rửa thịt ba chỉ qua nước, sau đó ngâm trong nước muối loãng trong 10 phút. Rửa lại với nước sạch, để ráo và cắt thành lát vừa ăn. | Sơ chế nguyên liệu khác: | Rau cần tây:Cắt bỏ rễ và lá úa, rửa sạch, cắt thành khúc khoảng 2 lóng tay. | Hành tím và tỏi:Bóc vỏ, đập dập, băm nhỏ. | Cà rốt:Gọt vỏ, rửa sạch, cắt thành lát mỏng, sau đó cắt thành sợi. | Su su:Gọt sạch vỏ, ngâm vào thau nước để tránh bị dính mủ. Rửa lại với nước sạch, để ráo và cắt thành lát, sau đó cắt thành sợi. | 2. Chế biến | Xào thịt: | Bắt đầu, đặt chảo lên bếp và bật lửa vừa. Cho 2 muỗng canh dầu ăn vào chảo và đun nóng. Khi dầu nóng, thêm hành tím và tỏi băm vào phi thơm. | Sau khi hành tỏi đã chiên vàng, hớt chúng ra chén, giữ lại phần dầu trong chảo. Tiếp theo, cho thịt ba chỉ vào chảo và xào đều trong khoảng 5 phút cho đến khi thịt săn lại và da nổ lách tách | Thêm su su và cà rốt vào chảo và xào chung. Nêm 2 muỗng canh nước mắm, 1 muỗng canh đường, 1 muỗng canh bột ngọt, 1/3 muỗng cà phê tiêu, và 1 muỗng cà phê dầu hào. Xào đều trong khoảng 10 phút. | Khi su su và cà rốt đã chín, nêm lại gia vị theo khẩu vị. Thêm cần tây vào chảo và xào chung khoảng 30 giây, sau đó tắt bếp. | Trình bày: | Sắp xếp su su xào lên đĩa và rắc hành tỏi phi lên trên. Thêm chút tiêu để tăng thêm hương vị. Món su su xào thịt ba rọi sẽ có màu sắc bắt mắt, với sự cân bằng giữa màu xanh tươi mát của su su và màu cam đỏ của cà rốt. Thịt ba chỉ thơm ngon và đậm đà. | Thưởng thức: | Ngon nhất khi thưởng thức su su xào thịt với cơm nóng. Bạn cũng có thể chọn món này làm một món kèm trong bữa tiệc với bạn bè. Để tăng thêm hương vị, bạn có thể chuẩn bị một chén nước tương tỏi ớt để chấm cùng."
Miến nấu lòng gà-món ăn ngon của ngày Tết,60 phút,4 người,Dễ,"Lòng mề gà (có thể thêm buồng trứng)-2 bộ | Nước dùng từ xương-1.5 l | Miến-1 con | Mộc nhĩ, nấm hương-100 gr | Hành khô, hành tươi, rau mùi rau răm-nguyên liệu | Muối, mì chính-gia vị","Bước 1:Ngâm miến với nước cho nở. | Bước 2:Mộc nhĩ, nấm hương đemng ngâm nước cho nở, Sau đó mộc nhĩ rửa sạch, nấm hương cắt chân. | Bước 3:Rau răm, hành lá nhặt và rửa sạch, thái nhỏ. | Bước 4:Mộc nhĩ, nấm hương thái sợi chỉ nhỏ | Bước 5:Lòng mề gà rửa sạch, thái miếng vừa ăn, ướp với 1 chút gia vị cho ngấm. | Bước 6:Miến sau khi ngâm với nước vớt ra rửa sạch và cắt thành các khúc vừa ăn. | Bước 7:Sau đó cho lòng mề gà đã ướp vào xào cùng với mộc nhĩ nấm hương cho chín. | Bước 8:Đun sôi nước dùng, nêm nếm gia vị cho vừa ăn, thả miến vào trần và vớt ra bát, bày lòng gà xào lên trên cùng với hành dăm, đổ nước dùng vào bát miến. | Chúc cả nhà ngon miệng!"
"Ức vịt nướng, xốt chanh muối lạ miệng",60 phút,4 người,Dễ,"Ức vịt-200 gr | Cam thảo-50 gr | Củ cải trắng-50 gr | Măng tây-100 gr | Chanh muối-1 quả | Mạch nha-1 thìa cà phê | Gừng ngâm chua-1 thìa cà phê | Nén-2 củ | Cà rốt-50 gr | Rau mầm-50 gr | Lá tía tô-30 gr | Muối, tiêu, tiêu hạt, dầu ăn-gia vị | Bánh rế-1 miếng","Bước 1:- Các bạn rửa sạch ức vịt, để ráo nước rồi ướp với chút muối, tiêu. Bạn cho ức vịt vào khay cùng với cam thảo, nướng chín nhiệt độ 170 độ C, trong khoảng 7-10 phút ( Các bạn không nên nướng quá lâu vì như thế thịt sẽ nát) | Bước 2:- Xốt chanh muối:  Bạn cho chanh muối xay nhuyễn vào xào chung, nêm vào mạch nha, muối, tiêu cho vừa ăn. | Bước 3:- Cà rốt và măng tây, lá tía tô bạn đem rửa sạch, cắt nhỏ. Sau khi đun nóng dầu ăn, bạn cho rau củ vào xào chín tới, thêm vào tí muối, tiêu hạt vừa ăn. | Bước 4:- Ức vịt bạn có thể cắt lát trình bày ra đĩa, ăn kèm với rau mầm và rau củ, gừng ngâm chua, trang trí với bánh rế nướng."
Canh ngao nấu dứa giá đỗ sả chua ngọt siêu ngon,55 phút,4 người,Dễ,"Ngao-1 kg | Dứa-1 quả | Cà chua-2 quả | Sấu-3 quả | Nguyên liệu-Hành, rau răm, hành khô | Gia vị-Bột canh, nước mắm, mì chính","Bước 1:Dứa thái miếng nhỏ vừa ăn, cà chua thái múi cau còn hành khô thái mỏng. | Rau dăm, hành lá rửa sạch, thái nhỏ. | Bước 2:Ngao rửa sạch, cho vào nồi luộc đến khi ngao mở miệng thì lấy thịt ngao ra rửa sạch, để riêng phần nước luộc để làm nước nấu. | Bước 3:Phi thơm hành khô, cho cà chua vào đảo, thêm 1 chút bột canh rồi cho ngao vào xào đến khi có mùi thơm (không cần xào quá kỹ để ngao ngọt thịt). Xúc ngao xào ra bát để riêng. | Cho nước luộc ngao vào nồi, thêm sấu vào đun sôi. Khi sấu nhừ thì cho dứa, thịt ngao đã xào vào đun thêm 4-5 phút. | Bước 4:Rắc dăm hành lên và đảo đều, thêm 1 thìa canh nước mắm rồi tắt bếp cho nồi canh thêm đậm đà . | Chúc cả nhà ngon miệng nhé!"
Bò lúc lắc mềm ngon tại nhà,45 phút,4 người,Dễ,"Thịt bò-400 gr | Cà chua-2 quả | Hành tây-1/2 củ | Tiêu, ớt, muối-gia vị | Nước ép dứa-tùy thích","Bước 1:Thịt bò các bạn thái thành từng miếng vuông nhỏ. Trộn đều các gia vị khô với nhau (Bạn có thể thay bằng hỗn hợp xì dầu, dầu hào và dầu mè ) | Bước 2:Trộn đều phần gia vị vừa làm với thịt bò trong khoảng 5 – 10 phút. Dùng tay bóp nhẹ thịt trong lúc trộn để thịt mềm và ngấm gia vị hơn. | Bước 3:Các bạn ngâm rửa sạch, thái cà chua, hành tây và ớt chuông thành miếng nhỏ bằng thịt bò. | Bước 4:Các bạn phi thơm tỏi băm rồi cho thịt bò vào đảo nhanh tay ở lửa to. Thêm rau củ vào xào cùng, đảo thật đều tay cho rau củ ngấm gia vị. Khi thịt gần chín, bạn đổ thêm nước ép dứa vào cùng. Xào đến khi thịt chín và nước cạn bớt thì tắt bếp."
Sườn rim chua ngọt ngon mê ly cho bữa cơm nhà,60 phút,4 người,Dễ,"Sườn non-700 gr | Trứng gà-1 quả | Ớt sừng-10 gr | Hành tím-10 gr | Tỏi-10 gr | Tương ớt-1.5 muỗng canh | Tương cà-1.5 muỗng canh | Nước tương-5 muỗng cà phê | Giấm-2 muỗng cà phê | Bột bắp-2 muỗng canh | Dầu ăn-50 ml | Gia vị-Muối, đường, hạt nêm, bột ngọt, tiêu","1. Sơ chế nguyên liệu | Sơ chế sườn: Sử dụng muối hoặc chanh để chà xát mặt thịt của sườn heo. Sau đó, rửa sườn lại với nước sạch để loại bỏ muối hoặc chanh trên bề mặt, sau đó để ráo. Tiếp theo, chặt sườn thành các miếng nhỏ vừa ăn. | Trụng sườn: Chuẩn bị một thau hoặc nồi lớn, đổ nước sôi vào thau sao cho mặt sườn được ngập trong nước. Trụng sườn trong nước sôi khoảng 5 - 10 phút, sau đó vớt sườn ra và xả sạch bằng nước lạnh để loại bỏ cặn bẩn. | Rửa và để ráo: Xả sườn bằng nước sạch để loại bỏ bất kỳ tạp chất nào còn lại trên bề mặt. Sau đó, để sườn ráo trong một chỗ khô thoáng. | 2. Ướp và chiên sườn | Chuẩn bị gia vị: Trong một tô, trộn đều 1/3 muỗng cà phê muối, 2 muỗng cà phê hạt nêm, 1/3 muỗng cà phê bột ngọt, 1 muỗng cà phê nước tương, 1 muỗng canh đường, 1/3 muỗng cà phê tiêu xay, 5g tỏi băm và 10g hành tím băm. | Ướp sườn: Đặt sườn vào một tô và rắc đều gia vị đã chuẩn bị lên sườn. Đảo đều để sườn thấm đều gia vị. Ướp sườn trong khoảng 15 - 20 phút để gia vị thấm vào sườn đều. | Chuẩn bị hỗn hợp bột áo: Đập 1 quả trứng gà và tách lấy lòng trắng. Hòa lòng trắng trứng với 2 muỗng canh bột bắp. | Áo sườn bằng hỗn hợp bột áo: Cho hỗn hợp bột bắp và lòng trắng trứng vào tô chứa sườn. Trộn đều để bột áo phủ đều lên sườn. | Một gợi ý nhỏ: Ướp thịt với lòng trắng trứng gà và bột bắp giúp sườn khi chiên có màu vàng đẹp và trở nên giòn hơn. | Chiên sườn: Đặt một chảo lên bếp và đổ dầu ăn vào chảo. Chờ đến khi dầu ăn nóng, sau đó đặt phần sườn đã được áo bột vào chảo và chiên ở lửa vừa. Chiên sườn cho đến khi sườn chín vàng và cạnh sườn trở nên giòn. Sau đó, vớt sườn ra khỏi chảo để ráo dầu. | 3. Rim sườn | Đổ bớt dầu từ chảo, giữ lại một ít dầu và cho tỏi vào phi thơm. | Thêm 10g ớt sừng băm nhuyễn và toàn bộ phần sốt đã pha trước đó vào chảo. Tiếp theo, đổ 50ml nước lọc vào tô chứa nước sốt, tráng đều rồi đổ vào chảo. Đun nước sốt cho đến khi hỗn hợp sôi lên và hơi sánh lại. | Rim sườn ở lửa nhỏ trong khoảng 5 phút cho đến khi nước sốt sánh kẹo lại và sườn ngấm đều gia vị. Sau đó, tắt bếp. | Bày sườn ra đĩa và trang trí để tạo thành một món ăn đẹp mắt. | 4. Thành phẩm | Món sườn rim chua ngọt dễ thực hiện, với các nguyên liệu đơn giản và dễ tìm kiếm. Tuy nhiên, hương vị của nó lại vô cùng thơm ngon và hấp dẫn, tạo cảm giác thèm thuồng khiến bạn muốn ăn thêm. Mỗi miếng sườn thấm đầy hương vị, kết hợp với sốt chua chua, ngọt ngọt, tạo ra một cảm giác kích thích vị giác tuyệt vời khi ăn kèm cơm."
Canh cua mồng tơi ngon mát cho mùa hè,40 phút,4 người,Dễ,Cua đồng-300 gram | Rau mồng tơi-300 gram | Hành tím-2 củ | Dầu ăn-2 muỗng canh | Nước mắm-1 muỗng canh | Muối-Một ít,"1. Sơ chế của đồng | Đầu tiên, bắt đầu với 300 gram cua đồng, hãy sử dụng tay để tách bỏ mai và yếm, sau đó rửa cua một vài lần với nước cho sạch và để ráo. Đồng thời, lấy muỗng để gạch cua từ yếm cho vào một chén riêng. Tiếp theo, chuẩn bị máy xay sinh tố và đổ số cua đồng đã để ráo cùng 300ml nước lọc vào máy, sau đó xay nhuyễn hỗn hợp trong khoảng 3 phút ở mức vừa. | Khi thấy hỗn hợp đã nhuyễn, tắt máy và sử dụng rây để lọc phần xác cua, chỉ giữ lại nước riêu cua để sử dụng trong chế biến. | 2. Sơ chế nguyên liệu khác | Tiếp theo, với 300 gram rau mồng tơi, bạn hãy nhặt lấy các lá non và đồng thời loại bỏ những lá dập úng hoặc héo úa. | Sau đó, ngâm rau mồng tơi trong nước muối pha loãng trong khoảng 10 phút, sau đó rửa lại 1-2 lần với nước để làm sạch và để ráo. Sau đó, sử dụng dao để cắt rau thành khúc dài khoảng 1-2 phần ngón tay. | Cuối cùng, lột vỏ hành tím và băm nhuyễn nó. | 3. Xào gạch cua | Sau khi chuẩn bị xong nguyên liệu, hãy đặt một chảo lên bếp và thêm 1 muỗng canh dầu ăn, sau đó đun chảo với lửa vừa. Chờ đến khi dầu nóng, bạn hãy cho hành tím đã băm nhuyễn vào chảo và phi thơm trong khoảng 3 phút. | Tiếp theo, thêm chén gạch cua vào chảo và sử dụng sạn dẹt để xào đều trong khoảng 3-5 phút, cho đến khi thấy gạch cua trở nên hơi sánh và đặc. Khi đó, bạn có thể tắt bếp. | 4. Nấu canh | Khi vô tình chạm mắt, tô canh cua mồng tơi đã tỏa sáng với màu sắc bắt mắt từ riêu cua và sự tươi tốt của rau xanh, nhanh chóng thu hút mọi người! | Đặc biệt, riêu cua mềm mịn và ngọt ngào, kết hợp với hương vị tươi ngon của rau và nước dùng đậm đà, thực sự là một món ăn không thể thiếu trên bàn cơm!"
Thịt lợn mán tái chanh thơm ngon ngọt,60 phút,4 người,Dễ,Thịt lợn mán (Chọn phần thịt vai hoặc thịt đùi)-500gr | Gừng-1 nhánh | Sả-2 cây | Vừng trắng rang vàng-3 thìa | Dầu vừng-1 thìa | Chanh-1/2 quả | Đường-1 thìa | Bột canh-1 thìa | Chuối xanh-1 quả | Khế chua-1 quả | Ớt-Tuỳ thích | Giấm-2 thìa | Muối-1 thìa,"Gừng và 2 củ sả đập dập chia thành 2 phần, 1 củ sả còn lại băm nhỏ. | Chuối xanh lột vỏ, cắt lát mỏng, ngâm vào nước pha muối và giấm cho đỡ bị thâm rồi để ráo. Khế chua rửa sạch, cắt lát. Vừng rang vàng. | Thịt lợn rửa sạch, dùng dao cao sạch phần bì. Đun sôi nước, thả một phần gừng, sả vào rồi cho thịt vào trần trong khoảng 2-3 phút để loại bỏ các chất bẩn và mùi hôi của thịt, sau đó rửa sạch lại với nước. | Hấp thịt với chỗ gừng và sả còn lại cho tới khi chín (mất khoảng 10-15 phút sau khi nước sôi, các bạn dùng đũa châm không thấy nước đỏ chảy ra là thịt chín). Gắp thịt ra thả vào bát nước đá ngay cho thịt trắng và mềm. | Dùng dao sắc thái thịt lợn mán đã luộc thật mỏng, cho vào tô. | Vắt nửa quả chanh vào tô, thêm đường, muối, dầu vừng, 1/2 chỗ vừng rang, ớt thái nhỏ vào, dùng găng tay trộn đều. Sau khi trộn xong các bạn có thể nêm nếm lại gia vị cho vừa miệng rồi xếp thịt ra đĩa, rắc chỗ vừng còn lại lên trên là ta đã làm xong món thịt lợn mán tái chanh. Các bạn ăn thịt lợn mán tái chanh cùng với khế chua và chuối xanh không thôi cũng ngon, nếu thích, các bạn có thể chấm tương gừng ăn cũng siêu hợp vị nhé."
Xôi cốm dẻo thơm ngon khó chối từ,2 giờ 00 phút,4 người,Dễ,Cốm-300g | Đỗ xanh-100g | Dừa tươi-50g | Đường kính trắng-4 thìa cà phê | Dầu ăn-2 thìa,"Bước 1:Đậu xanh ngâm trong nước nóng 2h rồi đãi sạch, để ráo nước, trộn với 1/3 thìa cà phê muối để trong chiếc chén con. Nếu là đỗ xanh chưa bỏ vỏ thì bạn nên ngâm trước đó 3h rồi đãi sạch vỏ đi nhé. | Bước 2:Cho đỗ xanh vào nồi hấp và hấp cho đến khi chín. Nếu không có xoong hấp bạn có thể cho vào nồi cơm điện và nấu như cơm. Không nên cho nhiều nước, khi đỗ sôi sẽ trào nước ra nồi. | Khi đậu chín thì cho vào cối giã nhuyễn hoặc nghiền bằng thìa. | Bước 3:Trộn cốm với 2 thìa dầu ăn, rồi cho vào hấp. Khi hấp bạn nên cho lửa liu riu, đợi trong 5-7 phút là cốm chín. | Bước 4:Lấy cốm đã chín và trộn với 2 thìa đường trắng, rồi đem hấp lại trong 5 phút. | Bước 5:Dừa nạo thành sợi ướp với chỗ đường còn lại, để trong 20 phút. | Cho 1 chút dầu ăn vào chảo, để lửa nhỏ cho dừa tươi ướp đường vào xào cho săn lại. Bạn có thể nhận thấy dừa săn lại là khi đường cô lại, bám chặt vào từng sợi dừa, tuy nhiên bạn không nên để quá lửa để dừa bị cháy có màu vàng nhìn sẽ không đẹp mắt. | Bước 6:Đổ xôi ra một cái khay rộng rồi trộn đều xôi cốm với dừa và đậu xanh đã giã nhuyễn. | Để có hình thức bắt mắt bạn có thể trải lá sen hoặc lá chuối lót dưới đĩa hay mẹt nhỏ rồi hãy đổ xôi cốm lên. | Chúc bạn và gia đình thành công với cách nấu xôi cốm thơm ngon hấp dẫn này!"
Canh nấm rong biển thanh mát không tanh,30 phút,4 người,Dễ,Rong biển-100 gr | Xương-200 gr | Thịt lợn xay-100 gr | Nấm hương-vài cái | Mắm-Vừa đủ | Muối-Vừa đủ,"Bước 1:Rửa sạch xương, chần qua với nước đun sôi sau đó rửa sạch, thêm nước vào hầm để lấy nước dùng. | Bước 2:Nấm hương ngâm nở, rửa sạch để ráo nước. | Bước 3:Thịt xay các bạn có thể viên tròn hoặc cứ thế thả vào nồi nước dùng. | Bước 4:Cho thịt viên vào nồi nước dùng, đun sôi để thịt chín kỹ, hớt bọt ra (nếu có) | Bước 5:Thả nấm vào nồi nước đang đun, đun sôi kỹ để nấm chín. | Bước 6:Cuối cùng thả rong biển vào, khi nồi canh sôi trở lại thì nêm nếm gia vị vừa miệng ăn và tắt bếp. | Chúc các bạn ngon miệng với canh rong biển bổ dưỡng nhé!"
Đậu phụ sốt thịt bằm – Món ngon cho mọi nhà,30 phút,4 người,Dễ,"Đậu phụ trắng-3 bìa | Cà chua-3 quả | Thịt xay (băm)-100 gr | Cà rốt-1 củ | Hành tây-1 củ | Hành tươi, hành khô-nguyên liệu | Nấm rơm-20 gr | Hạt nêm, nước mắm, muối, dầu ăn-gia vị","Bước 1:Cà rốt, hành tây bạn đem rửa sạch, thái hạt lựu. Cà chua bạn thái múi cau. Nấm rơm bạn đem rửa sạch chẻ đôi. Đậu hũ rửa sạch, thái miếng vừa ăn rồi để ráo nước. | Bạn cho dầu ăn vào chảo, đun nóng rồi thả đậu đã cắt miếng, rán giòn, gắp ra đĩa. | Bước 2:Cho tiếp một chút dầu ăn vào chảo,bạn phi thơm hành khô. Tiếp theo bạn cho cà chua, cà rốt, thịt bằm vào xào qua. Khi hỗn hợp nước sốt đặc lại, cho chút muối, hạt nêm và nước mắm cho vừa ăn. Bạn cho thêm hành tây và nấm rơm vào xào nhanh tay. | Bước 3:Khi nước sốt đặc sánh, thịt chín thì bạn đổ đậu đã rán vào chảo, rắc thêm ít hành tươi. | Bước 4:Cuối cùng bạn đảo nhanh tay, tắt bếp, bày và trang trí trên đĩa."
Tôm sốt cam đơn giản mà ngon,45 phút,4 người,Dễ,"Tôm sú-300 gr | Cam tươi-1 quả | Tỏi-5 tép | Mật ong-30 ml | Rau húng quế-1 ít | Dấm, dầu ăn, muối, tiêu, đường, hạt nêm-gia vị","Bước 1: Sơ chế nguyên liệu | Đầu tiên, lột vỏ, đầu, đuôi và rạch phần lưng của tôm để loại bỏ đường chỉ đen. Sau đó, rửa tôm sạch với nước muối pha loãng để khử mùi tanh. Đặt tôm vào rổ để ráo nước. | Tiếp theo, tách lòng trắng trứng gà riêng biệt. Rửa sạch cam, gọt vỏ 4 quả và vắt lấy nước cốt cam tươi. Giữ lại 1 quả cam để trang trí. | Bước 2: Ướp tôm | Sau khi tôm đã ráo nước, đặt chúng vào một dĩa và thêm 2 muỗng canh bột bắp, 1 muỗng canh muối, 2 muỗng canh hạt nêm và 1 muỗng cafe tiêu xay. Tiếp theo, đổ lòng trắng trứng gà vào và trộn đều. Để tôm ướp trong khoảng 15 phút để gia vị thấm đều. | Bước 3: Chiên tôm | Đun nóng chảo và thêm dầu ăn cho đến khi dầu sôi. Khi dầu đạt nhiệt độ, chiên tôm đã ướp vào chảo. Quá trình chiên rất nhanh, chỉ cần tôm săn lại và có màu vàng đẹp là được. Sau đó, đặt tôm lên rây để ráo dầu. | Bước 4: Làm nước sốt cam bơ | Tiếp theo, đun nóng chảo và cho miếng bơ vào. Sau đó, thêm nước cốt cam và đun sôi. Khi bơ tan chảy, khuấy đều để nước cam và bơ hòa quyện. Cuối cùng, tắt bếp. | Bước 5: Trang trí và thưởng thức | Đặt tôm đã chiên lên đĩa và rưới nước sốt cam bơ lên trên. Trang trí với vài lá ngò rí và một số lát cam mỏng. Dùng kèm với cơm nóng và thưởng thức ngay."
Bò kho nước dừa-thơm ngon hấp dẫn,60 phút,4 người,Dễ,"Nạm bò-600 gr | Cà rốt-2 củ | Ớt-3 quả | Sả-2 cây | Hành tím-4 muỗng | Tỏi băm-4 muỗng | Dừa tươi-2 trái | Gia vị bò khô-1 gói | Muối, tiêu, đường, bột nêm bò-gia vị","Bước 1:- Thịt bò bạn rửa sạch, thái miếng vuông vừa ăn rồi ướp thịt bò với các gia vị : 1 muống đường, 1 muỗng tiêu, 1 muỗng muối, 1 muỗng hành băm, 1 muỗng tỏi băm, gói gia vị bò kho để 15 phút cho thịt bò ngấm đều gia vị | Bước 2:- Cà rốt bạn tỉa hoa, thái dày 1 cm | Bước 3:- Bạn phi hành tím, ớt, tỏi băm, sả cắt khúc cho thơm rồi cho thịt bò vào xào săn, chế nước cốt dừa nấu cho mềm rồi nêm lại vừa ăn. | Lưu ý:Bò kho nước dừa thường ăn với bánh mì và muối tiêu chanh. | Chúc cả nhà ngon miệng nhé!"
Trứng chiên thịt bằm ngon tại nhà,30 phút,4 người,Dễ,"Trứng gà-2-3 quả | Thịt bằm-100g | Hành lá-Vừa đủ | Hành tím-Vừa đủ | Dầu ăn-Vừa đủ | Gia vị-Nước mắm, tiêu xay, tương ớt và bột ngọt.","Bước 1: Chuẩn bị nguyên liệu | Hành lá: Sau khi mua về, cắt bỏ gốc và loại bỏ lá già úa, rửa sạch và thái nhỏ. | Hành tím: Bóc vỏ, đập dập và băm nhuyễn. | Trứng: Đập 2 quả trứng gà vào một chiếc bát nhỏ, sau đó sử dụng đũa để đánh đều lòng đỏ và lòng trắng. | Bước 2: Chuẩn bị nước sốt | Trộn các gia vị sau để tạo nước sốt: 2 muỗng cà phê nước mắm, 1 muỗng cà phê đường, 1/2 muỗng cà phê tương ớt, 1 ít tiêu xay và 2 muỗng cà phê nước lọc. | Khi trộn, đảm bảo các thành phần hòa quyện với nhau. | Bước 3: Chiên trứng và thịt bằm | Đặt một chiếc chảo chống dính lên bếp và đổ 2 muỗng canh dầu ăn vào chảo. | Thêm hành tím vào chảo và phi thơm. | Tiếp theo, cho thịt bằm vào chảo và xào ở lửa lớn cho đến khi thịt săn lại. | Khi thịt đã săn lại, thêm trứng vào chảo. | Bước 4: Lắc chảo nhẹ để trứng bao phủ đều phần thịt bằm trong chảo | Điều chỉnh lửa xuống nhỏ để đảm bảo thịt và trứng chín đều. | Khi thấy trứng đã chín một phần, thì cho bát nước sốt vào chảo và tiếp tục chiên. | Tiếp tục chiên cho đến khi trứng chín hoàn toàn. | Sau khi trứng đã chín, rắc hành lá lên trên món ăn và tắt bếp. | Sau cùng, bạn đã hoàn thànhmón trứng chiên thịt bằm. Thưởng thức món ăn ngon lành cùng gia đình và bạn bè! | Bước 5: Thành phẩm | Sau khi hoàn thành các bước trên, bạn có thể trình bày trứng chiên thịt bằm trên đĩa và sẵn sàng thưởng thức. Món ăn này không đòi hỏi nguyên liệu phức tạp và không yêu cầu kỹ thuật nấu nướng phức tạp, nhưng vẫn mang lại hương vị ngon lành. | Đĩa trứng chiên thịt bằm sẽ có màu vàng của trứng, nâu của thịt và xanh của hành lá, tạo nên một sự hài hòa mỹ mãn. Món ăn có hương vị đậm đà, rất phù hợp để kết hợp với cơm trắng. | Hãy thưởng thứcmón trứng chiên thịt bằmnày và tận hưởng hương vị tuyệt vời nó mang lại!"
Cách muối dưa hành miền Bắc cho ngày Tết ngon nhất,35 phút,4 người,Dễ,"Củ hành ta-1,5 kg | Muối-800 g | Mía-1-2 khúc | Nước vo gạo-2 lít | Giấm-vừa đủ","Bước 1: Hành củ mua về bóc bớt vỏ nâu bẩn bên ngoài, cắt rễ, ngâm nước vo gạo pha chút muối qua đêm. | Bước 2: Đổ nước vo gạo và ngâm thêm củ hành với nước muối (pha mặn một chút) 1 ngày để dưa được giòn, trắng. | Bước 3: Xả sạch củ hành với nước muối pha loãng rồi để ráo trước khi cho vào vại muối. | Bước 4: Mía róc vỏ, chẻ 4, cắt ngắn khoảng nửa ngón tay rồi xếp vào đáy hũ thủy tinh hoặc vại sành. | Bước 5: Pha nước muối đậm một chút, có thể thêm giấm. Xếp củ hành vào hũ, vại, đổ ngập nước muối vào, sau đó dùng 1 chiếc đĩa sứ sạch úp lên hũ dưa hành để củ hành không nổi lên trên mặt nước. Dùng một vật nặng, sạch đặt lên đĩa sứ để nén dưa hành. | Bước 6: Bảo quản ở nơi thoáng mát, khi ăn thì dùng đũa sạch gắp dưa hành ra, rửa qua bằng nước sôi để nguội hoặc nước muối pha loãng, sau đó bóc vỏ già, lấy phần dưa hành trắng nõn để ăn. | Lưu ý: Công thức muối hành dưa trên chỉ áp dụng khi bạn muốn để lâu được dưa hành, dưa chua, không còn cay, hăng. Để có dưa hành đúng dịp tết, với thời tiết lạnh như hiện nay, bạn nên muối trước 1 tháng hoặc hơn. | Chúc các bạn thành công!"
Học cách làm bánh chuối chiên mật ong,60 phút,4 người,Dễ,Chuối sứ-1 trái | Trứng gà-1 quả | Bột chiên giòn-1 thìa súp | Mật ong-1 thìa cà phê,"Bước 1.Chuối bỏ vỏ. Trứng đánh tan, cho bột chiên giòn vào khuấy đều đến khi bột mịn, mềm. | Bước 2. Lăn chuối qua bột, cho vào chiên trong chảo dầu đến khi chín vàng giòn | Bước 3.Cho chuối vào khăn giấy để hút bớt dầu thừa (tránh gây ngán khi ăn). Khi ăn, các bé có thể dùng dao cắt chuối thành miếng nhỏ, rưới mật ong lên để tăng hương vị cho món ăn."
"Tôm xào dứa chua chua, ngọt ngọt",35 phút,4 người,Dễ,"Tôm-300 gr | Thơm-1 quả | Muối, hạt nêm, bột ngọt, dầu ăn-Gia vị | Tỏi băm-1/2 củ | rau mùi-1 bó","1. Sơ chế nguyên liệu | Sau khi mua tôm, hãy rửa sạch, bóc vỏ và tách bỏ đầu, lấy chỉ lưng để làm sạch. | Đối với dứa thơm, hãy gọt vỏ, cắt mắt và rửa sạch. Sau đó, sử dụng dao để cắt thành từng miếng nhỏ vừa ăn. | 2. Làm tôm xào dứa | Trên bếp, đặt một chảo với lửa vừa và thêm một muỗng canh dầu ăn. Chờ cho dầu nóng, sau đó cho dứa vào chảo và xào chín. Xào trong khoảng 3 phút cho đến khi dứa chín. Sau khi xào chín, chuyển dứa đã xào ra dĩa. | Sử dụng chảo vừa, thêm một muỗng canh dầu ăn và đun nóng. Tiếp theo, thêm tôm đã được sơ chế vào chảo cùng với 2 muỗng cà phê bột ngọt, 2 muỗng cà phê hạt nêm và 1/2 muỗng cà phê muối. Xào đều mọi thứ với lửa vừa trong khoảng 5 phút để tôm chín và hấp thụ đều gia vị. | Khi tôm đã chín, thêm dứa vào chảo và xào thêm khoảng 1 phút. Nếm lại để điều chỉnh hương vị cho phù hợp. Sau đó, tắt bếp và thưởng thức món tôm xào dứa thơm ngon ngay lập tức! | 3. Thành phẩm | Thành phẩm của món tôm xào dứa là một tuyệt phẩm với màu sắc hấp dẫn và hương vị tuyệt vời. Màu đỏ cam của tôm kết hợp với vị ngọt tự nhiên bên trong, được bao bọc bởi lớp gia vị vừa phải. Màu vàng nổi bật của dứa mang đến một vị chua nhẹ xen lẫn vị ngọt tự nhiên, tạo nên sự hài hòa hoàn hảo trong món xào này. | Chắc chắn món ăn này sẽ khiến cả gia đình bạn thích mê, và sẽ làm bạn hài lòng đến nỗi muốn ăn thêm nhiều cơm. | Chúc cà nhà thành công nhé!"
Càng ghẹ rang muối ớt thơm ngon,50 phút,4 người,Dễ,"Càng ghẹ tươi-1 kg | Ớt tươi, tỏi, sả xay-50 gr | Gia vị-Muối hột, muối tôm, mì chính (bột ngọt)","Bước 1:Càng ghẹ bạn rửa sạch rồi cho vào nồi hấp chín. Sau khi thịt chín bạn vớt ra để nguội kẹp cho dập vỏ để ghẹ dễ thấm gia vị khi chế biến. | Bước 2:Bạn bằm nhuyễn ớt tươi, tỏi cho vào chén, rắc thêm sả xay vào trộn đều với hai muỗng muối hột, hai muỗng muối tôm, nửa muỗng bột ngọt và một ít nước cho hỗn hợp sệt lại. | Bước 3:Đặt chảo lên bếp nóng, bạn đổ càng ghẹ và hỗn hợp muối ớt vào, đảo đều để càng ghẹ thấm gia vị và muối ớt khô lại. | Bước 4:Cuối cùng bạn cho càng ghẹ ra đĩa, món này ăn nóng kèm với rau răm và muối tiêu chanh."
"Tim lợn xào su su ngon, đơn giản, dễ làm",50 phút,4 người,Dễ,"Tim lợn-200 gr | Su su-1 củ | Hành tây-1/2 củ | Hành lá, muối, hạt nêm, hạt tiêu, hành khô, nước mắm-gia vị","Bước 1: | - Sau khi rửa sạch quả tim, bạn bổ làm đôi, thái lát mỏng theo chiều dọc, bỏ hết máu bầm tụ bên trong. | - Ướp bát tim lợn với một ít muối, một ít hạt tiêu, trộn đều để khoảng 15 phútcho ngấm gia vị | Bước 2: | - Su su bạn gọt vỏ, rửa sạch, thái lát vừa ăn. | Bước 3: | - Hành tây bóc bỏ vỏ, thái lát mỏng | Bước 4: | - Bạn đun nóng dầu ăn, phi hành khô thơm, cho tim lợn vào xào nhanh tay lửa lớn, xào khoảng từ 5 đến 8 phút đến khi tim lợn chín. | Bước 5: | - Bạn cho su su, hành tây vào xào cùng, rưới một ít nước mắm, một thìa nhỏ muối, nửa thìa nhỏ hạt nêm vào xào nhẹ tay, xào đến khi su su chín. | Bước 6: | - Tắt bếp, bạn thêm hành lá thái nhỏ vào, múc ra đĩa rắc một ít hạt tiêu lên bề mặt, dùng làm món xào ăn với cơm. | Xem thêm:Cách làm su su xào thịt"
Sườn rim chua ngọt ngon mê ly cho bữa cơm nhà,60 phút,4 người,Dễ,"Sườn non-700 gr | Trứng gà-1 quả | Ớt sừng-10 gr | Hành tím-10 gr | Tỏi-10 gr | Tương ớt-1.5 muỗng canh | Tương cà-1.5 muỗng canh | Nước tương-5 muỗng cà phê | Giấm-2 muỗng cà phê | Bột bắp-2 muỗng canh | Dầu ăn-50 ml | Gia vị-Muối, đường, hạt nêm, bột ngọt, tiêu","1. Sơ chế nguyên liệu | Sơ chế sườn: Sử dụng muối hoặc chanh để chà xát mặt thịt của sườn heo. Sau đó, rửa sườn lại với nước sạch để loại bỏ muối hoặc chanh trên bề mặt, sau đó để ráo. Tiếp theo, chặt sườn thành các miếng nhỏ vừa ăn. | Trụng sườn: Chuẩn bị một thau hoặc nồi lớn, đổ nước sôi vào thau sao cho mặt sườn được ngập trong nước. Trụng sườn trong nước sôi khoảng 5 - 10 phút, sau đó vớt sườn ra và xả sạch bằng nước lạnh để loại bỏ cặn bẩn. | Rửa và để ráo: Xả sườn bằng nước sạch để loại bỏ bất kỳ tạp chất nào còn lại trên bề mặt. Sau đó, để sườn ráo trong một chỗ khô thoáng. | 2. Ướp và chiên sườn | Chuẩn bị gia vị: Trong một tô, trộn đều 1/3 muỗng cà phê muối, 2 muỗng cà phê hạt nêm, 1/3 muỗng cà phê bột ngọt, 1 muỗng cà phê nước tương, 1 muỗng canh đường, 1/3 muỗng cà phê tiêu xay, 5g tỏi băm và 10g hành tím băm. | Ướp sườn: Đặt sườn vào một tô và rắc đều gia vị đã chuẩn bị lên sườn. Đảo đều để sườn thấm đều gia vị. Ướp sườn trong khoảng 15 - 20 phút để gia vị thấm vào sườn đều. | Chuẩn bị hỗn hợp bột áo: Đập 1 quả trứng gà và tách lấy lòng trắng. Hòa lòng trắng trứng với 2 muỗng canh bột bắp. | Áo sườn bằng hỗn hợp bột áo: Cho hỗn hợp bột bắp và lòng trắng trứng vào tô chứa sườn. Trộn đều để bột áo phủ đều lên sườn. | Một gợi ý nhỏ: Ướp thịt với lòng trắng trứng gà và bột bắp giúp sườn khi chiên có màu vàng đẹp và trở nên giòn hơn. | Chiên sườn: Đặt một chảo lên bếp và đổ dầu ăn vào chảo. Chờ đến khi dầu ăn nóng, sau đó đặt phần sườn đã được áo bột vào chảo và chiên ở lửa vừa. Chiên sườn cho đến khi sườn chín vàng và cạnh sườn trở nên giòn. Sau đó, vớt sườn ra khỏi chảo để ráo dầu. | 3. Rim sườn | Đổ bớt dầu từ chảo, giữ lại một ít dầu và cho tỏi vào phi thơm. | Thêm 10g ớt sừng băm nhuyễn và toàn bộ phần sốt đã pha trước đó vào chảo. Tiếp theo, đổ 50ml nước lọc vào tô chứa nước sốt, tráng đều rồi đổ vào chảo. Đun nước sốt cho đến khi hỗn hợp sôi lên và hơi sánh lại. | Rim sườn ở lửa nhỏ trong khoảng 5 phút cho đến khi nước sốt sánh kẹo lại và sườn ngấm đều gia vị. Sau đó, tắt bếp. | Bày sườn ra đĩa và trang trí để tạo thành một món ăn đẹp mắt. | 4. Thành phẩm | Món sườn rim chua ngọt dễ thực hiện, với các nguyên liệu đơn giản và dễ tìm kiếm. Tuy nhiên, hương vị của nó lại vô cùng thơm ngon và hấp dẫn, tạo cảm giác thèm thuồng khiến bạn muốn ăn thêm. Mỗi miếng sườn thấm đầy hương vị, kết hợp với sốt chua chua, ngọt ngọt, tạo ra một cảm giác kích thích vị giác tuyệt vời khi ăn kèm cơm."
Canh cua mồng tơi ngon mát cho mùa hè,40 phút,4 người,Dễ,Cua đồng-300 gram | Rau mồng tơi-300 gram | Hành tím-2 củ | Dầu ăn-2 muỗng canh | Nước mắm-1 muỗng canh | Muối-Một ít,"1. Sơ chế của đồng | Đầu tiên, bắt đầu với 300 gram cua đồng, hãy sử dụng tay để tách bỏ mai và yếm, sau đó rửa cua một vài lần với nước cho sạch và để ráo. Đồng thời, lấy muỗng để gạch cua từ yếm cho vào một chén riêng. Tiếp theo, chuẩn bị máy xay sinh tố và đổ số cua đồng đã để ráo cùng 300ml nước lọc vào máy, sau đó xay nhuyễn hỗn hợp trong khoảng 3 phút ở mức vừa. | Khi thấy hỗn hợp đã nhuyễn, tắt máy và sử dụng rây để lọc phần xác cua, chỉ giữ lại nước riêu cua để sử dụng trong chế biến. | 2. Sơ chế nguyên liệu khác | Tiếp theo, với 300 gram rau mồng tơi, bạn hãy nhặt lấy các lá non và đồng thời loại bỏ những lá dập úng hoặc héo úa. | Sau đó, ngâm rau mồng tơi trong nước muối pha loãng trong khoảng 10 phút, sau đó rửa lại 1-2 lần với nước để làm sạch và để ráo. Sau đó, sử dụng dao để cắt rau thành khúc dài khoảng 1-2 phần ngón tay. | Cuối cùng, lột vỏ hành tím và băm nhuyễn nó. | 3. Xào gạch cua | Sau khi chuẩn bị xong nguyên liệu, hãy đặt một chảo lên bếp và thêm 1 muỗng canh dầu ăn, sau đó đun chảo với lửa vừa. Chờ đến khi dầu nóng, bạn hãy cho hành tím đã băm nhuyễn vào chảo và phi thơm trong khoảng 3 phút. | Tiếp theo, thêm chén gạch cua vào chảo và sử dụng sạn dẹt để xào đều trong khoảng 3-5 phút, cho đến khi thấy gạch cua trở nên hơi sánh và đặc. Khi đó, bạn có thể tắt bếp. | 4. Nấu canh | Khi vô tình chạm mắt, tô canh cua mồng tơi đã tỏa sáng với màu sắc bắt mắt từ riêu cua và sự tươi tốt của rau xanh, nhanh chóng thu hút mọi người! | Đặc biệt, riêu cua mềm mịn và ngọt ngào, kết hợp với hương vị tươi ngon của rau và nước dùng đậm đà, thực sự là một món ăn không thể thiếu trên bàn cơm!"
Thịt lợn mán tái chanh thơm ngon ngọt,60 phút,4 người,Dễ,Thịt lợn mán (Chọn phần thịt vai hoặc thịt đùi)-500gr | Gừng-1 nhánh | Sả-2 cây | Vừng trắng rang vàng-3 thìa | Dầu vừng-1 thìa | Chanh-1/2 quả | Đường-1 thìa | Bột canh-1 thìa | Chuối xanh-1 quả | Khế chua-1 quả | Ớt-Tuỳ thích | Giấm-2 thìa | Muối-1 thìa,"Gừng và 2 củ sả đập dập chia thành 2 phần, 1 củ sả còn lại băm nhỏ. | Chuối xanh lột vỏ, cắt lát mỏng, ngâm vào nước pha muối và giấm cho đỡ bị thâm rồi để ráo. Khế chua rửa sạch, cắt lát. Vừng rang vàng. | Thịt lợn rửa sạch, dùng dao cao sạch phần bì. Đun sôi nước, thả một phần gừng, sả vào rồi cho thịt vào trần trong khoảng 2-3 phút để loại bỏ các chất bẩn và mùi hôi của thịt, sau đó rửa sạch lại với nước. | Hấp thịt với chỗ gừng và sả còn lại cho tới khi chín (mất khoảng 10-15 phút sau khi nước sôi, các bạn dùng đũa châm không thấy nước đỏ chảy ra là thịt chín). Gắp thịt ra thả vào bát nước đá ngay cho thịt trắng và mềm. | Dùng dao sắc thái thịt lợn mán đã luộc thật mỏng, cho vào tô. | Vắt nửa quả chanh vào tô, thêm đường, muối, dầu vừng, 1/2 chỗ vừng rang, ớt thái nhỏ vào, dùng găng tay trộn đều. Sau khi trộn xong các bạn có thể nêm nếm lại gia vị cho vừa miệng rồi xếp thịt ra đĩa, rắc chỗ vừng còn lại lên trên là ta đã làm xong món thịt lợn mán tái chanh. Các bạn ăn thịt lợn mán tái chanh cùng với khế chua và chuối xanh không thôi cũng ngon, nếu thích, các bạn có thể chấm tương gừng ăn cũng siêu hợp vị nhé."
Xôi cốm dẻo thơm ngon khó chối từ,2 giờ 00 phút,4 người,Dễ,Cốm-300g | Đỗ xanh-100g | Dừa tươi-50g | Đường kính trắng-4 thìa cà phê | Dầu ăn-2 thìa,"Bước 1:Đậu xanh ngâm trong nước nóng 2h rồi đãi sạch, để ráo nước, trộn với 1/3 thìa cà phê muối để trong chiếc chén con. Nếu là đỗ xanh chưa bỏ vỏ thì bạn nên ngâm trước đó 3h rồi đãi sạch vỏ đi nhé. | Bước 2:Cho đỗ xanh vào nồi hấp và hấp cho đến khi chín. Nếu không có xoong hấp bạn có thể cho vào nồi cơm điện và nấu như cơm. Không nên cho nhiều nước, khi đỗ sôi sẽ trào nước ra nồi. | Khi đậu chín thì cho vào cối giã nhuyễn hoặc nghiền bằng thìa. | Bước 3:Trộn cốm với 2 thìa dầu ăn, rồi cho vào hấp. Khi hấp bạn nên cho lửa liu riu, đợi trong 5-7 phút là cốm chín. | Bước 4:Lấy cốm đã chín và trộn với 2 thìa đường trắng, rồi đem hấp lại trong 5 phút. | Bước 5:Dừa nạo thành sợi ướp với chỗ đường còn lại, để trong 20 phút. | Cho 1 chút dầu ăn vào chảo, để lửa nhỏ cho dừa tươi ướp đường vào xào cho săn lại. Bạn có thể nhận thấy dừa săn lại là khi đường cô lại, bám chặt vào từng sợi dừa, tuy nhiên bạn không nên để quá lửa để dừa bị cháy có màu vàng nhìn sẽ không đẹp mắt. | Bước 6:Đổ xôi ra một cái khay rộng rồi trộn đều xôi cốm với dừa và đậu xanh đã giã nhuyễn. | Để có hình thức bắt mắt bạn có thể trải lá sen hoặc lá chuối lót dưới đĩa hay mẹt nhỏ rồi hãy đổ xôi cốm lên. | Chúc bạn và gia đình thành công với cách nấu xôi cốm thơm ngon hấp dẫn này!"
Giò heo xào lăn ngon tại nhà chuẩn miền Tây,1 giờ 30 phút,4 người,Dễ,Giò heo-1 cái | Nước dừa-500 ml | Nước cốt dừa-160 ml | Đậu phộng rang-200 gr | Nấm mèo-10 cái | Hành tây-1 củ | Sả-6 nhánh | Hành tím-6 củ | Tỏi-1 củ | Ớt-2 trái | Rau mùi-1 ít | Tương hột-3/2 chén | Bột cà ri-2 muỗng canh | Ngũ vị hương-1/2 muỗng canh | Dầu ăn-1 muỗng canh | Gia vị thông dụng-1 ít (hạt nêm/ đường/ muối),"Bước 1:Chuẩn bị các nguyên liệu gồm: hành khô, tỏi, sả, ớt  bằm nhỏ. | Bước 2: | ½ củ hành tây bạn thái dọc miếng mỏng vừa ăn. | Các bạn nướng chân giò cháy xém rồi lọc thịt và xương riêng biệt. | Sau đó các bạn thái miếng thịt vừa ăn, cố gắng không để phần thịt và phần bì bị tách rời nhau. | Bước 3: | Bạn ướp thịt với: ½  tỏi, sả, ớt, hành khô đã bằm nhuyễn,  hạt nêm, mì chính, nước mắm, tương bần, bột cà ri. Để 20-30 phút cho thấm gia vị. | Bước 4: | Các bạn phi thơm ½ hành, tỏi, sả, ớt còn lại , để lửa thật lớn rồi cho hỗn hợp thịt đã ướp vào đảo đều. Để lửa thật to. | Bước 5: | Tiếp theo bạn cho nước cốt dừa vào đảo đều | Bước 6: | Khi gần chín cho thêm hành tây | Bước 7: | Cuối cùng các bạn cho ra đĩa, ăn nóng rắc lạc đã đập dập lên trên"
Bông cải trộn gà xé hấp dẫn,60 phút,4 người,Dễ,Bông cải xanh-50 gr | Thịt gà-200 gr | Cà rốt-50 gr | Đậu cô-ve-50 gr | Hành tấy-50 gr | Cải mầm-50 gr | Mù tạt-1 thìa súp | Giấm-1 thìa súp | Đường-1 thìa súp | Hạt tiêu-1/2 thìa cà phê | Hạt nêm-1 thìa cà phê | Dầu ăn-nguyên liệu,"Bước 1:- Bông cải thái miếng vừa ăn, ngâm sơ qua với nước muối nhạt cho sạch. Chần sơ qua bông cải với nước sôi rồi thả vào nước lạnh để giữ độ giòn.Bước 2:- Thịt gà đem hấp chín, để nguội rồi xé sợi. Cà rốt gọt vỏ, tỉa răng cưa, rồi thái lát. Hành tây bóc vỏ, thái sợi, xóc muối cùng với cà rốt.Bước 3:- Đậu cô-ve tước sơ, thái khúc, đem chần sơ qua nước nóng rồi ngâm ngay vào nước lạnh để giữ màu xanh.Bước 4:- Nước trộn: Hòa đều mù-tạt với giấm, đường, tiêu, hạt nêm và chút dầu ăn.Bước 5:- Cho bông cải, cà-rốt, đậu cô-ve, hành tây, cải mầm, gà xé vào bát to rồi cho sốt vào trộn đều khoảng 3 phút là có thể ăn. | Chúc các bạn ngon miệng nhé!"
Bắp bò sốt cam ngon như ngoài hàng,1 giờ 10 phút,4 người,Dễ,"Bắp bò-1 kg | Hành tây, tỏi băm nhuyễn-nguyên liệu | Cam vàng-1 quả | Cam sành-2 quả | Sauce cam đặc (bán trong chai tại các siêu thị)-200 ml | Hạt nêm, chút đường, dầu ăn-gia vị","Bước 1:Bắp bò để nguyên, rửa sạch, lọc bỏ phần bạc nhạc. Các bạn dùng tăm xâm đều vào bắp bò. Ướp hạt nêm với bắp bò khoảng 15 phút cho ngấm gia vị. Để nguyên như thế và chao sơ qua dầu cho bắp bò săn lại | Bước 2 :Cam sành vắt lấy nước cốt. Cam vàng bổ đôi rồi cắt lát mỏng (để trang trí). Các bạn cho bắp bò vào nồi, đổ nước xâm xấp, nấu sôi, hớt bọt, sau đó cho hạt nêm, nước cốt cam sành, chút xíu đường (tùy thuộc vào cam chua hay ngọt) nấu nhỏ lửa cho đến khi mềm thì vớt ra, để nguội, cho vào tủ lạnh chừng 15 phút để bắp bò chắc lại, dễ cắt. | Bước 3:200ml nước sauce cam + 100ml nước luộc bắp bò nấu sôi, nêm chút hạt nêm và bột bắp pha loãng để có độ sánh vừa phải. Bắp bò cắt thành từng lát, xếp lên dĩa, trang trí bằng cam cắt lát xung quanh. Rưới nước sauce cam lên, dùng nóng. Bày kèm xì dầu hay muối tiêu. | Chúc các bạn ngon miệng nhé!"
Bông cải sốt nước dừa thơm ngon,60 phút,4 người,Dễ,"Bông cải xanh-500 gr | Bông cải trắng-300 gr | Nước cốt dừa-1/2 bát | Boa-rô-1 khúc | Bột chiên giòn-1 gói | Ớt sừng-1/2 quả | Dầu ăn, hạt nêm-gia vị | Tiêu, nước tương-gia vị","Bước 1:-  Rửa sạch bông cải xanh và trắng , để ráo, rồi thái miếng vừa ăn, ướp với boa-rô băm nhỏ, hạt nêm, nước tương, tiêu, xóc đều để 10 phút cho thấm.Bước 2:- Cho bột rán giòn vào bát khuấy với chút nước.Bước 3:-  Đun dầu nóng, để lửa nhỏ rồi gắp từng miếng bông cải nhúng vào bát bột, rồi thả vào chảo dầu nóng rán vàng. Sau đó các bạn vớt bông cải cho ra đĩa để sẵn giấy thấm dầu.Bước 4:- Các bạn bắc chảo khác lên bếp rồi cho nước cốt dừa vào nấu với lửa riu riu đến khi sánh lại. Cho bông cải rán giòn vào chảo nước cốt dừa, đun một chút rồi tắt lửa."
Bẹ sườn nướng mật ong thơm nức mũi,60 phút,4 người,Dễ,"Bẹ sườn (3 bẹ)-600 gr | Tỏi băm-2 tép | Tiêu và rau xà lách, khoai tây-ăn kèm | Nước mắm-1.5 muỗng canh | Mật ong-1 muỗng canh | Nước tương+ớt băm-1 muỗng canh | Nước cốt chanh-1 muỗng canh","Bước 1:Sườn rửa sạch, để ráo nước. Ướp sườn cùng với mật ong, nước tương, chanh để 20 phút cho ngấm gia vị | Bước 2:Đặt sườn vào khay nướng, cho vào lò nhiệt độ 180 độ C khoảng 10 phút. | Bước 3:Thịt sườn đã chín nhưng chưa vàng đẹp , các bạn bật lửa trên nướng thêm 3 phút nữa. Thịt sẽ chuyển màu trông rất ngon. | Bước 4:Khoai tây các bạn rửa sạch, gọt vỏ. Cắt làm 8 cho vào nước lạnh pha loãng với chút muối. Khi vừa gọt hết khoai, vớt khoai ra cho ráo. Các bạn cho vào tô đậy hờ một tờ khăn giấy, cho vào lò vi sóng bấm 5 phút. | Bước 5:Khoai khi này chỉ vừa chín tới, các bạn cho lên chảo với 1 muỗng canh dầu ăn. Chiên vàng hai mặt. Sau đó vớt ra bỏ lên giấy thấm dầu. | Bước 6:Lấy thịt sườn ra đĩa, ăn kèm với rau và khoai tây, thêm chút tiêu cho thơm."
Chè cốm – món ăn gợi nhắc thu Hà Nội,60 phút,4 người,Dễ,Cốm khô-150 gr | Nước-1.5 l | Bột sắn dây-40 gr | Nước ( hòa tan trong chén )-100 ml | Đường phèn-200 gr | Lá dứa (lá nếp)-hương liệu | Dừa non bào sợi-ăn kèm | Thạch đen-tùy thích | Nước cốt dừa-200 ml,"Bước 1:Cốm xả qua nước lạnh, để ráo (Các bạn có thể sùng cốm tươi) | Bước 2:Cho nước, đường phèn và lá nếp vào nồi nấu cho tan đường. Sau đó cho cốm vào nấu sôi với lửa nhỏ, cho thêm chút xíu muối cho vị ngọt thanh. Khi chè sôi, các bạn cho nước sắn dây vào hòa chung cho chè có độ sánh là tắt bếp. | Khẩu vị ngọt hay nhạt là tùy bạn thêm, bớt nhé.Nếu ăn chè cốm bình thường thì bạn cứ cho chè ra chén rồi chan nước cốt dừa lên. (Các bạn có thể cho thêm dừa tươi để tăng mùi vị)"
Bánh chuối gừng rán ấm áp ngày đông,60 phút,4 người,Dễ,Chuối-tùy thích | Bột gạo-tùy thích | Đường mật (đường viên)-vừa ăn | Gừng-tùy thích | Dầu-vừa đủ,"Bước 1:- Chuối chín bóc bỏ vỏ rồi tán nhuyễn ra  (Càng nhuyễn thì bánh càng mềm) | Bước 2:-  Gừng băm nhuyễn | Bước 3:- Đường viên cũng băm nhỏ | Bước 4:- Cho các nguyên liệu vào bát lớn trộn cho thật đều cho nhuyễn, mềm và mịn. | Bước 5:- Dùng thìa múc từng miếng vừa ăn rồi cho vào dầu sôi rán chín vàng nhé. | Bước 6:- Cho ra giấy ăn để hút bớt dầu, sẽ không gây ngán khi ăn"
Sườn rim chua ngọt ngon mê ly cho bữa cơm nhà,60 phút,4 người,Dễ,"Sườn non-700 gr | Trứng gà-1 quả | Ớt sừng-10 gr | Hành tím-10 gr | Tỏi-10 gr | Tương ớt-1.5 muỗng canh | Tương cà-1.5 muỗng canh | Nước tương-5 muỗng cà phê | Giấm-2 muỗng cà phê | Bột bắp-2 muỗng canh | Dầu ăn-50 ml | Gia vị-Muối, đường, hạt nêm, bột ngọt, tiêu","1. Sơ chế nguyên liệu | Sơ chế sườn: Sử dụng muối hoặc chanh để chà xát mặt thịt của sườn heo. Sau đó, rửa sườn lại với nước sạch để loại bỏ muối hoặc chanh trên bề mặt, sau đó để ráo. Tiếp theo, chặt sườn thành các miếng nhỏ vừa ăn. | Trụng sườn: Chuẩn bị một thau hoặc nồi lớn, đổ nước sôi vào thau sao cho mặt sườn được ngập trong nước. Trụng sườn trong nước sôi khoảng 5 - 10 phút, sau đó vớt sườn ra và xả sạch bằng nước lạnh để loại bỏ cặn bẩn. | Rửa và để ráo: Xả sườn bằng nước sạch để loại bỏ bất kỳ tạp chất nào còn lại trên bề mặt. Sau đó, để sườn ráo trong một chỗ khô thoáng. | 2. Ướp và chiên sườn | Chuẩn bị gia vị: Trong một tô, trộn đều 1/3 muỗng cà phê muối, 2 muỗng cà phê hạt nêm, 1/3 muỗng cà phê bột ngọt, 1 muỗng cà phê nước tương, 1 muỗng canh đường, 1/3 muỗng cà phê tiêu xay, 5g tỏi băm và 10g hành tím băm. | Ướp sườn: Đặt sườn vào một tô và rắc đều gia vị đã chuẩn bị lên sườn. Đảo đều để sườn thấm đều gia vị. Ướp sườn trong khoảng 15 - 20 phút để gia vị thấm vào sườn đều. | Chuẩn bị hỗn hợp bột áo: Đập 1 quả trứng gà và tách lấy lòng trắng. Hòa lòng trắng trứng với 2 muỗng canh bột bắp. | Áo sườn bằng hỗn hợp bột áo: Cho hỗn hợp bột bắp và lòng trắng trứng vào tô chứa sườn. Trộn đều để bột áo phủ đều lên sườn. | Một gợi ý nhỏ: Ướp thịt với lòng trắng trứng gà và bột bắp giúp sườn khi chiên có màu vàng đẹp và trở nên giòn hơn. | Chiên sườn: Đặt một chảo lên bếp và đổ dầu ăn vào chảo. Chờ đến khi dầu ăn nóng, sau đó đặt phần sườn đã được áo bột vào chảo và chiên ở lửa vừa. Chiên sườn cho đến khi sườn chín vàng và cạnh sườn trở nên giòn. Sau đó, vớt sườn ra khỏi chảo để ráo dầu. | 3. Rim sườn | Đổ bớt dầu từ chảo, giữ lại một ít dầu và cho tỏi vào phi thơm. | Thêm 10g ớt sừng băm nhuyễn và toàn bộ phần sốt đã pha trước đó vào chảo. Tiếp theo, đổ 50ml nước lọc vào tô chứa nước sốt, tráng đều rồi đổ vào chảo. Đun nước sốt cho đến khi hỗn hợp sôi lên và hơi sánh lại. | Rim sườn ở lửa nhỏ trong khoảng 5 phút cho đến khi nước sốt sánh kẹo lại và sườn ngấm đều gia vị. Sau đó, tắt bếp. | Bày sườn ra đĩa và trang trí để tạo thành một món ăn đẹp mắt. | 4. Thành phẩm | Món sườn rim chua ngọt dễ thực hiện, với các nguyên liệu đơn giản và dễ tìm kiếm. Tuy nhiên, hương vị của nó lại vô cùng thơm ngon và hấp dẫn, tạo cảm giác thèm thuồng khiến bạn muốn ăn thêm. Mỗi miếng sườn thấm đầy hương vị, kết hợp với sốt chua chua, ngọt ngọt, tạo ra một cảm giác kích thích vị giác tuyệt vời khi ăn kèm cơm."
Canh cua mồng tơi ngon mát cho mùa hè,40 phút,4 người,Dễ,Cua đồng-300 gram | Rau mồng tơi-300 gram | Hành tím-2 củ | Dầu ăn-2 muỗng canh | Nước mắm-1 muỗng canh | Muối-Một ít,"1. Sơ chế của đồng | Đầu tiên, bắt đầu với 300 gram cua đồng, hãy sử dụng tay để tách bỏ mai và yếm, sau đó rửa cua một vài lần với nước cho sạch và để ráo. Đồng thời, lấy muỗng để gạch cua từ yếm cho vào một chén riêng. Tiếp theo, chuẩn bị máy xay sinh tố và đổ số cua đồng đã để ráo cùng 300ml nước lọc vào máy, sau đó xay nhuyễn hỗn hợp trong khoảng 3 phút ở mức vừa. | Khi thấy hỗn hợp đã nhuyễn, tắt máy và sử dụng rây để lọc phần xác cua, chỉ giữ lại nước riêu cua để sử dụng trong chế biến. | 2. Sơ chế nguyên liệu khác | Tiếp theo, với 300 gram rau mồng tơi, bạn hãy nhặt lấy các lá non và đồng thời loại bỏ những lá dập úng hoặc héo úa. | Sau đó, ngâm rau mồng tơi trong nước muối pha loãng trong khoảng 10 phút, sau đó rửa lại 1-2 lần với nước để làm sạch và để ráo. Sau đó, sử dụng dao để cắt rau thành khúc dài khoảng 1-2 phần ngón tay. | Cuối cùng, lột vỏ hành tím và băm nhuyễn nó. | 3. Xào gạch cua | Sau khi chuẩn bị xong nguyên liệu, hãy đặt một chảo lên bếp và thêm 1 muỗng canh dầu ăn, sau đó đun chảo với lửa vừa. Chờ đến khi dầu nóng, bạn hãy cho hành tím đã băm nhuyễn vào chảo và phi thơm trong khoảng 3 phút. | Tiếp theo, thêm chén gạch cua vào chảo và sử dụng sạn dẹt để xào đều trong khoảng 3-5 phút, cho đến khi thấy gạch cua trở nên hơi sánh và đặc. Khi đó, bạn có thể tắt bếp. | 4. Nấu canh | Khi vô tình chạm mắt, tô canh cua mồng tơi đã tỏa sáng với màu sắc bắt mắt từ riêu cua và sự tươi tốt của rau xanh, nhanh chóng thu hút mọi người! | Đặc biệt, riêu cua mềm mịn và ngọt ngào, kết hợp với hương vị tươi ngon của rau và nước dùng đậm đà, thực sự là một món ăn không thể thiếu trên bàn cơm!"
Thịt lợn mán tái chanh thơm ngon ngọt,60 phút,4 người,Dễ,Thịt lợn mán (Chọn phần thịt vai hoặc thịt đùi)-500gr | Gừng-1 nhánh | Sả-2 cây | Vừng trắng rang vàng-3 thìa | Dầu vừng-1 thìa | Chanh-1/2 quả | Đường-1 thìa | Bột canh-1 thìa | Chuối xanh-1 quả | Khế chua-1 quả | Ớt-Tuỳ thích | Giấm-2 thìa | Muối-1 thìa,"Gừng và 2 củ sả đập dập chia thành 2 phần, 1 củ sả còn lại băm nhỏ. | Chuối xanh lột vỏ, cắt lát mỏng, ngâm vào nước pha muối và giấm cho đỡ bị thâm rồi để ráo. Khế chua rửa sạch, cắt lát. Vừng rang vàng. | Thịt lợn rửa sạch, dùng dao cao sạch phần bì. Đun sôi nước, thả một phần gừng, sả vào rồi cho thịt vào trần trong khoảng 2-3 phút để loại bỏ các chất bẩn và mùi hôi của thịt, sau đó rửa sạch lại với nước. | Hấp thịt với chỗ gừng và sả còn lại cho tới khi chín (mất khoảng 10-15 phút sau khi nước sôi, các bạn dùng đũa châm không thấy nước đỏ chảy ra là thịt chín). Gắp thịt ra thả vào bát nước đá ngay cho thịt trắng và mềm. | Dùng dao sắc thái thịt lợn mán đã luộc thật mỏng, cho vào tô. | Vắt nửa quả chanh vào tô, thêm đường, muối, dầu vừng, 1/2 chỗ vừng rang, ớt thái nhỏ vào, dùng găng tay trộn đều. Sau khi trộn xong các bạn có thể nêm nếm lại gia vị cho vừa miệng rồi xếp thịt ra đĩa, rắc chỗ vừng còn lại lên trên là ta đã làm xong món thịt lợn mán tái chanh. Các bạn ăn thịt lợn mán tái chanh cùng với khế chua và chuối xanh không thôi cũng ngon, nếu thích, các bạn có thể chấm tương gừng ăn cũng siêu hợp vị nhé."
Xôi cốm dẻo thơm ngon khó chối từ,2 giờ 00 phút,4 người,Dễ,Cốm-300g | Đỗ xanh-100g | Dừa tươi-50g | Đường kính trắng-4 thìa cà phê | Dầu ăn-2 thìa,"Bước 1:Đậu xanh ngâm trong nước nóng 2h rồi đãi sạch, để ráo nước, trộn với 1/3 thìa cà phê muối để trong chiếc chén con. Nếu là đỗ xanh chưa bỏ vỏ thì bạn nên ngâm trước đó 3h rồi đãi sạch vỏ đi nhé. | Bước 2:Cho đỗ xanh vào nồi hấp và hấp cho đến khi chín. Nếu không có xoong hấp bạn có thể cho vào nồi cơm điện và nấu như cơm. Không nên cho nhiều nước, khi đỗ sôi sẽ trào nước ra nồi. | Khi đậu chín thì cho vào cối giã nhuyễn hoặc nghiền bằng thìa. | Bước 3:Trộn cốm với 2 thìa dầu ăn, rồi cho vào hấp. Khi hấp bạn nên cho lửa liu riu, đợi trong 5-7 phút là cốm chín. | Bước 4:Lấy cốm đã chín và trộn với 2 thìa đường trắng, rồi đem hấp lại trong 5 phút. | Bước 5:Dừa nạo thành sợi ướp với chỗ đường còn lại, để trong 20 phút. | Cho 1 chút dầu ăn vào chảo, để lửa nhỏ cho dừa tươi ướp đường vào xào cho săn lại. Bạn có thể nhận thấy dừa săn lại là khi đường cô lại, bám chặt vào từng sợi dừa, tuy nhiên bạn không nên để quá lửa để dừa bị cháy có màu vàng nhìn sẽ không đẹp mắt. | Bước 6:Đổ xôi ra một cái khay rộng rồi trộn đều xôi cốm với dừa và đậu xanh đã giã nhuyễn. | Để có hình thức bắt mắt bạn có thể trải lá sen hoặc lá chuối lót dưới đĩa hay mẹt nhỏ rồi hãy đổ xôi cốm lên. | Chúc bạn và gia đình thành công với cách nấu xôi cốm thơm ngon hấp dẫn này!"
Gà sốt mật ong ngon miễn chê,60 phút,4 người,Dễ,"Lườn gà-2 miếng | Sốt cà chua-60 ml | Đường vàng-60 gr | Mật ong-125 ml | Nước tương-125 ml | dầu mè-10 ml | Ớt khô-5 gr | Hành tây-1 củ | Tỏi-3 nhánh | Bột ngô-15 gr | Hành lá, vừng-trang trí","Bước 1:- Bạn trộn nước sốt cà chua, nước tương, mật ong, ớt khô, dầu mè và đường vàng với nhau. Khuấy đều để đường vàng tan hết. | - Hành tây và tỏi băm nhỏ | Bước 2:- Làm nóng một cái chảo sâu lòng và đổ dầu ăn vào. Bạn đảo hành tây trong vài phút để hành mềm. | - Tiếp theo các bạn cho thêm tỏi băm vào và đảo thêm khoảng 1 hoặc 2 phút. | Bước 3:- Các bạn cho miếng lườn gà vào chảo và đổ hỗn hợp nước sốt vào. | - Bạn cho thêm một ít nước vào chảo. Đậy nắp chảo và để ở mức lửa nhỏ. Nếu muốn ăn thịt dừ thì bạn có thể đun trong 1 giờ. Khi đun được khoảng 30 phút thì bạn lật miếng thịt để ngấm đều. Khi thịt gà đã đạt đến độ mềm bạn muốn, gắp thịt ra một cái đĩa để thịt nguội. Bạn bật lửa to và đun sôi nước sốt. | Bước 4:-Bạn thái nhỏ hành lá và rang vừng cho đến khi vừng vàng. | Bước 5:- Các bạn trộn bột ngô với một ít nước để bột tan hết. Đổ bột vào nước sốt để làm đặc nước sốt và vặn nhỏ lửa. | - Thái nhỏ lườn gà hoặc xé nhỏ. Các bạn bỏ thịt gà, nước sốt và đun đến khi thịt vàng đều. | - Rắc vừng và hành lên trên để trang trí cho món ăn."
Sữa ngô ngon,60 phút,4 người,Dễ,Bắp mỹ-2 cái | Bắp nếp-1 cái | Sữa tươi-200 ml | Đường-tùy thích,"Bước 1:- Bắp mua về các bạn lột hết vỏ, nhặt râu rồi rửa sơ. | - Râu bắp và vỏ các bạn không nên bỏ đi mà chọn những lá non xanh rửa sạch rồi bó lại. | Bước 2:- Bạn bắc một nồi nước, cho bắp và bó lá vào luộc chín. | Bước 3:– Bắp chín, bạn vớt ra để nguội rồi tách lấy hạt. | Bước 4:– Bạn lấy khoảng 2 lít nước luộc bắp (nếu nước có cặn thì bạn nên lọc qua để nước trong nhé). | Bước 5:– Các bạn đổ nước luộc bắp và ngô vào máy xay, xay nhuyễn (nếu thấy đặc quá thì bạn có thể cho thêm nước vào). | Bước 6:– Tiếp theo bạn lọc lấy phần sữa bắp. | Bước 7:– Sau cùng, bạn đun sữa bắp. Sữa vừa sôi thì bạn cho khoảng 1/2 chỗ sữa tươi vào, nêm đường cho có vị ngọt nhẹ là được (Bạn có thể cho ngọt nếu bạn thích).  Nếu thích béo hơn nữa thì bạn cho thêm sữa nhé, nhưng nếu cho nhiều sữa tươi quá, sẽ mất vị thơm của bắp rồi bạn tắt bếp."
Lẩu sườn sụn cho ngày đông thêm ấm áp,2 giờ 20 phút,4 người,Dễ,"Sườn non-1 kg | Rau cải cúc, rau cải xoang, rau muống, cải thảo, nấm-ăn kèm | Ớt, cà chua, sa tế-gia vị | Muối, hạt nêm, hạt tiêu-gia vị","Rửa sạch sườn non rồi chặt thành miếng 2 – 2,5cm. Các bạn chần sườn qua nước sôi cho sạch bẩn và mùi hôi. Sau đó, để sườn ráo nước rồi đem ướp với 1 thìa cà phê muối, 1/2 thìa cà phê hạt nêm và 1/2 thìa cà phê hạt tiêu. Các bạn xào sườn qua trong vòng 7 phút cho sườn ngấm gia vị | Rau nhặt sạch, đem ngâm nước muối, rồi rửa với nước, để ráo. Cà chua các bạn thái múi cau. | Sau khi sườn chín tái, bạn đổ một lượng nước đủ dùng, bỏ sa tế và cà chua vào. Để lửa nhỏ để sườn kịp chín tới phần trong và mềm hơn, bạn cho thêm 3 thìa cà phê muối + 2 thìa cà phê hạt nêm + 1 chút tiêu và khuấy đều để gia vị ngấm đều. | Sau 30 phút bạn đã có 1 món nước lẩu sườn sụn hấp dẫn, hãy bỏ rau vào, chờ chín và thưởng thức thôi nào! | Một món lẩu ngon sẽ giúp bạn và người thân thêm gần gũi nhau đấy! | Chúc các bạn thành công với cách nấu lẩu đơn giản này nhé! | P/S: Bạn hãy chia sẻ công thức nấu món ăn hấp dẫn này cho người thân, bạn bè để ai cũng có thể trở thành chuyên gia đầu bếp của gia đình nhé!"
Mực rán giòn sốt mật ong,60 phút,4 người,Dễ,"Mực-300 gr | Cà rốt-30 gr | Xà lách-50 gr | Bắp cải tím-30 gr | Hành tây-1/2 củ | Trứng gà-1 quả | Bột rán xù-1 gói | Sốt mayonnaise-1 thìa súp | Hạt nêm-2 thìa cà phê | Mật ong-1 thìa súp | Muối-2 thìa cà phê | Dấm, giàu ăn-1 thìa súp","Bước 1:- Mực bạn làm sạch, để ráo nước, ướp với 1 thìa cà phê hạt nêm, để 15 phút cho ngấm gia vịBước 2:- Xà lách bạn rửa sạch, để ráo. Cà rốt, bắp cải thái sợi nhỏ, đem xóc với chút muối. Hành tây bạn thái sợi, ngâm với chút giấm,. Khi cà rốt, bắp cải thấm muối, bạn tráng sơ qua nước sôi cho bớt mặn. Tiếp đến bạn vớt hành tây ra, để ráo.Bước 3:- Bạn đập trứng gà cho vào bát đánh thật tan. Dùng chày cán qua bột rán xù cho tơi.Bước 4:- Tiếp theo bạn đun nóng chảo dầu ăn, nhúng mực qua trứng rồi lăn qua bột rán xù rồi thả vào chảo rán vàng.Bước 5:- Làm sốt: bạn khuấy đều sốt mayonnaise với 1 thìa cà phê hạt nêm và mật ong.Bước 6:- Dùng mực kèm với sốt, bắp cải, hành tây, cà rốt, xà lách. | Chúc cả nhà ngon miệng nhé!"
Bánh đa nem miền Bắc,1 giờ 00 phút,4 người,Dễ,"Thịt sấn vai xay-500g | Hành tây-1 củ | Củ đậu-1 củ | Cà rốt-1 củ | Hành tươi, rau mùi, mộc nhĩ, nấm hương- | Trứng gà-1 quả | Miến khô-30g | Gia vị, hạt tiêu, bánh đa nem-","1. Sơ chế nguyên liệu | Nấm hương và nấm mèo được ngâm trong nước ấm trong 15 phút để làm mềm. Sau đó, rửa sạch, cắt bỏ chân và thái nhuyễn. | Thịt nạc được chà muối, rửa sạch, sau đó băm nhỏ hoặc xay nhuyễn và đặt vào tô. | Tôm tươi được bóc vỏ, rửa sạch, lấy chỉ đen và băm nhỏ. | Miến dong ngâm trong nước ấm trong 15 phút để làm mềm. Sau đó, vớt ra và cắt thành các đoạn khoảng 5cm. | Trứng gà được đập vào chén và đánh tan. Hành tím và tỏi được bóc vỏ, băm nhỏ riêng. | Ớt được băm nhỏ. | Cà rốt được gọt vỏ, rửa sạch và bào thành sợi nhỏ. Hành tây được bóc vỏ, rửa sạch và thái thành hạt lựu. | Hành lá và ngò rí được rửa sạch, bỏ gốc và thái nhỏ. | 2. Chuẩn bị nhân bánh đa nem | Trong một thau, hòa quyện thịt băm, tôm, miến, nấm hương, nấm mèo, cà rốt, hành tây, hành lá, ngò rí, và trứng đánh tan. Tiếp theo, thêm vào 1 thìa cà phê muối, 2 thìa cà phê hạt nêm, 1 thìa cà phê nước mắm, 1/2 thìa cà phê bột ngọt, 1 thìa canh hành tím băm, và một ít tiêu xay. Khuấy đều cho tất cả các thành phần hòa quyện. Sau đó, đặt phần nhân trong tủ lạnh và ướp khoảng 30 phút. | 3. Gói bánh đa nem | Trải bánh đa nem ra mâm hoặc thớt sạch, sau đó thoa lên một ít nước để làm cho bánh mềm hơn và tránh việc bị giòn gãy khi cuốn. Tiếp theo, đặt một lượng nhân vừa đủ vào trung tâm của bánh. Gấp 2 mép của bánh lên và cuộn tròn chặt bằng tay. Lặp lại quá trình này cho đến khi hết nhân bánh. | 4. Chiên bánh | Đặt một chảo lên bếp và đun nóng, sau đó đổ vào chảo 500ml dầu ăn. Đợi cho dầu nóng đến mức già, sau đó thả nhẹ bánh đa nem vào chảo và chiên trên lửa nhỏ. Điều này giúp đảm bảo nhân bên trong bánh chín đều. Khi bánh có màu vàng và trở nên giòn hết các mặt, hãy vớt chúng ra khay có lót giấy thấm dầu. | Chúc các bạn ngon miệng nhé!"
Tôm rang thịt ba chỉ giản dị mà ngon,45 phút,4 người,Dễ,"Thit ba chỉ-200g | Tôm to để nguyên vỏ-200g | Hành khô nhỏ-1 củ | Mắm, tiêu, đường, muối-","Tôm rửa sạch, cắt bỏ râu, để ráo, ướp với ½ muỗng cafe muối, 1 muỗng cafe nước mắm, 1 muỗng canh đường vàng, ½ muỗng cafe tỏi băm, 1 muỗng cafe dầu màu điều (nếu thích màu cam đẹp). | Thịt ba chỉ cắt nhỏ, ướp với  ½ muỗng cafe muối, 1 muỗng cafe nước mắm, 1 muỗng canh đường vàng, ½ muỗng cafe tỏi băm. Ít dầu màu điều nếu thích. | Ướp tôm, thịt 15 phút cho thấm. | Sau đó cho vào nồi, cho một chút mắm (chừng 1 thìa café) rồi bật bếp để lửa nhỏ và mở vung để thịt đun xém 2 mặt. | Sau khi thịt đã được đun xém cạnh thì cho hành khô vào đun chừng 1 phút cho hành thấm và thơm. | Tiếp đến cho tôm vào nêm thêm gia vị, tiêu, mắm, muối vừa ăn. Đảo tôm một lúc rồi mới cho khoảng 1 – 2 thìa đường vào rồi đậy vung đun chừng 5 phút cho tôm chín vàng là được. Nước trong nồi hơi cạn và sền sệt là tắt bếp, nêm nếm lại là xong rồi."
Chè trôi nước lá dứa nhân đậu xanh ấm nóng,60 phút,4 người,Dễ,Bột nếp-300g | Nước đang sôi-200ml | Nước ép lá dứa-50ml | Muối-1/3 muỗng cà phê | Phần nhân :-Đậu xanh không vỏ-150g | Đường-100g | Muối-1/4 muỗng cà phê | Nước cốt dừa-50ml | Dừa non bào sợi-1/3 chén,"Nguyên liệu cần có: | Sơ chế : | Bước 1 : | - Nấu nước cốt dừa: Cho 200 ml vào nồi + 100 ml nước lạnh + 1/5 muỗng cà phê muối + 30 gr đường + 2 lá dứa bó lại bắc lên bếp nấu sôi với lửa nhỏ. | Bước 2 : | - Pha 1 muỗng cà phê bột năng + 2 muỗng cà phê nước lạnh, hòa tan, đổ vào nồi nước cốt dừa đang sôi, vừa đổ vừa khuấy cho nước cốt dừa không vón cục nhé các bạn. Làm xong rồi tắt bếp. | Nấu nước đường: | Gừng cho vào nồi 1 lít nước lạnh, 150 gr đường trắng + 100 gr đường nâu + 1 ít gừng thái lát mỏng nấu lửa vừa cho đường tan. Thời gian khoảng 20 phút là tắt bếp. | Phần nhồi bột: | Bước 1:Cho bột nếp cho vào 1 cái tô to, sau đó cho nước nóng từ từ vào nhồi thật kĩ, tiếp theo cho nước lá dứa vào tiếp tục nhồi cho đến khi nào bột mịn và không dính tay là được. Lấy màng bọc thực phẩm bọc bột lại để bột nghỉ 30 phút. Trong khi chờ bột nở mình làm nhân. | Bước 2:Đậu xanh ngâm 4-5 tiếng vo sạch hấp chín. | Bước 3:Sau đó cho đậu xanh + đường vào máy xay nhuyễn. Cho đậu xanh xay nhuyễn vào chảo không dính bắc lên bếp sên với lửa nhỏ khi đậu xanh hơi sánh cho nước cốt dừa vào sên vời lửa nhỏ. | Bước 4:Tiếp tục dùng muôi khuấy đều cho đậu xanh quyện lại 1 khối không dính chảo thì tắt bếp. Bây giờ bạn hãy cho dừa non vào trộn đều và vo viên tròn. To nhỏ tùy ý. | Bước 5:Lấy bột ra nhồi thêm 5 phút, sau đó chia bột ra từng phần nhỏ, lớn hơn phần nhân 1 chút | Bước 6:Lấy tay đè dẹp viên bột, cho nhân vào giữa và vo tròn lại. | Bước 7:Nấu 1 nồi nước sôi cùng xíu muối. Sau đó cho viên bột vào luộc. | -Khi viên bột nổi lên, bạn luộc thêm vài phút nữa rồi vớt viên bột ra cho ngay vào âu nước lạnh. | -Bây giờ bạn vớt viên bôt từ âu nước lạnh cho vào nồi nước đường-gừng. Nấu sôi nước đường lại là xong. | Trình bày:Chochè trôi nướcra từng chén nhỏ, chan nước cốt dừa lên rắc 1 chút mè rang vàng và dừa non bào sợi là mời người thân bạn bè thưởng thức."
"Lẩu nướng cuối tuần tại nhà siêu rẻ, siêu ngon",60 phút,4 người,Dễ,"Thịt bò-200g | Thịt ba chỉ-500g | Sườn thăn-300g | Cá quả-0,7kg | Tôm-500g | Lòng non hoặc dạ dày-300g | Nấm sò, nấm kim châm- | Các loại củ quả nướng kèm: bí đỏ, hành tây, cà chua, đậu bắp, ngô- | Rau thơm, dưa chuột để ăn kèm- | Bánh mỳ- | Một hộp bơ Tường An, một bát con dầu ăn- | Gia vị: xì dầu (nước tương), gia vị chanh ớt- | Chảo gang, bếp cồn hoặc bếp ga. Bạn có thể dùng vỉ nướng, nướng trên bếp than hoa.-","- Thịt ba chỉ, lợn mán làm sạch, cho vào ngăn đá khoảng 20 phút lấy ra thái lát mỏng vừa phải chừng 3×5 cm đem ướp với sốt BBQ, ketchup (sốt cà chua), hành, tỏi khô và sả băm nhỏ cùng với một chút đường. Bạn có thể thay sốt cà chua và BBQ bằng nước hàng và mật ong. | - Sườn thăn chặt miếng ngắn từng dẻ một, ướp tương tự như sườn. Có thể hấp sườn cho chín rồi mới ướp để khi nướng nhanh chín hơn. – Cá làm sạch, lọc phi lê ướp với gừng băm nhỏ cùng gia vị, cuốn vào một nhánh nấm kim châm cho đẹp mắt và khi nướng cũng sẽ giòn và ngon hơn. | - Lòng non rửa sạch bằng nước muối và giấm, ken bớt ruột cho sạch rồi thái miếng dài vừa phải, ướp với gừng băm nhỏ cùng một chút gia vị, dầu hào. | - Thịt bò mua phần thịt vai hoặc mông mềm, thái to bản, dùng búa đập thịt dần qua cho mềm rồi ướp với dầu hào, chút đường, mật ong cùng với tỏi, sả băm nhỏ. Các nguyên liệu trên nên ướp tối thiểu một tiếng trước khi ăn, lâu hơn có thể ướp và bảo quản trong ngăm mát tủ lạnh từ 4 đến 8 tiếng, như vậy các nguyên liệu sẽ ngấm gia vị và mềm hơn. | - Tôm cắt bỏ râu, rửa sạch để ráo nước | - Các loại củ quả gọt vỏ, rửa sạch thái miếng mỏng | - Nấm cắt bỏ gốc, rửa bằng nướng muối loãng vớt ra để ráo. | - Bày tất cả các nguyên liệu trên ra đĩa. | - Đặt chảo gang lên bếp cồn đun thật nóng, cho vào một thìa dầu ăn, một muỗng bơ nhỏ đun cho nóng chảy. Lần lượt cho các nguyên liệu vào phủ kín mặt chảo để nướng, lật qua lật lại khoảng vài ba phút là đã có mẻ nướng thơm nức ăn kèm với dưa chuột chẻ và bánh mỳ nướng giòn. Gia vị để chấm có thể là nước tương, gia vị chanh ớt hoặc sốt mayonnaise, ketchup. | - Cầu kỳ hơn các bạn có thể làm thêm sốt me để chấm cũng rất ngon. | Thịt ba chỉ thái miếng mỏng, ướp cùng gia vị. | Phi lê cá thái mỏng, cuộn với nấm kim châm, buộc bằng hành lá đã chần sơ. | Thịt lợn mán nướng cũng rất thơm. | Cách bày biện cũng rất quan trọng, sẽ làm món ăn nhìn ngon mắt hơn. | Khi ăn, bạn cho dầu ăn, bơ vào chảo gang rồi cho các nguyên liệu vào nướng chín, gắp ra ăn nóng, chấm kèm gia vị tùy thích. | Chúc các bạn ngon miệng nhé!"
Gà xốt chua ngọt cả nhà khen ngon,60 phút,4 người,Dễ,Gà không xương-450 gr | Muối và tiêu xay-gia vị | Bột ngô-120 gr | Trứng gà-2 quả | Dầu ăn-60 ml | Đường-180 ml | Dấm-120 ml | Xốt cà-60 ml | Xốt tương-15 ml | Bột tỏi-gia vị,"Bước 1:Rửa sạch rồi cắt gà thành nhiều miếng nhỏ khoảng 1-1.5cm. Sau đó, bạn cho gà vào bát lớn, thêm muối, tiêu xay vào, trộn đều và để ướp khoảng 15 phút. | Bước 2:Tiếp theo, bạn cho bột ngô và trộn đều để gà được áo khắp bởi bột. | Bước 3:Pha nước xốt chua ngọt: bạn cho tất cả nguyên liệu đã chuẩn bị cho phần xốt vào bát, khuấy đều để hỗn hợp hòa tan hoàn toàn. | Bước 4:Chuẩn bị một chảo dầu nóng, cho gà vào chiên nhanh đến khi thấy gà chuyển màu vàng nâu thì bạn vớt gà ra. | Bước 5:Làm nóng lò nướng trước ở nhiệt độ 160 độ C, quết một lớp dầu ăn mỏng lên khay nướng, cho gà và rưới xốt chua ngọt đều lên khắp bề mặt các miếng gà. | Nướng khoảng 55 phút, trong lúc nướng, cứ cách 15 phút bạn lấy gà ra đảo đều một lần. | - Cuối cùng, bạn chỉ việc chuẩn bị một tô cơm nóng, bày gà lên rồi rắc ít vừng rang và hành lá lên trên, dùng kèm thêm ít xà lách để bổ sung vitamin. Gà xốt chua ngọt theo kiểu này sẽ cho từng miếng gà mềm thơm cùng nước sốt chua chua ngọt ngọt thật hấp dẫn. | Chúc bạn thành công và ngon miệng nhé!"
Sườn chiên tỏi ớt thơm ngon cực dễ –  Sổ Tay Nấu Ăn,50 phút,4 người,Dễ,"Sườn lợn-1/2 kg | Tỏi-1 củ | Hành lá, ớt, tiêu- | Nước mắm-1 muỗng canh | Bột nêm-1/32muỗng cà phê | Muối-1/3 muỗng cà phê | Đường-1/2muỗng cà phê | Bột bắp hay bột năng-nguyên liệu","Bước 1 : | - Tỏi rửa sạch bóc bỏ rồi băm nhỏ, hành lá các bạn nhặt rễ rửa sạch rồi thái nhỏ, ớt rửa sạch băm nhỏ (có thể để hạt hoặc bỏ hạt tùy theo khẩu vị ăn cay của gia đình bạn). | - Sườn rửa sạch để ráo nước rồi chặt miếng dài khoảng chừng 5cm sau đó cho hỗn hợp gia vị gồm mắm + tiêu + đường + bột nêm trộn đều, để 15 phút cho thịt thấm gia vị. | Bước 2 : | - Các bạn lăn đều sườn trong bột năng hoặc bột bắp để miếng sườn khi chiên vàng giòn đều mà lại không bị bắn dầu. | Bước 3 : | - Đặt chảo lên bếp cho dầu vào chảo chờ dầu nóng thì bạn cho sườn vào chiên sơ tới khi có màu vàng nhạt thì gắp sườn ra đĩa. | - Tiếp tục đặt một chiếc chảo khác lên bếp chờ dầu ăn nóng thì bạn trút tỏi và hành lá vào phi thơm, tiếp tục trút sườn ở đĩa vào chảo đảo đều, đảo nhanh tay và để lửa vừa, nêm nếm lại gia vị cho vừa ăn. Bạn đảo khoảng 3 phút thì tắt bếp. | Bước 4 : | - Trút sườn ra đĩa và trang trí tùy thích. | Hi vọng với công thức hướng dẫn nấu ăn đơn giản này của chúng tôi sẽ giúp các bạn tạo nên một món ăn mới thú vị cho gia đình thân yêu."
Tôm tẩm bột rán sốt chua ngọt hấp dẫn không thể chối từ,45 phút,4 người,Dễ,"Tôm tươi loại to-270 gr | Bột khoai tây-100 gr | Lòng trắng trứng gà-1 quả | Nước lọc-140 ml | Dầu ăn-40 ml | Sốt cà chua-60 ml | Bột ngô-10 gr | Nước-20 ml | Gừng, tỏi, hành khô băm-gia vị | Đường-30 gr | Rượu trắng-10 ml | Tương ớt-10 gr | Nước-100 ml","Bước 1:Hòa bột khoai tây với nước lọc rồi để vào ngăn mát của tủ lạnh khoảng 2 tiếng. Nếu có thời gian thì các bạn nên để hỗn hợp này qua đêm nhé! | Bước 2:Rửa sạch tôm, bóc bỏ vỏ và đầu rồi xẻ dọc lưng con tôm để lấy đường chỉ ra này. | Bước 3:Lấy bột ra khỏi tủ lạnh, chắt bỏ phần nước ở trên đi rồi trộn đều bột với lòng trắng trứng và dầu ăn. Đây chính là bí quyết giúp cho lớp vỏ ngoài của tôm vẫn giòn tan sau khi bỏ vào sốt đấy các bạn ạ. | Bước 4:Sau đó, cho tôm vào bột ở trên và trộn đều nghen. | Bước 5:Đun cho dầu sôi rùi thả tôm vào rán ở lửa to đến khi tôm chín vàng. | Bước 6:Trộn đều sốt cà chua, tương ớt, rượu trắng, nước, đường và một chút muối lại với nhau. | Bước 7:Phi thơm gừng, tỏi rồi đổ hỗn hợp sốt ở trên vào đun trong khoảng 1'. | Bước 8:Sau đó, các bạn cho tôm vào đảo nhanh khoảng 2' thì đổ nốt hỗn hợp bột ngô với nước vào đun thêm 1' nữa thì cho hành vào và tắt bếp."
Cháo nấm thịt bò viên đủ chất,60 phút,4 người,Dễ,Nấm đông cô-150 gr | Thịt bò-150 gr | Đậu xanh-50 gr | Cà rốt-2 củ | Cải xanh-1 bó | Đậu hũ chien-3 lát | Hạt tiêu trắng-gia vị | Hành lá-gia vị,"Bước 1:Nấu 1 nồi cháo đậu xanh tùy theo số lượng người ăn. Cháo nấu càng nhuyễn càng ngon. | Bước 2:Thịt bò băm nhuyễn (có thể mua thịt bò băm sẵn ở siêu thị ), ướp gia vị, vo thành từng viên, mỗi viên kèm theo 1 hạt tiêu trắng. Vị cay nhẹ và mùi thơm của tiêu sẽ làm thịt bò viên ngon hơn. | - Cà rốt thái hạt lựu. | - Mỗi miếng đậu hũ cắt làm 8. | - Bắt chảo lên bếp, cho dầu ăn vào, khi dầu nóng cho hành củ vào khử, sau đó cho nấm đông cô xào sơ qua nêm gia vị nắm mì chính, ớt tươi. | Bước 3:Cháo chín cho cà rốt vào đun sôi khoảng 5 phút. Sau đó cho thịt bò viên, đậu hũ vào, chờ thêm 4 phút rồi cho thêm nấm đông cô vào. | Bước 4:Chờ cho nồi cháo sôi lại nêm gia vị cho vừa ăn. | Chúc cả nhà có bữa ăn ngon miệng nhé!"
Trứng cuộn hành tây chiên bơ,60 phút,4 người,Dễ,"Trứng gà-2 quả | Hành tây (thái hạt lựu)-1 củ | Bơ-1 thìa | Muối , tiêu-","Bước 1 : | -Quậy đều trứng với hành tây, muối & tiêu. | Bước 2 : | -Để lửa vừa. Cho bơ vào chảo. Đợi bơ vừa chảy hết thì cho trứng vào tráng. | Bước 3 : | -Đợi trứng se mặt thì cuộn trứng lại. Mình dùng đũa cuộn trứng. Bạn nào không quen thì có thể dùng thêm một cái thìa giữ trứng và lấy đũa để cuộn nhé | Bước 4 : | -Trứng chín bày ra đĩa, cắt thành khoanh nhỏ. Có thể rắc thêm muối & hạt tiêu. | Chúc các bạn ngon miệng !"
Sườn rim chua ngọt ngon mê ly cho bữa cơm nhà,60 phút,4 người,Dễ,"Sườn non-700 gr | Trứng gà-1 quả | Ớt sừng-10 gr | Hành tím-10 gr | Tỏi-10 gr | Tương ớt-1.5 muỗng canh | Tương cà-1.5 muỗng canh | Nước tương-5 muỗng cà phê | Giấm-2 muỗng cà phê | Bột bắp-2 muỗng canh | Dầu ăn-50 ml | Gia vị-Muối, đường, hạt nêm, bột ngọt, tiêu","1. Sơ chế nguyên liệu | Sơ chế sườn: Sử dụng muối hoặc chanh để chà xát mặt thịt của sườn heo. Sau đó, rửa sườn lại với nước sạch để loại bỏ muối hoặc chanh trên bề mặt, sau đó để ráo. Tiếp theo, chặt sườn thành các miếng nhỏ vừa ăn. | Trụng sườn: Chuẩn bị một thau hoặc nồi lớn, đổ nước sôi vào thau sao cho mặt sườn được ngập trong nước. Trụng sườn trong nước sôi khoảng 5 - 10 phút, sau đó vớt sườn ra và xả sạch bằng nước lạnh để loại bỏ cặn bẩn. | Rửa và để ráo: Xả sườn bằng nước sạch để loại bỏ bất kỳ tạp chất nào còn lại trên bề mặt. Sau đó, để sườn ráo trong một chỗ khô thoáng. | 2. Ướp và chiên sườn | Chuẩn bị gia vị: Trong một tô, trộn đều 1/3 muỗng cà phê muối, 2 muỗng cà phê hạt nêm, 1/3 muỗng cà phê bột ngọt, 1 muỗng cà phê nước tương, 1 muỗng canh đường, 1/3 muỗng cà phê tiêu xay, 5g tỏi băm và 10g hành tím băm. | Ướp sườn: Đặt sườn vào một tô và rắc đều gia vị đã chuẩn bị lên sườn. Đảo đều để sườn thấm đều gia vị. Ướp sườn trong khoảng 15 - 20 phút để gia vị thấm vào sườn đều. | Chuẩn bị hỗn hợp bột áo: Đập 1 quả trứng gà và tách lấy lòng trắng. Hòa lòng trắng trứng với 2 muỗng canh bột bắp. | Áo sườn bằng hỗn hợp bột áo: Cho hỗn hợp bột bắp và lòng trắng trứng vào tô chứa sườn. Trộn đều để bột áo phủ đều lên sườn. | Một gợi ý nhỏ: Ướp thịt với lòng trắng trứng gà và bột bắp giúp sườn khi chiên có màu vàng đẹp và trở nên giòn hơn. | Chiên sườn: Đặt một chảo lên bếp và đổ dầu ăn vào chảo. Chờ đến khi dầu ăn nóng, sau đó đặt phần sườn đã được áo bột vào chảo và chiên ở lửa vừa. Chiên sườn cho đến khi sườn chín vàng và cạnh sườn trở nên giòn. Sau đó, vớt sườn ra khỏi chảo để ráo dầu. | 3. Rim sườn | Đổ bớt dầu từ chảo, giữ lại một ít dầu và cho tỏi vào phi thơm. | Thêm 10g ớt sừng băm nhuyễn và toàn bộ phần sốt đã pha trước đó vào chảo. Tiếp theo, đổ 50ml nước lọc vào tô chứa nước sốt, tráng đều rồi đổ vào chảo. Đun nước sốt cho đến khi hỗn hợp sôi lên và hơi sánh lại. | Rim sườn ở lửa nhỏ trong khoảng 5 phút cho đến khi nước sốt sánh kẹo lại và sườn ngấm đều gia vị. Sau đó, tắt bếp. | Bày sườn ra đĩa và trang trí để tạo thành một món ăn đẹp mắt. | 4. Thành phẩm | Món sườn rim chua ngọt dễ thực hiện, với các nguyên liệu đơn giản và dễ tìm kiếm. Tuy nhiên, hương vị của nó lại vô cùng thơm ngon và hấp dẫn, tạo cảm giác thèm thuồng khiến bạn muốn ăn thêm. Mỗi miếng sườn thấm đầy hương vị, kết hợp với sốt chua chua, ngọt ngọt, tạo ra một cảm giác kích thích vị giác tuyệt vời khi ăn kèm cơm."
Canh cua mồng tơi ngon mát cho mùa hè,40 phút,4 người,Dễ,Cua đồng-300 gram | Rau mồng tơi-300 gram | Hành tím-2 củ | Dầu ăn-2 muỗng canh | Nước mắm-1 muỗng canh | Muối-Một ít,"1. Sơ chế của đồng | Đầu tiên, bắt đầu với 300 gram cua đồng, hãy sử dụng tay để tách bỏ mai và yếm, sau đó rửa cua một vài lần với nước cho sạch và để ráo. Đồng thời, lấy muỗng để gạch cua từ yếm cho vào một chén riêng. Tiếp theo, chuẩn bị máy xay sinh tố và đổ số cua đồng đã để ráo cùng 300ml nước lọc vào máy, sau đó xay nhuyễn hỗn hợp trong khoảng 3 phút ở mức vừa. | Khi thấy hỗn hợp đã nhuyễn, tắt máy và sử dụng rây để lọc phần xác cua, chỉ giữ lại nước riêu cua để sử dụng trong chế biến. | 2. Sơ chế nguyên liệu khác | Tiếp theo, với 300 gram rau mồng tơi, bạn hãy nhặt lấy các lá non và đồng thời loại bỏ những lá dập úng hoặc héo úa. | Sau đó, ngâm rau mồng tơi trong nước muối pha loãng trong khoảng 10 phút, sau đó rửa lại 1-2 lần với nước để làm sạch và để ráo. Sau đó, sử dụng dao để cắt rau thành khúc dài khoảng 1-2 phần ngón tay. | Cuối cùng, lột vỏ hành tím và băm nhuyễn nó. | 3. Xào gạch cua | Sau khi chuẩn bị xong nguyên liệu, hãy đặt một chảo lên bếp và thêm 1 muỗng canh dầu ăn, sau đó đun chảo với lửa vừa. Chờ đến khi dầu nóng, bạn hãy cho hành tím đã băm nhuyễn vào chảo và phi thơm trong khoảng 3 phút. | Tiếp theo, thêm chén gạch cua vào chảo và sử dụng sạn dẹt để xào đều trong khoảng 3-5 phút, cho đến khi thấy gạch cua trở nên hơi sánh và đặc. Khi đó, bạn có thể tắt bếp. | 4. Nấu canh | Khi vô tình chạm mắt, tô canh cua mồng tơi đã tỏa sáng với màu sắc bắt mắt từ riêu cua và sự tươi tốt của rau xanh, nhanh chóng thu hút mọi người! | Đặc biệt, riêu cua mềm mịn và ngọt ngào, kết hợp với hương vị tươi ngon của rau và nước dùng đậm đà, thực sự là một món ăn không thể thiếu trên bàn cơm!"
Thịt lợn mán tái chanh thơm ngon ngọt,60 phút,4 người,Dễ,Thịt lợn mán (Chọn phần thịt vai hoặc thịt đùi)-500gr | Gừng-1 nhánh | Sả-2 cây | Vừng trắng rang vàng-3 thìa | Dầu vừng-1 thìa | Chanh-1/2 quả | Đường-1 thìa | Bột canh-1 thìa | Chuối xanh-1 quả | Khế chua-1 quả | Ớt-Tuỳ thích | Giấm-2 thìa | Muối-1 thìa,"Gừng và 2 củ sả đập dập chia thành 2 phần, 1 củ sả còn lại băm nhỏ. | Chuối xanh lột vỏ, cắt lát mỏng, ngâm vào nước pha muối và giấm cho đỡ bị thâm rồi để ráo. Khế chua rửa sạch, cắt lát. Vừng rang vàng. | Thịt lợn rửa sạch, dùng dao cao sạch phần bì. Đun sôi nước, thả một phần gừng, sả vào rồi cho thịt vào trần trong khoảng 2-3 phút để loại bỏ các chất bẩn và mùi hôi của thịt, sau đó rửa sạch lại với nước. | Hấp thịt với chỗ gừng và sả còn lại cho tới khi chín (mất khoảng 10-15 phút sau khi nước sôi, các bạn dùng đũa châm không thấy nước đỏ chảy ra là thịt chín). Gắp thịt ra thả vào bát nước đá ngay cho thịt trắng và mềm. | Dùng dao sắc thái thịt lợn mán đã luộc thật mỏng, cho vào tô. | Vắt nửa quả chanh vào tô, thêm đường, muối, dầu vừng, 1/2 chỗ vừng rang, ớt thái nhỏ vào, dùng găng tay trộn đều. Sau khi trộn xong các bạn có thể nêm nếm lại gia vị cho vừa miệng rồi xếp thịt ra đĩa, rắc chỗ vừng còn lại lên trên là ta đã làm xong món thịt lợn mán tái chanh. Các bạn ăn thịt lợn mán tái chanh cùng với khế chua và chuối xanh không thôi cũng ngon, nếu thích, các bạn có thể chấm tương gừng ăn cũng siêu hợp vị nhé."
Xôi cốm dẻo thơm ngon khó chối từ,2 giờ 00 phút,4 người,Dễ,Cốm-300g | Đỗ xanh-100g | Dừa tươi-50g | Đường kính trắng-4 thìa cà phê | Dầu ăn-2 thìa,"Bước 1:Đậu xanh ngâm trong nước nóng 2h rồi đãi sạch, để ráo nước, trộn với 1/3 thìa cà phê muối để trong chiếc chén con. Nếu là đỗ xanh chưa bỏ vỏ thì bạn nên ngâm trước đó 3h rồi đãi sạch vỏ đi nhé. | Bước 2:Cho đỗ xanh vào nồi hấp và hấp cho đến khi chín. Nếu không có xoong hấp bạn có thể cho vào nồi cơm điện và nấu như cơm. Không nên cho nhiều nước, khi đỗ sôi sẽ trào nước ra nồi. | Khi đậu chín thì cho vào cối giã nhuyễn hoặc nghiền bằng thìa. | Bước 3:Trộn cốm với 2 thìa dầu ăn, rồi cho vào hấp. Khi hấp bạn nên cho lửa liu riu, đợi trong 5-7 phút là cốm chín. | Bước 4:Lấy cốm đã chín và trộn với 2 thìa đường trắng, rồi đem hấp lại trong 5 phút. | Bước 5:Dừa nạo thành sợi ướp với chỗ đường còn lại, để trong 20 phút. | Cho 1 chút dầu ăn vào chảo, để lửa nhỏ cho dừa tươi ướp đường vào xào cho săn lại. Bạn có thể nhận thấy dừa săn lại là khi đường cô lại, bám chặt vào từng sợi dừa, tuy nhiên bạn không nên để quá lửa để dừa bị cháy có màu vàng nhìn sẽ không đẹp mắt. | Bước 6:Đổ xôi ra một cái khay rộng rồi trộn đều xôi cốm với dừa và đậu xanh đã giã nhuyễn. | Để có hình thức bắt mắt bạn có thể trải lá sen hoặc lá chuối lót dưới đĩa hay mẹt nhỏ rồi hãy đổ xôi cốm lên. | Chúc bạn và gia đình thành công với cách nấu xôi cốm thơm ngon hấp dẫn này!"
Cuối tuần đổi gió với đùi vịt xốt cam cực ngon,60 phút,4 người,Dễ,"Đùi vịt-350g | Cam sành-150g | Cà rốt-200g | Su su-200g | Khoai tây-100g | Cà chua bi-50g | Ớt sừng-1 quả | Ngò rí băm nhuyễn-1 thìa cà phê | Bơ lạt-10g | Hành tỏi băm-1 thìa cà phê | Muối tiêu-1/2 thìa cà phe | Hạt nêm-1 thìa cà phê | Đường-1 thìa cà phê | Dầu hào-3 thìa súp | Dầu để chiên, nước dùng-","Bước 1 : | -Đùi vịt làm sạch, ướp muối, dầu hào, để thấm 15 phút | Bước 2 : | -Cam sành bổ đôi, vắt lấy nước cốt để riêng, xắt bỏ phần xơ múi, gọt vỏ bên ngoài, xắt sợi vỏ cam, luộc kỹ khoảng 2 lần cho bớt the | Bước 3 : | -Cà rốt, su su, khoai tây xắt miếng vừa ăn. Ớt sừng xắt sợi. Cà chua bi bổ đôi | Bước 4 : | -Chiên sơ đùi vịt sau đó cho vào nước dùng nấu chung với cà rốt, su su, khoai tây, vỏ cam, ớt sừng, cà chua bi, nêm đường, hạt nêm, nước mắm, hành băm vừa ăn. Khi nước sôi thì vặn nhỏ lửa, hầm khoảng 30 phút cho vịt mềm. | Bước 5 : | -Làm nước xốt cam: Làm tan chảy bơ, phi vàng tỏi băm, cho nước xốt cam vào đun nhỏ lửa, nêm muối tiêu vừa ăn. | Bước 6 : | -Cho đùi vịt, các loại rau củ ra đĩa sâu lòng, rưới nước xốt cam vào, rắc ngò rí băm nhuyễn lên. | Mách nhỏ | Để giảm bớt vị the trong vỏ cam sành bạn phải luộc lần một sau đó vớt ra vắt hết nước, cho một lượng nước khác vào luộc kỹ lại lần hai."
Khoai tây bọc thịt chiên giòn tan,45 phút,4 người,Dễ,"Khoai tây-4 củ | Bột năng hoặc bột sắn dây-2 muỗng to | Nước-1.5 muỗng to | Thịt heo-100 gr | Nấm tai mèo-2 miếng | Miến khô-1 vắt nhỏ | Sốt mayonnaise-1 muỗng vừa ăn | Muối, hạt nêm, bột ngọt, tương ớt-Gia vị","Bước 1:Khoai tây gọt vỏ, rửa sạch, cắt miếng khổ to. | Bước 2:Nấm và miếng ngâm nước cho mềm, sau đó thái sợi xay nhuyễn chung với thịt bằm và nêm muối, bột ngọt. Đảo sơ qa chảo để phần thịt được chín trước để lúc sau chiên khoai cho nhanh nhé. | Bước 3:Sau khi khoai chín mềm, chắt hết nước rồi để cho khoai khô. Cho khoai ra một chiếc bát rồi dùng muỗng dầm nát khoai ra. | Bước 4:Sau khi khoai đã nát đều, cho hỗn hợp bột và nước đã pha sẵn vào trộn đều, nêm 1 ít muối, 1 ít thôi nhé. Trộn xong, ta chia khoai ra làm 20 phần (ước lượng mỗi phần 1 muỗng to). | Bước 5:Tiếp đó lấy từng phần khoai nắn ra thành hình tròn dẹt, bỏ phần nhân vào giữa miếng khoai rồi dùng khoai trùm lên phía trên nhân bên trong rồi viên tròn lại. | Bước 6:Sau khi viên xong sẽ được như thế này | Bước 7:Cho tiếp những viên khoai lăn qua bột năng hoặc bột chiên bánh 1 lần nữa. | Bước 8:Giờ thì bắc chảo lên chiên thôi. Nên chọn chảo lòng trủng, đổ nhiều dầu để có thể vàng đều, ngon hơn. Để ở lửa vừa và trở đều tay cho viên khoai vẫn được tròn và vàng đều. Khi khoai vừa vàng, đụng đũa thấy giòn thì đã có thể vớt ra. | Bước 9:Cuối cùng là trình bày nhé! | Xem thêm:Cách làm khoai tây chiên thịt heo giòn"
Phi lê cá chẽm sốt thơm,60 phút,4 người,Dễ,"Phi lê cá chẽm-300g | Quả thơm-100g | Bột mì-100g | Bột chiên xù-50g | Trứng gà-1 quả | Rau xà lách-100g | Cà chua bỉ-100g | Tỏi băm-1 thìa cà phê | Hạt nêm-1 thìa cà phê | Muối tiêu-1 thìa cà phê | Đường-1 thìa cà phê | Giấm ăn-1 thìa súp | Dầu để chiên, nước dùng cá hoặc gà-","Bước 1 : | -Phi lê cá chẽm ướp với muối tiêu, để thấm 10 phút | Bước 2 :-Trái thơm xắt bỏ vỏ, mắt thơm, xắt mỏng 2 lát để trang trí phần còn lại xắt hạt lựu. Xà lách, cà chua bi rửa sạch, để ráo nước | Bước 3 :-Xốt thơm: Làm nóng 1 thìa súp dầu ăn, phi vàng tỏi băm, cho thơm vào xào nhẹ tay trên lửa nhỏ, nêm giấm, đường, hạt nêm vừa ăn | Bước 4 : | -Hòa chung 50g bột mì và trứng gà, nước dùng vừa đủ, nấu các nguyên liệu cho sệt lại. Tẩm cá chẽm với bột mì vừa nấu, lăn trở lại với bột xù, thả vào chảo dầu nóng chiên chín vàng, vớt ra để ráo dầu | Bước 5 : | -Đặt miếng thơm lên đĩa, cho cá chẽm chiên lên, rưới đều xốt thơm, ăn nóng với rau xà lách, cà chua bi. | Mách nhỏ | Tẩm cá qua hỗn hợp bột mì đun sôi, khi chiên lớp phủ này sẽ làm giảm lượng nước trong cá chảy ra, cá sẽ không bị khô."
Thịt heo xào khoai tây cực ngon,20 phút,4 người,Dễ,"Thịt heo-250g | Khoai tây-2 củ | Muối tiêu, đường- | Hành tím băm- | Xì dầu, hành lá-","Bước 1: | Thịt heo rửa sạch, thái mỏng. | Ướp thịt với muối tiêu, chút xíu đường, 1 thìa xì dầu, 1 chút dầu ăn trộn đều để 15 phút. | Bước 2 : | Khoai tây gọt vỏ, thái miếng dày khoảng 0.5cm. Cho dầu vào chảo đun nóng, rồi rán khoai. | Khoai chín vàng vớt ra đĩa. | Bước 3: | Đặt chảo trở lại bếp, để lượng dầu ăn láng chảo, cho hành tím vào phi thơm rồi đổ thịt heo vào xào. Đảo nhanh tay cho thịt chín săn. Nếu chảo hơi khô thì cho chút nước, cho tiếp khoai tây rán vào chảo thịt xào. | Mở lửa to đảo nhẹ nhàng cho khoai không bị nát. Nêm nếm lại vừa ăn, xào khoảng 5 phút thì rắc hành xanh thái khúc rồi tắt bếp. | Bước 4: | Cho ra đĩa, dùng với cơm nóng. | Xem thêm:Hướng dẫn cách luộc khoai tây"
Thơm lừng chuối nướng mật ong,25 phút,4 người,Dễ,Chuối tiêu-3 quả | Chanh-1 quả | Mật ong-1 muỗng canh,"Bước 1:Đầu tiên, các ấy bóc vỏ chuối rồi cho vào chảo chiên. | Chiên vàng cả 2 mặt của quả chuối nhé các ấy. | Bước 2:Sau đó, bạn vắt nước cốt chanh vào chảo, vặn nhỏ lửa. | Bước 3:Cuối cùng, bạn cho chuối ra đĩa và rưới đều mật ong lên trên. Cho vào lò nướng hoặc lò vi sóng ở 160 độ Ckhoảng 10 phút là được. | Chúng mình đã ngửi thấy mùi chuối nướng thơm lừng chưa nào? | Chúc cả nhà ngon miệng với món ngon chuối nướng mật ong nhé!"
Canh đu đủ nấu sườn non thanh mát ngọt thơm,60 phút,4 người,Dễ,"Sườn non-300 gr | Đu đủ-300 gr | Hành lá, ngò rí-trang trí","Bước 1:Sườn rửa sạch, sau đó bắt lên bếp một nồi nước 250ml cho thêm chút muối. Khi nước trong nồi sôi, cho sườn vảo 2 - 3 phút thì vớt ra, bỏ nước trụng đi. | Bước 2:Bắt một nồi với khoảng 700ml nước lên bếp, đợi khi nước sôi bạn cho sườn đã sơ chế lúc đầu vào. Hầm sườn khoản 30 phút cho nước dùng ngọt. | Bước 3:Đu đủ gọt vỏ, rửa sạch, cắt khúc. | Hành ngò thái nhỏ. | Bước 5:Khi sườn hầm vừa chín thì cho đu đủ vảo nấu thêm 10 phút rồi nêm nếm cho hợp khẩu vị thì tắt bếp. | Múc canh đu đủ nấu sườn ra tô, rắc hành ngò lên trên."
Canh riêu cá cho bữa cơm thơm ngon,60 phút,4 người,Dễ,"Cá chép-400g | Cà chua-4 quả | Dưa chua-1 bát con | Gừng-1 nhánh nhỏ | Hành lá, thì là, rau răm, 1-2 quả ớt (tùy thích)- | Gia vị: dầu ăn, hạt nêm, bột canh, mì chính.-","Nguyên liệu cần chuẩn bị: | Bước 1:Hành, dăm, thì là rửa sạch cắt khúc, gừng gọt vỏ thái chỉ, cà chua rửa sạch bổ múi cau | Bước 2:Cá chép sau khi làm sạch cắt khúc | Bước 3:Rán cá chép sơ qua với chút dầu ăn. | Bước 4:Phi thơm hành với dầu ăn cho cà chua vào xào sơ. Nêm ½ thìa bột canh để cà chua mau nhừ. Sau đó cho phần nước lạnh vào đun sôi. Nêm gia vị vừa miệng. | Bước 5:Khi nồi nước sôi thả cá chép đã rán sơ vào đun nhỏ lửa cho ngọt nước. | Bước 6:Khi nồi riêu gần chín cho phần dưa chua vào. Với cách này dưa chua sẽ không bị chín nhừ. (Nếu thích đậm đà bạn có thể cho dưa vào xào cùng cà chua nhé). | Bước 7:Đun thêm khoảng 4 phút. (Nếu thích cay cho vài lát ớt vào nhé). Thêm hành, thì là rau dăm cùng mì chính, tắt bếp cho canh riêu cá chép ra bát. | Chúc các bạn và gia đình ngon miệng !"
Phở bò ngon tại nhà chuẩn gia truyền Hà Nội,1 giờ 30 phút,4 người,Dễ,"Xương bò-2kg | Thịt bò-500g | Hoa hồi-5 cánh | Thảo quả-3 quả | Quế-1 miếng | Hành khô-4 củ | Gừng-1 củ | Cá sùng khô-6 con | Gia vị- | Bánh phở-1kg | Hành tây-1/2 củ | Hành hoa, húng láng-","Bước 1: | - Rửa sạch xương bò với muối và ít rượu. | - Bật lò ở  nhiệt độ khoảng 25o độ trong 5 phút cho lò nóng, cho xương bò vừa rửa vào nướng 10 phút. Cách này sẽ giúp bạn khử được mùi hôi từ xương bò. | Bước 2: | - Xương bò sau khi nước cho vào nồi, đổ nước vào ngập xương, đặt lên bếp ninh xương trong ít nhất là 2 tiếng.Nhân lúc ninh xương bạn cũng có thể cho thịt bò vào luộc chín mềm (nếu thich ăn chín), rồi vớt thịt ra ngoài, thái lát mỏng. | - Đem nướng chín gừng, hành khô, thảo quả, hoa hồi và quế chi xong lại rửa sạch. | - Cho tất cả nguyên liệu mới nướng xong + sá sùng vào nồi nước dùng đang ninh, ninh thêm ít nhất một tiếng sau đó cho gia vị vào nêm nếm. | Bước 3: | - Bóc vỏ hành tây, rửa sạch rồi thái mỏng. | - Thái nhỏ húng láng, hành lá , hành củ bào mỏng. | Bước 4: | - Chần bánh phở qua nước xôi,cho vào tô. | - Xếp thịt bò lên trên, chan nước dùng nóng,rắc hành tây, húng ,hành lá sau cùng (dùng phở tái thì cho thịt vào tới đâu thì chan nước dùng tới đó nhé!) | Thưởng thức phở bò thơm ngon thôi nào, chắc chắn đảm bảo ngon và sạch hơn ngoài tiệm nhiều nhé. Ăn kèm thêm với quẩy chiên giòn rất thú vị đó! | Không quá khó để nấu một tô phở cho cả nhà thưởng thức phải không nào, cuối tuần có nhiều thời gian thì vào bếp trổ tài ngay nhé! | Cách nấu phở bò tái: | Chuẩn bị nguyên liệu: | 1.5 kg xương ống bò | 200g phi lê bò | 500g bò viên | Bánh phở | Hành tím củ, hành lá, hành tây | Chanh, gừng | Đinh hương, hoa hồi, thảo quả, quế chi hoặc các gia vị nấu phở | Đường phèn, muối hột, bột ngọt | Bước 1: Chuẩn bị nguyên liệu | Bắt đầu bằng việc rửa sạch xương bò. Ngâm xương trong nước khoảng 30 phút, pha chút muối hòa tan với chanh để loại bỏ mùi hôi của bò. Sau đó, chần xương qua nước sôi và rửa sạch một lần nữa. | Rửa sạch hành tây và để ráo nước. Sau đó, nướng hành tây trên lửa nhỏ cho đến khi có mùi thơm. | Tiếp theo, rửa sạch phi lê bò. Cắt phi lê thành lát mỏng, vừa phải để sắp lên trên phở. Cắt hành lá thành nhuyễn. | Bước 2: Nấu nước dùng | Tiếp theo, đặt xương vào nồi và thêm 1 lít nước, 1 muỗng canh muối, cùng với hành tây đã nướng. Bắt đầu hấp nấu, nếu có nồi áp suất, sử dụng nồi áp suất để tiết kiệm thời gian. | Sau khi hấp nấu xương khoảng 30 phút, thêm 1.5 lít nước vào nồi. Tiếp tục cho bò viên và sau cùng, thêm đinh hương, thảo quả, quế chi và hoa hồi vào nồi. | Đun nước dùng ở lửa vừa và để nắp nồi mở. Thường xuyên vớt bọt để giữ nước dùng trong suốt và thơm ngon hơn. | Sau 30 phút hấp nấu, vớt xương bò và các gia vị thơm khỏi nồi. | Tiếp theo, hãy nêm gia vị vào nước dùng này. Thêm 1 muỗng canh muối hột, 1 muỗng canh đường phèn, 1 muỗng canh bột ngọt và khuấy đều để gia vị tan chảy vào nước dùng. | Bước 3: Hoàn thành món phở | Đầu tiên, cho một ít bánh phở vào tô. Xếp những lát phi lê bò lên trên và rắc thêm hành lên mặt. | Sau đó, đổ nước dùng vào tô. Bây giờ bạn đã sẵn sàng để thưởng thức. | Phở bò thơm phức với hương vị của các loại thảo mộc, nước dùng ngọt thanh và bánh phở mềm mịn, tạo nên một trải nghiệm thú vị cho vị giác. Bạn cũng có thể thêm các loại rau thơm và giá để làm tăng thêm hương vị và sự ngon miệng cho món phở này. | Cách nấu phở bò sốt vang: | Chuẩn bị nguyên liệu | 1 kg xương heo | 1 kg thịt bò nạm | 200g hành khô | 200g hành tây | 100g gừng | 30g tỏi | 200g cà chua | 200g hành lá | 2 gói gia vị phở bò | Gia vị: Hạt nêm, hạt tiêu, bột điều, dầu ăn, đường, hoa hồi, quế, bột tỏi, rượu vang. | Sơ chế nguyên liệu | Bắt đầu bằng việc rửa sạch xương heo. Sau đó, cho xương heo vào nồi nước đã sẵn, thêm 1 thìa cà phê muối, gừng và hành lá. Đun nước cho đến khi sôi, sau đó đổ nước đi và rửa sạch thịt heo dưới vòi nước. | Tiếp theo, nướng hành khô, gừng và hành tây trên bếp cho đến khi vỏ bên ngoài bị cháy đen. Sau đó, cạo sạch phần bị cháy và rửa sạch lại với nước. | Rửa sạch thịt bò và để ráo, sau đó cắt thành từng miếng vuông. Sau đó, đặt thịt vào tô và ướp với 1 muỗng cà phê hạt nêm, 1 muỗng canh tiêu, 1 muỗng canh bột tỏi, 2 muỗng canh bột điều, 1 muỗng canh đường và 1 thìa canh dầu ăn. Sử dụng tay trộn đều để thịt ngấm đều gia vị. | Rửa sạch hành lá và húng lủi, sau đó cắt thành từng khúc. Đập dập tỏi và sả. Lột vỏ hành tây và băm nhỏ. Cắt cà chua thành lát mỏng. | Gọt sạch vỏ cà rốt và cắt thành từng khúc nhỏ. | Bước 2: Nấu nước dùng và sốt bò vang | Đặt xương heo đã sơ chế vào nồi, sau đó thêm 4 lít nước sôi. Tiếp theo, lần lượt cho gừng nướng, hành tây nướng, hoa hồi, quế, 2 gói gia vị phở, 2 muỗng cà phê hạt nêm, và 2 muỗng cà phê hạt đường vào nồi. Hầm trong khoảng 1 tiếng. | Trong một nồi khác, đổ 2 thìa canh dầu ăn vào và phi thơm tỏi. Tiếp theo, thêm hành tây băm, 1 thìa canh bột điều và cà chua đã cắt lát vào nồi. Sử dụng đũa để đảo đều và sau đó cho thịt bò đã ướp vào và xào sơ. | Sau đó, thêm 1 muỗng canh ngũ vị hương vào và sau đó đổ 200ml rượu vang cùng hoa hồi vào nồi. Tiếp tục đảo trong khoảng 5 phút, sau đó thêm 200ml rượu vang nữa. Đậy nắp lại, giảm lửa và nấu trong 30 phút. | Tiếp theo, cho sả đập dập và cà rốt vào nồi. Nấu thêm khoảng 15 phút để cà rốt mềm. | Bước 3: Hoàn thành | Trước tiên, bạn đun sôi nước trong một nồi và trần bánh phở vào nước sôi. Sau đó, vớt bánh phở đã mềm vào tô. | Tiếp theo, đổ nước dùng từ hầm xương heo vào tô phở trước, sau đó vớt thịt bò và nước sốt từ nồi để chan vào tô phở. | Cuối cùng, trang trí tô phở bằng hành lá và húng lủi lên trên. Bây giờ đã có thể thưởng thức. | Phở bò sốt vang sau khi hoàn thành sẽ mang một mùi thơm đặc trưng và không thể nhầm lẫn. Màu sắc của nó rất bắt mắt, nước dùng đậm đà và có vị ngọt thanh. Một lần thưởng thức sẽ khiến bạn nhớ mãi. | Cách nấu phở Hà Nội bằng gói gia vị: | Chuẩn bị nguyên liệu | 1kg xương ống bò | 150gr thịt nạm bò | 150gr thịt bò phi lê | 1 củ hành tây | 1 gói gia vị nấu phở bò | Bột gừng | Gia vị: nước mắm, đường phèn, muối, tiêu | Bước 1: Sơ chế nguyên liệu | Đầu tiên, rửa sạch 1kg xương ống bò bằng dung dịch muối và giấm để loại bỏ mùi hôi. Sau đó, đặt xương vào nồi nước và thêm 2gr bột gừng. Đun sôi trong 5 phút và sau đó rửa lại bằng nước lạnh. | Bước 2: Nấu nước dùng | Đổ 2 lít nước vào nồi và đặt xương ống đã luộc vào. Hầm trên lửa nhỏ trong 2 tiếng, cẩn thận vớt bọt trên bề mặt. | Đợi nước nguội hoàn toàn, sau đó thêm 1 gói gia vị phở bò, 150gr thịt nạm bò và khoảng 300ml nước vào nồi. Tiếp tục hầm trên lửa nhỏ trong 1 tiếng. | Sau đó, vớt tất cả ra khỏi nồi và lần lượt nêm vào 2,5 muỗng cà phê đường phèn, 1 muỗng cà phê muối và 2 muỗng cà phê nước mắm. | Khi thịt nạm bò đã nguội, bạn cắt nạm bò thành từng lát mỏng. Còn thịt bò, bạn cắt thành lát mỏng vừa ăn. | Trước khi dùng, trụng bánh phở qua nước sôi và vớt ra tô. Sau đó, xếp lớp nạm bò, thịt bò đã cắt lát, đầu hành và hành tây cắt lát lên trên. Cuối cùng, chan phần nước dùng đang sôi vào tô và bạn đã có thể thưởng thức. | Bước 3: Thành phẩm | Khi thời gian nấu phở bị hạn chế, sử dụng gói gia vị để nấu phở Hà Nội là lựa chọn tuyệt vời. Phở có thể được nấu nhanh chóng và ít bước thực hiện hơn, nhưng vẫn giữ được hương vị thơm ngon, đậm đà không kém gì phở gốc. | Hương vị phở thơm lừng kích thích vị giác, thịt bò mềm vừa phải, nước dùng ngọt thanh. Nó càng ngon hơn khi được kết hợp với các loại rau thơm và nước chấm. | Chúc bạn thành công và ngon miệng với món phở bò!"
Nộm ngũ sắc ngon ngon cho ngày cuối tuần,30 phút,4 người,Dễ,"Đu đủ nạo-300g | Cà rốt nạo-50g | Dừa nạo-20g | Trứng gà-1 quả | Bò khô-50g | Thịt thăn lợn-50g | Lạc rang-100g | Dưa chuột, cà rốt- | Rau thơm, mùi, kinh giới-1/2 mớ | Muối tinh, đường, dấm, tỏi, ớt, tương ớt, rau củ quả trang trí.-","1. Nộm ngũ sắc chay | Bước 1: Sơ chế nguyên liệu làm nộm ngũ sắc | Gọt vỏ su hào, rửa sạch và bào thành sợi mỏng. | Gọt vỏ cà rốt, rửa sạch và bào thành sợi mỏng. | Gọt vỏ xoài xanh, bào thành sợi mỏng. | Rửa sạch dưa chuột, bào thành sợi mỏng. | Rửa sạch bắp cải tím, bào thành sợi mỏng. | Rang giòn lạc, tán nhỏ. | Rửa sạch rau mùi, thái nhỏ. | Lọc bỏ hạt ớt ngọt, băm nhuyễn. | Bước 2: Trộn nộm | Cho toàn bộ nguyên liệu vào một bát sạch: su hào, cà rốt, dưa chuột, xoài xanh, bắp cải tím, lạc rang, rau mùi. | Đeo bao tay ni lông, trộn đều các nguyên liệu với nhau. | Để nguyên liệu nghỉ khoảng 3 phút để chuẩn bị nước trộn nộm. | Bước 3: Làm nước sốt chua ngọt trộn nộm | Trong một tô, trộn đều 2 thìa đường trắng, 1 thìa nước mắm, 1 thìa cà phê mì chính, nước cốt chanh, tỏi băm nhuyễn và ớt băm nhuyễn. | Khuấy đều cho đường tan chảy. | Nêm nếm nước sốt để điều chỉnh vị chua ngọt cho phù hợp. | Rưới nước sốt trộn nộm từ từ vào hỗn hợp nguyên liệu từ bước 2. | Đeo bao tay ni lông, trộn đều nộm và nước sốt lại với nhau. | Bước 4: Hoàn thiện | Trình bày nộm ngũ sắc lên đĩa, sau đó trải lên trên mặt thịt bò khô, lạc rang và rau mùi. | Thưởng thức ngay. | 2. Nộm ngũ sắc hoa quả | Bước 1: Sơ chế nguyên liệu | Gọt vỏ xoài, sau đó bào thành sợi mỏng. | Gọt sạch vỏ đậu và bào thành sợi mỏng. | Cắt bỏ hai đầu dưa chuột, ngâm trong nước muối, sau đó bào thành sợi mỏng. | Gọt vỏ dứa, bỏ mắt, sau đó cắt thành miếng nhỏ vừa ăn. | Lọc bỏ hạt ớt ngọt, sau đó thái nhỏ và băm nhuyễn. | Rang giòn lạc, sau đó tán nhỏ. | Bước 2: Trộn nộm | Trong một tô, cho vào xoài sợi, đậu sợi, dưa chuột sợi, dứa, rau mùi và lạc rang. | Đeo bao tay ni lông, trộn đều toàn bộ nguyên liệu với nhau. | Bước 3: Pha nước sốt trộn nộm | Trong một tô, trộn đều 2 thìa đường, 3 thìa mắm, tỏi băm, ớt băm và nước cốt chanh. | Khuấy đều toàn bộ nguyên liệu với nhau. | Nêm thử nước trộn nộm để điều chỉnh vị theo khẩu vị cá nhân. | Rưới nước trộn từ từ vào hỗn hợp nguyên liệu nộm ở bước 2. | Đeo bao tay ni lông, trộn đều toàn bộ nguyên liệu với nhau. | Bước 4: Hoàn thiện | Trình bày nộm hoa quả lên đĩa, sau đó rắc đều thịt bò khô lên trên và thưởng thức. | Chúc các bạn ngon miệng với móm nộm ngũ sắc!"
Đậu hà lan xào tôm và thịt ngon ngọt bổ dưỡng,60 phút,4 người,Dễ,"tôm-200 gr | Đậu hà lan-200 gr | Nấm thủy tiên hay nấm rơm-200 gr | Hành lá, muối, nước mắm, hạt nêm, hạt tiêu-gia vị","Bước 1:- Nấm thủy tiên cắt bỏ chân, rửa sạch với nước muối pha loãng, để lê rổ cho ráo nước. | - Đậu Hà Lan tước bỏ cọng xơ, rửa sạch. | - Hành lá rửa sạch, thái nhỏ. | Bước 2:- Tôm bóc nõn, rút chỉ đen trên lưng tôm cho sạch, giã thô. | Bước 3:- Đun nóng hai thìa nhỏ dầu ăn, phi tỏi thơm, cho tôm vào xào chín. | Bước 4:- Cho đậu vào xào nhanh tay, để lửa lớn, xào khoàng 3 phút cho nấm vào xào cùng, nêm vào một thìa nhỏ muối, một thìa nhỏ nước mắm, nửa thìa nhỏ hạt nêm, đảo đều. | Bước 5:- Xào khoảng 7 - 10 phút, nêm nếm lại tùy theo khẩu vị của bạn, tắt bếp, rắc một ít hạt tiêu và hành lá đã thái nhỏ. Múc ra đĩa dùng làm món xào ăn với cơm. | Chúc cả nhà ngon miệng nhé!"
Bánh quế cuộn giòn tan,60 phút,4 người,Dễ,Bột mì-110g | Bơ-100g | Bột quế-Vừa đủ | Trứng-4 quả | Đường-90g | Vừng rang-Vừa đủ,"Bước 1:Món ngon dễ làmđánh tan trứng với đường rồi đun chảy bơ và cho vào cùng. Các bạn chỉ cần đánh cho đường tan hết, không cần đánh cho trứng bông nhé! | Bước 2: Rây bột mì và cho vừng, vani vào trộn đều với trứng. | Bước 3: Làm nóng chảo. Sau đó, múc 1 thìa bột vào và dàn mỏng, để lửa vừa. (Chú ý: Bạn dùng chảo chống dính và không cho dầu ăn vào chảo nhé!) | Bước 4: Khi thấy viền bánh khô lại thì các bạn lật bánh và tiếp tục để ở trên bếp đến khi bánh chuyển sang màu vàng nâu thì gắp ra rồi nhanh tay cuộn tròn lại. | Bước 5: Bánh quế để nguội là giòn tan thơm phức luôn đó! Cùng thưởng thứcBánh quế cuộn giòn tanvới trà nhé! Đây là thành phẩm thật ạ:"
Đùi gà chiên giòn chiên xù ngon đúng điệu,40 phút,4 người,Dễ,Đùi gà-2 cái | Sữa tươi không đường-200ml | Bột chiên xù- | Bột chiên giòn- | Trứng gà-1 quả | Nước cốt dừa-1 muỗng canh | Hạt nêm-,"Bước 1: | Đùi gàrửa sạch, bỏ da hoặc giữ nguyên da tùy vào sở thích của mỗi đầu bếp. Đem ướp cùng 100ml sữa tươi + hạt nêm + nước cốt dừa trong 2 giờ. | Bước 2: | Cho gà và 100ml sữa vào nồi, đun sôi rồi hạ thật nhỏ lửa, đậy vung om cho gà vừa chín tới. Vớt ra, để miếng thịt nguội và ráo nước. Đánh tan trứng. | Bước 3: | Lăn miếng thịt gà qua bột chiên giòn rồi nhúng vào trứng, để khoảng 15 phút cho khô bớt. | Bước 4: | Lăn qua 1 lớp mỏng bột chiên xù rồi lại nhúng trứng và lăn tiếp với bột chiên xù  cho bột bám kín miếng thịt. | Bước 5: | Đặt một chảo dầu lên bếp, chiên gà ngập dầu cho miếng thịt vàng đều | Bước 6: | Cuối cùng vớt ra cho ráo dầu và thưởng thức nóng cả nhà nhé!"
Chả cốm đậm đà hương vị thơm ngon,60 phút,4 người,Dễ,"Cốm tươi (cốm mềm)-200g | Giò sống-500g | Thịt ba chỉ xay-300g | Trứng-2 quả | Nước mắm, dầu ăn, tiêu-vừa đủ | Lá sen-1 lá to","Bước 1:Món ngon dễ làmcho thịt xay, giò sống, cốm và nước mắm (thêm tiêu nếu thích) vào thau và trộn đều. | Bước 2: Dùng găng tay chế biến thực phẩm cho thịt cốm vừa trộn nhuyễn vào lòng bàn tay để nặn chả cốm thành hình dẹt, khổ bằng lòng bàn tay hay tròn tùy theo ý bạn thích. Nặn và đặt phần chả cốm mới nặn lên lá sen sạch, lần lượt cho đến hết. | Bước 3: Xếp xen kẽ lên giá hấp và mang hấp trong vòng 15 phút. Nếu không có lá sen, bạn có thể thay bằng lá chuối. Việc hấp chả trong lá sẽ làm món ăn có mùi thơm hơn. Nhưng nếu không có, bạn vẫn có thể hấp không cũng được. | Bước 4: Phết dầu điều vào từng miếng chả rồi đem rán để tạo màu, tăng hấp dẫn cho miếng chả. | Bước 5: Để ráo dầu, sau đó cắt chả cốm, bày vào đĩa để ăn nóng hoặc ăn với các món ăn khác. | Chúc các bạn thành công với công thứcChả cốm đậm đà hương vị thơm ngon! | Nguồn: St | Nguồn: St"
Sườn rim chua ngọt ngon mê ly cho bữa cơm nhà,60 phút,4 người,Dễ,"Sườn non-700 gr | Trứng gà-1 quả | Ớt sừng-10 gr | Hành tím-10 gr | Tỏi-10 gr | Tương ớt-1.5 muỗng canh | Tương cà-1.5 muỗng canh | Nước tương-5 muỗng cà phê | Giấm-2 muỗng cà phê | Bột bắp-2 muỗng canh | Dầu ăn-50 ml | Gia vị-Muối, đường, hạt nêm, bột ngọt, tiêu","1. Sơ chế nguyên liệu | Sơ chế sườn: Sử dụng muối hoặc chanh để chà xát mặt thịt của sườn heo. Sau đó, rửa sườn lại với nước sạch để loại bỏ muối hoặc chanh trên bề mặt, sau đó để ráo. Tiếp theo, chặt sườn thành các miếng nhỏ vừa ăn. | Trụng sườn: Chuẩn bị một thau hoặc nồi lớn, đổ nước sôi vào thau sao cho mặt sườn được ngập trong nước. Trụng sườn trong nước sôi khoảng 5 - 10 phút, sau đó vớt sườn ra và xả sạch bằng nước lạnh để loại bỏ cặn bẩn. | Rửa và để ráo: Xả sườn bằng nước sạch để loại bỏ bất kỳ tạp chất nào còn lại trên bề mặt. Sau đó, để sườn ráo trong một chỗ khô thoáng. | 2. Ướp và chiên sườn | Chuẩn bị gia vị: Trong một tô, trộn đều 1/3 muỗng cà phê muối, 2 muỗng cà phê hạt nêm, 1/3 muỗng cà phê bột ngọt, 1 muỗng cà phê nước tương, 1 muỗng canh đường, 1/3 muỗng cà phê tiêu xay, 5g tỏi băm và 10g hành tím băm. | Ướp sườn: Đặt sườn vào một tô và rắc đều gia vị đã chuẩn bị lên sườn. Đảo đều để sườn thấm đều gia vị. Ướp sườn trong khoảng 15 - 20 phút để gia vị thấm vào sườn đều. | Chuẩn bị hỗn hợp bột áo: Đập 1 quả trứng gà và tách lấy lòng trắng. Hòa lòng trắng trứng với 2 muỗng canh bột bắp. | Áo sườn bằng hỗn hợp bột áo: Cho hỗn hợp bột bắp và lòng trắng trứng vào tô chứa sườn. Trộn đều để bột áo phủ đều lên sườn. | Một gợi ý nhỏ: Ướp thịt với lòng trắng trứng gà và bột bắp giúp sườn khi chiên có màu vàng đẹp và trở nên giòn hơn. | Chiên sườn: Đặt một chảo lên bếp và đổ dầu ăn vào chảo. Chờ đến khi dầu ăn nóng, sau đó đặt phần sườn đã được áo bột vào chảo và chiên ở lửa vừa. Chiên sườn cho đến khi sườn chín vàng và cạnh sườn trở nên giòn. Sau đó, vớt sườn ra khỏi chảo để ráo dầu. | 3. Rim sườn | Đổ bớt dầu từ chảo, giữ lại một ít dầu và cho tỏi vào phi thơm. | Thêm 10g ớt sừng băm nhuyễn và toàn bộ phần sốt đã pha trước đó vào chảo. Tiếp theo, đổ 50ml nước lọc vào tô chứa nước sốt, tráng đều rồi đổ vào chảo. Đun nước sốt cho đến khi hỗn hợp sôi lên và hơi sánh lại. | Rim sườn ở lửa nhỏ trong khoảng 5 phút cho đến khi nước sốt sánh kẹo lại và sườn ngấm đều gia vị. Sau đó, tắt bếp. | Bày sườn ra đĩa và trang trí để tạo thành một món ăn đẹp mắt. | 4. Thành phẩm | Món sườn rim chua ngọt dễ thực hiện, với các nguyên liệu đơn giản và dễ tìm kiếm. Tuy nhiên, hương vị của nó lại vô cùng thơm ngon và hấp dẫn, tạo cảm giác thèm thuồng khiến bạn muốn ăn thêm. Mỗi miếng sườn thấm đầy hương vị, kết hợp với sốt chua chua, ngọt ngọt, tạo ra một cảm giác kích thích vị giác tuyệt vời khi ăn kèm cơm."
Canh cua mồng tơi ngon mát cho mùa hè,40 phút,4 người,Dễ,Cua đồng-300 gram | Rau mồng tơi-300 gram | Hành tím-2 củ | Dầu ăn-2 muỗng canh | Nước mắm-1 muỗng canh | Muối-Một ít,"1. Sơ chế của đồng | Đầu tiên, bắt đầu với 300 gram cua đồng, hãy sử dụng tay để tách bỏ mai và yếm, sau đó rửa cua một vài lần với nước cho sạch và để ráo. Đồng thời, lấy muỗng để gạch cua từ yếm cho vào một chén riêng. Tiếp theo, chuẩn bị máy xay sinh tố và đổ số cua đồng đã để ráo cùng 300ml nước lọc vào máy, sau đó xay nhuyễn hỗn hợp trong khoảng 3 phút ở mức vừa. | Khi thấy hỗn hợp đã nhuyễn, tắt máy và sử dụng rây để lọc phần xác cua, chỉ giữ lại nước riêu cua để sử dụng trong chế biến. | 2. Sơ chế nguyên liệu khác | Tiếp theo, với 300 gram rau mồng tơi, bạn hãy nhặt lấy các lá non và đồng thời loại bỏ những lá dập úng hoặc héo úa. | Sau đó, ngâm rau mồng tơi trong nước muối pha loãng trong khoảng 10 phút, sau đó rửa lại 1-2 lần với nước để làm sạch và để ráo. Sau đó, sử dụng dao để cắt rau thành khúc dài khoảng 1-2 phần ngón tay. | Cuối cùng, lột vỏ hành tím và băm nhuyễn nó. | 3. Xào gạch cua | Sau khi chuẩn bị xong nguyên liệu, hãy đặt một chảo lên bếp và thêm 1 muỗng canh dầu ăn, sau đó đun chảo với lửa vừa. Chờ đến khi dầu nóng, bạn hãy cho hành tím đã băm nhuyễn vào chảo và phi thơm trong khoảng 3 phút. | Tiếp theo, thêm chén gạch cua vào chảo và sử dụng sạn dẹt để xào đều trong khoảng 3-5 phút, cho đến khi thấy gạch cua trở nên hơi sánh và đặc. Khi đó, bạn có thể tắt bếp. | 4. Nấu canh | Khi vô tình chạm mắt, tô canh cua mồng tơi đã tỏa sáng với màu sắc bắt mắt từ riêu cua và sự tươi tốt của rau xanh, nhanh chóng thu hút mọi người! | Đặc biệt, riêu cua mềm mịn và ngọt ngào, kết hợp với hương vị tươi ngon của rau và nước dùng đậm đà, thực sự là một món ăn không thể thiếu trên bàn cơm!"
Thịt lợn mán tái chanh thơm ngon ngọt,60 phút,4 người,Dễ,Thịt lợn mán (Chọn phần thịt vai hoặc thịt đùi)-500gr | Gừng-1 nhánh | Sả-2 cây | Vừng trắng rang vàng-3 thìa | Dầu vừng-1 thìa | Chanh-1/2 quả | Đường-1 thìa | Bột canh-1 thìa | Chuối xanh-1 quả | Khế chua-1 quả | Ớt-Tuỳ thích | Giấm-2 thìa | Muối-1 thìa,"Gừng và 2 củ sả đập dập chia thành 2 phần, 1 củ sả còn lại băm nhỏ. | Chuối xanh lột vỏ, cắt lát mỏng, ngâm vào nước pha muối và giấm cho đỡ bị thâm rồi để ráo. Khế chua rửa sạch, cắt lát. Vừng rang vàng. | Thịt lợn rửa sạch, dùng dao cao sạch phần bì. Đun sôi nước, thả một phần gừng, sả vào rồi cho thịt vào trần trong khoảng 2-3 phút để loại bỏ các chất bẩn và mùi hôi của thịt, sau đó rửa sạch lại với nước. | Hấp thịt với chỗ gừng và sả còn lại cho tới khi chín (mất khoảng 10-15 phút sau khi nước sôi, các bạn dùng đũa châm không thấy nước đỏ chảy ra là thịt chín). Gắp thịt ra thả vào bát nước đá ngay cho thịt trắng và mềm. | Dùng dao sắc thái thịt lợn mán đã luộc thật mỏng, cho vào tô. | Vắt nửa quả chanh vào tô, thêm đường, muối, dầu vừng, 1/2 chỗ vừng rang, ớt thái nhỏ vào, dùng găng tay trộn đều. Sau khi trộn xong các bạn có thể nêm nếm lại gia vị cho vừa miệng rồi xếp thịt ra đĩa, rắc chỗ vừng còn lại lên trên là ta đã làm xong món thịt lợn mán tái chanh. Các bạn ăn thịt lợn mán tái chanh cùng với khế chua và chuối xanh không thôi cũng ngon, nếu thích, các bạn có thể chấm tương gừng ăn cũng siêu hợp vị nhé."
Xôi cốm dẻo thơm ngon khó chối từ,2 giờ 00 phút,4 người,Dễ,Cốm-300g | Đỗ xanh-100g | Dừa tươi-50g | Đường kính trắng-4 thìa cà phê | Dầu ăn-2 thìa,"Bước 1:Đậu xanh ngâm trong nước nóng 2h rồi đãi sạch, để ráo nước, trộn với 1/3 thìa cà phê muối để trong chiếc chén con. Nếu là đỗ xanh chưa bỏ vỏ thì bạn nên ngâm trước đó 3h rồi đãi sạch vỏ đi nhé. | Bước 2:Cho đỗ xanh vào nồi hấp và hấp cho đến khi chín. Nếu không có xoong hấp bạn có thể cho vào nồi cơm điện và nấu như cơm. Không nên cho nhiều nước, khi đỗ sôi sẽ trào nước ra nồi. | Khi đậu chín thì cho vào cối giã nhuyễn hoặc nghiền bằng thìa. | Bước 3:Trộn cốm với 2 thìa dầu ăn, rồi cho vào hấp. Khi hấp bạn nên cho lửa liu riu, đợi trong 5-7 phút là cốm chín. | Bước 4:Lấy cốm đã chín và trộn với 2 thìa đường trắng, rồi đem hấp lại trong 5 phút. | Bước 5:Dừa nạo thành sợi ướp với chỗ đường còn lại, để trong 20 phút. | Cho 1 chút dầu ăn vào chảo, để lửa nhỏ cho dừa tươi ướp đường vào xào cho săn lại. Bạn có thể nhận thấy dừa săn lại là khi đường cô lại, bám chặt vào từng sợi dừa, tuy nhiên bạn không nên để quá lửa để dừa bị cháy có màu vàng nhìn sẽ không đẹp mắt. | Bước 6:Đổ xôi ra một cái khay rộng rồi trộn đều xôi cốm với dừa và đậu xanh đã giã nhuyễn. | Để có hình thức bắt mắt bạn có thể trải lá sen hoặc lá chuối lót dưới đĩa hay mẹt nhỏ rồi hãy đổ xôi cốm lên. | Chúc bạn và gia đình thành công với cách nấu xôi cốm thơm ngon hấp dẫn này!"
Cá chiên cốm cho bữa ăn giàu dinh dưỡng,60 phút,4 người,Dễ,"Phi lê cá lóc-300g | Cốm già-200g | Bột mì-100g | Trứng gà-2 quả | Gừng bằm-1 nhánh | Hành tím bằm-1 muỗng cà phê | Tỏi khô bằm-1 muỗng cà phê | Rượu trắng-2 muỗng canh | Dầu ăn, hạt nêm, tiêu-gia vị","Bước 1: Cá lóc xắt con chì, tẩy qua với gừng, rượu trắng. | Bước 2: Ướp các với hạt nêm, tiêu, hành tím, tỏi khoảng 5 phút. | Bước 3: Trứng gà đập ra chén con, đánh tan đều. | Bước 4: Rắc đều bột mỳ lên cá, nhúng cá vào trứng, lăn qua cốm già rồi thả vào chảo dầu nóng, chiên sao cho cốm nở bông ra. | Bước 5: Chấm cá chiên cốm với sốt me hoặc sốt tương ớt chua ngọt. | Chúc cả nhà thành công với món ngon này nhé!"
"Cánh gà chiên mật ong ngon, giòn, lạ miệng.",60 phút,4 người,Dễ,"Cánh gà-400g | Bột năng-50g | Mật ong-20ml | Nước mắm-20ml | Muối, tiêu, đường, tỏi, ớt cay-Gia vị","Bước 1 :- Cánh gà mua về rửa sạch với muối, trùng sơ qua nước sôi, để lên rổ cho ráo, dùng dao khía dọc cánh gà, ướp muối và đường, tiêu trộn đều, đậy lại để tủ lạnh qua đêm. | Bước 2:- Hôm sau lấy gà ra, phủ bên ngoài cánh gà một lớp bột năng mỏng (tác dụng làm da gà giòn và chiên không bị bắn dầu). | Bước 3:- Bắc chảo lên bếp, chảo nóng cho dầu ăn vào, dầu nóng thả gà vào chiên, chiên lửa lớn và dầu ngập cánh gà. Gà vàng vớt ra, dùng giấy thấm dầu cho bớt mỡ. | Bước 4:- Trộn đều nước mắm, mật ong, tương ớt (1). | Bước 5 :- Cho gà vào chảo chiên lúc trước, đổ chén nước mắm ở (1) vào, dùng đũa đảo nhanh tay cho hỗn hợp thấm đều trong cánh gà. Khi thấy nước mắm ngấm hết vào thịt, trút ra đĩa là xong. Công đoạn này cần làm nhanh tay, để gà không bị cháy. | Bước 6:- Ăn cánh gà kèm với xà lách, cà chua, dưa leo tùy theo bạn."
Bông cải xanh bọc thịt ấm áp tình thân,40 phút,4 người,Dễ,Thịt xay nhuyễn-300g | Hành khô-60g | Trứng-1 quả | Bột chiên xù-3 thìa cà phê | Sữa-1 thìa cà phê | Bông cải xanh-1/2 cái | Hạt nhục đậu khấu-1 ít,"Bước 1:Cắt bông cải làm đôi, rửa sạch. Sau đó mới dùng dao nhỏ tách các bông hoa. | Lưu ý:giữ phần cuống dài một chút. Như vậy, phần bông cải không bị vụn ra. | Bước 3:-Luộc bông cải trong nồi nước sôi, pha tí muối trong vòng 1-2 phút; sau đó, xả nước lạnh. | Bước 4:- Trộn đều thịt + hành + trứng + bột + sữa + nutmeg. | Bước 5:- Bọc thịt quanh từng bông cải, chừa ra cái cuống để còn cầm tay | Bước 6:- Rán sơ trong chảo dầu, gói kín trong giấy nhôm. | Bước 7:- Nướng ở nhiệt độ 200°C, chừng 15 phút. | Mách nhỏ:có thể thay bông cải bằng cà rốt cắt miếng dài hay rau củ khác cũng được, miền là có cái cuống."
Bò xào xoài xanh thơm ngon lạ miệng,60 phút,4 người,Dễ,"Thịt bò thăn-200g | Ớt chuông xanh, đỏ-100g | Xoài xanh-1 trái | Tỏi-5 tép | Gừng băm nhỏ-1 nhánh | Hành tây-1/2 củ | Dầu hào-1 muỗng canh | Bột năng-1 muỗng cà phê | Hạt nêm, dầu ăn, tiêu-gia vị","Bước 1:Thịt bò xắt miếng mỏng vừa ăn, ướp với dầu hào khoảng 10 phút, rắc bột năng lên mặt, chiên qua xém mặt. Xoài gọt vỏ, bỏ hạt, xắt miếng vát. Hành tây lột vỏ, xắt quân cờ to. Ớt chuông xanh, đỏ rửa sạch, bỏ hạt, xắt quân cờ. | Bước 2:Bắc chảo lên bếp, phi thơm tỏi, cho gừng vào phi qua, cho tiếp ớt chuông, hành tây vào, nêm 2 muỗng cà phê hạt nêm vưa fmieenjg, cho xoài, thịt bò đã chiên vào xào lại, đảo đều, rắc 1 muỗng cà phê tiêu, tắt bếp, xúc ra đĩa. Khi dùng trộn đều."
Bí ngô xào tôm tiếp năng lượng cho ngày mới,30,4 người,Dễ,"Bí ngô-400g | Tôm khô-1 chén (có thể dùng tôm tươi) | Muối-1/2 thìa | Đường-1/2 thìa | Tỏi băm-1 muỗng | Hành lá, mùi-thái nhỏ","Bước 1: Bí đỏ gọt vỏ, rửa sạch, thái miếng vuông hơi dày một chút. | Bước 2: Tôm nõn ngâm nở, rửa cho thật sạch nếu không sẽ bị sạn. | Bước 3: Đặt chảo lên bếp, đun nóng dầu ăn, cho tỏi vào phi thơm. Cho tôm vào xào đến khi gần chín | Bước 4: Tiếp đến cho bí vào xào cùng, đảo đều. Cho một chút nước vào rồi đậy vung cho chảo bí sôi trong vài phút. Nêm gia vị, và một chút đường  đun đến khi bí chín mềm và ngấm đều gia vị là được. | Bí đỏ là nguồn cung cấp vitamin A, đóng vai trò quan trọng cho thị giác, tăng trường xương và sự sinh sản, tham dự vào sự tổng hợp protein, điều hòa hệ miễn dịch và góp phần dinh dưỡng, bảo vệ cho da. Trong bí đỏ còn có một chất cần thiết cho hoạt động của não bộ, đó là acid glutamic, đóng vai trò quan trọng trong bồi dưỡng thần kinh, giúp các phản ứng chuyển hóa ở các tế bào thần kinh và não."
Thịt bò xào dứa thơm ngon bổ dưỡng,60 phút,4 người,Dễ,Thịt bò phi lê-300g | Dứa-1/2 quả | Cà chua-quả | Hành lá-1 nhánh | Dầu hào-4 muỗng cà phê | Bột ngọt-1 muỗng | Hành tỏi băm-2 muỗng,"bước 1: - Thái thịt bò mỏng vừa, đừng mỏng quá dễ nát thịt và bị khô. Ướp thịt với 1 muỗng cà phê tỏi băm và hành băm, 2 muỗng cà phê dầu hào. | Bước 2: - Cắt thơm thành miếng vừa ăn. Cà chua bổ múi cau. Hành lá cắt khúc cỡ 4-5cm. | Bước 3: - Bắc chảo lên bếp, thêm 1 muỗng dầu ăn, phi thơm tỏi, cho thịt bò vào xào chín cỡ 70% thì cho ra dĩa. | Bước 4:- Sử dụng chảo cũ, thêm dầu, cho tỏi vào phi thơm, bỏ thơm vào xào trước sau đó cho cà chua vào xào chung cùng 1 muỗng nước, nêm nếm với 2 muỗng cà phê dầu hào, 1 muỗng cà phê đường, 1 muỗng cà phê bột ngọt. | Bước 5:  Khi cà chua và thơm chín mềm thì trút thịt vào đảo đều cho hơi cạn nước rồi cho hành lá vào và tắt bếp. | Bước 6:- Dọn món ăn ra đĩa, rắc tiêu bột lên trên, ăn với cơm nóng. | Chúc cả nhà thành công với món ăn này nhé!"
"Ngô chiên bơ thơm ngon, giòn rụm",1 giờ 00 phút,4 người,Dễ,"Ngô ngọt-1 túi (bạn có thể dùng ngô tươi thay cho ngô hộp) | Bột sư tử (lion)-1 gói | Bột bắp-1 gói | Bột chiên giòn-1 gói | Bơ vàng-3 thìa | Hạt nêm,dầu ăn, muối tinh- | Trứng gà-1 quả | Đường-","Bước 1: | Nếu dùng ngô hộp thì chỉ việc đổ ngô ra, để cho ráo nước. Nếu dùng ngô tươithì rửa qua cho ngô ra bớt mày ngô (ko cần quá kĩ vì khi trộn bột và rây bột thìmày ngô sẽ tự tách ra). Đun sôi nước với vài thìa đường, cho ngô vào luộc, sôikhoảng 1-2 phút thì trút ngô ra rổ, nhanh tay xả qua nước lạnh cho hạt ngô mọng,để cho ráo. Rồi nhân lúc ngô vẫn còn nóng, rắc vào ít hạt nêm cho đậm đà lúc nguội ngô sẽ không ngấm gia vị) | Bước 2: | Tách lấy lòng trắng trứng, thay vì lòng đỏ như trước kia để tránh hiện tượng bị sửi bọt. Vẫn đựng ngô trong rổ, cho lòng trắng vào và dùng tay trộn đều. Lòngtrắng thừa sẽ chảy bớt qua các lỗ trên rổ, tránh bị quá nhiều khiến ngô ướt,mau ỉu và bám nhiều bột gây lãng phí. | Sau đó cho ngô vào bát đựng, đổ bột vào trộn cho bột bám đều từng hạt ngô. Dùngrổ lỗ to rây cho rơi hết bột thừa, các mày ngô còn sót cũng sẽ rơi ra theo. | Bước 3: | Đun dầu nóng già rồi đổngô vào chiên (ăn đến đâu chiên nóng đến đấy sẽ ngon hơn). Tốt nhất là cứ để yênngô như vậy, tránh đảo ngay vì bột dễ bị rơi hết ra lắng xuống dưới đáy chảo | Bước 4: | Bột rất nhanh chín nên chỉ một lúc sau là có thể dùng đũa đảo qua đảo lại được.Kiểm tra thấy vỏ ngô giòn, căng phồng là ngô đã chín, vớt ngô ra đĩa có lót giấythấm dầu hoặc dụng cụ đựng cho ráo dầu. | Bước 5: | Nếu muốn món ngô thêm thơm ngậy thì xắt miếng bơ nhỏ cho vào chảokhi sắp vớt ngô ra; hoặc ngay khi vớt ngô ra, cho miếng bơ vào xóc đều. Tuy nhiên mình thấy không cần thiết vì bột sư tử đã có công dụng như bơ. | Chúc các bạn thành công!"
Tôm bọc cốm chiên thơm ngon lạ miệng,60 phút,4 người,Dễ,"Tôm sú-300g | Cốm dẹp-200g | Cà chua-1 quả | Bột mì-150g | Trứng-2 quả | Cần tây, ngò rí, ớt sừng, dưa leo, xà lách-Trang trí | Hành tỏi băm, tiêu, dầu ăn, muối-Gia vị | Hạt nêm, dầu ăn, sốt xí muội-gia vị | Xốt Mayonnaise (hoặc Xốt Mayonnaise)-Ăn kèm","Bước 1: Tôm lấy chỉ lưng đen, bóc vỏ, chừa đuôi, rửa sơ qua nước muối, cắt chéo bụng rồi nắn tôm cho thẳng, lau khô. | Bước 2: Trộn đều hỗn hợp gia vị gồm: 1 muỗng nước hành tỏi băm, 1/3 muỗng hạt nêm và 1/2 muỗng tiêu. Cho tôm vào ướp khoảng 5 – 10 phút cho thấm gia vị. | Bước 3: Trứng gà đập ra tô, đánh tan. | Bước 4 :Cần tây và ớt băm nhỏ. | Bước 5 : Lăn tôm qua bột mì, nhúng qua trứng cho dính vào tôm 1 lớp bột mỏng. Sau đó, lăn qua cốm dẹp cho cốm bám đều xung quanh tôm cho áo đều một lớp cốt bên ngoài tôm. | Bước 6 : Bắc chảo lên bếp, cho dầu vào. Khi dầu sôi già thả tôm đã lăn qua cốm xanh vào chiên với lửa nhỏ vừa cho đến khi cốm nở phồng và chuyển màu vàng đều là được (đừng để vàng quá sẽ mất màu xanh của cốm sẽ mất đẹp), vớt ra để ráo dầu. | Bước 7 : Bày tôm chiên cốm xanh ra đĩa dùng nóng với tương ớt hoặc sốt xí muội."
Thịt nấu đông – món ăn cổ truyền của người Việt,60 phút,4 người,Dễ,"Thịt chân giò-600gr | Tai lợn-300gr | Mọc nhĩ, tiêu, bột canh, mì chính, mắm-vừa đủ | Nước-vừa đủ","Bước 1 :Sổ tay nấu ănChân giò, tai lợn rửa sạch thái miếng nhỏ rồi ướp gia vị (tiêu, bột canh, mì chính, mắm) khoảng 1 tiếng. | Bước 2 : Mộc nhĩ đem ngâm rồi thái bằng 2 đầu ngón tay. ( Nên ngâm mộc nhĩ với nước lạnh để bảo đảm độ giòn khi ăn). | Bước 3 : Thịt sau ướp cho vào nồi, đổ nước vào hầm đến khi sôi thì vặn nhỏ, mở vung hớt bọt và hầm tiếp đến khi thịt nhừ. | Bước 4 : Khi thịt chín nhừ thì cho mộc nhĩ vào tiếp tục đun khoản 15p thì tắt bếp (không nên đung mộc nhĩ quá lâu nếu không sẽ bị nát). | Bước 5 : Đổ thịt vào tô để nguội rồi cho vào tủ lạnh. (Trời lạnh như thế này không cần cho tủ lạnh thịt vẫn đông bình thường nhé). | Bước 6 :Thịt nấu đông - món ăn cổ truyền của người Việtdùng với cơm nóng hành hoặc dưa muối thì còn gì bằng."
Thịt ba chỉ rang nước dứa đưa cơm ngày đầu đông,60 phút,4 người,Dễ,"Thịt ba chỉ-500g | Dứa-1 quả | Hành khô-2 củ | Vài nhánh hành tươi-thái mỏng để trang trí | Cà chua-1 quả thái mỏng | Gia vị-Dầu ăn, nước mắm, hạt tiêu, ớt, bột nêm","Bước 1:- Thịt ba chỉ rửa sạch, để ráo nước rồi đem luộc chín để khi chế biến thịt không bị ngót. Sau đó, để thị nguội, thái lát khoảng 1cm. | Bước 2:- Dứa gọt bỏ vỏ, ép lấy nước cốt. | Bước 3:- Cho hành khô thái nhỏ vào chảo nóng với chút dầu phi thật thơm. Sau đó, cho thịt vào rang, nêm gia vị vừa ăn cùng ớt và nước dứa. | Bước 4:- Đậy vung om khoảng 15phút cho tới khi thịt săn lại, đường trong nước dứa sóng sánh và có màu vàng sậm. | Bước 5:-  Nêm lại gia vị một lần cuối, nếu thấy món ăn có đủ vị ngọt, cay và chua nhẹ là đạt yêu cầu. | Bước 6:- Cho thịt ra đĩa và trang trí hành tươi, cà chua bên cạnh. | Chúc cả nhà có bữa ăn ngon miệng nhé!"
Canh thịt bò nấm kim châm thơm ngon,60 phút,4 người,Dễ,Phi lê bò-150g | Nấm kim châm-100g | Cà rốt-200g | Hành hoa-2 cây | Nước dùng-850 ml | Tỏi-10g | Hạt nêm-2 thìa cà phê | Đường-1/2 thìa cà phê | Muối-1/2 thìa cà phê | Tiêu-1/4 thìa cà phê,"Bước 1: | - Phi-lê bò rửa sơ, lau khô với khăn sạch, thái lát mỏng, ướp 1/2 thìa cà-phê hạt nêm. | Bước 2: | - Nấm kim chi bỏ gốc, tách cụm nhỏ, ngâm nước muối pha loãng, rửa sạch, để ráo. Cà-rốt gọt vỏ, rửa sạch, thái hạt lựu to. Hành hoa bỏ rể, rửa sạch, thái nhỏ. | Bước 3: | - Phi thơm tỏi băm với 1/2 thìa cà-phê hạt nêm. Chế nước dùng vào. Nêm muối, đường, 1 thìa cà-phê hạt nêm. Nước canh sôi, cho thịt bò và nấm vào, không đậy nắp, nấu sôi. Tắt bếp, thêm tiêu, hành."
Thịt gà sốt chanh cho bữa ăn thêm ngon miệng,60 phút,4 người,Dễ,Thịt lườn gà-300g | Trứng-1 quả | Xì dầu-2 thìa nhỏ | Rượu-2 thìa nhỏ | Dầu vừng-1 thìa nhỏ | Chanh vàng-2 quả | Bột ngô-2 thìa canh | Đường-1 thìa canh | Muối-1/4 thìa nhỏ,"Bước 1:- Đập trứng gà ra bát. | Bước 2:- Thêm vào bát trứng xì dầu, rượu, dầu vừng và một chút vỏ chanh. | Bước 3:- Đánh tan trứng, khuấy đều tay để trộn lẫn các gia vị. | Bước 4:- Thịt gà rửa sạch, thái miếng vừa ăn. | - Cho toàn bộ thịt gà vào bát trứng đã đánh ở bước 3. | Bước 5:- Đổ bột ngô ra đĩa lòng sâu, thêm chút muối vào. | - Lần lượt lăn từng miếng gà vào đĩa bột. | Bước 6:- Làm cho đến khi tất cả thịt gà đều được phủ đều một lớp bột ngô. | Bước 7:- Cho dầu ăn vào chảo, đun nóng. | - Thả thịt gà vào chiên. | - Khi thịt gà chín vàng, vớt ra để trên giấy cho thấm bớt dầu ăn. | Bước 8:- Cạo vỏ chanh cho vào nồi cùng với nước cốt của 2 quả chanh. | - Thêm đường và một bát con nước. | Bước 9:- Khuấy đều nồi nước chanh, bật bếp đun, vừa đun vừa dùng muỗng nhựa đảo nhẹ để hỗn hợp không                  dính đáy nồi. | - Thêm gia vị vừa ăn. | - Đun khoảng 5 phút thì tắt bếp. | Bước 10:- Bắc chảo khô lên bếp, bật lửa, đun nóng chảo. | - Cho thịt gà vào, rưới nước sốt chanh lên thịt gà, đảo đều khoảng 3 phút thì tắt bếp. | Bước 11:- Rắc hành lá thái nhỏ và hạt vừng rang lên bề mặt thịt gà. | - Múc ra đĩa dùng nóng với cơm."
Miến xào thịt bò cho bữa sáng ngon miệng,60 phút,4 người,Dễ,"Miến-300g | Thịt bò-300g | Mộc nhĩ-20g | Cà rốt, ớt tươi, dưa chuột, hành lá-ăn kèm","Bước 1 :Ngâm miến trong nước ấm cho mềm rồi vớt ra để ráo nước. Thịt bò lọc bỏ gân, xơ, rửa sạch rồi thái miếng mỏng, sau đó ướp bột canh. | Bước 2 :Mộc nhĩ ngâm nở, nhặt bỏ chân thái miếng vừa. Cà rốt, dưa chuột, ớt tươi rửa sạch, thái chân hương. Hành khô bóc vỏ, thái lát. | Bước 3:Cho một thìa dầu vào chảo, đợi dầu nóng già thì đổ thịt bò vào xào nhanh tay. Khi thịt chín mới cho cà rốt, ớt tươi, dưa chuột, mộc nhĩ vào đảo cùng rồi xúc ra đĩa. Cho thêm một thìa dầu, phi thơm hành khô rồi bỏ miến vào xào. Nêm cho vừa ăn rồi xào tới lúc miến chín thì trộn nhân vào. Ăn nóng. | Chúc cả nhà có một bữa ăn ngon miệng nhé!"
Sườn rim chua ngọt ngon mê ly cho bữa cơm nhà,60 phút,4 người,Dễ,"Sườn non-700 gr | Trứng gà-1 quả | Ớt sừng-10 gr | Hành tím-10 gr | Tỏi-10 gr | Tương ớt-1.5 muỗng canh | Tương cà-1.5 muỗng canh | Nước tương-5 muỗng cà phê | Giấm-2 muỗng cà phê | Bột bắp-2 muỗng canh | Dầu ăn-50 ml | Gia vị-Muối, đường, hạt nêm, bột ngọt, tiêu","1. Sơ chế nguyên liệu | Sơ chế sườn: Sử dụng muối hoặc chanh để chà xát mặt thịt của sườn heo. Sau đó, rửa sườn lại với nước sạch để loại bỏ muối hoặc chanh trên bề mặt, sau đó để ráo. Tiếp theo, chặt sườn thành các miếng nhỏ vừa ăn. | Trụng sườn: Chuẩn bị một thau hoặc nồi lớn, đổ nước sôi vào thau sao cho mặt sườn được ngập trong nước. Trụng sườn trong nước sôi khoảng 5 - 10 phút, sau đó vớt sườn ra và xả sạch bằng nước lạnh để loại bỏ cặn bẩn. | Rửa và để ráo: Xả sườn bằng nước sạch để loại bỏ bất kỳ tạp chất nào còn lại trên bề mặt. Sau đó, để sườn ráo trong một chỗ khô thoáng. | 2. Ướp và chiên sườn | Chuẩn bị gia vị: Trong một tô, trộn đều 1/3 muỗng cà phê muối, 2 muỗng cà phê hạt nêm, 1/3 muỗng cà phê bột ngọt, 1 muỗng cà phê nước tương, 1 muỗng canh đường, 1/3 muỗng cà phê tiêu xay, 5g tỏi băm và 10g hành tím băm. | Ướp sườn: Đặt sườn vào một tô và rắc đều gia vị đã chuẩn bị lên sườn. Đảo đều để sườn thấm đều gia vị. Ướp sườn trong khoảng 15 - 20 phút để gia vị thấm vào sườn đều. | Chuẩn bị hỗn hợp bột áo: Đập 1 quả trứng gà và tách lấy lòng trắng. Hòa lòng trắng trứng với 2 muỗng canh bột bắp. | Áo sườn bằng hỗn hợp bột áo: Cho hỗn hợp bột bắp và lòng trắng trứng vào tô chứa sườn. Trộn đều để bột áo phủ đều lên sườn. | Một gợi ý nhỏ: Ướp thịt với lòng trắng trứng gà và bột bắp giúp sườn khi chiên có màu vàng đẹp và trở nên giòn hơn. | Chiên sườn: Đặt một chảo lên bếp và đổ dầu ăn vào chảo. Chờ đến khi dầu ăn nóng, sau đó đặt phần sườn đã được áo bột vào chảo và chiên ở lửa vừa. Chiên sườn cho đến khi sườn chín vàng và cạnh sườn trở nên giòn. Sau đó, vớt sườn ra khỏi chảo để ráo dầu. | 3. Rim sườn | Đổ bớt dầu từ chảo, giữ lại một ít dầu và cho tỏi vào phi thơm. | Thêm 10g ớt sừng băm nhuyễn và toàn bộ phần sốt đã pha trước đó vào chảo. Tiếp theo, đổ 50ml nước lọc vào tô chứa nước sốt, tráng đều rồi đổ vào chảo. Đun nước sốt cho đến khi hỗn hợp sôi lên và hơi sánh lại. | Rim sườn ở lửa nhỏ trong khoảng 5 phút cho đến khi nước sốt sánh kẹo lại và sườn ngấm đều gia vị. Sau đó, tắt bếp. | Bày sườn ra đĩa và trang trí để tạo thành một món ăn đẹp mắt. | 4. Thành phẩm | Món sườn rim chua ngọt dễ thực hiện, với các nguyên liệu đơn giản và dễ tìm kiếm. Tuy nhiên, hương vị của nó lại vô cùng thơm ngon và hấp dẫn, tạo cảm giác thèm thuồng khiến bạn muốn ăn thêm. Mỗi miếng sườn thấm đầy hương vị, kết hợp với sốt chua chua, ngọt ngọt, tạo ra một cảm giác kích thích vị giác tuyệt vời khi ăn kèm cơm."
Canh cua mồng tơi ngon mát cho mùa hè,40 phút,4 người,Dễ,Cua đồng-300 gram | Rau mồng tơi-300 gram | Hành tím-2 củ | Dầu ăn-2 muỗng canh | Nước mắm-1 muỗng canh | Muối-Một ít,"1. Sơ chế của đồng | Đầu tiên, bắt đầu với 300 gram cua đồng, hãy sử dụng tay để tách bỏ mai và yếm, sau đó rửa cua một vài lần với nước cho sạch và để ráo. Đồng thời, lấy muỗng để gạch cua từ yếm cho vào một chén riêng. Tiếp theo, chuẩn bị máy xay sinh tố và đổ số cua đồng đã để ráo cùng 300ml nước lọc vào máy, sau đó xay nhuyễn hỗn hợp trong khoảng 3 phút ở mức vừa. | Khi thấy hỗn hợp đã nhuyễn, tắt máy và sử dụng rây để lọc phần xác cua, chỉ giữ lại nước riêu cua để sử dụng trong chế biến. | 2. Sơ chế nguyên liệu khác | Tiếp theo, với 300 gram rau mồng tơi, bạn hãy nhặt lấy các lá non và đồng thời loại bỏ những lá dập úng hoặc héo úa. | Sau đó, ngâm rau mồng tơi trong nước muối pha loãng trong khoảng 10 phút, sau đó rửa lại 1-2 lần với nước để làm sạch và để ráo. Sau đó, sử dụng dao để cắt rau thành khúc dài khoảng 1-2 phần ngón tay. | Cuối cùng, lột vỏ hành tím và băm nhuyễn nó. | 3. Xào gạch cua | Sau khi chuẩn bị xong nguyên liệu, hãy đặt một chảo lên bếp và thêm 1 muỗng canh dầu ăn, sau đó đun chảo với lửa vừa. Chờ đến khi dầu nóng, bạn hãy cho hành tím đã băm nhuyễn vào chảo và phi thơm trong khoảng 3 phút. | Tiếp theo, thêm chén gạch cua vào chảo và sử dụng sạn dẹt để xào đều trong khoảng 3-5 phút, cho đến khi thấy gạch cua trở nên hơi sánh và đặc. Khi đó, bạn có thể tắt bếp. | 4. Nấu canh | Khi vô tình chạm mắt, tô canh cua mồng tơi đã tỏa sáng với màu sắc bắt mắt từ riêu cua và sự tươi tốt của rau xanh, nhanh chóng thu hút mọi người! | Đặc biệt, riêu cua mềm mịn và ngọt ngào, kết hợp với hương vị tươi ngon của rau và nước dùng đậm đà, thực sự là một món ăn không thể thiếu trên bàn cơm!"
Thịt lợn mán tái chanh thơm ngon ngọt,60 phút,4 người,Dễ,Thịt lợn mán (Chọn phần thịt vai hoặc thịt đùi)-500gr | Gừng-1 nhánh | Sả-2 cây | Vừng trắng rang vàng-3 thìa | Dầu vừng-1 thìa | Chanh-1/2 quả | Đường-1 thìa | Bột canh-1 thìa | Chuối xanh-1 quả | Khế chua-1 quả | Ớt-Tuỳ thích | Giấm-2 thìa | Muối-1 thìa,"Gừng và 2 củ sả đập dập chia thành 2 phần, 1 củ sả còn lại băm nhỏ. | Chuối xanh lột vỏ, cắt lát mỏng, ngâm vào nước pha muối và giấm cho đỡ bị thâm rồi để ráo. Khế chua rửa sạch, cắt lát. Vừng rang vàng. | Thịt lợn rửa sạch, dùng dao cao sạch phần bì. Đun sôi nước, thả một phần gừng, sả vào rồi cho thịt vào trần trong khoảng 2-3 phút để loại bỏ các chất bẩn và mùi hôi của thịt, sau đó rửa sạch lại với nước. | Hấp thịt với chỗ gừng và sả còn lại cho tới khi chín (mất khoảng 10-15 phút sau khi nước sôi, các bạn dùng đũa châm không thấy nước đỏ chảy ra là thịt chín). Gắp thịt ra thả vào bát nước đá ngay cho thịt trắng và mềm. | Dùng dao sắc thái thịt lợn mán đã luộc thật mỏng, cho vào tô. | Vắt nửa quả chanh vào tô, thêm đường, muối, dầu vừng, 1/2 chỗ vừng rang, ớt thái nhỏ vào, dùng găng tay trộn đều. Sau khi trộn xong các bạn có thể nêm nếm lại gia vị cho vừa miệng rồi xếp thịt ra đĩa, rắc chỗ vừng còn lại lên trên là ta đã làm xong món thịt lợn mán tái chanh. Các bạn ăn thịt lợn mán tái chanh cùng với khế chua và chuối xanh không thôi cũng ngon, nếu thích, các bạn có thể chấm tương gừng ăn cũng siêu hợp vị nhé."
Xôi cốm dẻo thơm ngon khó chối từ,2 giờ 00 phút,4 người,Dễ,Cốm-300g | Đỗ xanh-100g | Dừa tươi-50g | Đường kính trắng-4 thìa cà phê | Dầu ăn-2 thìa,"Bước 1:Đậu xanh ngâm trong nước nóng 2h rồi đãi sạch, để ráo nước, trộn với 1/3 thìa cà phê muối để trong chiếc chén con. Nếu là đỗ xanh chưa bỏ vỏ thì bạn nên ngâm trước đó 3h rồi đãi sạch vỏ đi nhé. | Bước 2:Cho đỗ xanh vào nồi hấp và hấp cho đến khi chín. Nếu không có xoong hấp bạn có thể cho vào nồi cơm điện và nấu như cơm. Không nên cho nhiều nước, khi đỗ sôi sẽ trào nước ra nồi. | Khi đậu chín thì cho vào cối giã nhuyễn hoặc nghiền bằng thìa. | Bước 3:Trộn cốm với 2 thìa dầu ăn, rồi cho vào hấp. Khi hấp bạn nên cho lửa liu riu, đợi trong 5-7 phút là cốm chín. | Bước 4:Lấy cốm đã chín và trộn với 2 thìa đường trắng, rồi đem hấp lại trong 5 phút. | Bước 5:Dừa nạo thành sợi ướp với chỗ đường còn lại, để trong 20 phút. | Cho 1 chút dầu ăn vào chảo, để lửa nhỏ cho dừa tươi ướp đường vào xào cho săn lại. Bạn có thể nhận thấy dừa săn lại là khi đường cô lại, bám chặt vào từng sợi dừa, tuy nhiên bạn không nên để quá lửa để dừa bị cháy có màu vàng nhìn sẽ không đẹp mắt. | Bước 6:Đổ xôi ra một cái khay rộng rồi trộn đều xôi cốm với dừa và đậu xanh đã giã nhuyễn. | Để có hình thức bắt mắt bạn có thể trải lá sen hoặc lá chuối lót dưới đĩa hay mẹt nhỏ rồi hãy đổ xôi cốm lên. | Chúc bạn và gia đình thành công với cách nấu xôi cốm thơm ngon hấp dẫn này!"
Nộm đu đủ xanh,25,4 người,Dễ,"Đu đủ xanh- | Cà rốt- | Đường, ớt, chanh, quất, muối- | Rau thơm, rau kinh giới- | Lạc rang giã thô-","Bước 1:Dạy nấu ăn ngonngâm đu đủ bào sợi trong nước có pha một chút nước cốt chanh trong khoảng 10' để nhựa đu đủ ra hết. Bước này sẽ giúp cho nộm không bị đắng nhé! | Bước 2: Vớt đu đủ ra rồi vắt cho kiệt nước. | Bước 3: Pha 2 thìa nước mắm + 2 thìa đường + 1 thìa nước quất (hoặc chanh) để làm nước trộnnộm đu đủ xanh. | Bước 4: Trộn đều đu đủ với cà rốt bào sợi sau đó bóp nhẹ với phần nước trộn ở trên. | Bước 5: Đến khi nào ănmón ngon dễ làm, bạn chỉ cần có thêm lạc rang, rau thơm và rau kinh giới thái rối lên trên là xong. | Nguồn: Kenh14"
Bún riêu cua tôm,50,4 người,Dễ,"Thịt nạc xay-400g | Tôm khô-200g | Sườn non-400g | Da lợn-100g | Trứng gà-2 quả | Đậu phụ-2 bìa | Xà lách, rau kinh giới, giá, 4 quả cà chua- | Bún, màu dầu điều- | 2 viên gia vị bún riêu- | hạt nêm, hạt tiêu, hành tím-","Bước 1:Học nấu ăn ngonninh sườn non cùng với miếng da lợn, trong lúc ninh nước dùng thì mình rán vàng mặt đậu phụ nữa nhé. Cắt cà chua thành những miếng múi cau. | Bước 2: Tôm khô ngâm nước nóng cho mềm rồi giã nhuyễn, trộn đều tôm khô, thịt xay với hạt tiêu, hạt nêm, hành tím băm với 2 quả trứng gà rồi chờ nguyên liệu ngấm. | Bước 3: Khi sườn hơi mềm, cho 2 muỗng canh dầu màu điều vào. Tiếp đến, các bạn cho cà chua và 2 viên gia vị bún riêu vào để có hương vị củabún riêu cua tôm, nêm nếm lại cho vừa miệng. | Bước 4: Thả nốt đậu phụ vào nồi nước dùng, xắn từng miếng riêu sống (phần thịt xay và tôm) và cho vào nồi cho tới khi hết tôm thịt rồi đun thêm khoảng 20' nữa. | Bước 5: Cắt nhỏ rau xà lách, còn rau kinh giới và giá sống thì rửa thật sạch. Khi dùngmón ngon mỗi ngàycác bạn cho bún vào bát tô, chan nước dùng và các viên mọc, cà chua và đậu phụ, ăn kèm rau sống. | Nguồn: Kenh14"
Tổng hợp các cách làm ô mai sấu gừng tuyệt đỉnh,2 giờ 30 phút,4 người,Dễ,Sấu-1 kg | Đường-900g | Gừng-200g | Muối-1 ít | Nước vôi trong-2 lít,"Cách 1: Làm ô mai sấu gừng có ngâm nước vôi trong | Bước 1:Dạy nấu ăn ngonsấu các bạn nạo vỏ, ngâm trong nước muối loãng rồi khứa múi. | Bước 2:Ngâm sấu trong nước vôi trong 30ph rồi sau đó rửa lại với nước thật sạch để hết mùi vôi. Sau đó dùng dao nặng đập dập sấu 1 lần thôi. | Bước 3:Gừng rửa sạch, đập dập rồi băm nhỏ. Cho sấu, gừng và đường vào 1 chảo sâu lòng rộng. Cứ 1 lớp dấu bạn lại cho 1 lớp đường và 1 lớp gừng mỏng. Ngâm trong 4h là được. | Bước 4:Trực tiếp bắc chảo sâu lòng lên bếp than hoa để tiết kiệm chi phí , thêm 1 thìa cà phê muối rồi đun lửa nhỏ. Đun đến khi nước đường keo lại chuyển sang màu hổ phách là được. | Bước 5:Sau khi xào đường xong các bạn bầy ô mai sấu là mâm rồi phơi nắng to trong 2h hoặc cho vào lò nướng 100 độ C trong 1h để sấu khô. | Cách 2: Làm ô mai sấu không cần nước vôi trong. | Bước 1:Các bạn cũng cạo sấu thật sạch rồi ngâm ngay nước muối, ở cáchhọc làm ô mai sấu gừngnày các bạn không cần khía sấu chỉ cần ngâm nước muối 20ph. | Bước 2:Các bạn vớt sấu ra rổ, để thật ráo nước rồi dùng dao nặng đập dập sấu, ngâm sấu với đường, gừng băm nhuyễn. Để gừng sợi dài và đẹp hơn thì các bạn giã nhuyễn và sẽ sợi nhé. | Bước 3:Ngâm sấu với đường trong 6h đồng hồ để sấu ngấm hết đường và trong công đoạn này, khi đường tan hết thì lúc xào sấu sẽ giòn hơn. | Bước 4:Trực tiếp bắc chảo sâu lòng lên bếp than hoa để tiết kiệm chi phí , thêm 1 thìa cà phê muối rồi đun lửa nhỏ. Đun đến khi nước đường keo lại chuyển sang màu hổ phách là được. Sau khi xào đường xong các bạn bầy ô mai sấu là mâm rồi phơi nắng to trong 2h hoặc cho vào lò nướng 100 độ C trong 1h để sấu khô. | Các bạn gắpmón ngon dễ làmvào hộp kín, bảo quản lạnh là có thể để được rất lâu đó. Các bạn thích có những sợi gừng khô vàng thì sau khi xào xong ô mai, các bạn giã và xé thêm tí gừng, rang nóng trên chảo dày 1 lúc cho gừng khô rồi rắc vào ô mai là ngon và bắt mắt không kém ngoài hàng nhé!"
Gỏi tai heo chua ngọt,60 phút,4 người,Dễ,"Tai heo-300g | Vừng, lạc rang- | Hành lá, gừng, hạt tiêu, xì dầu, sa tế-","Bước 1:Tai heo các bạn rửa sạch rồi luộc qua để dễ cạo lông hơn, cạo sạch lông, sát muối cho sạch hẳn rồi rửa lại với nước. Bắc một nồi nước để luộc tai heo. Các bạn chú ý cho vào nước luộc vài gốc hành, gừng lát thát, hạt tiêu nguyên hạt và một chút xíu muối nhé! | Bước 2: Teo heo sau khi đã luộc chín tới, các bạn vớt ngay ra một âu nước lạnh đã đun sôi để ngâm tai heo nhé, với cách này, tai heo sẽ giòn hơn rất nhiều. | Bước 3: Làm nước trộngỏi tai heo chua ngọt: Nước trộn gỏi sẽ gồm có: 3 xì dầu, 1 dầu mè, 1 sa tế, 2 đường và 1 giấm. | Bước 4: Thái tai heo thành từng miếng vừa ăn rồi trộn với hỗn hợp gia vị ở trên. Khi trình bày trên đĩa các bạn rắc thêm vừng rang và lạc rang giã thô để món ăn thơm ngon hơn. Có thể dùng món ăn với phồng tôm rán."
Canh sườn mướp đắng thanh mát cho mùa hè,1 giờ 20 phút,4 người,Dễ,Sườn non-200g các loạ | Mướp đắng-1 quả | Hành lá-4-5 cọng | Gừng-1-2 nhánh | Hành tím-2-3 củ | Tỏi-4-5 nhánh,"Bước 1: Hướng dẫn nấu ăn ngon hàng ngày mướp đắng rửa sạch rồi sau đó ngâm nước muối loãng trong 15ph rồi sau đó vớt ra rổ để ráo. Bổ đôi mướp đắng, lấy ruột rồi thái miếng vừa ăn. Lúc này ta tiếp tục ngâm mướp đắng với nước muối loãng rồi đem đi trần sơ qua để mướp giữ màu đẹp. | Bước 2: Sườn rửa sạch rồi cho vào nồi nước đun đến khi sôi thì tắt bếp, gạn hết nước đun rồi rửa lại sườn cho thật sạch, sau đó cho sườn vào một nồi khác ninh đến khi sườn róc thịt là được. Các bạn chú ý là vớt bọt thường xuyên cho nồi sườn thì nước ninhmón ngon mỗi ngàysẽ rất trong. | Bước 3: Xắt lát gừng và bóc vỏ tỏi ra, cho gừng và tỏi vào nồi sườn, sau đó cho mướp đắng vào, ninh nhỏ lửa cho đến khi tất cả các nguyên liệu chín mềm thì nêm nếm gia vị cho vừa miệng rồi tắt bếp. Bạn có thể cho thêm hạt kỳ tử đểcanh sườn mướp đắngthêm đẹp mắt nhé! | Tham khảo thêm:Cách làm sườn xào chua ngọt miền Bắc"
Canh củ sen hầm sườn non thanh mát,1 giờ 10 phút,4 người,Dễ,"Sườn non-Vừa đủ | Củ sen-Vừa đủ | Hành lá, gừng-Vừa đủ | Gia vị-Vừa đủ","-Dạy nấu ăn ngoncủ sen gọt vỏ ngoài và rửa sạch nhiều lần với nước cho sạch bùn. Dùng đũa con để làm sạch các chỗ bùn trong củ sen. Cắt miếng nhỏ vừa ăn. | - Sườn rửa sạch, luộc qua 1 nước để gạn bỏ các chất bẩn có trong sườn, hành lá rửa sạch, thái nhỏ. Gừng gọt bỏ, thái miếng để nướccanh củ sen nấu sườnthơm và dễ ăn hơn. | - Bắc nồi áp suất lên bếp, cho sườn và gừng vào xào sơ qua với muối rồi đổ nước săm sắp, đậy nắp vung và đun đến khi sườn chín, róc xương là được. | - Khi nồi áp suất hết hơi, các bạn mở từ từ nấp vung rồi thả củ sen vào đun, lần này không cần đóng áp suất nữa. Nêm nếm lại gia vị chomon ngon moi ngayvừa ăn. Khi củ sen mềm thì tắt bếp, rắc hành lá lên và múc ra bát to, dùng nóng với cơm. | Tham khảo thêm:Cách làm sườn xào chua ngọt miền Bắc"
Canh rau ngót nấu thịt,60 phút,4 người,Dễ,"Rau ngót- | Thịt nạc băm- | Hành khô, gia vị-","- Rau ngót mua về tước lấy lá, rửa sạch, rồi vò dập để khi nấu món canh rau không bị khó ăn và dai, cứng. Sau đó vớt ra rổ để chuẩn bịnau an. | - Thịt nạc rửa sạch rồi băm nhỏ, bắc nồi lên bếp, cho 1 chút dầu ăn, phi thơm ít hành khô, bóc vỏ thái nhỏ vào rồi cho thịt vào xào sơ trước với một chút muối. | - Khi thịt chín thì cho rau ngót vào xào cùng, chú ý nêm thêm ít muối hoặc hạt nêm để móncanh rau ngót nấu thịtthêm đậm đà. | - Đổ nước vào nồi ngập rau, đun đến khi sôi thì nêm nếm lại gia vị chomón ngon dễ làmnày. Khi rau chín mềm thì tắt bếp, rắc chút mì chính là món ăn đã hoàn tất rồi. | Các bạn chú ý là rau ngót cũng nhanh nhừ vì vậy không nên đun quá lâu, vừa mất chất trong rau lại nhanh nhừ nát, khiến món canh không ngon. | Nguồn: Kenh14"
Dưa chua xào thịt nạc,25,4 người,Dễ,Dưa chua-400g | Thịt nạc-200g | Ớt chuông đỏ-1 quả | Gia vị-,"Bước 1:Dạy nấu ăn ngonthịt nạc rửa sạch thái miếng. Dưa chua bóp bớt nước cho đỡ chua và mặn, sau đó thái miếng vừa ăn. Ớt chuông bổ đôi, bỏ hạt rồi cũng thái miếng vừa ăn. | Bước 2: Bắc chảo lên bếp, cho ít dầu ăn vào chảo, cho dua chua vào xào trước. Do dưa chua đã mặn nên không cần nêm thêm gia vị. | Bước 3: Cho thịt nạc vào xào cùng với dưa chua để ngấmmón ngon dễ làm. | Bước 4: Nêm nếm lại gia vị cho thịt, các bạn chú ý là khi xào, vị mặn và chua của dưa chua cũng sang thịt, nên khi nêm gia vị, các bạn cần chú ý không để quá tay nhé. | Bước 5: Cho ớt chuông vào xào cuối cùng, khi ớt chuông chín thì tắt bếp, múcdưa chua xào thịt nạcra đĩa, dùng nóng. | Nguồn: Kenh14"
Canh bí đỏ nấu thịt,35,4 người,Dễ,"Bí đỏ-1/4 quả | Tôm tươi-200g | Thịt nạc xay-100g | Tỏi, hánh lá, gia vị-","Bước 1:Học nấu ăn ngonbí đỏ gọt vỏ, bỏ ruột và thái miếng vừa ăn, tôm bóc nõn, bỏ chỉ đen rồi rửa sạch. | Bước 2: Tôm nõn cho vào cối giã thô, thịt nạc xay nhuyễn. Tỏi bóc vỏ, đập dập. | Bước 3: Bắc nối lên bếp lửa, cho 2 thìa dầu ăn phi thơm tỏi sau đó cho tôm và thịt vào xào sơ qua với một chút muối để khi dùngcanh bí đỏ nấu thịtkhông bị nhạt. | Bước 4: Cho bí đò vào tiếp, thêm muối và xào sơ qua cho bí đỏ ngấm muối, đổ nước vào ngập bí đỏ và đun đến khi sôi thì hạ nhỏ lửa, nêm nếm lại gia vị. | Bước 5: Hành lá rửa sạch, thái nhỏ. Khimón ngon mỗi ngàychín bở thì các bạn thả hành lá vào, tắt bếp và múc canh ra bát, dùng với cơm. | Nguồn: Kenh14"
Hoa thiên lý xào thịt bò,25,4 người,Dễ,"Thịt bò-300g | Hoa thiên lý-300g | Tỏi, dầu hào-","Bước 1:Dạy nấu ăn ngonhoa thiên lý rửa sạch rồi để ráo nước. Thịt bò thái mỏng đúng thớ ngang của thịt, ướp với chút tỏi và gừng băm nhỏ. | Bước 2: Bắc chảo lên bếp, cho ít dầu ăn vào chảo, khi dầu nóng cho thịt bò vào xào, vì trong thịt bò đã ướp tỏi và gừng nên không cần phi tỏi trước. Xàohoa thiên lý xào thịt bòtrong ngọn lửa lớn đến khi gần chín. Nêm ít dầu hào vừa ăn rồi trút ra đĩa. | Bước 3: Dùng lại chảo vừa xào thịt bò để xào hoa thiên lý, cũng nêm nếm dầu hào sao cho vừa miệng, khi hao thiên lý gần chín, các bạn cho thịt bò vào xào thêm 1 lúc nữa rồi tắt bếp, múcmón ngon dễ làmra đĩa, dùng nóng. | Nguồn: Kênh 14"
Bí đỏ xào tỏi thơm ngon,25 phút,4 người,Dễ,"Bí đỏ-300g | Tỏi-1 củ | Gia vì-Muối, tiêu, nước mắm, hạt nêm | Hành lá rửa sạch, thái nhỏ-1 nhánh","Bước 1:Hướng dẫn nấu ăn ngon hàng ngàybí đỏ rửa sạch, gọt vỏ và bỏ ruột đi, thái miếng vừa ăn. Để xào bí đỏ nhanh thì các bạn nên thái mỏng 1 chút. | Bước 2: Tỏi bóc vỏ rồi đập dập, nếu muốn tiết kiệm thời gian làm hơn thì các bạn có thể đập dập rồi mới bóc vỏ, sẽ nhanh hơn rất nhiều. | Bước 3: Phi thơm tỏi trong 1 xoong nấu canh có đế dày vừa phải. Khi tỏi thơm thì các bạn cho bí đỏ vào xào. Đểbí đỏ xào tỏiđược đậm đà ngấm gia vị. | Bước 4: Sau khi cho bí đỏ vào, các bạn nêm nếm gia vị: muối, nước mắm và hạt nêm, xào sơ qua thêm 1 lúc để ngấm, sau đó đổ chút nước vào để khi xào không bị cháy. | Bước 5: Đun đến khi bí đỏ mềm làmón ngon mỗi ngàyđã hoàn thành, bạn tắt bếp, rắc hành lá và hạt tiêu lên trên nhé!"
Canh bí tôm thịt,30,4 người,Dễ,Bí xanh-300g | Cà rốt-1 củ | Giò sống hoặc thịt nạc xay-100g | Tôm khô-50g | Gia vị-,"Bước 1:Học nấu ăn ngontôm khô rửa sạch, ngâm mềm, xắt nhỏ hoặc băm nhỏ. Trộn chung tôm với giò sống hoặc thịt xay nêm chút muối, chút hạt nêm, chút hành băm nhỏ. Bắc nồi nước dùng lên bếp, đến khi sôi cho thịt vo viên vào. | Bước 2:  Bí xanh cắt khúc hoặc cắt khoanh tùy thích cho móncanh bí nấu tôm thịt. | Bước 3: Cà rốt gọt vỏ, thái khoanh. Khi thịt chín thì cho cà rốt vào, khi cà rốt mềm, nêm vào canh 1/2 muỗng muối, chút đường, 1/2 muỗng nhỏ hạt nêm. | Bước 4: Nêm cho vừa miệng, sau đó cho bí xanh vào. Bí xanh vị ngọt sẵn, tự nhiên nên đừng cho nhiều đường sẽ mất ngon. Khi nấumón ngon mỗi ngàynhớ chú ý vì bí xanh rất nhanh chín nên để lửa sôi chừng 1 - 2 phút thì tắt bếp, nhấc xuống dùng nóng cùng cơm rất ngon. | Nguồn: Ngôi sao"
Sườn non sốt me,30,4 người,Dễ,"Sườn non-500g | Me khô cô đặc- | Gia vị, đường, tiêu- | Hành khô, tỏi- | Cà chua thái hạt lựu-1 quả | Bột năng-","Bước 1:Hướng dẫn nấu ăn ngon hàng ngàysườn rửa sạch, ướp với gia vị, hạt tiêu, để 15 phút cho ngấm. | Bước 2: Lấy 1 thìa me khô to, cho vào 1 chút nước nóng, để trong 10ph rồi dùng thìa dầm cho thịt me tan hết, lọc lấy nước me, bỏ cái đi. | Bước 3: Hành khô, tỏi khô băm nhỏ, phi với dầu ăn cho thật thơm. Lọc bỏ xác hành tỏi khô, chắt lấy dầu đã phi thơm. Dùng chính dầu này để rán sườn. Cách làm này giúp miếngsườn non sốt mevẫn thơm mùi hành tỏi phi, nhưng không bị cháy đắng vì có hành tỏi khô dính quanh miếng sườn khi rán. Sườn rán vàng hai mặt, vớt để riêng cho ráo mỡ. | Bước 4: Dùng một chiếc chảo khác, cho chút dầu ăn rồi đảo qua cà chua cho mềm. Sau đó, cho nước cốt me, nêm chút gia vị và đường cho vừa khẩu vị, rồi cho tiếp sườn vào đun cho đến khi gần cạn, nước sốt sánh lại là được. Dọnmón ngon mỗi ngàyra đĩa, dùng nóng với cơm. | Xem thêm:Hướng dẫn cách làm sườn sốt cà chua ngọt"
Sườn rim chua ngọt ngon mê ly cho bữa cơm nhà,60 phút,4 người,Dễ,"Sườn non-700 gr | Trứng gà-1 quả | Ớt sừng-10 gr | Hành tím-10 gr | Tỏi-10 gr | Tương ớt-1.5 muỗng canh | Tương cà-1.5 muỗng canh | Nước tương-5 muỗng cà phê | Giấm-2 muỗng cà phê | Bột bắp-2 muỗng canh | Dầu ăn-50 ml | Gia vị-Muối, đường, hạt nêm, bột ngọt, tiêu","1. Sơ chế nguyên liệu | Sơ chế sườn: Sử dụng muối hoặc chanh để chà xát mặt thịt của sườn heo. Sau đó, rửa sườn lại với nước sạch để loại bỏ muối hoặc chanh trên bề mặt, sau đó để ráo. Tiếp theo, chặt sườn thành các miếng nhỏ vừa ăn. | Trụng sườn: Chuẩn bị một thau hoặc nồi lớn, đổ nước sôi vào thau sao cho mặt sườn được ngập trong nước. Trụng sườn trong nước sôi khoảng 5 - 10 phút, sau đó vớt sườn ra và xả sạch bằng nước lạnh để loại bỏ cặn bẩn. | Rửa và để ráo: Xả sườn bằng nước sạch để loại bỏ bất kỳ tạp chất nào còn lại trên bề mặt. Sau đó, để sườn ráo trong một chỗ khô thoáng. | 2. Ướp và chiên sườn | Chuẩn bị gia vị: Trong một tô, trộn đều 1/3 muỗng cà phê muối, 2 muỗng cà phê hạt nêm, 1/3 muỗng cà phê bột ngọt, 1 muỗng cà phê nước tương, 1 muỗng canh đường, 1/3 muỗng cà phê tiêu xay, 5g tỏi băm và 10g hành tím băm. | Ướp sườn: Đặt sườn vào một tô và rắc đều gia vị đã chuẩn bị lên sườn. Đảo đều để sườn thấm đều gia vị. Ướp sườn trong khoảng 15 - 20 phút để gia vị thấm vào sườn đều. | Chuẩn bị hỗn hợp bột áo: Đập 1 quả trứng gà và tách lấy lòng trắng. Hòa lòng trắng trứng với 2 muỗng canh bột bắp. | Áo sườn bằng hỗn hợp bột áo: Cho hỗn hợp bột bắp và lòng trắng trứng vào tô chứa sườn. Trộn đều để bột áo phủ đều lên sườn. | Một gợi ý nhỏ: Ướp thịt với lòng trắng trứng gà và bột bắp giúp sườn khi chiên có màu vàng đẹp và trở nên giòn hơn. | Chiên sườn: Đặt một chảo lên bếp và đổ dầu ăn vào chảo. Chờ đến khi dầu ăn nóng, sau đó đặt phần sườn đã được áo bột vào chảo và chiên ở lửa vừa. Chiên sườn cho đến khi sườn chín vàng và cạnh sườn trở nên giòn. Sau đó, vớt sườn ra khỏi chảo để ráo dầu. | 3. Rim sườn | Đổ bớt dầu từ chảo, giữ lại một ít dầu và cho tỏi vào phi thơm. | Thêm 10g ớt sừng băm nhuyễn và toàn bộ phần sốt đã pha trước đó vào chảo. Tiếp theo, đổ 50ml nước lọc vào tô chứa nước sốt, tráng đều rồi đổ vào chảo. Đun nước sốt cho đến khi hỗn hợp sôi lên và hơi sánh lại. | Rim sườn ở lửa nhỏ trong khoảng 5 phút cho đến khi nước sốt sánh kẹo lại và sườn ngấm đều gia vị. Sau đó, tắt bếp. | Bày sườn ra đĩa và trang trí để tạo thành một món ăn đẹp mắt. | 4. Thành phẩm | Món sườn rim chua ngọt dễ thực hiện, với các nguyên liệu đơn giản và dễ tìm kiếm. Tuy nhiên, hương vị của nó lại vô cùng thơm ngon và hấp dẫn, tạo cảm giác thèm thuồng khiến bạn muốn ăn thêm. Mỗi miếng sườn thấm đầy hương vị, kết hợp với sốt chua chua, ngọt ngọt, tạo ra một cảm giác kích thích vị giác tuyệt vời khi ăn kèm cơm."
Canh cua mồng tơi ngon mát cho mùa hè,40 phút,4 người,Dễ,Cua đồng-300 gram | Rau mồng tơi-300 gram | Hành tím-2 củ | Dầu ăn-2 muỗng canh | Nước mắm-1 muỗng canh | Muối-Một ít,"1. Sơ chế của đồng | Đầu tiên, bắt đầu với 300 gram cua đồng, hãy sử dụng tay để tách bỏ mai và yếm, sau đó rửa cua một vài lần với nước cho sạch và để ráo. Đồng thời, lấy muỗng để gạch cua từ yếm cho vào một chén riêng. Tiếp theo, chuẩn bị máy xay sinh tố và đổ số cua đồng đã để ráo cùng 300ml nước lọc vào máy, sau đó xay nhuyễn hỗn hợp trong khoảng 3 phút ở mức vừa. | Khi thấy hỗn hợp đã nhuyễn, tắt máy và sử dụng rây để lọc phần xác cua, chỉ giữ lại nước riêu cua để sử dụng trong chế biến. | 2. Sơ chế nguyên liệu khác | Tiếp theo, với 300 gram rau mồng tơi, bạn hãy nhặt lấy các lá non và đồng thời loại bỏ những lá dập úng hoặc héo úa. | Sau đó, ngâm rau mồng tơi trong nước muối pha loãng trong khoảng 10 phút, sau đó rửa lại 1-2 lần với nước để làm sạch và để ráo. Sau đó, sử dụng dao để cắt rau thành khúc dài khoảng 1-2 phần ngón tay. | Cuối cùng, lột vỏ hành tím và băm nhuyễn nó. | 3. Xào gạch cua | Sau khi chuẩn bị xong nguyên liệu, hãy đặt một chảo lên bếp và thêm 1 muỗng canh dầu ăn, sau đó đun chảo với lửa vừa. Chờ đến khi dầu nóng, bạn hãy cho hành tím đã băm nhuyễn vào chảo và phi thơm trong khoảng 3 phút. | Tiếp theo, thêm chén gạch cua vào chảo và sử dụng sạn dẹt để xào đều trong khoảng 3-5 phút, cho đến khi thấy gạch cua trở nên hơi sánh và đặc. Khi đó, bạn có thể tắt bếp. | 4. Nấu canh | Khi vô tình chạm mắt, tô canh cua mồng tơi đã tỏa sáng với màu sắc bắt mắt từ riêu cua và sự tươi tốt của rau xanh, nhanh chóng thu hút mọi người! | Đặc biệt, riêu cua mềm mịn và ngọt ngào, kết hợp với hương vị tươi ngon của rau và nước dùng đậm đà, thực sự là một món ăn không thể thiếu trên bàn cơm!"
Thịt lợn mán tái chanh thơm ngon ngọt,60 phút,4 người,Dễ,Thịt lợn mán (Chọn phần thịt vai hoặc thịt đùi)-500gr | Gừng-1 nhánh | Sả-2 cây | Vừng trắng rang vàng-3 thìa | Dầu vừng-1 thìa | Chanh-1/2 quả | Đường-1 thìa | Bột canh-1 thìa | Chuối xanh-1 quả | Khế chua-1 quả | Ớt-Tuỳ thích | Giấm-2 thìa | Muối-1 thìa,"Gừng và 2 củ sả đập dập chia thành 2 phần, 1 củ sả còn lại băm nhỏ. | Chuối xanh lột vỏ, cắt lát mỏng, ngâm vào nước pha muối và giấm cho đỡ bị thâm rồi để ráo. Khế chua rửa sạch, cắt lát. Vừng rang vàng. | Thịt lợn rửa sạch, dùng dao cao sạch phần bì. Đun sôi nước, thả một phần gừng, sả vào rồi cho thịt vào trần trong khoảng 2-3 phút để loại bỏ các chất bẩn và mùi hôi của thịt, sau đó rửa sạch lại với nước. | Hấp thịt với chỗ gừng và sả còn lại cho tới khi chín (mất khoảng 10-15 phút sau khi nước sôi, các bạn dùng đũa châm không thấy nước đỏ chảy ra là thịt chín). Gắp thịt ra thả vào bát nước đá ngay cho thịt trắng và mềm. | Dùng dao sắc thái thịt lợn mán đã luộc thật mỏng, cho vào tô. | Vắt nửa quả chanh vào tô, thêm đường, muối, dầu vừng, 1/2 chỗ vừng rang, ớt thái nhỏ vào, dùng găng tay trộn đều. Sau khi trộn xong các bạn có thể nêm nếm lại gia vị cho vừa miệng rồi xếp thịt ra đĩa, rắc chỗ vừng còn lại lên trên là ta đã làm xong món thịt lợn mán tái chanh. Các bạn ăn thịt lợn mán tái chanh cùng với khế chua và chuối xanh không thôi cũng ngon, nếu thích, các bạn có thể chấm tương gừng ăn cũng siêu hợp vị nhé."
Xôi cốm dẻo thơm ngon khó chối từ,2 giờ 00 phút,4 người,Dễ,Cốm-300g | Đỗ xanh-100g | Dừa tươi-50g | Đường kính trắng-4 thìa cà phê | Dầu ăn-2 thìa,"Bước 1:Đậu xanh ngâm trong nước nóng 2h rồi đãi sạch, để ráo nước, trộn với 1/3 thìa cà phê muối để trong chiếc chén con. Nếu là đỗ xanh chưa bỏ vỏ thì bạn nên ngâm trước đó 3h rồi đãi sạch vỏ đi nhé. | Bước 2:Cho đỗ xanh vào nồi hấp và hấp cho đến khi chín. Nếu không có xoong hấp bạn có thể cho vào nồi cơm điện và nấu như cơm. Không nên cho nhiều nước, khi đỗ sôi sẽ trào nước ra nồi. | Khi đậu chín thì cho vào cối giã nhuyễn hoặc nghiền bằng thìa. | Bước 3:Trộn cốm với 2 thìa dầu ăn, rồi cho vào hấp. Khi hấp bạn nên cho lửa liu riu, đợi trong 5-7 phút là cốm chín. | Bước 4:Lấy cốm đã chín và trộn với 2 thìa đường trắng, rồi đem hấp lại trong 5 phút. | Bước 5:Dừa nạo thành sợi ướp với chỗ đường còn lại, để trong 20 phút. | Cho 1 chút dầu ăn vào chảo, để lửa nhỏ cho dừa tươi ướp đường vào xào cho săn lại. Bạn có thể nhận thấy dừa săn lại là khi đường cô lại, bám chặt vào từng sợi dừa, tuy nhiên bạn không nên để quá lửa để dừa bị cháy có màu vàng nhìn sẽ không đẹp mắt. | Bước 6:Đổ xôi ra một cái khay rộng rồi trộn đều xôi cốm với dừa và đậu xanh đã giã nhuyễn. | Để có hình thức bắt mắt bạn có thể trải lá sen hoặc lá chuối lót dưới đĩa hay mẹt nhỏ rồi hãy đổ xôi cốm lên. | Chúc bạn và gia đình thành công với cách nấu xôi cốm thơm ngon hấp dẫn này!"
Nộm gà hoa chuối siêu ngon,35 phút,4 người,Dễ,Hoa chuối-1 bắp | Thịt gà-400g | Muối-Vừa đủ | Lạc rang- | Rau húng quế-1 mớ | Tỏi-3-4 nhánh | Đường-Vừa đủ | Giấm-Vừa đủ | Chanh-1-2 quả | Nước mắm-Vừa đủ | Ớt-1-2 quả,"Bước 1:Học nấu ăn ngonthịt gà rửa sạch cho vào nồi nước lạnh luộc chín, trong nồi nước luộc ta cho thêm gừng và hành khô nướng để thịt gà thơm hơn, khi nước sôi, vớt bọt để nước dùng trong. Khi gà chín thì vớt ra ngoài để nguội. Dùng tay xé thịt gà thành những miếng nhỏ. | Bước 2: Bắp hoa chuối bỏ đi những phàn già, thái mỏng rồi cho ngay vào thau nước lạnh pha giấm hoặc chanh loãng để hoa chuối không bị thâm. | Bước 3: Tỏi và ớt giã nhuyễn, hòa tan 2 thìa canh đường và 2 thìa canh nước mắm cùng với 2 thìa canh chanh hoặc giấm, hòa cùng với tỏi và ớt để làm nước trộn chonộm gà hoa chuối. | Bước 4: Hoa chuối sau khi ngâm còn ướt, lấy tay vắt sạch nước. Trộn hoa chuối và thịt gà vào 1 bát tô sạch, trộn cùng với nước trộn, để 15ph cho ngấm. Khi dùngmón ngon mỗi ngày, múc ra bát, rắc lên lạc rang giã thô và rau húng quế thái nhỏ."
Canh cua rau rút,40,4 người,Dễ,"Rau rút-1 mớ | Cua đồng-200g | Cà chua-3 quả | Hành khô- | Dầu ăn, hạt nêm, bột canh, mì chính-","Bước 1:Học nấu ăn ngonrửa sạch của với nước 2 lần, tách cua làm 2 nửa, bỏ yếm cua. Dùng tăm khều phần gạch cua trên mai rồi bỏ đi, lấy phần chân, càng cua đem xay nhuyễn hoặc giã. Trong quá trình xay và giã cho thêm ít muối hạt để cua đậm. Thêm nước rồi lọc lấy nước trong. | Bước 2: Rau rút nhặt sạch, rửa lại nhiều lần với nước rồi để ráo, cà chua bổ múi cau, hành khô băm nhỏ. | Bước 3: Phi thơm hành khô với dầu ăn rồi cho cà chua vào chảo xào sơ qua, tiếp đến cho gạch cua vào phi thơm, cho 1/2 thìa bột canh vàomón ngon mỗi ngày. | Bước 4: Đổ cà chua vào nồi nước cua, thêm 1/2 thìa bột canh rồi đun nhỏ lửa cho cua đóng gạch. Sau khi cua đóng gạch, các bạn múc gạch ra khỏi nồi, để trong quá trình nấu tiếp, gạch cua không bị nát. | Bước 5: Sau đó thì cho rau rút vào, nêm nếm vừa ăn, đun tiếp 2ph cho rau rút chín, tắt bếp rồi rắc chút mỳ chính vào canh. Khi dùngcanh cua rau rútcác bạn múc canh ra bát rồi xếp gạch cua lên trên. Món canh nhìn vừa đẹp mắt mà gạch cua lại không bị nát. | Nguồn: Xinhxinh"
Canh trai nấu bầu,45,4 người,Dễ,"Trai-1 kg | Bầu-1 quả nhỏ | Muối, nước mắm, hành khô, hành lá, hạt tiêu, dầu điều-","Bước 1:Học nấu ăn ngontrai ngâm nước, đãi vỏ thật sạch rồi ngâm trai trong âu nước cho nhả hết bẩn, sau đó đem trai đi luộc, đến khi thấy trai mở miệng là được. Lấy thịt trai, bỏ vỏ và giữ nước luộc trai để làm nước canh. | Bước 2: Đun nóng hai thìa nhỏ màu dầu điều, phi đầu hành và hành khô thơm, cho thịt trai vào xào khoảng 2 phút thì thêm vào khoảng 2 bát con nước luộc trai, đun sôi. | Bước 3: Bầu rửa sạch, có thể băm bầu hoặc nạo sợi mỏng để nấucanh trai nấu bầu. | Bước 4: Cho tiếp bầu đã gọt vào trong nồi canh, nêm nếm lại gia vị vừa ăn. Bầu là loại thực phẩm nhanh chín và nóng lâu, chỉ cần canh sôi là tắt bếp, rắc chút hành lá vào, những miếng bầu còn trắng thì bạn lấy đũa dìm xuống là sẽ chín. Múcmón ngon mỗi ngàyra bát dùng cùng cơm nóng. | Lưu ý: Nếu các bạn thích ăn canh chua, có thể thêm cà chua bổ múi cau vào lúc xào thịt trai, như thế canh sẽ có vị chua và màu sắc đẹp mắt."
Thịt lợn ngâm mắm,45,4 người,Dễ,Thịt lợn-1kg | Nước mắm-350ml | Đường-350g | Nước-100ml | Tỏi-3 tép tỏi to cắt lát,"-Dạy nấu ăn ngon cách chọn thịt lợn ngon:Chọn thịt mông hoặc thịt chân giò, da mỏng và lớp mỡ không quá dày. Dùng chỉ hoặc sợi giang buộc chặt rồi luộc chín để miếng thịt sau khi luộc xong có hình tròn đẹp mắt. Luộc chín thịt từ nước lạnh có thả chút muối. Món ăn này có thể làm với thịt bò, tuy nhiên thịt lợn sẽ cho màu sắc đẹp hơn. | - Cách đun nước mắm sạch và ngon: | + Cho nước mắm và đường vòa 1 chiếc nồi vừa, không quá to và không quá nhỏ. Ngâm trong 2 - 3h cho đường tan bớt rồi mới bật bếp để lửa nhỏ, vừa đun vừa khuấy đều cho chỗ đường tan hết. Sau khi đường tan hết thì để sôi nhẹ trong 2ph rồi tắt bếp, để thật nguội nước mắm. Nếu nước mắm còn nóng sẽ làm món thịt ngâm nhanh bị mốc. | + Tiệt trùng lọ thủy tinh đựng mónthịt lợn ngâm mắm,chọn lọ thủy tinh sao cho khi cho nước mắm và thịt vào, vẫn cách miệng bình 5cm. | - Ngâm thịt: | + Ngâm nhanh: Với cách ngâm nhanh này, cá bạn thảo chỉ buộc thịt lợn, thái miếng mỏng. Xếp thị vào hũ cùng với tỏi rồi đổ nước mắm vào ướp chung, nước mắm phải cao hơn thịt khoảng 3-4cm. Để khoảng 1 ngày ở nơi khô ráo là có thể ăn được. | + Ngâm lâu hơn: Để nguyên cả khổi thịt cho vào lọ và cũng rót nước mắm vào, ngâm từ 3 - 4 ngày là có thể ăn được. | + Thịt lợn khi ngâm nước mắm, càng ngâm lâu sẽ càng mặn, tuy nhiên thịt lợn khi ngâm lâu thì phần bì sẽ trở nên trong và giòn hơn. Tùy vào nhiệt độ và thời tiết mà các bạn tính thời gian ngâmmón ngon dễ làmnày nhé. | + Nếu trong quá trình ngâm có nổi các mốc váng ở trên bề mặt thì các bạn bỏ hết nước mắm đi và đun lại 1 phần nước mắm mới rồi cho vào lại. | - Các món ăn kèm: | Với món ăn này, các bạn có thể ăn kèm cùng các loại củ quả muối chua hoặc cuốn bánh tráng với các loại rau củ và chấm với nước chấm chua ngọt ít mặn."
Nộm thịt bò mềm siêu ngon,45 phút,4 người,Dễ,"Thịt bò-300g | Cà rốt-1 củ | Dưa chuột-1 quả | Hành tím-1 củ | Thính-1 thìa nhỏ | Sả-1 cây | Muối, đường, nước mắm, ớt, tỏi, chanh- | Rau thơm, tỏi phi thơm, lạc, vừng.-","Bước 1:Học nấu ăn ngonthịt bò để lên ngăn đá 10ph cho dễ thái, lấy ra rửa sạch rồi thái miếng mỏng. Đun nồi nước sôi cho thịt bò vào chần chín tái, hoặc có thể cho thịt bò vào bát, vắt chanh để thịt bò chín tái. | Bước 2: | - Hành tím bóc vỏ, rửa sạch rồi thái mỏng, ngâm với nước và vài giọt giấm cho hết hăng. Cà rốt và dưa chuột nạo vỏ, thái chỉ. Riêng với dưa chuột thì cho thêm 1 thìa nhỏ muối, ướp trong 5ph rồi vắt nước. | - Sả tước bỏ vỏ cứng, thái mỏng. | - Vừng và lạch rang thơm riêng trong 2 chảo. Với lạc khi rang xong các bạn để nguội rồi đãi vỏ, giã thô. | Bước 3: Nêm nước rưới vàomón ngon mỗi ngàynày: Tỏi, ớt quả giã nhuyễn với ba thìa nhỏ đường cát trắng, pha vào bát tỏi ớt khoảng hai thìa canh nước mắm, vắt vào vài giọt chanh. Hỗn hợp nước mắm trộn hơi sền sệt, nêm chua, mặn vừa ý. | Bước 4: Cho thịt bò vào âu sạch, thêm dưa leo, cà rốt, hành tây, củ kiệu, thính và bát nước mắm vào, dùng đũa đảo đều hoặc tay đeo bao tay nilon sạch, trộn đều. Cho tiếp sả vào, nêm gia vị lại cho vừa ăn. Bên trên thêm lạc và vừng rang, khi dùng múclàm nộm thịt bòra đĩa thêm tỏi phi và rau thơm cắt nhỏ lên bề mặt, dùng với cơm hoặc ăn kèm với bánh phồng tôm."
Đậu phụ om dưa cải chua,50,4 người,Dễ,"Đậu phụ-1 - 2 bìa | Dưa cải chua-200g | Thịt nạc xay-200g | Tương ớt Hàn Quốc-1 thìa canh | Muối, đường, nước mắm, hành khô, hành lá-","Bước 1:Hướng dẫn nấu ăn ngon hàng ngàysơ chế các nguyên liệu: | - Đậu phụ rửa sạch, cắt miếng vừa ăn. | - Dưa cái chua rửa sạch, vắt kiệt nước cho đỡ chua và mặn. Cắt miếng vừa ăn. | Bước 2: Thịt nạc xay đổ ra bát, thêm một thìa nhỏ muối, một ít hạt tiêu và hành khô thái nhỏ, trộn đều ướp khoảng 15 phút. Đun nóng một ít dầu ăn ở nồi, phi hành thơm, cho thịt vào xào chín. | Bước 3: Cho thêm đậu phụ, tương ớt Hàn Quốc vào nồi thịt đang đunmón ngon dễ làm, lắc đều nồi rồi đậy nắp. Đun thêm 10ph thì mở nắp nồi, rưới ít nước mắm, đường rồi tiếp tục đun sôi trong lửa nhỏ. | Bước 4: Cho tiếp dưa cải chua vào đun cùng, nếu nồi cạn nước thì bạn châm vào nồi một ít nước lọc, tiếp tục đun khoảng 25-30 phút. Nêm lại gia vị cho vừa ăn, rắc hành lá lên trên rồi tắt bếp. Múcđậu phụ om dưa cải chuara bát, dùng nóng với cơm. | Nguồn: Ngôi sao"
Tôm xào ngũ sắc thơm ngon,50 phút,4 người,Dễ,"Tôm-200g | Ớt chuông-1/2 quả | Cà rốt-1 củ | Dưa chuột-1 quả | Hành tây-1/2 củ | Nấm hương-Vài tai nấm | Tỏi, gia vị, hạt nêm-","Bước 1: Học nấu ăn ngon cách sơ chế tôm tươi: Tôm bóc vỏ, lấy chỉ lưng, để lại phần đuôi cho đẹp, ướp với chút hạt nêm. | Bước 2: Sơ chế các loại rau: Ớt chuông rửa sạch, bỏ hạt thái miếng vừa ăn. Cà rốt, dưa chuột rửa sạch rồi ngâm nước muối loãng 15ph, sau đó vớt ra và thái mỏng để nguyên vỏ. Hành tây bổ múi cau, nấm hương ngâm nở, bỏ chân rửa sạch. | Bước 3: Để món ngon mỗi ngày có màu đẹp, các bạn trần ớt ngọt, cà rốt và dưa chuột qua nước sôi trước. Bắc chảo dầu lên bếp, phi thơm tỏi băm rồi các bạn cho tôm vào xào chín, sau đó các bạn gắp tôm ra đĩa. | Bước 4: Sử dụng lại chảo vừa xào tôm, các bạn xào các loại rau lần lượt từ cà rốt, xào gần chín thì cho ớt chuông, hành tây và dưa chuột vào xào tiếp, sau đó cho nấm hương, nêm nếm gia vị cho vừa ăn. Khi rau chín, các bạn cho tôm vào đảo qua rồi tắt bếp. Múctôm xào ngũ sắcra đĩa rồi dùng nóng với cơm."
Canh rau ngót nấu tôm thịt,30,4 người,Dễ,"Tôm-100g | Thịt nạc-150g | Rau ngót-1 bó | Hành khô, hạt nêm, muối-","Bước 1: Dạy nấu ăn ngon sơ chế tôm, thịt: | - Tôm rửa sạch, bóc vỏ, cắt đầu, rút chỉ đen. Băm nhuyễn tôm. | - Thịt nạc rửa sạch, cắt miếng vừa rồi xay nhuyễn thịt. Trộn tôm và thịt vào 1 bát tô, cho thêm chút muối, hạt tiêu vào trộn đều. | Bước 2: Rau ngót tuốt lấy lá, rửa sạch qua 2 lần nước rồi vò rau hơi nát. | Bước 3: Phi thơm hành khô trong nồi có dầu ăn, xào qua tôm thịt cho chín cho canh rau ngót nấu tôm thịt. Cho thêm nước lọc vào nồi đun đến sôi. | Bước 4: Thả rau ngót vào nồi nước, nêm nếm muối và hạt nêm cho vừa ăn. Đợi nước sôi thêm 1 lần nữa là món ngon dễ làm đã sẵn sàng."
Nộm sứa chua ngọt cho mùa hè,45 phút,4 người,Dễ,"Sứa-300g | Dứa-1/2 quả | Dưa chuột-2 quả | Muối, đường, giấm, nước mắm, ớt, tỏi, chanh-","Bước 1:Hướng dẫn nấu ăn ngon hàng ngàysơ chế sứa: Sứa mua sẵn ở các hàng đông lạnh hoặc siêu thị mang về cắt miếng vừa ăn, để ráo nước. | Bước 2: Dứa gọt vỏ, bỏ mắt rồi thái chỉ. Sau đó dùng tay vắt ráo nước. Lưu ý nên chọn trái dứa hơi xanh để khi vắt nước không bị nát. | Bước 3: Dưa chuột rửa sạch ngâm nước muối trong 15ph cho sạch, sau đó vớt ra để ráo nước, không nạo vỏ dưa chuột mà chỉ thái chỉ để mónnộm sứa chua ngọtđẹp mắt. Ngâm dưa chuột với 1 ít muối để dưa chuột giòn sau đó cũng vắt nước. | Bước 4: Tỏi bóc vỏ, ớt bỏ hạt rồi đem đi giã nhuyễn, vét ra bát rồi trộn cùng 2 thìa canh nước mắm, 2 thìa canh đường, 2 thìa canh nước chanh. Nêm cho vừa ăn. Trình bàymón ngon dễ làmvào đĩa rồi rưới nước trộn lên trên."
Nộm gà xé dưa chuột cà rốt thơm mát,50 phút,4 người,Dễ,Thịt lườn gà-450g | Dưa chuột-1 - 2 quả | Hành tây-1/2 củ | Tỏi tây-Vài cây | Gừng-1-2 nhánh | vừng rang-Vừa đủ | Mù tạt-Vừa đủ | Tỏi-1 củ | Lá nguyệt quế-Vừa đủ | Xì dầu-Vừa đủ | Nước chanh-Vừa đủ | Dấm gạo-Vừa đủ | Mật ong-Vừa đủ | Muối-Vừa đủ,"Bước 1:Học nấu ăn ngonsơ chế thịt lườn gà: Lườn gà bỏ da, rửa sạch rồi luộc từ nước lạnh. Trong nước luộc cho thêm tỏi bóc vỏ, 1 lát gừng rửa sạch và vài cây tỏi tây, có thể cho thêm là nguyệt quế. | Bước 2: Thịt lườn gà sau khi chín thì dùng dĩa hoặc tay xé nhỏ. | Bước 3: Dưa chuột rửa sạch, ngâm trong nước muối loãng tầm 15ph, rồi giữ nguyên vỏ, bổ đôi, bỏ ruột rồi thái mỏng. Cho vào bát dưa chuột 1/2 thìa nhỏ muối trộn đều rồi để trong 15ph cho dưa chuột giòn, sau đó dùng tay vắt bớt nước. | Bước 4: Hành tây bỏ vỏ, rửa sạch rồi cũng thái mỏng. Ngâm hành tây 15ph trong nước có pha ít giấm để hành tây bớt hăng cho mónnộm gà xé dưa chuộtngon. | Bước 5: Vừng rang giã nhỏ sau đó cho vào bát cùng với 1 thìa canh mật ong, 1 thìa canh xì dầu, 1 thìa canh nước chanh, 1 thìa canh giấm gạo, 2 thìa nhỏ mù tạt rồi khuấy đều. | Bước 6: Cho thịt gà, dưa chuột, hành tây và nước trộn ở bước 5 vào âu, dùng găng tay ny lông trộn đều, để khoảng 15 - 30ph cho ngấm rồi bàymón ngon dễ làmra đĩa."
Thịt nướng lá hẹ thơm ngon,50 phút,4 người,Dễ,Thịt lợn-700g | Hẹ-1 bó | Tương Miso-3 thìa canh | Xì dầu-1 thìa canh | Đường-2 thìa canh | Tỏi-5 tép | Hạt tiêu xay-1 thìa nhỏ | Bơ-100g,"Để mónthịt nướng lá hẹđược ngon không bị khô, các bạn nên chọn những phần thịt có lẫn mỡ. | Bước 1: Pha tương miso, xì dầu, đường, hạt tiêu xay và tỏi băm nhuyễn thành hỗn hợp sệt. | Bước 2: Lá hẹ rửa sạch rồi thái nhỏ, trộn lẫn cùng hỗn hợp ở bước 1. | Bước 3:Dạy nấu ăn ngonsơ chế thịt nạc: thịt rửa sạch, thái miếng vừa ăn, không nên thái quá dày hay quá vụn thịt để chất lượng món ăn được cao nhất. Trộn thịt với hỗn hợp ở bước 2 trong khoảng 30 - 60ph. | Bước 4: Chuẩn bị vỉ nướng, quết 1 ít dầu ăn và bơ lên vỉ nướng. Xếp thịt vào vỉ rồi nướng trong lò 200 độ C trong 20ph. Lấy vỉ nướng ra lật lại mặt thịt rồi nướng tiếp 10ph. Nếu thấy thịt đã chín thì dừng nướng. Gắpmón ngon dễ làmra đĩa và thưởng thức nóng."
Thịt bò xào húng quế,30,4 người,Dễ,Thịt bò-300g | Húng quế-1 mớ | Tỏi-4 tép | Ớt-1 -2 quả | Hành tây-1 củ | Đường-1 thìa nhỏ | Dầu hào-2 thìa canh | Nước mắm-1/2 thìa canh,"Bước 1:Hướng dẫn nấu ăn ngon hàng ngàysơ chế thịt bò: | - Thịt bò cho vào ngăn đá 10ph để thái thịt cho đẹp và dễ hơn. Rửa sạch thịt rồi thái miếng vừa ăn. | - Húng quế nhặt sạch rồi rửa, để ráo nước. Hành tây bóc vỏ, bổ múi cau. | Bước 2: Hòa tan dầu hào, nước mắm và đường vào 1 bát con, hòa tan đường. | Bước 3: Tỏi băm nhuyễn, ớt bỏ hạt cũng băm nhuyễn tiếp (tùy vào sở thích ăn cay mà cho lượng ớt vừa phải). Phi thơm tỏi và ớt trong chảo dầu đểthịt bò xào húng quếđược thơm. | Bước 4: Cho thịt bò vào xào trong lửa lớn cho thịt bò chín mềm thì cho ra bát riêng. | Bước 5: Dùng lại chảo vừa xào thịt bò cho hành tây và nước trộn ở bước 2 vào xào đến khi hành tây chín. | Bước 6: Cho thêm thịt bò và lá húng quế vào chảo xào hành tây. Xào khoảng 1ph thì tắt bếp, múcmón ngon mỗi ngàyra đĩa, dùng nóng với cơm. | Nguồn:BeyondKimchee"
Canh hến nấu chua,40,4 người,Dễ,"Hến nguyên vỏ (hoặc thịt hến trong siêu thị)-500g | Cà chua-2 quả | Thì là-1 bó | Muối, hạt nêm, hành khô-","Dạy nấu ăn ngonsơ chế hến: Hến mua về ngâm cho sạch, pha nước muối loãng ngâm trong 1h.  Sau đó đãi sạch vỏ. Đun nồi nước sôi rồi thả hến vào, đun đến khi hến mở miệng là hến đã chín. Nước luộc hến để riêng sang 1 bát tô, lựa thịt hến để trong 1 bát con khác. | Bước 1: Cà chua rửa sạch, bổ mùi cau. Bắc nồi lên bếp, cho ít dầu ăn vào và phi thơm hành khô thái nhỏ. cho cà chua vào xào qua. | Bước 2: Đổ nước luộc hến vào đun sôi, nêm nếm gia vị với muối, hạt nêm. Sau khi sôi thì cho hến vào, nêm lại gia vị cho móncanh hến nấu chua. | Bước 3: Rau thì là rửa sạch, để ráo nước rồi thái nhỏ. Khi canh sôi đều thì tắt bếp, rắc thì là vào, thưởng thức với cơm khi canh đã nguội bớt."
Sườn rim chua ngọt ngon mê ly cho bữa cơm nhà,60 phút,4 người,Dễ,"Sườn non-700 gr | Trứng gà-1 quả | Ớt sừng-10 gr | Hành tím-10 gr | Tỏi-10 gr | Tương ớt-1.5 muỗng canh | Tương cà-1.5 muỗng canh | Nước tương-5 muỗng cà phê | Giấm-2 muỗng cà phê | Bột bắp-2 muỗng canh | Dầu ăn-50 ml | Gia vị-Muối, đường, hạt nêm, bột ngọt, tiêu","1. Sơ chế nguyên liệu | Sơ chế sườn: Sử dụng muối hoặc chanh để chà xát mặt thịt của sườn heo. Sau đó, rửa sườn lại với nước sạch để loại bỏ muối hoặc chanh trên bề mặt, sau đó để ráo. Tiếp theo, chặt sườn thành các miếng nhỏ vừa ăn. | Trụng sườn: Chuẩn bị một thau hoặc nồi lớn, đổ nước sôi vào thau sao cho mặt sườn được ngập trong nước. Trụng sườn trong nước sôi khoảng 5 - 10 phút, sau đó vớt sườn ra và xả sạch bằng nước lạnh để loại bỏ cặn bẩn. | Rửa và để ráo: Xả sườn bằng nước sạch để loại bỏ bất kỳ tạp chất nào còn lại trên bề mặt. Sau đó, để sườn ráo trong một chỗ khô thoáng. | 2. Ướp và chiên sườn | Chuẩn bị gia vị: Trong một tô, trộn đều 1/3 muỗng cà phê muối, 2 muỗng cà phê hạt nêm, 1/3 muỗng cà phê bột ngọt, 1 muỗng cà phê nước tương, 1 muỗng canh đường, 1/3 muỗng cà phê tiêu xay, 5g tỏi băm và 10g hành tím băm. | Ướp sườn: Đặt sườn vào một tô và rắc đều gia vị đã chuẩn bị lên sườn. Đảo đều để sườn thấm đều gia vị. Ướp sườn trong khoảng 15 - 20 phút để gia vị thấm vào sườn đều. | Chuẩn bị hỗn hợp bột áo: Đập 1 quả trứng gà và tách lấy lòng trắng. Hòa lòng trắng trứng với 2 muỗng canh bột bắp. | Áo sườn bằng hỗn hợp bột áo: Cho hỗn hợp bột bắp và lòng trắng trứng vào tô chứa sườn. Trộn đều để bột áo phủ đều lên sườn. | Một gợi ý nhỏ: Ướp thịt với lòng trắng trứng gà và bột bắp giúp sườn khi chiên có màu vàng đẹp và trở nên giòn hơn. | Chiên sườn: Đặt một chảo lên bếp và đổ dầu ăn vào chảo. Chờ đến khi dầu ăn nóng, sau đó đặt phần sườn đã được áo bột vào chảo và chiên ở lửa vừa. Chiên sườn cho đến khi sườn chín vàng và cạnh sườn trở nên giòn. Sau đó, vớt sườn ra khỏi chảo để ráo dầu. | 3. Rim sườn | Đổ bớt dầu từ chảo, giữ lại một ít dầu và cho tỏi vào phi thơm. | Thêm 10g ớt sừng băm nhuyễn và toàn bộ phần sốt đã pha trước đó vào chảo. Tiếp theo, đổ 50ml nước lọc vào tô chứa nước sốt, tráng đều rồi đổ vào chảo. Đun nước sốt cho đến khi hỗn hợp sôi lên và hơi sánh lại. | Rim sườn ở lửa nhỏ trong khoảng 5 phút cho đến khi nước sốt sánh kẹo lại và sườn ngấm đều gia vị. Sau đó, tắt bếp. | Bày sườn ra đĩa và trang trí để tạo thành một món ăn đẹp mắt. | 4. Thành phẩm | Món sườn rim chua ngọt dễ thực hiện, với các nguyên liệu đơn giản và dễ tìm kiếm. Tuy nhiên, hương vị của nó lại vô cùng thơm ngon và hấp dẫn, tạo cảm giác thèm thuồng khiến bạn muốn ăn thêm. Mỗi miếng sườn thấm đầy hương vị, kết hợp với sốt chua chua, ngọt ngọt, tạo ra một cảm giác kích thích vị giác tuyệt vời khi ăn kèm cơm."
Canh cua mồng tơi ngon mát cho mùa hè,40 phút,4 người,Dễ,Cua đồng-300 gram | Rau mồng tơi-300 gram | Hành tím-2 củ | Dầu ăn-2 muỗng canh | Nước mắm-1 muỗng canh | Muối-Một ít,"1. Sơ chế của đồng | Đầu tiên, bắt đầu với 300 gram cua đồng, hãy sử dụng tay để tách bỏ mai và yếm, sau đó rửa cua một vài lần với nước cho sạch và để ráo. Đồng thời, lấy muỗng để gạch cua từ yếm cho vào một chén riêng. Tiếp theo, chuẩn bị máy xay sinh tố và đổ số cua đồng đã để ráo cùng 300ml nước lọc vào máy, sau đó xay nhuyễn hỗn hợp trong khoảng 3 phút ở mức vừa. | Khi thấy hỗn hợp đã nhuyễn, tắt máy và sử dụng rây để lọc phần xác cua, chỉ giữ lại nước riêu cua để sử dụng trong chế biến. | 2. Sơ chế nguyên liệu khác | Tiếp theo, với 300 gram rau mồng tơi, bạn hãy nhặt lấy các lá non và đồng thời loại bỏ những lá dập úng hoặc héo úa. | Sau đó, ngâm rau mồng tơi trong nước muối pha loãng trong khoảng 10 phút, sau đó rửa lại 1-2 lần với nước để làm sạch và để ráo. Sau đó, sử dụng dao để cắt rau thành khúc dài khoảng 1-2 phần ngón tay. | Cuối cùng, lột vỏ hành tím và băm nhuyễn nó. | 3. Xào gạch cua | Sau khi chuẩn bị xong nguyên liệu, hãy đặt một chảo lên bếp và thêm 1 muỗng canh dầu ăn, sau đó đun chảo với lửa vừa. Chờ đến khi dầu nóng, bạn hãy cho hành tím đã băm nhuyễn vào chảo và phi thơm trong khoảng 3 phút. | Tiếp theo, thêm chén gạch cua vào chảo và sử dụng sạn dẹt để xào đều trong khoảng 3-5 phút, cho đến khi thấy gạch cua trở nên hơi sánh và đặc. Khi đó, bạn có thể tắt bếp. | 4. Nấu canh | Khi vô tình chạm mắt, tô canh cua mồng tơi đã tỏa sáng với màu sắc bắt mắt từ riêu cua và sự tươi tốt của rau xanh, nhanh chóng thu hút mọi người! | Đặc biệt, riêu cua mềm mịn và ngọt ngào, kết hợp với hương vị tươi ngon của rau và nước dùng đậm đà, thực sự là một món ăn không thể thiếu trên bàn cơm!"
Thịt lợn mán tái chanh thơm ngon ngọt,60 phút,4 người,Dễ,Thịt lợn mán (Chọn phần thịt vai hoặc thịt đùi)-500gr | Gừng-1 nhánh | Sả-2 cây | Vừng trắng rang vàng-3 thìa | Dầu vừng-1 thìa | Chanh-1/2 quả | Đường-1 thìa | Bột canh-1 thìa | Chuối xanh-1 quả | Khế chua-1 quả | Ớt-Tuỳ thích | Giấm-2 thìa | Muối-1 thìa,"Gừng và 2 củ sả đập dập chia thành 2 phần, 1 củ sả còn lại băm nhỏ. | Chuối xanh lột vỏ, cắt lát mỏng, ngâm vào nước pha muối và giấm cho đỡ bị thâm rồi để ráo. Khế chua rửa sạch, cắt lát. Vừng rang vàng. | Thịt lợn rửa sạch, dùng dao cao sạch phần bì. Đun sôi nước, thả một phần gừng, sả vào rồi cho thịt vào trần trong khoảng 2-3 phút để loại bỏ các chất bẩn và mùi hôi của thịt, sau đó rửa sạch lại với nước. | Hấp thịt với chỗ gừng và sả còn lại cho tới khi chín (mất khoảng 10-15 phút sau khi nước sôi, các bạn dùng đũa châm không thấy nước đỏ chảy ra là thịt chín). Gắp thịt ra thả vào bát nước đá ngay cho thịt trắng và mềm. | Dùng dao sắc thái thịt lợn mán đã luộc thật mỏng, cho vào tô. | Vắt nửa quả chanh vào tô, thêm đường, muối, dầu vừng, 1/2 chỗ vừng rang, ớt thái nhỏ vào, dùng găng tay trộn đều. Sau khi trộn xong các bạn có thể nêm nếm lại gia vị cho vừa miệng rồi xếp thịt ra đĩa, rắc chỗ vừng còn lại lên trên là ta đã làm xong món thịt lợn mán tái chanh. Các bạn ăn thịt lợn mán tái chanh cùng với khế chua và chuối xanh không thôi cũng ngon, nếu thích, các bạn có thể chấm tương gừng ăn cũng siêu hợp vị nhé."
Xôi cốm dẻo thơm ngon khó chối từ,2 giờ 00 phút,4 người,Dễ,Cốm-300g | Đỗ xanh-100g | Dừa tươi-50g | Đường kính trắng-4 thìa cà phê | Dầu ăn-2 thìa,"Bước 1:Đậu xanh ngâm trong nước nóng 2h rồi đãi sạch, để ráo nước, trộn với 1/3 thìa cà phê muối để trong chiếc chén con. Nếu là đỗ xanh chưa bỏ vỏ thì bạn nên ngâm trước đó 3h rồi đãi sạch vỏ đi nhé. | Bước 2:Cho đỗ xanh vào nồi hấp và hấp cho đến khi chín. Nếu không có xoong hấp bạn có thể cho vào nồi cơm điện và nấu như cơm. Không nên cho nhiều nước, khi đỗ sôi sẽ trào nước ra nồi. | Khi đậu chín thì cho vào cối giã nhuyễn hoặc nghiền bằng thìa. | Bước 3:Trộn cốm với 2 thìa dầu ăn, rồi cho vào hấp. Khi hấp bạn nên cho lửa liu riu, đợi trong 5-7 phút là cốm chín. | Bước 4:Lấy cốm đã chín và trộn với 2 thìa đường trắng, rồi đem hấp lại trong 5 phút. | Bước 5:Dừa nạo thành sợi ướp với chỗ đường còn lại, để trong 20 phút. | Cho 1 chút dầu ăn vào chảo, để lửa nhỏ cho dừa tươi ướp đường vào xào cho săn lại. Bạn có thể nhận thấy dừa săn lại là khi đường cô lại, bám chặt vào từng sợi dừa, tuy nhiên bạn không nên để quá lửa để dừa bị cháy có màu vàng nhìn sẽ không đẹp mắt. | Bước 6:Đổ xôi ra một cái khay rộng rồi trộn đều xôi cốm với dừa và đậu xanh đã giã nhuyễn. | Để có hình thức bắt mắt bạn có thể trải lá sen hoặc lá chuối lót dưới đĩa hay mẹt nhỏ rồi hãy đổ xôi cốm lên. | Chúc bạn và gia đình thành công với cách nấu xôi cốm thơm ngon hấp dẫn này!"
Bò viên xào cải thìa nấm hương,35 phút,4 người,Dễ,"Bò viên-100g | Cải thìa-200g | Nấm hương khô-25g | Dầu hào, hạt nêm, tỏi-","Bước 1: | - Cải thìa trần qua nước sôi để giữ màu đẹp. Vớt ra để ráo rồi cắt khúc vừa ăn. | - Nấm hương ngâm nở, rồi rửa sạch, cắt chân nấm. Với những miếng nấm to thì cắt đôi. | - Tỏi bóc vỏ, băm nhỏ. | Bước 2:Bò viên đem luộc sơ qua cho chín. Nếu thích ăn thơm hơn, các bạn có thể đem bò viên ra rán qua, để ráo dầu ăn sẽ rất ngon. Có thể để nguyên viên bò hoặc cắt nhỏ tùy ý. Vậy là hoàn thành việc chuẩn bị mónBò viên xào cải thìa nấm hương. | Bước 3:Bắc chảo lên bếp, cho vào chút dầu ăn, sau đó phi thơm tỏi. Sau khi tỏi đã thơm cho nấm hương vào xào khoảng 5ph. | Bước 4: | - Cho thêm cải thìa vào và khoảng 1/2 thìa hạt nêm, dầu hào. | - Sau đó cho thêm bò viên vào, nêm nếm lại gia vị. | Vậy là  mónbò viên xào cải thìa nấm hươngđã hoàn thành, dọn lên ăn nóng cùng cơm."
Gà sốt dứa thơm ngon,40,4 người,Dễ,"Thịt gà rút xương-200g | Dứa-1/2 quả | Hành tây-1/2 củ | Ớt chuông xanh-1/2 quả | Hành lá, nước mắm, muối, hạt nêm, hạt tiêu- | Bột năng, tỏi-","Bước 1: | - Thịt gà rửa sạch, thái miếng vừa ăn. Ướp thịt với chút muối, tiêu trộn đều. Cho thịt gà vào bát bột năng, áo quá một lớp mỏng. | - Bắc chảo sâu lòng lên bếp, cho dầu ăn vào, đợi đến khi dầu ăn nóng thì thả gà vào rán vàng giòn. | - Dứa bỏ vỏ, bỏ mắt, thái nhỏ. Ớt chuông xanh bỏ hạt, rửa sạch, thái miếng cờ. Hành tây bỏ vỏ, rửa sạch, thái múi cau. Là hoàn thành công đoạn chuẩn bị nguyên liệu cho mónGà sốt dứa thơm ngon. | Bước 2: Bỏ bớt dầu ăn ở chảo rán gà, cho tỏi băm nhuyễn vào phi thơm, đổ dứa vào đun nhuyễn. Tùy theo độ chua ngọt của dứa và khẩu vị gia đình mà bạn nêm nước mắm, hạt nêm, muối vừa ăn. Đun từ 5 - 8ph là nhừ. | Bước 3: Cho hành tây và ớt chuông vào xào cùng, đến khi chín thì cho tiếp thịt gà vào, nêm nếm lại gia vị. Vậy là đã hoàn thành mónGà sốt dứa thơm ngonrồi, khi ăn bạn rắc chút hành lá thái nhỏ lên, ăn nóng."
Xôi cốm món quà ngày thu,65,4 người,Dễ,Cốm-250g | Đậu xanh cà vỏ-80g | Dừa-50g | Đường cát-50g | Dầu ăn-2 thìa,"Bước 1: Trước khi bắt đầu làmXôi cốm món quà ngày thuta chuẩn bị trước đậu xanh: | - Đậu xanh đem ngâm 2 tiếng rồi vớt ra rỗ cho ráo nước, trộn cùng một chút muối cho đậm. | - Cho đậu xanh đi hấp hoặc cho vào nồi cơm điện nấu chín mềm. | - Sau khi đậu chín, đem đi giã nhuyễn. | Bước 2: | - Cốm đem trộn cùng 2 thìa dầu ăn, cho vào xửng hấp chín, không nên hấp lửa to vì có thể làm cho cốm nhão. Hấp từ 5 - 7ph cho cốm nở. | - Lấy cốm ra khỏi nồi hấp, trộn cùng 2/3 chỗ đường, rồi lại cho lên hấp thêm 1 lần nữa. Mục đích là cho chỗ đường ngấm đều vào cốm. | Bước 3: Dừa nạo sợi, ướp với 1/3 chỗ đường còn lại rồi cho lên bếp sao cho săn dừa, chú ý để dừa không bị cháy vàng. | Bước 4: Cho xôi ra đĩa, trộn với 1 chút dầu ăn, 2/3 chỗ đậu xanh. Đảo cho thật đều để xôi tơi, không vón cục. Khi ăn rắc nốt 1/3 chỗ đậu xanh lên bề mặt và rắc dừa lên trên. Món ăn này có thể thưởng thức nóng hay nguội đều ngon. | Nguồn: Sưu tầm"
Canh củ cải trắng với thịt ngon ngọt thanh,55 phút,4 người,Dễ,Củ cải trắng-1 củ vừa ăn | Thịt nạc xay-200g | Hành khô-1-2 củ | Muối-Vừa đủ | Hành lá-Vừa đủ | Rau mùi-1 mớ | Hạt nêm-Vừa đủ | Hạt tiêu-Vừa đủ,"Bước 1:Củ cải trắng nạo vỏ, rửa sạch, cắt miếng vừa ăn. Hành lá, rau mùi rửa sạch, thái nhỏ. Hành khô bóc vỏ, rửa sạch, thái lát mỏng. | Bước 2: Thịt nạc xay ướp với chút muối, hạt tiêu, ướp trong 30ph. Bắc nối lên bếp, cho ít dầu ăn đun nóng rồi phi thơm hành khô. Thả thịt vào xào chín. | Bước 3: Đổ nước vào xong thịt, nêm chút muối, đun đến khi nước sôi. | Bước 4: Cho thêm củ cải vào nấu ăn cùng. Đun đến khi củ cải chín mềm thì nêm nếm lại gia vị. Thả hành và rau mùi vào, tắt bếp. Vậy là bạn đã nấu ăn xong món canh Canh thịt nạc nấu cùng củ cải trắng."
Cháo hạt sen nấu cùng bắp bò,70,4 người,Dễ,"Thịt bắp bò-500g | Hạt sen-150g | Gạo tẻ-1/3 bát con | Đỗ xanh xát vỏ-1/4 bát con | Muối, hạt nêm, hạt tiêu- | Hành hoa, rau răm, rau mùi-","Bước 1: Trước khi nấu ăn Cháo hạt sen nấu cùng bắp bò cần sơ chế nguyên liệu trước. Bắp bò rửa sạch, thái miếng vừa ăn. Nếu bạn muốn thái miếng thịt đẹp hơn, có thể để thịt trong ngăn đá 1 lúc cho thịt hơi se cứng lại. Đổ nước lạnh vào ngập mặt thịt đun sôi nước cho thịt mềm. Có thể dùng nồi áp suất để tiết kiệm thời gian. | Bước 2: Đỗ xanh đãi sạch với nước, ngâm trong nước ấm khoảng 30 - 60 phút. | Bước 3: Hạt sen khô (hoặc hạt sen tươi thì nhớ bỏ tâm sen bạn nhé) rửa sạch, sau đó ninh nhừ, khi ninh được 15 ph thì cho đỗ xanh vào ninh cùng đến chín mềm. | Bước 4: Gạo tẻ và gạo nếp đãi sạch, để ráo nước. Sau đó đem đi rang qua trên chảo nóng. Để gạo vào nồi cho nước lạnh vào, đun sôi đến khi hạt gạo nở thì đổ ra rá sạch. | Bước 5: Sau đó bạn lấy bặp bò, nước đun bắp bò, hạt sen, đỗ xanh và ít nước ninh hạt sen cùng với gạo vào nồi to, đun sôi, nêm nếm gia vị. Đun lửa nhỏ cho đến khi hạt gạo chín mềm. | Bước 6: Rau răm nhặt sạch, rau mùi bỏ gốc, ngắt lá hỏng, hành lá bỏ gốc, phần lá già. Đem rửa sạch, để ráo nước rồi thía nhỏ. Khi cháo chín, cho rau vào nồi cháo. Tắt bếp và dùng nóng, khi ăn rắc chút hạt tiêu lên bề mặt cháo."
Bún cá rô tại nhà siêu ngon,45 phút,4 người,Dễ,Cá rô phi-1kg | Bún-Vừa đủ | Rau cần-1 bó | Hành lá-Vài nhánh | Thì là-2 bó nhỏ | Cà chua-4 quả | Gừng-1 nhánh,"Bước 1: Rau cần phạt bớt lá, bỏ rễ và phần già cứng, rửa sạch, cắt khúc vừa ăn. Xào sơ cho chín tái. | Bước 2: Cá rô phi lọc thịt và thân để riêng. Phần thịt cá thì rửa sạch, thái miếng vừa ăn, rán giòn. Để bún cá ngon và miếng cá giòn, bạn có thể cắt cá thành những miếng dài. | Bước 3: Hành lá cắt khúc, riêng phần đầu bổ dọc, rau thì là nhặt sạch, rửa qua để ráo nước, thái nhỏ. Cà chua rửa sạch, bổ múi cau. | Bước 4: Thân cá cho vào nồi nước nấu ăn, cho thêm cà chua vào ninh lấy nước dùng. Cho thêm chút gừng đập nhỏ vào cho thơm nước. Nêm gia vị vừa ăn. | Khi ăn cho bún vào tô, xếp lên trên ít rau cần, cà chua. hành, thì là. Múc nước dùng, ăn khi còn nóng. Vậy là món bún cá rô đã hoàn thành."
Bánh giò nóng,60 phút,4 người,Dễ,"Vỏ bánh | Bột bánh giò-1 gói (có thể thay bằng 50gr bột gạo, 100gr bột năng) | Nước dùng xương-650ml | Nhân bánh | Thịt nạc xay-200gr | Mộc nhĩ-30gr | Hành tây-1 củ | Hành khô-2 củ | Gia vị-Vừa đủ | Hạt tiêu-Vừa đủ | Vỏ gói bánh | Lá chuối-Vừa đủ | Lạt buộc-Vừa đủ","Bước 1: Làm nhân bánhTrộn thịt với gia vị, hạt tiêu, mộc nhĩ, hành tây, hành khô băm nhỏ (chừa lại một ít để lát nữa phi thơm để xào nhân nhé). Cho một ít dầu ăn vào chảo, cho hành vào phi thơm sau đó mình xào hỗn hợp này khoảng 5 phút rồi để nguội.Bước 2: Làm vỏ bánh.Đầu tiên mua xương về hầm lấy nước, để nguội. Sau đó đổ tất cả nguyên liệu làm vỏ bánh vào nồi nước xương (đã bỏ xương), hòa tan. Tiếp theo mình đun trên lửa nhỏ, vừa đun vừa khuấy đều.Đến khi bột sánh đặc, trắng đục là được. Nhớ khuấy đều tay tránh vón cục nha.Bạn nào mua được bột làm bánh giò thì chỉ cần đổ bột này vào nước hầm xương đun, khuấy đều là được.Bước 3: Gói bánhCuộn lá chuối thành hình phễu, sau đó đổ 1 lớp bột làm vỏ vào trước.Sau đó cho nhân vào giữa và lại đổ tiếp lên trên 1 lớp bột, cẩn thận gói lại rồi dùng lạt buộc chặt.Bước 4:Luộc bánhCho bánh vào nồi luộc trong khoảng 30 phút là bánh giò chín. Lấy ra, bóc bánh,rắc chút hạt tiêu, tương ớt lên trên, ăn kèm với dưa góp, cắt thêm giò chả vào ăn cùng cho thêm ngon miệng nhé."
Bánh tôm Hồ Tây Hà Nội giòn ngon,1 giờ 00 phút,4 người,Dễ,"Bột mì-100gr | Bột năng-50gr | Tôm tươi-300gr | Bột nghệ-1 thìa cà phê | Bột canh-1 thìa cà phê | Nước-400ml | Khoai lang vàng-3 củ | Rau ăn kèm | Đu đủ-1/2 quả | Cà rốt-1 củ | Xà lách-3 cây | Tía tô-2 mớ | Rau mùi-2 mớ | Nước chấm-Vừa đủ (bao gồm nước mắm, đường, giấm, tỏi, ớt, nước lọc, chanh)","1. Sơ chế nguyên liệu | 1.1. Sơ chế tôm | Để giảm mùi tanh của tôm, bạn có thể ngâm tôm trong nước muối loãng khoảng 10 phút. Sau đó, cắt bỏ đầu và lột vỏ, chỉ cần giữ lại phần vỏ đuôi tôm. Tiếp theo, rút bỏ chỉ tôm và rửa sạch với nước nhiều lần cho đến khi ráo. | Để rút chỉ lưng tôm nhanh chóng, hãy đếm ngược từ đuôi tôm và tìm rãnh thứ hai nằm giữa hai đốt vỏ tôm. Xuyên tăm qua vị trí này và nhẹ nhàng kéo phần đen của chỉ tôm để rút nó ra. Bạn cũng có thể dùng tăm để moi phần đầu của thân tôm, và sẽ thấy cọng chỉ màu đen. Chỉ cần nhẹ nhàng rút sợi chỉ đen này bằng tay, tôm sẽ trở nên sạch sẽ. | 1.2. Sơ chế nguyên liệu khác | Khoai lang được gọt vỏ, cắt lát và thái thành sợi nhỏ, sau đó ngâm trong thau nước muối loãng khoảng 10 phút. Tiếp theo, rửa sạch khoai lang bằng nước và để ráo trên rổ. | Cà rốt được gọt vỏ, tỉa hình hoa và thái thành lát mỏng. Su hào cũng được gọt vỏ, thái lát và sau đó cắt thành hình vuông hoặc chữ nhật vừa ăn. | Để làm ngâm cà rốt và su hào, đặt chúng trong một chén và ngâm với khoảng 2 muỗng canh giấm trong khoảng 15 phút, sau đó vớt ra để ráo. Tỏi được bóc vỏ và băm nhuyễn. Ớt được rửa sạch và thái nhỏ. | Rau xà lách sau khi bỏ gốc và loại bỏ lá hư, rửa sạch và ngâm trong nước muối loãng khoảng 15 phút, sau đó vớt ra và rửa lại bằng nước sạch để ráo. | 2. Trộn bột và ướp tôm | Trong một cái âu, cho 200g bột mì và 100g bột năng. Tiếp theo, từ từ cho 150ml nước vào và trộn đều cho đến khi bột hoà quyện. | Sau đó, đập 2 quả trứng gà vào âu chứa bột và trộn đều. Để bột nghỉ trong 30 phút. | Để ướp tôm, bạn sử dụng 1 muỗng canh hạt nêm, 1 thìa muỗng cà phê muối, 1 muỗng cà phê đường, 1/2 muỗng cà phê hạt tiêu. Trộn đều các thành phần này và ướp tôm trong khoảng 15 phút. | 3. Chiên bánh tôm | Sau khi cắt tôm và khoai lang thành sợi, cho chúng vào hỗn hợp bột và trộn đều. | Đặt một chiếc chảo lên bếp và mở lửa lớn. Thêm 4 muỗng canh dầu ăn vào chảo và đợi cho dầu nóng. Sau đó, múc một phần của hỗn hợp bột, khoai lang và tôm vào chảo. | Đảm bảo tôm nằm ở giữa và chiên chúng trong khoảng 4 - 5 phút cho đến khi chúng trở nên vàng giòn ở cả hai mặt. Tiếp theo, vớt bánh ra và để lên trên giấy thấm dầu để ráo dầu. | 4. Pha nước chấm | Trong một tô, cho vào 50ml nước lọc. Sau đó, thêm 2 muỗng canh đường, 1 muỗng cà phê bột ngọt và 1/2 muỗng cà phê tiêu. Khuấy đều để gia vị tan và hòa quyện. Tiếp theo, thêm 2 muỗng canh giấm ăn, 2 muỗng canh nước mắm, 1 muỗng canh tỏi băm và 1/2 muỗng cà phê ớt băm vào hỗn hợp. Khuấy đều cho tất cả các thành phần hòa quyện. | Nêm nếm lại theo khẩu vị của bạn và sau đó múc nước chấm ra chén. Bạn có thể thêm cà rốt và su hào vào chén nước chấm để tạo ra một hỗn hợp chua ngọt. | Bạn sắp xếp bánh tôm và rau xà lách lên đĩa và thưởng thức cùng nước chấm chua ngọt. | Bánh tôm có màu vàng đẹp mắt và mang một hương vị thơm phức. Với lớp bánh khoai lang giòn tan kết hợp cùng tôm ngọt thịt, bạn sẽ cảm nhận được sự hòa quyện của hai thành phần này. Khi ăn kèm với rau xà lách tươi ngon và chấm vào nước chấm chua ngọt thơm ngon, bạn sẽ trải nghiệm một hương vị không thể cưỡng lại."
Sườn sốt cà chua ngọt đơn giản tại nhà,35 phút,4 người,Dễ,"Sườn non-500gr | Cà chua chín-2 quả | Hành khô-2 củ | Mỡ hoặc dầu ăn-Vừa đủ | Gia vị-Vừa đủ (mắm, muối, tiêu, đường, giấm)","Sơ chế nguyên liệu: | Sườn non mọi người hay chặt 2 dẻ một nhưng mình thấy như thế rất bất tiện khi ăn nên tốt nhất là chặt một dẻ sườn một thôi  vừa dễ ăn và cũng dễ ngấm gia vị khi tẩm ướp. Rửa sườn thật sạch rồi cho trần sơ trong nước sôi nóng già, vớt ra rửa lại bằng nước lạnh. Ướp sườn với chút tiêu, muối, đường, mắm, dầu ăn, để chừng 20 phút cho thấm gia vị. | Cà chua rửa sạch, thái lát mỏng. | Hành, mùi rửa sạch, thái nhỏ | Làm sườn sốt cà chua: | Bắc chảo lên bếp cho dầu ăn hoặc mỡ phi thơm hành rồi xúc hành phi đã phi thơm để ra bát nhỏ. | Cho sườn đã tẩm ướp thấm gia vị vào rán cho tới khi sườn hơi vàng cánh rán thì xúc sườn ra bát. | Cho cà chua đã thái mỏng vào đảo đều tay cho cà mềm sau đó cho sườn vào xào. Thêm gia vị vồm 1 thìa nước mắm, 1 thìa giấm, 1 thìa đường vào đảo đều, đun cho sườn thấm rồi hạ nhỏ lửa, nấu cho đến khi cà chua và sườn quện với nhau. | Rắc hành, mùi đảo đều rồi tắt bếp. Xúc sườn ra đĩa, rắc hành phi lên trên, trang trí thêm vài cọng rau mùi cho đẹp mắt."
Nem chua Thanh Hóa thơm ngon,1 giờ 00 phút,4 người,Dễ,"Thịt nạc-400gr (có thể chọn thịt lợn hoặc thịt bò, thịt bò thì ăn ngon và có vẻ tốt hơn thịt lợn thì phải) | Bì lợn-200gr | Tỏi-50gr (Khoảng vài củ) | Ớt-10 quả (ớt chỉ thiên) | Tiêu hạt-Vừa đủ | Gia vị làm nem (Nam powder seasoning mix)-1 gói | Gia vị-Vừa đủ (đường, mắm) | Lá ổi-Vừa đủ (hoặc lá đinh lăng) | Lá chuối-Vừa đủ","Bước 1:Lá chuối rửa sạch, phơi nắng một lúc cho lá khô và héo bớt cho dễ gói. Xé lá chuối thành các miếng nhỏ vừa để gói nem. Lá ổi rửa sạch, cắt nhỏ | Bước 2:Bì lợn rửa sạch, trần sơ với nước sôi rồi đổ ra cạo rửa cho sạch. Bóp với giấm và muối trắng cho bì thật sạch và hết mùi hôi rồi cho vào luộc chín. Vớt ra, cho bì lợn vào tủ lạnh để khoảng vài tiếng cho bì lợn được dai, nem sẽ ngon hơn. Sau đó lấy ra thái chỉ rồi cắt ngắn chừng 1.5-2cm nhé. | Tỏi bóc vỏ, chia đôi, một nửa cát lát, một nửa băm nhỏ. Ớt rửa sạch, cắt bỏ bớt hạt rồi cắt lát. Tiêu rang chín, có thể để nguyên hạt hoặc cho vào giã nhỏ để lát nữa trộn với thịt. | Bước 3:Thịt rửa sạch, dùng giấy ăn hoặc khăn thấm cho thật khô rồi thái miếng nhỏ, và cho thịt vào máy xay cho tới khi thịt nhuyễn, vón lại thành một cục ở trong máy xay là được. | Bước 4:Cho thịt vào bát, thêm 1 thìa nước mắm, 3 thìa đường, 1 thìa tiêu xay hoặc tiêu nguyên hạt hay tiêu sọ (tùy ý), tỏi băm nhỏ và ớt vào rồi trộn đều. Mình đeo bao tay vào trộn cho thật đều nhuyễn nhé. Trộn bằng thìa hay bằng đũa khó được đều lắm vì bước tiếp theo phải dùng lực tương đối nhiều đấy.Sau khi trộn đều các nguyên liệu lại với nhau, các bạn bóc gói gia vị, trong đó bột và một gói gia vị nhỏ nữa. Các bạn cho bột trong gói to vào trước rồi trộn đều. | Bước 5:Sau đó cho bì lợn vào trộn cho thật đều. | Bước 6:Rồi cho tiếp gia vị trong gói nhỏ nhỏ vào rồi trộn đều, thịt sẽ tái xám đi và bắt đầu cứng lại. Các bạn nhanh tay trộn cho thật đều. Do nem đã bắt đầu cứng lại nên lực tay để trộn nem cũng phải tăng lên một chút đấy nhé. | Bước 7: Gói nem | Trải lá chuối ra, xếp 1 lá ổi lên trên. Xúc 1 thìa thịt nem dàn mỏng ra rồi cho vào giữa vài miếng tỏi và miếng ớt rồi cuộn tròn lại. Vì nêm sẽ đông rất nhanh nên bước này tớ phải huy động cả ông xã ra phụ gói nem cùng đấy nhé. | Nếu ngại gói thành từng cái nhỏ, các bạn có thể dùng khuôn gói giò để gói nem. Các bạn cho thịt nem vào rồi nén cho thật chặt. Vừa cho vừa rắc tỏi, ớt cắt lát lên đều nem. Sau khi lấy ra bọc lá ổi và lá chuối bên ngoài. | Nem để ở nhiệt độ phòng trong khoảng 1-2 ngày (trời nóng thì chỉ 1 ngày thôi, nhưng nếu trời lạnh hay mát mát thì phải 2 ngày nhé) là ăn được rồi nhé."
Ruốc thịt nhanh và ngon,60 phút,4 người,Dễ,Thịt-500gr (chọn thịt nạc thăn) | Dầu ăn-2 thìa | Nước mắm-2 thìa | Hạt nêm-2 thìa | Nước lọc-Vừa đủ,"1. Sơ chế thịt lợn: Thịt lợn trần qua với nước sôi rồi rửa sạch, thái miếng to, dọc thớ2. Cho thịt vào nồi, thêm một ít nước lọc, nước mắm và hạt nêm đun cho thịt chín, ngấm gia vị. Khi thịt cạn nước thì tắt bếp.3. Xúc thịt ra đĩa, đeo bao tay, dùng tay xé thịt thành dạng sợi4. Cho thịt xé sợi vào chảo đảo cho tới khi ruốc vàng5. Sau đó, các bạn cho ruốc vào máy xay sinh tố, bật máy chạy để máy đánh bông ruốc.6. Cho ruốc lên chảo, thêm dầu ăn cho ruốc được bóng đẹp và không bị khô rồi xào cho tới khi ruốc có màu vàng như ý thì tắt bếp, xúc ra để nguội rồi cho vào hộp kín dùng dần."
Sấu chín dầm – Món ngon mùa thu,60 phút,4 người,Dễ,Sấu chín-1kg | Đường-Vừa đủ | Bột canh-Vừa đủ | Ớt bột-Vừa đủ | Ớt tươi-Tùy thích,"1. Chọn sấuChọn các quả sấu chín già, quả căng, mọng, vỏ chuyển sang màu vàng sậm, có thể hơi sần sần. Quả sấu dậy mùi thơm hấp dẫn nhưng sờ vẫn phải cứng. Có như vậy khi làm sấu dầm sấu mới giữ được độ giòn. | 2. Sơ chế sấuSấu rửa sạch,dùng dao cạo sạch vỏ, lớp thịt sấu vàng ươm sẽ được lộ ra. Dùng đầu dao nhọn khẽ lách để cắt sấu thành hình xoắn ốc. Lưu ý các bạn không nên để miếng sấu bị đứt rời ra.3. Dầm sấuCho sấu ra một khay rộng hoăc đĩa, rắc đường, muối, ớt bột và ớt tươi cắt, giã nhỏ lên rồi trộn đều. Để khoảng 15-20 phút cho sấu ngấm gia vị là bạn đã có món sấu chín dầm trứ danh của mùa thu miền Bắc rồi nhé."
Sườn rim chua ngọt ngon mê ly cho bữa cơm nhà,60 phút,4 người,Dễ,"Sườn non-700 gr | Trứng gà-1 quả | Ớt sừng-10 gr | Hành tím-10 gr | Tỏi-10 gr | Tương ớt-1.5 muỗng canh | Tương cà-1.5 muỗng canh | Nước tương-5 muỗng cà phê | Giấm-2 muỗng cà phê | Bột bắp-2 muỗng canh | Dầu ăn-50 ml | Gia vị-Muối, đường, hạt nêm, bột ngọt, tiêu","1. Sơ chế nguyên liệu | Sơ chế sườn: Sử dụng muối hoặc chanh để chà xát mặt thịt của sườn heo. Sau đó, rửa sườn lại với nước sạch để loại bỏ muối hoặc chanh trên bề mặt, sau đó để ráo. Tiếp theo, chặt sườn thành các miếng nhỏ vừa ăn. | Trụng sườn: Chuẩn bị một thau hoặc nồi lớn, đổ nước sôi vào thau sao cho mặt sườn được ngập trong nước. Trụng sườn trong nước sôi khoảng 5 - 10 phút, sau đó vớt sườn ra và xả sạch bằng nước lạnh để loại bỏ cặn bẩn. | Rửa và để ráo: Xả sườn bằng nước sạch để loại bỏ bất kỳ tạp chất nào còn lại trên bề mặt. Sau đó, để sườn ráo trong một chỗ khô thoáng. | 2. Ướp và chiên sườn | Chuẩn bị gia vị: Trong một tô, trộn đều 1/3 muỗng cà phê muối, 2 muỗng cà phê hạt nêm, 1/3 muỗng cà phê bột ngọt, 1 muỗng cà phê nước tương, 1 muỗng canh đường, 1/3 muỗng cà phê tiêu xay, 5g tỏi băm và 10g hành tím băm. | Ướp sườn: Đặt sườn vào một tô và rắc đều gia vị đã chuẩn bị lên sườn. Đảo đều để sườn thấm đều gia vị. Ướp sườn trong khoảng 15 - 20 phút để gia vị thấm vào sườn đều. | Chuẩn bị hỗn hợp bột áo: Đập 1 quả trứng gà và tách lấy lòng trắng. Hòa lòng trắng trứng với 2 muỗng canh bột bắp. | Áo sườn bằng hỗn hợp bột áo: Cho hỗn hợp bột bắp và lòng trắng trứng vào tô chứa sườn. Trộn đều để bột áo phủ đều lên sườn. | Một gợi ý nhỏ: Ướp thịt với lòng trắng trứng gà và bột bắp giúp sườn khi chiên có màu vàng đẹp và trở nên giòn hơn. | Chiên sườn: Đặt một chảo lên bếp và đổ dầu ăn vào chảo. Chờ đến khi dầu ăn nóng, sau đó đặt phần sườn đã được áo bột vào chảo và chiên ở lửa vừa. Chiên sườn cho đến khi sườn chín vàng và cạnh sườn trở nên giòn. Sau đó, vớt sườn ra khỏi chảo để ráo dầu. | 3. Rim sườn | Đổ bớt dầu từ chảo, giữ lại một ít dầu và cho tỏi vào phi thơm. | Thêm 10g ớt sừng băm nhuyễn và toàn bộ phần sốt đã pha trước đó vào chảo. Tiếp theo, đổ 50ml nước lọc vào tô chứa nước sốt, tráng đều rồi đổ vào chảo. Đun nước sốt cho đến khi hỗn hợp sôi lên và hơi sánh lại. | Rim sườn ở lửa nhỏ trong khoảng 5 phút cho đến khi nước sốt sánh kẹo lại và sườn ngấm đều gia vị. Sau đó, tắt bếp. | Bày sườn ra đĩa và trang trí để tạo thành một món ăn đẹp mắt. | 4. Thành phẩm | Món sườn rim chua ngọt dễ thực hiện, với các nguyên liệu đơn giản và dễ tìm kiếm. Tuy nhiên, hương vị của nó lại vô cùng thơm ngon và hấp dẫn, tạo cảm giác thèm thuồng khiến bạn muốn ăn thêm. Mỗi miếng sườn thấm đầy hương vị, kết hợp với sốt chua chua, ngọt ngọt, tạo ra một cảm giác kích thích vị giác tuyệt vời khi ăn kèm cơm."
Canh cua mồng tơi ngon mát cho mùa hè,40 phút,4 người,Dễ,Cua đồng-300 gram | Rau mồng tơi-300 gram | Hành tím-2 củ | Dầu ăn-2 muỗng canh | Nước mắm-1 muỗng canh | Muối-Một ít,"1. Sơ chế của đồng | Đầu tiên, bắt đầu với 300 gram cua đồng, hãy sử dụng tay để tách bỏ mai và yếm, sau đó rửa cua một vài lần với nước cho sạch và để ráo. Đồng thời, lấy muỗng để gạch cua từ yếm cho vào một chén riêng. Tiếp theo, chuẩn bị máy xay sinh tố và đổ số cua đồng đã để ráo cùng 300ml nước lọc vào máy, sau đó xay nhuyễn hỗn hợp trong khoảng 3 phút ở mức vừa. | Khi thấy hỗn hợp đã nhuyễn, tắt máy và sử dụng rây để lọc phần xác cua, chỉ giữ lại nước riêu cua để sử dụng trong chế biến. | 2. Sơ chế nguyên liệu khác | Tiếp theo, với 300 gram rau mồng tơi, bạn hãy nhặt lấy các lá non và đồng thời loại bỏ những lá dập úng hoặc héo úa. | Sau đó, ngâm rau mồng tơi trong nước muối pha loãng trong khoảng 10 phút, sau đó rửa lại 1-2 lần với nước để làm sạch và để ráo. Sau đó, sử dụng dao để cắt rau thành khúc dài khoảng 1-2 phần ngón tay. | Cuối cùng, lột vỏ hành tím và băm nhuyễn nó. | 3. Xào gạch cua | Sau khi chuẩn bị xong nguyên liệu, hãy đặt một chảo lên bếp và thêm 1 muỗng canh dầu ăn, sau đó đun chảo với lửa vừa. Chờ đến khi dầu nóng, bạn hãy cho hành tím đã băm nhuyễn vào chảo và phi thơm trong khoảng 3 phút. | Tiếp theo, thêm chén gạch cua vào chảo và sử dụng sạn dẹt để xào đều trong khoảng 3-5 phút, cho đến khi thấy gạch cua trở nên hơi sánh và đặc. Khi đó, bạn có thể tắt bếp. | 4. Nấu canh | Khi vô tình chạm mắt, tô canh cua mồng tơi đã tỏa sáng với màu sắc bắt mắt từ riêu cua và sự tươi tốt của rau xanh, nhanh chóng thu hút mọi người! | Đặc biệt, riêu cua mềm mịn và ngọt ngào, kết hợp với hương vị tươi ngon của rau và nước dùng đậm đà, thực sự là một món ăn không thể thiếu trên bàn cơm!"
Thịt lợn mán tái chanh thơm ngon ngọt,60 phút,4 người,Dễ,Thịt lợn mán (Chọn phần thịt vai hoặc thịt đùi)-500gr | Gừng-1 nhánh | Sả-2 cây | Vừng trắng rang vàng-3 thìa | Dầu vừng-1 thìa | Chanh-1/2 quả | Đường-1 thìa | Bột canh-1 thìa | Chuối xanh-1 quả | Khế chua-1 quả | Ớt-Tuỳ thích | Giấm-2 thìa | Muối-1 thìa,"Gừng và 2 củ sả đập dập chia thành 2 phần, 1 củ sả còn lại băm nhỏ. | Chuối xanh lột vỏ, cắt lát mỏng, ngâm vào nước pha muối và giấm cho đỡ bị thâm rồi để ráo. Khế chua rửa sạch, cắt lát. Vừng rang vàng. | Thịt lợn rửa sạch, dùng dao cao sạch phần bì. Đun sôi nước, thả một phần gừng, sả vào rồi cho thịt vào trần trong khoảng 2-3 phút để loại bỏ các chất bẩn và mùi hôi của thịt, sau đó rửa sạch lại với nước. | Hấp thịt với chỗ gừng và sả còn lại cho tới khi chín (mất khoảng 10-15 phút sau khi nước sôi, các bạn dùng đũa châm không thấy nước đỏ chảy ra là thịt chín). Gắp thịt ra thả vào bát nước đá ngay cho thịt trắng và mềm. | Dùng dao sắc thái thịt lợn mán đã luộc thật mỏng, cho vào tô. | Vắt nửa quả chanh vào tô, thêm đường, muối, dầu vừng, 1/2 chỗ vừng rang, ớt thái nhỏ vào, dùng găng tay trộn đều. Sau khi trộn xong các bạn có thể nêm nếm lại gia vị cho vừa miệng rồi xếp thịt ra đĩa, rắc chỗ vừng còn lại lên trên là ta đã làm xong món thịt lợn mán tái chanh. Các bạn ăn thịt lợn mán tái chanh cùng với khế chua và chuối xanh không thôi cũng ngon, nếu thích, các bạn có thể chấm tương gừng ăn cũng siêu hợp vị nhé."
Xôi cốm dẻo thơm ngon khó chối từ,2 giờ 00 phút,4 người,Dễ,Cốm-300g | Đỗ xanh-100g | Dừa tươi-50g | Đường kính trắng-4 thìa cà phê | Dầu ăn-2 thìa,"Bước 1:Đậu xanh ngâm trong nước nóng 2h rồi đãi sạch, để ráo nước, trộn với 1/3 thìa cà phê muối để trong chiếc chén con. Nếu là đỗ xanh chưa bỏ vỏ thì bạn nên ngâm trước đó 3h rồi đãi sạch vỏ đi nhé. | Bước 2:Cho đỗ xanh vào nồi hấp và hấp cho đến khi chín. Nếu không có xoong hấp bạn có thể cho vào nồi cơm điện và nấu như cơm. Không nên cho nhiều nước, khi đỗ sôi sẽ trào nước ra nồi. | Khi đậu chín thì cho vào cối giã nhuyễn hoặc nghiền bằng thìa. | Bước 3:Trộn cốm với 2 thìa dầu ăn, rồi cho vào hấp. Khi hấp bạn nên cho lửa liu riu, đợi trong 5-7 phút là cốm chín. | Bước 4:Lấy cốm đã chín và trộn với 2 thìa đường trắng, rồi đem hấp lại trong 5 phút. | Bước 5:Dừa nạo thành sợi ướp với chỗ đường còn lại, để trong 20 phút. | Cho 1 chút dầu ăn vào chảo, để lửa nhỏ cho dừa tươi ướp đường vào xào cho săn lại. Bạn có thể nhận thấy dừa săn lại là khi đường cô lại, bám chặt vào từng sợi dừa, tuy nhiên bạn không nên để quá lửa để dừa bị cháy có màu vàng nhìn sẽ không đẹp mắt. | Bước 6:Đổ xôi ra một cái khay rộng rồi trộn đều xôi cốm với dừa và đậu xanh đã giã nhuyễn. | Để có hình thức bắt mắt bạn có thể trải lá sen hoặc lá chuối lót dưới đĩa hay mẹt nhỏ rồi hãy đổ xôi cốm lên. | Chúc bạn và gia đình thành công với cách nấu xôi cốm thơm ngon hấp dẫn này!"
Cá kho chuối đưa cơm ngày lạnh,1 giờ 20 phút,4 người,Dễ,"Cá-1 con (chọn mua cá to khoảng trên 1kg kho sẽ ngon hơn nhé. Chọn bất cứ loại cá nào cũng được, tuy nhiên theo mình nghĩ cá quả (trong nam gọi là cá lóc thì phải) kho là ngon nhất | Chuối xanh-500gr | Hành-40gr | Hành tím-1 thìa hành tím băm nhỏ | Bột nghệ-1/4 thìa cà phê | Ớt-1 quả | Gia vị | Tiêu-Vừa đủ | Muối-Vừa đủ | Hạt nêm-Vừa đủ | Đường-Vừa đủ | Ớt bột-1 thìa cà phê | Dầu ăn-Vừa đủ | Nước mắm-Vừa đủ | Xì dầu-Vừa đủ (Tùy chọn) | Nước hàng-Vừa đủ","Bước 1: Sơ chế cá | Cá chọn mua loại cá to kho sẽ ngon hơn. Có thể kho bằng cá quả (cá lóc), cá trắm, cá chép... nhưng có lẽ kho bằng cá quả là ngon nhất. Cá làm sạch, moi bỏ ruột, đánh vảy sạch, xát muối và giấm hoặc gừng đập đập lên cá cho hết mùi tanh. Cắt khúc vừa ăn. Cá kho thường chỉ dùng phần thân cá. Phần đầu và đuôi cá có thể dùng để nấucanh chua cánhé. | Ướp cá với hạt tiêu, ớt bột, bột nghệ nước mắm, bột canh, hạt nêm, đường sao cho vừa khéo. Thêm một chút nước hàng tạo màu cho đẹp mắt (nếu không có nước hàng, các bạn có thể vào đây để xem cáchchưng nước hàng bằng đườngnhé) để khoảng 10 phút cho ngấm gia vị | Bước 2: Sơ chế chuối | Trong thời gian chờ cá ngấm gia vị, các bạn sơ chế chuối xanh. Chuối xanh có thể tước bớt vỏ hoặc để nguyên vỏ tùy ý. Cắt chuối thành các thanh dài vừa ăn. Tùy quả chuối to hay nhỏ mà bổ chuối thành hai hoặc thành bốn nhé. Ngâm chuối với nước pha muối và giấm loãng cho chuối ra hết nhựa chát và không bị thâm. | Bước 3: Kho cá | Làm nóng dầu ăn trong nồi, phi hành băm cho vàng thơm sau đó cho chuối vào đảo qua với lửa lớn khoảng 2 phút sau đó xếp cá  vào, cho thêm ớt cắt lát, hành lá và đổ thêm nước ướp cá vào, kho nhỏ lửa cho tới khi cá chín nục. Bày cá kho ra đĩa, ăn nóng với cơm rất ngon nhé."
Nộm rau cần (nộm vó cần) giòn ngon,45 phút,4 người,Dễ,"Rau cần-1 mớ (chọn loại rau cần thân trắng, mỏng thân, ít lá sẽ ngon hơn nhé) | Bánh đa mật-Vừa đủ | Thịt ba chỉ-100gr | Lạc-1/2 bát | Nước mắm ngon-100 ml | Giấm-200ml | Đường-50-100gr | Tỏi-2 củ | Ớt-Vừa đủ | Rau mùi-1 mớ | Dầu ăn-Vừa đủ","Bước 1: Pha nước trộn nộm | Đối với các món nộm, pha nước trộn nộm là bước quan trọng nhất quyết định món ăn có thành công hay không. Nước trộn nộm rau cần gồm có nước mắm ngon, giấm, đường, 1 ít chanh cho có mùi thơm, ớt cắt nhỏ, tỏi giã nhỏ (nếu thích), trộn đều sao cho vừa khẩu vị là được nhé. | Bước 2: Sơ chế rau cần | Rau cần nhặt sạch rễ và lá, cắt bỏ phần thân già, rửa sạch với nước rồi vớt ra để ráo. Sau đó nắm từng nắm rau cần, dùng dao sặc thái vát để thành những đoạn rau cần nhỏ hình thoi đều nhau nhé. | Bước 3: Rán bánh đa mật | Mình không biết ở các vùng khác có sản xuất loại bánh đa này không nhưng mà loại bánh đa mật mình nhờ bạn mua ở Hương Canh thì có màu vàng cánh gián rất đẹp, bên ngoài có rắc vừng, có vị ngọt dịu và thơm mùi gừng. Cho vào nộm rất hợp đấy cả nhà ạ. Bánh đa mật nhúng qua nước cho mềm rồi cắt thành sợi vừa ăn (khi mua các bạn có thể yêu cầu người bán hàng cắt cho thì có thể bớt công đoạn này đấy). Cho dầu vào chảo nhỏ, sâu lòng, ước lượng sao cho lượng dầu có thể ngập hết bánh đa đun nóng, vặn nhỏ lửa, cho bánh đa vào đảo cho tới khi bánh thơm, giòn cong và chuyển sang màu cánh gián là được. Vớt ra để cho ráo dầu ăn. | Bước 4:Rán thịt ba chỉ (có thể thay bằng giò cắt lát mỏng nhé) | Thịt ba chỉ luộc sơ, thái chỉ rồi cho vào chảo rán vàng cháy cạnh. | Bước 5:Lạc rang vàng, dùng khăn ủ một lúc cho dễ xát vỏ. Xát sạch vỏ lạc rồi giã nhỏ. | Bước 6: Trộn nộm | Cho rau vào tô lớn, đổ nước trộn nộm, dùng đũa đảo đều nhẹ tay cho rau ngấm đều gia vị mà không bị nát. Để khoảng 5 phút cho rau ngấm gia vị, sau đó cho thịt ba chi rán vàng, lạc rang giã nhỏ và bánh đa mật rán giòn và rau mùi thái nhỏ vào xóc đều. Sau đó xúc ra đĩa, bày thêm vài cọng rau mùi và một nắm bánh đa mật lên trên hoặc rải xung quanh đĩa là bạn đã hoàn thành món nộm rau cần (người địa phương gọi là vó cần nhé) rồi đấy."
Phở gà thơm ngon chống ngán ngày Tết,50 phút,4 người,Dễ,Gà-1/2 con hoặc 1 con tùy lượng ăn ít hay nhiều | Bánh phở-Đủ ăn | Gừng-1 củ | Quế-1 thanh | Hoa hồi-Vài hoa | Hành khô-2-3 củ | Hành lá-Vừa đủ | Rau mùi-Vừa đủ | Hạt rau mùi-3 -5 thìa | Mùi tàu-Vừa đủ | Hành tây-1 củ (tùy ý) | Bột canh-Vừa đủ | Hạt nêm-Vừa đủ,"Bước 1: Luộc gà | Nhà mình tận dùng gà luộc thắp hương để nấu phở gà ăn cho đỡ ngán, tuy nhiên mình vẫn đưa các bước luộc gà lên đây để cả nhà tham khảo nhé. | Gà làm sạch, dùng muối trắng xát qua mình gà rồi rửa sạch cho hết mùi hôi, cho vào nồi, đổ nước lạnh, thêm một chút muối và đập thêm vài nhánh gừng và hành khô vào cho thơm nhé. Đun sôi, khi nước vừa sôi, các bạn vặn lửa nhỏ, để liu riu cho khỏi rách da gà trong khoảng 10-15 phút, các bạn nhớ trở gà cho gà chín đều nhé. | Sau đó tắt bếp, om gà trong nồi một lúc cho gà chín rồi vớt gà ra. Cho gà vào chậu nước đun sôi để nguội có thểm chút đá cho da gà được căng, giòn. Các bạn có thể lấy mỡ gà, chưng với nghệ tươi đập dập để phết lên mình gà cho da gà có màu vàng đẹp mắt nhé. | Bước 2: Lọc thịt gà. | Khi gà nguội, các bạn lọc thịt gà ra, xương và phần đầu, chân, cổ gà để riêng. Thịt gà xé hoặc thái thành các lát nhỏ giống như thịt gà trong bát phở ngoài hàng nhé. | Bước 3: Nấu nước dùng | Xương gà lọc ra ở bước 2, cho lại vào nồi nước luộc gà (có thể cho thêm nước và xương lợn để ninh nếu cần) nhé.Gừng, hành khô nướng qua lửa cho thơm và xém, bóc và cạo vỏ rồi đập dập. Quế, hồi và hạt rau mùi rang cho thơm cho vào túi lọc cùng với gừng và hành khô thả vào nồi nước dùng. Ninh khoảng 15-20 phút để xương gà và xương lợn (nếu có) tiết nước ngọt thì nêm nếm thêm bột canh, hạt nêm cho vừa ăn. | Tip:Trong miền Nam, mọi người thường ăn có vị ngọt nhiều hơn, có thể cho thêm một chút đường phèn cho vừa miệng nhé. | Bước 4: Trần bánh phở | Bánh phở mua về trụng qua nước sôi rồi vớt ra để ráo. Mẹ mình không thích ăn bánh phở cắt bán sẵn ở ngoài hàng mà thường mua bánh phở loại cả miếng to ấy (thường mọi người hay mua về làm phở cuốn hoặc phở chiên phồng ý ạ) về rồi tự cắt ra rồi đêm trần như bình thường. Nếu không có bánh phở tươi, các bạn có thể mua bánh phở khô rồi trần với nước sôi nhé. Chất lượng không khác nhau nhiều đâu ạ. | Bước 5: Trình bày | Trước khi ăn, các bạn xếp bánh phở vào tô, xếp một ít hành tây thái sợi lên cho thơm (nếu thích), xếp hành lá, rau mùi và mùi tàu thái nhỏ kèm với cọng hành trắng tước sợi lên trên. | Tip:Mình thấy một số nơi, ví dụ như trong miền Nam, thường thêm các loại rau sống hoặc rau giá vào phở nhưng miền Bắc thì không. Các bạn có thể tùy ý thêm các loại rau vào phở cho hợp khẩu vị nhé. | Bước 6:Chan nước dùng phở vào là bạn đã có một bát phở gà thơm ngon (pho ga ngon) rồi đấy nhé. | Nguồn: candycancook.com"
Bì lợn nấu đông – Lạ mà ngon,50 phút,4 người,Dễ,Bì lợn-500g | Hành lá-Vài nhánh | Gừng-1 củ | Rượu vang-1 chén | Nước tương-Vừa đủ | Đường-1 đến 2 thìa | Hoa hồi-1 cánh | Quế-1 thanh,"1. Sơ chế bì lợn | Khi đến chợ, hãy chọn loại bì lợn đã được lông chín và không có chân lông dưới da. Sau đó, rửa sạch bì lợn và cạo lông cũng như bụi bẩn, sau đó lạng sạch mỡ dính vào bì. Tiếp theo, cho bì vào nồi luộc khi nước sôi, và thêm rượu vào. Luộc bì trong khoảng 3-5 phút, sau đó vớt ra. | Sau khi vớt bì ra, cạo lại mặt ngoài bì một lần nữa để lông sạch. Lật ngược miếng bì và lạng sạch mỡ dính (nếu có). Để tránh món ăn quá mỡ, cần lạng sạch mỡ đầy đủ. | Cuối cùng, cắt bì lợn thành các miếng vừa ăn và thắt nút bằng hành lá. | 2. Ninh đông | Thêm bì lợn và nước vào nồi áp suất theo tỷ lệ 100g bì với 200ml nước. Sau đó, thêm nước tương, gia vị như hoa hồi, quế, hành, gừng và đường. Đun sôi và vớt bọt nếu có. Đậy kín nồi áp suất và ninh trong khoảng 20 phút cho đến khi bì lợn chín mềm. | Mẹo: Nếu không có nồi áp suất, bạn có thể sử dụng nồi thông thường để ninh. Tuy nhiên, thời gian nấu sẽ lâu hơn và nước có thể bay hơi nhiều hơn, vì vậy hãy đảm bảo thêm nhiều nước hơn một chút khi sử dụng nồi thông thường. | 3. Để nguội tạo đông | Sau khi nấu xong, xả hết hơi trong nồi áp suất và mở vung ra (nếu sử dụng nồi thông thường, bỏ qua bước này). Vớt ra các mùi như quế, gừng, hồi và hành, sau đó rắc hạt tiêu vào và đảo đều. | Tiếp theo, đổ bì lợn và nước hầm vào hộp và để nguội. Vì món ăn chứa nhiều bì lợn, nếu thời tiết mát hoặc ngon, chúng có thể tự đông lại trong quá trình làm nguội. Tuy nhiên, trong trường hợp thời tiết nóng như những ngày gần đây, bạn cần đặt hộp vào tủ lạnh và chờ đến khi món ăn đông lại hoàn toàn."
Canh bóng thập cẩm chuẩn vị Bắc ngày Tết,1 giờ 35 phút,4 người,Dễ,"Nước dùng | Xương lợn-500gr; hoặc | Xương gà-500gr | Bóng bì và các loại thịt bổ sung khác. Mình để khối lượng tương đối ở đây là khoảng 100 gr. Các bạn có thể tùy ý thêm, bớt và căn ke các nguyên liệu cho vừa đủ nhé. | Bóng bì-50-60gr | Tôm tươi-100gr | Thịt gà-100gr | Mọc-100gr (có thể mua giò sống rồi trộn với mộc nhĩ băm nhỏ rồi nhồi vào nấm hương cho thơm ngon nhé) | Tim lợn-100gr | Chả cá-100gr | Trứng gà-1 quả | Rau, củ, quả tùy theo mùa và sở thích, nhà mình thường dùng các loại rau củ sau | Su hào-1/2 củ | Cà rốt-1 củ | Bông cải xanh-100gr | Đậu Hà Lan-50gr | Gia vị | Hành lá-Vừa đủ | Rau mùi-Vừa đủ | Hạt tiêu-Vừa đủ | Cột canh-Vừa đủ | Hạt nêm-Vừa đủ | Gừng-1 củ | Rượu-1 chén (dùng để tẩy mùi hôi của bóng bì) | Nấm hương-5-7 tai nấm","Bước 1: Chuẩn bị nước dùng. | Đun sôi nước, cho xương vào trần qua rồi rửa sạch với nước lạnh. 1/2 củ cừng rửa sạch, để nguyên vỏ, nướng vàng, đập dập. Cho vào nồi nấu ninh chung với xương và nước để làm nước dùng. Trong quá trình đun các bạn nhớ vớt bọt (nếu có) để nước dùng được trong nhé. | Bước 2: Sơ chế nguyên liệu | Trong quá trình ninh nước dùng, các bạn sơ chế nguyên liệu như sau nhé.Bóng bì ngâm nước vo gạo cho nở và trắng, xát gừng, rượu trắng và muối ăn để khử mùi hôi, sau đó rửa sạch với nước gừng. Để ráo. | Tôm bóc vỏ, bỏ đầu, chẻ làm đôi hoặc quết nhuyễn, ướp gia vị nhồi vào nấm hương làm mọc. Thịt gà, tim lợn làm sạch, cắt lát mỏng, ướp gia vị gồm muối, tiêu, hành, tỏi bằm. Sau đó cho tất cả các nguyên liệu vào xào với bóng bì cho chín tới. | Rau, củ, quả rửa sạch, tỉa hoa hoặc cắt miếng vừa ăn, trần với nước sôi rồi nhúng ngay vào nước lạnh để giữ màu xanh của rau củ. Trứng gà đánh tan, tráng miếng mỏng, thái sợi. Nấm hương ngâm nở, rửa sạch. | Bước 3: Nấu canh | Sau khi chuẩn bị nguyên liệu và nước dùng xong, cho từng loại rau củ vào trước, đun chín tời rồi vớt ra để riêng, sau đó lần lượt nấu các nguyên liệu khác như thịt, tôm, tim... vào nấu cho tới khi các nguyên liệu chín tới rồi cũng vớt ra để riêng để lát trình bày bát canh cho đẹp. Nước dùng các bạn nêm nếm lại gia vị vừa ăn, thả hành, mùi rồi tắt bếp. | Bước 4: Trình bày | Các bạn lấy bát, xếp thịt và các loại rau củ xuống, lớp trên cùng bày một lượt bóng bì, điểm xuyết các nguyên liệu khác cho đẹp mắt: màu đỏ của cà rốt, màu xanh của bông cải và đậu Hà Lan, màu  hồng của tôm, vàng của chả cá, và màu nâu của nấm cho đẹp nhé. Nếu ăn ngay, các bạn có thể chế luôn nước dùng ở bước 3 vào bát canh. Nếu không dùng ngay, các bạn có thể xếp sẵn các nguyên liệu vào bát, khi ăn đun lại nước dùng cho sôi rồi chế vào bát canh, rắc thêm hành, mùi rồi ăn nóng."
Canh măng móng giò ngậy mà không ngán,60 phút,4 người,Dễ,"Măng khô-200gr (Có thể chọn loại măng bất kỳ nhưng ngon nhất vẫn là dùng măng lưỡi lợn, vàng và dày dặn nhé) | Móng giò-1 chiếc (lấy cả phần móng và phần thịt đùi nhé, có thể thay bằng suờn ăn cũng rất ngon đấy nhé) | Mộc nhĩ-50gr | Nấm hương-30gr | Hành lá-Vừa đủ | Mùi tàu-Vừa đủ | Gia vị-Vừa đủ | Hành khô-2 củ","Bước 1: Sơ chế măngMăng  khô đem ngâm nước cho mềm, nhà mình thường dùng nước vo gạo mỗi lần nấu cơm để ngâm măng và thay nước vào mỗi lần nấu cơm trưa và tối.Rửa sạch măng, cho vào nồi luộc rồi đổ ra rửa sạch. Lặp lại quá trình trên vài lần cho đến khi nước luộc măng không còn màu vàng đậm và mùi măng cũng hết. Khi đó, măng đã chuyển màu vàng rơm ngon mắt chứ không còn màu nâu như trước nữa. Thời gian sơ chế măng có thể mất từ 2 ngày đến 1 tuần tùy thuộc vào loại măng và điều kiện thời tiết nhé.Sau khi luộc măng xong, đổ ra rổ, rửa sạch với nước lạnh, cắt miếng vừa ăn hoặc tước măng thành sợi.Bước 2:Móng giò làm sạch, ướp với gia vị cho vừa ăn. Bắc nồi lên bếp, phi thơm hành khô rồi cho móng giò và xào sơ cho ngấm gia vị, sau đó cho nước vừa đủ vào đun sôi rồi hạ lửa, hầm cho móng giò mềm.Bước 3:Trong khi chờ móng giò mềm, các bạn ngâm mộc nhĩ, nấm hương cho nở rồi đem rửa sạch, cắt bỏ chân (nếu có). Nấm hương để nguyên cái, mộc nhĩ có thể cắt thành các miếng nhỏ vừa ăn.Hành cắt riêng phần đầu trắng, tước sợi. Phần hành xanh và mùi tàu rửa sạch, cắt khúc vừa ăn.Bước 4:Cho chảo lên bếp, phi thơm hành khô rồi cho măng vào xào, với gia vị vừa ăn, có thể thêm một chút nước hầm chân giò vào để xào cho măng ngấm đều (trong trường hợp măng bị khô), sau đó đổ mộc nhĩ, nấm hương vào xào chung.Bước 5:Cho măng xào ở Bước 4 vào nồi chân giò hầm, nấu tiếp cho tới khi măng và móng giò mềm, nêm nếm lại gia vị cho vừa ăn rồi thả hành trắng cắt sợi, hành xanh và mùi tầu cắt khúc vào rồi tắt bếp.Múc canh ra bát, dùng nóng."
Món thịt gà nấu đông cực ngon,1 giờ 30 phút,4 người,Dễ,"Thịt gà-Khoảng 800gr | Gelatin-4-5 lá (do về muộn, trời lại lạnh, ngại đi chợ nên mình dùng Gelatin, nếu không có Gelatin các bạn có thể dùng bì lợn nhé) | Cà rốt-1 củ | Nấm hương-20gr | Mộc nhĩ-30gr | Hạt tiêu-1/2  thìa tiêu sọ | Hạt tiêu xay-1/2 thìa cà phê | Nước mắm-Vừa đủ","1. Sơ chế nguyên liệu | Trên bếp, hãy đặt nồi lên và đổ vào nồi 1/2 lít nước, 300g bì heo, 1 muỗng cà phê muối và 2-3 lát gừng. Đun nồi cho đến khi nước sôi. Sau khoảng 10 phút, hãy vớt bì heo ra và để ráo. Giữ lại nồi nước luộc bì heo để làm nước dùng cho thịt đông. | Khi bì heo đã nguội, hãy cắt nó thành các miếng nhỏ để làm thịt nấu đông gà dễ ăn hơn. Rửa sạch gà bằng nước muối pha loãng và chặt nó thành các miếng nhỏ phù hợp với khẩu phần ăn. | Nấm hương cần được ngâm với nước sôi trong khoảng 20 phút để nở rộ sau đó rửa sạch và cắt nhỏ. | Nấm mèo cần được luộc trước, sau đó rửa lại bằng nước và cắt nhỏ. | 2. Xào gà | Sau khi gà được sơ chế, hãy ướp nó với hỗn hợp gia vị gồm 1 muỗng cà phê tiêu xay và 2 muỗng cà phê dầu hào. Trộn đều gia vị lên và ướp gà trong khoảng 15 phút. | Đặt chảo lên bếp và đun nóng 1 muỗng canh dầu ăn. Sau đó, phi thơm 1 muỗng cà phê hành tím băm và cho gà đã ướp vào chảo. Xào gà trong khoảng 5 phút. | Tiếp theo, thêm bì heo, nấm mèo và nấm hương vào chảo và xào chung trong khoảng 5 phút để bì heo được săn lại. Sau đó, đổ nước dùng vào chảo, giảm nhỏ lửa và ninh trong khoảng 10 phút. | Sau khi đun ninh, nêm thêm 1 muỗng cà phê hạt nêm và đảo đều hỗn hợp. Tiếp tục ninh trong 10 phút nữa để gia vị thấm đều vào thịt và nguyên liệu khác. | 3. Đổ khuôn | Sau khi sơ chế, bạn sẽ lấy một tô và đặt thịt gà và nấm vào tô, sau đó đổ nước dùng vào để tô gần ngập. Tiếp theo, đợi cho thịt nguội và sau đó đặt tô vào tủ lạnh ít nhất 3 tiếng hoặc để qua đêm là tốt nhất. | Sau khi đã đủ thời gian, bạn có thể thưởng thức món thịt đông gà bổ dưỡng này. Món thịt đông gà không chỉ hấp dẫn mà còn rất bổ dưỡng, với kết cấu thịt đông trong suốt cho phép bạn nhìn thấy rõ các nguyên liệu bên trong. Khi thưởng thức, bạn sẽ cảm nhận được hương vị ngọt ngào của thịt gà, sự kết hợp tuyệt vời giữa nấm hương và sự giòn ngon của da heo, cùng vị đặc trưng của nấm mèo."
Làm mứt gừng đón Tết nào,60 phút,4 người,Dễ,Gừng-500gr (nhà mình hay chọn gừng non để mứt gừng không bị xơ) | Đường-300gr | Chanh-1 quả | Muối-1 thìa nhỏ,"Gừng chọn nhánh to, tươi, non để mứt không bị xơ. Rửa sạch bùn đất, rồi dùng dao cạo sạch vỏ sau đó rửa lại một lần nữa với nước cho sạch.Pha muối với nước. Dùng dao thái gừng thành các lát mỏng, hoặc các bạn có thể dùng dụng cụ nạo rau củ, nạo gừng thành các lát mỏng rồi cho vào tô nước muối. Ngâm khoảng 2 tiếng.Sau 2 tiếng, vớt gừng ra, xả gừng với nước sạch cho hết vị mặn rồi đun sôi nước, cho gừng vào luộc, vắt nước cốt chanh vào nồi luộc gừng cho gừng được trắng.Khi nước luộc gừng sôi thì đổ ra xả với nước lạnh rồi lặp lại quy trình luộc. Luộc gừng là để giảm bớt vị cay và đắng của gừng. Số lần luộc tùy thuộc vào việc bạn thích ăn cay nhiều (số lần luộc ít) hoặc cay ít (số lần luộc nhiều hơn). Nhà mình thường luộc và xả gừng với nước lạnh khoảng 2 lần thôi nhé.Trộn gừng với đường. Ở đây mình đã lấy nguyên liệu đúng theo tỉ lệ rồi nhé. Nếu các bạn dùng ít hoặc nhiều gừng hơn thì cũng gia giảm lượng đường theo tỉ lệ gừng : đường = 10:6 cho phù hợp nhé. Các bạn ngâm gừng cho đến khi đường tan hết, thỉnh thoảng đảo cho gừng ngấm đều.Dùng chảo to, đế dày để sên mứt. Các bạn dàn đều gừng vào chảo, bật bếp ở mức nhỏ nhất để sên mứt gừng. Khi đường sôi thì cầm cán chảo lắc nhẹ để đường không bị cháy. Các bạn có thể dùng thìa hoặc đũa đảo nhẹ, nhưng chú ý đừng làm nát miếng gừng nhé.Cứ thế sên cho đến khi đường cạn, kết tinh lại thành các hạt trắng nhỏ, miếng gừng bắt đầu khô thì tắt bếp. Lúc này, các bạn tiếp tục đảo nhẹ gừng để lợi dụng nhiệt của chảo làm khô gừng. | Cứ tiếp tục đảo cho đến khi miếng gừng khô hoàn toàn là được. | Khi mứt nguội, đường cứng lại, bám thành một lớp đều bên ngoài miếng gừng, các bạn có thể cho gừng vào hộp kín để bảo quản."
Giò thủ tai heo miền Bắc đón tết,1 giờ 00 phút,4 người,Dễ,"Tai lợn-2 chiếc | Mũi lợn-1 chiếc | Lưỡi lợn-1 chiếc | Thịt lợn-400gr (nhớ phải chọn thịt chân giò, phần có bắp nhé các bạn) | Nấm hương-50gr | Mộc nhĩ-150gr | Tiêu-50gr (tùy theo khẩu vị, nhà mình ăn được cay và thích mùi thơm của tiêu nên dùng 50gr, bạn có thể gia giảm tùy ý) | Hành khô-5 củ | Nước mắm-Vừa đủ | Gia vị-Tùy ý","Bước 1: Tiêu (dùng tiêu sọ nhé) rang chín, giã dập (đừng giã nhỏ như hạt tiêu gia vị bình thường nhé, mình chỉ giã dập hạt tiêu cho thơm nhưng vẫn còn nguyên hạt để cho vào ướp với thịt thôi) | Bước 2:  Hành khô bóc vỏ, bằm nhỏ.Bước 3: Sơ chế thịt: | Thịt, lưỡi, mũi, tai lợn làm sạch, rửa với nước cho sạch. Đun sôi nước, đổ lại một ít nước sôi để ngâm nấm và mộc nhĩ (xem bước 4) rồi cho tất cả thịt lợn vào trần qua, | Mục đích của việc trần thịt là để làm sạch hết các chất bẩn trong thịt và việc sơ chế thị dễ dàng hơn. Không chỉ với làm giò mà khi dùng thịt lợn hoặc xương lợn chế biến các món ăn khác, nhà mình cũng trần qua rồi rửa sạch với nước nhé các bạn. | Sau khi trần, vớt thịt ra, làm sạch thịt, lưỡi, mũi, tai (cạo sạch lông, tước bỏ màng nhầy...), sau đó bóp với một chút muối hạt cho hết mùi hôi của lưỡi và mũi rồi rửa sạch với nước lạnh. Để ráo. | Các nguyên liệu từ thịt sau đó thái miếng dài, mỏng. | Xếp các nguyên liệu đã thái vào một âu lớn. | Ướp thịt với tiêu giã dập ở bước 1 và hành khô băm nhỏ ở bước 2. | Sau đó cho thêm một chút nước mắm và gia vị vừa ăn, ướp khoảng 30 phút cho  ngấm gia vị. Các bạn chú ý nên ướp các gia vị có mùi (tiêu, hành) trước rồi mới đến các gia vị có vị (nước mắm, muối,..) thịt sẽ ngon hơn nhé. | Bước 4: Sơ chế mộc nhĩ, nấm hương | Dùng nước đun sôi ở bước 3 ngâm mộc nhĩ và nấm hương cho nở, rửa sạch, bỏ chân (nếu có) rồi thái sợi. | Bước 5: Xào thịt | Chảo rửa sạch, để khô, cho lên bếp đun cho nóng chảo. Cho vào chảo một chút dầu ăn (các bạn chỉ cho ít thôi nhé, vì khi xào thịt sẽ ra mỡ) rồi cho hết chỗ hành khô băm vào phi thơm. | Sau đó vặn bếp ở mức lửa to nhất, cho chỗ thịt đã ướp ở bước 3 vào. | Đảo đều với lửa to cho đến khi thịt chín săn và ra bớt mỡ. | Khi thịt ra bớt mỡ, các bạn cho mộc nhĩ, nấm hương thái sợi ở bước 4 vào. | Tiếp tục đảo đều, cho tới khi mộc nhĩ và nấm hương chín. Trong quá trình xào, các bạn có thể nêm nếm lại gia vị cho vừa ăn, nêm thêm hạt tiêu trước khi tắt bếp cho dậy mùi thơm. | Bước 6: Gói giò. | Khi thịt còn nóng, cho thịt vào khuôn giò. | Các bạn chú ý cho thịt vào khuôn tư từ, ít một, mỗi khi cho thịt vào lại dùng thìa ấn đều thịt xuống để cho giò đều, khi bỏ ra không có phần bị rỗng nhé. | Sau khi cho hết thịt vào khuôn, các bạn lắp phần nắp vít lại, vặn thật chặt. | Sau đó dốc cho mỡ thừa (nếu có) chảy ra khỏi khuôn. Để cho giò nguội hẳn rồi lấy giò ra khỏi khuôn | Nếu bạn không có khuôn giò, các bạn có thể dùng chai nhựa (chai Lavie hoặc Pepsi 1.5 l) cắt bỏ phần đầu rồi cho thịt vào nến lại cũng được thành phẩm giống như dùng khuôn giò nhé; hoặc gói giò theo cách truyền thống. Theo cách truyền thống, các bạn có thể dùng mo cau (ở thành phố thì khó chứ ở quê nhà mình các bà các mẹ vẫn gói giò bằng mo cau đấy) hoặc lá chuối để gói giò cho thật chặt tay, sau đó dùng các thanh tre để dọc bó giò, dùng lạt buộc lại cho thật chặt là được. | Khi ăn, các bạn cắt giò thành các miếng vừa ăn, bày ra đĩa cho thật đẹp. | Nếu chưa ăn ngay, các bạn có thể dùng giấy bọc thực phẩm, bọc giò lại (hoặc dùng luôn mo cau hoặc lá chuối, nếu gói theo cách truyền thống) rồi để trong tủ lạnh ăn dần."
Dưa món chống ngán cực ngon cho ngày Tết,60 phút,4 người,Dễ,Củ cải-300gr | Cà rốt-300gr | Đu đủ xanh-300gr | Su hào-1 củ vừa | Ớt tươi-Vài quả | Hành tím-100gr | Đường- | Nước mắm-,"Các nguyên liệu gọt vỏ, rửa sạch, cắt lát dày khoảng 3-5mm, các bạn có thể cắt khúc rồi chẻ nhỏ lại, hoặc tỉa hoa tùy thích nhé, rồi đem phơi nắng cho héo. Nếu không có nắng, các bạn có thể cho vào lò nướng, bật lò ở nhiệt độ nhỏ nhất sấy héo.Ngày xưa trước tết khoảng 1 tháng mẹ mình bắt đầu chuẩn bị nguyên liệu làm dưa món, phải phơi nắng vài ngày cho khô. Các bạn có thể chuẩn bị nguyên liệu từ mùa hè, phơi khô (khi nắng to, phơi nguyên liệu cũng nhanh khô hơn) rồi để dành đến tết để làm dưa góp.Bây giờ mọi việc đơn giản hơn nhiều, các bạn có thể mua nguyên liệu dưa góp chuẩn bị sẵn trong Metro sẽ đỡ được khâu chuẩn bị này nhé.Ở đây mình dùng nguyên liệu phơi khô chuẩn bị từ trước, nên trước khi làm dưa, các bạn ngâm với nước lạnh cho mềm một chút và cũng để rửa hết bụi bẩn bám vào nguyên liệu trong quá trình phơi nhé.Đun nước sôi, cho nguyên liệu vào nhúng khoảng 10-20 giây.Sau đó vớt ra, cho ngay vào âu nước lạnh, ngâm và rửa lại rồi vắt cho thật ráo nước.Bắc nồi, cho nước mắm và đường  và nước theo tỉ lệ 3 đường : 2 nước mắm : 1/2 nước lạnh vào khuấy tan, đun sôi rồi tắt bếp. Để cho dung dịch nước mắm đường thật nguội.Cho nguyên liệu vào lọ, chế nước mắm, đường đun sôi để nguội ở trên, dùng vỉ tre hoặc vỉ nhựa ấn cho nguyên liệu ngập trong nước mắm đường là được. Để ngâm trong khoảng từ 5-7 ngày là ăn được."
“Bí quyết” muối dưa hành ngọt mà không hăng,60 phút,4 người,Dễ,"Hành tím-1,2 kg | Khế-0.5 kg (Nhớ phải chọn khế chua đấy nhes^^) | Muối-300 gr | Đường-300gr | Giấm-500ml","Hành tím lột vỏ, cắt bỏ rễ, các bạn chú ý không rửa hành nhé.Khế chua rửa sạch, cắt nhỏ, vắt lấy nước, bã giữ lại, để riêng. Các bạn  nên chọn khế chín, khi vắt sẽ được  nhiều nước hơn nhé.Xếp lần lượt một lớp hành, một lớp muối hột vào âu.Sau đó đổ nước khế vắt được ở trên vào cho ngập hành.Sau đó phủ bã khế lên trên mặt, đậy hộp lại, để khoảng 1 ngày. Làm như vậy, khi muối, dưa hành sẽ có màu đỏ đẹp. Thỉnh thoảng các bạn trở hành để hành đều màu nhéSau một ngày, đổ một phần giấm ra hai bát con, vớt từng ít hành ra cho vào một bát giấm để rửa hành lần một, sau đó cho sang bát giấm thứ hai rửa lần hai rồi cho ra rổ, để cho ráo.Khi hành đã ráo, xếp 1 lớp hành vào lọ thủy tinh, rắc một lớp đường lên trên, lặp lại cho đến khi hết hành.  Các bạn chú ý, lớp trên cùng phải là đường nhé. Thường mình dùng hết khoảng 200gr đường.Để khoảng nửa ngày, đường sẽ ra nước.Nấu chỗ đường và giấm còn lại cho tan, để thật nguội rồi đổ vào hũ. Dùng vỉ hoặc nan tre gài và ấn cho hành ngập nước. Để khoảng nửa ngày là dùng được."
Muối dưa hành ngon ăn tết thôi nào,Thời gian thực hiện15 phút,4 người,Dễ,"Hành củ-1kg (Tùy khẩu vị nhà mình mà các bạn chọn hành nhé. Hành bánh tẻ sẽ đỡ hăng hơn, muối nhanh được ăn. Hành củ già sẽ thơm hơn nhưng thời gian muối cũng lâu hơn đấy nhé) | Nước-1,5l | Muối-Vừa đủ (khoảng 70-100gr, hoặc tùy khẩu vị,  nhưng không nên cho quá ít muối, sẽ bị nhạt mà hành dễ bị hỏng) | Đường-1 thìa canh | Giấm-2 thìa (có thể thay bằng rượu trắng)","Bước 1: Sơ chế hànhHành củ cắt rễ, bỏ lá xanh.Rửa sạch, để cho ráo nước.Bước 2: Chuẩn bị nước muối hànhCho muối, đường vào  nước, đun sôi, gạn bỏ cặn (nếu có), để nguội bớt. Khi nước còn hơi ấm ấm, cho giấm hoặc rượu vào.Bước 3: Muối hànhHũ thủy tinh (ngày xưa hay dùng hũ sành để muối dưa hành nhưng giờ nếu không có các bạn dùng hũ thủy tinh giống mình cũng được) rửa sạch, để ráo hoặc dùng khăn lau khô. Đổ hành đã rửa sạch để ráo ở bước 1 vào hũ, đổ nước ở bước 2 vào ngập hành. Dùng vỉ tre và vật nặng chặn cho hành không nổi lên khỏi  mặt nước (nếu hành nổi, lo dưa hành sẽ bị màng, và bị hỏng đấy nhé) rồi đậy kín, thường để khoảng 10 ngày là ăn được rồi. Tuy nhiên, nếu trời cứ lạnh căm căm như thế này thì thời gian muối sẽ lâu hơn, khoảng 10-15 ngày đấy nhé.Các bạn chú ý, khi hành chua, nên vớt hành ra và ngâm vào  nước muối loãng hơn thì hành sẽ để được lâu hơn và không bị nát. Các bạn có thể đậy nắp kín, bảo quản trong tủ lạnh cũng OK.Bước 4: Trình bàyHành chua có thể dùng được ngay, nhưng nếu các bạn bóc bớt vỏ, cắt bớt đầu và cuống hành rồi rắc một chút ớt bột lên rồi trộn với một chút nước mắm ăn sẽ rất đậm đà đấy."
Tai lợn ngâm giấm chua ngọt ăn tết nào,60 phút,4 người,Dễ,"Hộp thuỷ tinh-Dùng để ngâm tai lợn ạ, các bạn nhớ chọn hộp có nắp đậy nhé | Tai lợn-Số lượng tùy thích, mỗi lần mình thường làm 2-3 cái để ăn dần | Nước mắm-150ml (chọn loại nước mắm ngon nhé) | Nước-1000ml | Đường-100gr | Giấm-100ml | Ớt-Tùy thích | Tỏi-Vừa đủ","Bước 1: Sơ chế tai lợnTai lợn mua về làm sạch. Nhà mình hay đun nước sôi rồi cho tai và trần qua rồi lấy ra cạo rửa sạch, sau đó bóp với muối và chanh để khử hết mùi hôi. Cho tai vào nồi luộc chín, vớt tai ra, ngâm ngay vào âu nước lạnh có pha một chút dấm cho đến khi tai nguội mới vớt ra. Ngâm như vậy, tai lợn sẽ trắng và giòn nhé các bạn.Bước 2: Nấu nước giấm đường chua ngọt.Các bạn dùng nước vừa dùng để ngâm tai, hớt bỏ bớt váng mỡ rồi đun sôi cùng với đường, giấm, nước mắm, sau đó thả tỏi cắt lát vào, để cho nước thật  nguội.Bước 3: Ngâm tai lợnCho tai lợn đã luộc ở bước 1 vào hộp thủy tinh đã rửa sạch, để ráo. Sau đó chế nước giấm đường chua ngọt ở bước 2 vào, cho ngập tại. Thêm ớt tươi (có thể cắt lát hoặc để cả quả tùy ý, lượng ớt cho vào tùy khẩu vị ăn cay của mỗi người nhé) và tỏi thái lát vào.Bước 4: Trình bày và Bảo quảnCác bạn dùng nẹp tre ấn tai xuống cho tai ngập nước (nếu không có nẹp tre, có thể dùng một cái đĩa hoặc bát nhỏ ấn xuống cũng OK nhé), đậy nắp kín, sau khoảng 3-5 ngày là được.Khi ăn, các bạn thái tai thành các lát mỏng, bày ra đĩa. Có thể ăn kèm với rau sống hoặc dùng để nhắm rượu rất ngon nhé. Phần tai lợn chưa ăn đến các bạn có thể để trong tủ lạnh ăn dần trong khoảng 2-3 tuần nhé."
Sườn rim chua ngọt ngon mê ly cho bữa cơm nhà,60 phút,4 người,Dễ,"Sườn non-700 gr | Trứng gà-1 quả | Ớt sừng-10 gr | Hành tím-10 gr | Tỏi-10 gr | Tương ớt-1.5 muỗng canh | Tương cà-1.5 muỗng canh | Nước tương-5 muỗng cà phê | Giấm-2 muỗng cà phê | Bột bắp-2 muỗng canh | Dầu ăn-50 ml | Gia vị-Muối, đường, hạt nêm, bột ngọt, tiêu","1. Sơ chế nguyên liệu | Sơ chế sườn: Sử dụng muối hoặc chanh để chà xát mặt thịt của sườn heo. Sau đó, rửa sườn lại với nước sạch để loại bỏ muối hoặc chanh trên bề mặt, sau đó để ráo. Tiếp theo, chặt sườn thành các miếng nhỏ vừa ăn. | Trụng sườn: Chuẩn bị một thau hoặc nồi lớn, đổ nước sôi vào thau sao cho mặt sườn được ngập trong nước. Trụng sườn trong nước sôi khoảng 5 - 10 phút, sau đó vớt sườn ra và xả sạch bằng nước lạnh để loại bỏ cặn bẩn. | Rửa và để ráo: Xả sườn bằng nước sạch để loại bỏ bất kỳ tạp chất nào còn lại trên bề mặt. Sau đó, để sườn ráo trong một chỗ khô thoáng. | 2. Ướp và chiên sườn | Chuẩn bị gia vị: Trong một tô, trộn đều 1/3 muỗng cà phê muối, 2 muỗng cà phê hạt nêm, 1/3 muỗng cà phê bột ngọt, 1 muỗng cà phê nước tương, 1 muỗng canh đường, 1/3 muỗng cà phê tiêu xay, 5g tỏi băm và 10g hành tím băm. | Ướp sườn: Đặt sườn vào một tô và rắc đều gia vị đã chuẩn bị lên sườn. Đảo đều để sườn thấm đều gia vị. Ướp sườn trong khoảng 15 - 20 phút để gia vị thấm vào sườn đều. | Chuẩn bị hỗn hợp bột áo: Đập 1 quả trứng gà và tách lấy lòng trắng. Hòa lòng trắng trứng với 2 muỗng canh bột bắp. | Áo sườn bằng hỗn hợp bột áo: Cho hỗn hợp bột bắp và lòng trắng trứng vào tô chứa sườn. Trộn đều để bột áo phủ đều lên sườn. | Một gợi ý nhỏ: Ướp thịt với lòng trắng trứng gà và bột bắp giúp sườn khi chiên có màu vàng đẹp và trở nên giòn hơn. | Chiên sườn: Đặt một chảo lên bếp và đổ dầu ăn vào chảo. Chờ đến khi dầu ăn nóng, sau đó đặt phần sườn đã được áo bột vào chảo và chiên ở lửa vừa. Chiên sườn cho đến khi sườn chín vàng và cạnh sườn trở nên giòn. Sau đó, vớt sườn ra khỏi chảo để ráo dầu. | 3. Rim sườn | Đổ bớt dầu từ chảo, giữ lại một ít dầu và cho tỏi vào phi thơm. | Thêm 10g ớt sừng băm nhuyễn và toàn bộ phần sốt đã pha trước đó vào chảo. Tiếp theo, đổ 50ml nước lọc vào tô chứa nước sốt, tráng đều rồi đổ vào chảo. Đun nước sốt cho đến khi hỗn hợp sôi lên và hơi sánh lại. | Rim sườn ở lửa nhỏ trong khoảng 5 phút cho đến khi nước sốt sánh kẹo lại và sườn ngấm đều gia vị. Sau đó, tắt bếp. | Bày sườn ra đĩa và trang trí để tạo thành một món ăn đẹp mắt. | 4. Thành phẩm | Món sườn rim chua ngọt dễ thực hiện, với các nguyên liệu đơn giản và dễ tìm kiếm. Tuy nhiên, hương vị của nó lại vô cùng thơm ngon và hấp dẫn, tạo cảm giác thèm thuồng khiến bạn muốn ăn thêm. Mỗi miếng sườn thấm đầy hương vị, kết hợp với sốt chua chua, ngọt ngọt, tạo ra một cảm giác kích thích vị giác tuyệt vời khi ăn kèm cơm."
Canh cua mồng tơi ngon mát cho mùa hè,40 phút,4 người,Dễ,Cua đồng-300 gram | Rau mồng tơi-300 gram | Hành tím-2 củ | Dầu ăn-2 muỗng canh | Nước mắm-1 muỗng canh | Muối-Một ít,"1. Sơ chế của đồng | Đầu tiên, bắt đầu với 300 gram cua đồng, hãy sử dụng tay để tách bỏ mai và yếm, sau đó rửa cua một vài lần với nước cho sạch và để ráo. Đồng thời, lấy muỗng để gạch cua từ yếm cho vào một chén riêng. Tiếp theo, chuẩn bị máy xay sinh tố và đổ số cua đồng đã để ráo cùng 300ml nước lọc vào máy, sau đó xay nhuyễn hỗn hợp trong khoảng 3 phút ở mức vừa. | Khi thấy hỗn hợp đã nhuyễn, tắt máy và sử dụng rây để lọc phần xác cua, chỉ giữ lại nước riêu cua để sử dụng trong chế biến. | 2. Sơ chế nguyên liệu khác | Tiếp theo, với 300 gram rau mồng tơi, bạn hãy nhặt lấy các lá non và đồng thời loại bỏ những lá dập úng hoặc héo úa. | Sau đó, ngâm rau mồng tơi trong nước muối pha loãng trong khoảng 10 phút, sau đó rửa lại 1-2 lần với nước để làm sạch và để ráo. Sau đó, sử dụng dao để cắt rau thành khúc dài khoảng 1-2 phần ngón tay. | Cuối cùng, lột vỏ hành tím và băm nhuyễn nó. | 3. Xào gạch cua | Sau khi chuẩn bị xong nguyên liệu, hãy đặt một chảo lên bếp và thêm 1 muỗng canh dầu ăn, sau đó đun chảo với lửa vừa. Chờ đến khi dầu nóng, bạn hãy cho hành tím đã băm nhuyễn vào chảo và phi thơm trong khoảng 3 phút. | Tiếp theo, thêm chén gạch cua vào chảo và sử dụng sạn dẹt để xào đều trong khoảng 3-5 phút, cho đến khi thấy gạch cua trở nên hơi sánh và đặc. Khi đó, bạn có thể tắt bếp. | 4. Nấu canh | Khi vô tình chạm mắt, tô canh cua mồng tơi đã tỏa sáng với màu sắc bắt mắt từ riêu cua và sự tươi tốt của rau xanh, nhanh chóng thu hút mọi người! | Đặc biệt, riêu cua mềm mịn và ngọt ngào, kết hợp với hương vị tươi ngon của rau và nước dùng đậm đà, thực sự là một món ăn không thể thiếu trên bàn cơm!"
Thịt lợn mán tái chanh thơm ngon ngọt,60 phút,4 người,Dễ,Thịt lợn mán (Chọn phần thịt vai hoặc thịt đùi)-500gr | Gừng-1 nhánh | Sả-2 cây | Vừng trắng rang vàng-3 thìa | Dầu vừng-1 thìa | Chanh-1/2 quả | Đường-1 thìa | Bột canh-1 thìa | Chuối xanh-1 quả | Khế chua-1 quả | Ớt-Tuỳ thích | Giấm-2 thìa | Muối-1 thìa,"Gừng và 2 củ sả đập dập chia thành 2 phần, 1 củ sả còn lại băm nhỏ. | Chuối xanh lột vỏ, cắt lát mỏng, ngâm vào nước pha muối và giấm cho đỡ bị thâm rồi để ráo. Khế chua rửa sạch, cắt lát. Vừng rang vàng. | Thịt lợn rửa sạch, dùng dao cao sạch phần bì. Đun sôi nước, thả một phần gừng, sả vào rồi cho thịt vào trần trong khoảng 2-3 phút để loại bỏ các chất bẩn và mùi hôi của thịt, sau đó rửa sạch lại với nước. | Hấp thịt với chỗ gừng và sả còn lại cho tới khi chín (mất khoảng 10-15 phút sau khi nước sôi, các bạn dùng đũa châm không thấy nước đỏ chảy ra là thịt chín). Gắp thịt ra thả vào bát nước đá ngay cho thịt trắng và mềm. | Dùng dao sắc thái thịt lợn mán đã luộc thật mỏng, cho vào tô. | Vắt nửa quả chanh vào tô, thêm đường, muối, dầu vừng, 1/2 chỗ vừng rang, ớt thái nhỏ vào, dùng găng tay trộn đều. Sau khi trộn xong các bạn có thể nêm nếm lại gia vị cho vừa miệng rồi xếp thịt ra đĩa, rắc chỗ vừng còn lại lên trên là ta đã làm xong món thịt lợn mán tái chanh. Các bạn ăn thịt lợn mán tái chanh cùng với khế chua và chuối xanh không thôi cũng ngon, nếu thích, các bạn có thể chấm tương gừng ăn cũng siêu hợp vị nhé."
Xôi cốm dẻo thơm ngon khó chối từ,2 giờ 00 phút,4 người,Dễ,Cốm-300g | Đỗ xanh-100g | Dừa tươi-50g | Đường kính trắng-4 thìa cà phê | Dầu ăn-2 thìa,"Bước 1:Đậu xanh ngâm trong nước nóng 2h rồi đãi sạch, để ráo nước, trộn với 1/3 thìa cà phê muối để trong chiếc chén con. Nếu là đỗ xanh chưa bỏ vỏ thì bạn nên ngâm trước đó 3h rồi đãi sạch vỏ đi nhé. | Bước 2:Cho đỗ xanh vào nồi hấp và hấp cho đến khi chín. Nếu không có xoong hấp bạn có thể cho vào nồi cơm điện và nấu như cơm. Không nên cho nhiều nước, khi đỗ sôi sẽ trào nước ra nồi. | Khi đậu chín thì cho vào cối giã nhuyễn hoặc nghiền bằng thìa. | Bước 3:Trộn cốm với 2 thìa dầu ăn, rồi cho vào hấp. Khi hấp bạn nên cho lửa liu riu, đợi trong 5-7 phút là cốm chín. | Bước 4:Lấy cốm đã chín và trộn với 2 thìa đường trắng, rồi đem hấp lại trong 5 phút. | Bước 5:Dừa nạo thành sợi ướp với chỗ đường còn lại, để trong 20 phút. | Cho 1 chút dầu ăn vào chảo, để lửa nhỏ cho dừa tươi ướp đường vào xào cho săn lại. Bạn có thể nhận thấy dừa săn lại là khi đường cô lại, bám chặt vào từng sợi dừa, tuy nhiên bạn không nên để quá lửa để dừa bị cháy có màu vàng nhìn sẽ không đẹp mắt. | Bước 6:Đổ xôi ra một cái khay rộng rồi trộn đều xôi cốm với dừa và đậu xanh đã giã nhuyễn. | Để có hình thức bắt mắt bạn có thể trải lá sen hoặc lá chuối lót dưới đĩa hay mẹt nhỏ rồi hãy đổ xôi cốm lên. | Chúc bạn và gia đình thành công với cách nấu xôi cốm thơm ngon hấp dẫn này!"
